"name","type","class","exported","S4generic","args","package","priority","Rversion","status","hidden"
"!                         ","builtin    ","           ","TRUE","NA","                                                                                                                                                                                                                                                                                                                                                                                                          ","base   ","NA","0.64.0","released",FALSE
"!=                        ","builtin    ","           ","TRUE","NA","                                                                                                                                                                                                                                                                                                                                                                                                          ","base   ","NA","0.64.0","released",FALSE
"$                         ","special    ","           ","TRUE","NA","                                                                                                                                                                                                                                                                                                                                                                                                          ","base   ","NA","0.64.0","released",FALSE
"$<-                       ","special    ","           ","TRUE","NA","                                                                                                                                                                                                                                                                                                                                                                                                          ","base   ","NA","0.64.0","released",FALSE
"%%                        ","builtin    ","           ","TRUE","NA","                                                                                                                                                                                                                                                                                                                                                                                                          ","base   ","NA","0.64.0","released",FALSE
"%*%                       ","builtin    ","           ","TRUE","NA","                                                                                                                                                                                                                                                                                                                                                                                                          ","base   ","NA","0.64.0","released",FALSE
"%/%                       ","builtin    ","           ","TRUE","NA","                                                                                                                                                                                                                                                                                                                                                                                                          ","base   ","NA","0.64.0","released",FALSE
"%in%                      ","closure    ","           ","TRUE","FALSE","(x, y)                                                                                                                                                                                                                                                                                                                                                                                                    ","base   ","NA","0.64.0","released",FALSE
"%o%                       ","closure    ","           ","TRUE","FALSE","(X, Y, FUN = \""*\"", ...)                                                                                                                                                                                                                                                                                                                                                                                  ","base   ","NA","0.64.0","released",FALSE
"%x%                       ","closure    ","           ","TRUE","FALSE","(X, Y, FUN = \""*\"", make.dimnames = FALSE, ...)                                                                                                                                                                                                                                                                                                                                                           ","base   ","NA","0.64.0","released",FALSE
"&                         ","builtin    ","           ","TRUE","NA","                                                                                                                                                                                                                                                                                                                                                                                                          ","base   ","NA","0.64.0","released",FALSE
"&&                        ","special    ","           ","TRUE","NA","                                                                                                                                                                                                                                                                                                                                                                                                          ","base   ","NA","0.64.0","released",FALSE
"(                         ","builtin    ","           ","TRUE","NA","                                                                                                                                                                                                                                                                                                                                                                                                          ","base   ","NA","0.64.0","released",FALSE
"*                         ","builtin    ","           ","TRUE","NA","                                                                                                                                                                                                                                                                                                                                                                                                          ","base   ","NA","0.64.0","released",FALSE
"+                         ","builtin    ","           ","TRUE","NA","                                                                                                                                                                                                                                                                                                                                                                                                          ","base   ","NA","0.64.0","released",FALSE
"-                         ","builtin    ","           ","TRUE","NA","                                                                                                                                                                                                                                                                                                                                                                                                          ","base   ","NA","0.64.0","released",FALSE
".Alias                    ","builtin    ","           ","TRUE","NA","                                                                                                                                                                                                                                                                                                                                                                                                          ","base   ","NA","0.64.0","released", TRUE
".AutoloadEnv              ","environment","           ","TRUE","FALSE","NA","base   ","NA","0.64.0","released", TRUE
".C                        ","builtin    ","           ","TRUE","NA","                                                                                                                                                                                                                                                                                                                                                                                                          ","base   ","NA","0.64.0","released", TRUE
".Defunct                  ","closure    ","           ","TRUE","FALSE","()                                                                                                                                                                                                                                                                                                                                                                                                        ","base   ","NA","0.64.0","released", TRUE
".Deprecated               ","closure    ","           ","TRUE","FALSE","(new)                                                                                                                                                                                                                                                                                                                                                                                                     ","base   ","NA","0.64.0","released", TRUE
".Device                   ","character  ","           ","TRUE","FALSE","NA","base   ","NA","0.64.0","released", TRUE
".Devices                  ","pairlist   ","           ","TRUE","FALSE","NA","base   ","NA","0.64.0","released", TRUE
".External                 ","builtin    ","           ","TRUE","NA","                                                                                                                                                                                                                                                                                                                                                                                                          ","base   ","NA","0.64.0","released", TRUE
".Fortran                  ","builtin    ","           ","TRUE","NA","                                                                                                                                                                                                                                                                                                                                                                                                          ","base   ","NA","0.64.0","released", TRUE
".GlobalEnv                ","environment","           ","TRUE","FALSE","NA","base   ","NA","0.64.0","released", TRUE
".Internal                 ","special    ","           ","TRUE","NA","                                                                                                                                                                                                                                                                                                                                                                                                          ","base   ","NA","0.64.0","released", TRUE
".Last.value               ","NULL       ","           ","TRUE","FALSE","NA","base   ","NA","0.64.0","released", TRUE
".Library                  ","character  ","           ","TRUE","FALSE","NA","base   ","NA","0.64.0","released", TRUE
".Machine                  ","list       ","           ","TRUE","FALSE","NA","base   ","NA","0.64.0","released", TRUE
".NotYetImplemented        ","closure    ","           ","TRUE","FALSE","()                                                                                                                                                                                                                                                                                                                                                                                                        ","base   ","NA","0.64.0","released", TRUE
".NotYetUsed               ","closure    ","           ","TRUE","FALSE","(x)                                                                                                                                                                                                                                                                                                                                                                                                       ","base   ","NA","0.64.0","released", TRUE
".Options                  ","pairlist   ","           ","TRUE","FALSE","NA","base   ","NA","0.64.0","released", TRUE
".Pars                     ","character  ","           ","TRUE","FALSE","NA","base   ","NA","0.64.0","released", TRUE
".Pars.readonly            ","character  ","           ","TRUE","FALSE","NA","base   ","NA","0.64.0","released", TRUE
".Platform                 ","list       ","           ","TRUE","FALSE","NA","base   ","NA","0.64.0","released", TRUE
".PostScript.Options       ","list       ","           ","TRUE","FALSE","NA","base   ","NA","0.64.0","released", TRUE
".lib.loc                  ","character  ","           ","TRUE","FALSE","NA","base   ","NA","0.64.0","released", TRUE
".packages                 ","closure    ","           ","TRUE","FALSE","(all.available = FALSE, lib.loc = .lib.loc)                                                                                                                                                                                                                                                                                                                                                               ","base   ","NA","0.64.0","released", TRUE
"/                         ","builtin    ","           ","TRUE","NA","                                                                                                                                                                                                                                                                                                                                                                                                          ","base   ","NA","0.64.0","released",FALSE
":                         ","builtin    ","           ","TRUE","NA","                                                                                                                                                                                                                                                                                                                                                                                                          ","base   ","NA","0.64.0","released",FALSE
"<                         ","builtin    ","           ","TRUE","NA","                                                                                                                                                                                                                                                                                                                                                                                                          ","base   ","NA","0.64.0","released",FALSE
"<-                        ","special    ","           ","TRUE","NA","                                                                                                                                                                                                                                                                                                                                                                                                          ","base   ","NA","0.64.0","released",FALSE
"<<-                       ","special    ","           ","TRUE","NA","                                                                                                                                                                                                                                                                                                                                                                                                          ","base   ","NA","0.64.0","released",FALSE
"<=                        ","builtin    ","           ","TRUE","NA","                                                                                                                                                                                                                                                                                                                                                                                                          ","base   ","NA","0.64.0","released",FALSE
"==                        ","builtin    ","           ","TRUE","NA","                                                                                                                                                                                                                                                                                                                                                                                                          ","base   ","NA","0.64.0","released",FALSE
">                         ","builtin    ","           ","TRUE","NA","                                                                                                                                                                                                                                                                                                                                                                                                          ","base   ","NA","0.64.0","released",FALSE
">=                        ","builtin    ","           ","TRUE","NA","                                                                                                                                                                                                                                                                                                                                                                                                          ","base   ","NA","0.64.0","released",FALSE
"Arg                       ","builtin    ","           ","TRUE","NA","                                                                                                                                                                                                                                                                                                                                                                                                          ","base   ","NA","0.64.0","released",FALSE
"C                         ","closure    ","           ","TRUE","FALSE","(object, contr, how.many)                                                                                                                                                                                                                                                                                                                                                                                 ","base   ","NA","0.64.0","released",FALSE
"Conj                      ","builtin    ","           ","TRUE","NA","                                                                                                                                                                                                                                                                                                                                                                                                          ","base   ","NA","0.64.0","released",FALSE
"D                         ","closure    ","           ","TRUE","FALSE","(expr, namevec)                                                                                                                                                                                                                                                                                                                                                                                           ","base   ","NA","0.64.0","released",FALSE
"F                         ","logical    ","           ","TRUE","FALSE","NA","base   ","NA","0.64.0","released",FALSE
"GNOME                     ","closure    ","           ","TRUE","FALSE","(display = \""\"", width = 7, height = 7, pointsize = 12)                                                                                                                                                                                                                                                                                                                                                   ","base   ","NA","0.64.0","released",FALSE
"Gamma                     ","closure    ","           ","TRUE","FALSE","(link = \""inverse\"")                                                                                                                                                                                                                                                                                                                                                                                      ","base   ","NA","0.64.0","released",FALSE
"Gnome                     ","closure    ","           ","TRUE","FALSE","(display = \""\"", width = 7, height = 7, pointsize = 12)                                                                                                                                                                                                                                                                                                                                                   ","base   ","NA","0.64.0","released",FALSE
"I                         ","closure    ","           ","TRUE","FALSE","(x)                                                                                                                                                                                                                                                                                                                                                                                                       ","base   ","NA","0.64.0","released",FALSE
"IQR                       ","closure    ","           ","TRUE","FALSE","(x, na.rm = FALSE)                                                                                                                                                                                                                                                                                                                                                                                        ","base   ","NA","0.64.0","released",FALSE
"Im                        ","builtin    ","           ","TRUE","NA","                                                                                                                                                                                                                                                                                                                                                                                                          ","base   ","NA","0.64.0","released",FALSE
"LETTERS                   ","character  ","           ","TRUE","FALSE","NA","base   ","NA","0.64.0","released",FALSE
"Machine                   ","closure    ","           ","TRUE","FALSE","()                                                                                                                                                                                                                                                                                                                                                                                                        ","base   ","NA","0.64.0","released",FALSE
"Math.data.frame           ","closure    ","           ","TRUE","FALSE","(x, ...)                                                                                                                                                                                                                                                                                                                                                                                                  ","base   ","NA","0.64.0","released",FALSE
"Math.factor               ","closure    ","           ","TRUE","FALSE","(x, ...)                                                                                                                                                                                                                                                                                                                                                                                                  ","base   ","NA","0.64.0","released",FALSE
"Mod                       ","builtin    ","           ","TRUE","NA","                                                                                                                                                                                                                                                                                                                                                                                                          ","base   ","NA","0.64.0","released",FALSE
"NCOL                      ","closure    ","           ","TRUE","FALSE","(x)                                                                                                                                                                                                                                                                                                                                                                                                       ","base   ","NA","0.64.0","released",FALSE
"NROW                      ","closure    ","           ","TRUE","FALSE","(x)                                                                                                                                                                                                                                                                                                                                                                                                       ","base   ","NA","0.64.0","released",FALSE
"NextMethod                ","closure    ","           ","TRUE","FALSE","(generic = NULL, object = NULL, ...)                                                                                                                                                                                                                                                                                                                                                                      ","base   ","NA","0.64.0","released",FALSE
"Ops.data.frame            ","closure    ","           ","TRUE","FALSE","(e1, e2 = NULL)                                                                                                                                                                                                                                                                                                                                                                                           ","base   ","NA","0.64.0","released",FALSE
"Ops.factor                ","closure    ","           ","TRUE","FALSE","(e1, e2)                                                                                                                                                                                                                                                                                                                                                                                                  ","base   ","NA","0.64.0","released",FALSE
"Ops.ordered               ","closure    ","           ","TRUE","FALSE","(e1, e2)                                                                                                                                                                                                                                                                                                                                                                                                  ","base   ","NA","0.64.0","released",FALSE
"Platform                  ","closure    ","           ","TRUE","FALSE","()                                                                                                                                                                                                                                                                                                                                                                                                        ","base   ","NA","0.64.0","released",FALSE
"R.home                    ","closure    ","           ","TRUE","FALSE","()                                                                                                                                                                                                                                                                                                                                                                                                        ","base   ","NA","0.64.0","released",FALSE
"RNGkind                   ","closure    ","           ","TRUE","FALSE","(kind = NULL)                                                                                                                                                                                                                                                                                                                                                                                             ","base   ","NA","0.64.0","released",FALSE
"Re                        ","builtin    ","           ","TRUE","NA","                                                                                                                                                                                                                                                                                                                                                                                                          ","base   ","NA","0.64.0","released",FALSE
"Recall                    ","closure    ","           ","TRUE","FALSE","(...)                                                                                                                                                                                                                                                                                                                                                                                                     ","base   ","NA","0.64.0","released",FALSE
"Summary.data.frame        ","closure    ","           ","TRUE","FALSE","(x, ...)                                                                                                                                                                                                                                                                                                                                                                                                  ","base   ","NA","0.64.0","released",FALSE
"Summary.factor            ","closure    ","           ","TRUE","FALSE","(x, ...)                                                                                                                                                                                                                                                                                                                                                                                                  ","base   ","NA","0.64.0","released",FALSE
"T                         ","logical    ","           ","TRUE","FALSE","NA","base   ","NA","0.64.0","released",FALSE
"UseMethod                 ","special    ","           ","TRUE","NA","                                                                                                                                                                                                                                                                                                                                                                                                          ","base   ","NA","0.64.0","released",FALSE
"Version                   ","closure    ","           ","TRUE","FALSE","()                                                                                                                                                                                                                                                                                                                                                                                                        ","base   ","NA","0.64.0","released",FALSE
"X11                       ","closure    ","           ","TRUE","FALSE","(display = \""\"", width = 7, height = 7, pointsize = 12,     gamma = 1, colortype = options()$X11colortype, maxcubesize = 256)                                                                                                                                                                                                                                                                             ","base   ","NA","0.64.0","released",FALSE
"[                         ","special    ","           ","TRUE","NA","                                                                                                                                                                                                                                                                                                                                                                                                          ","base   ","NA","0.64.0","released",FALSE
"[.data.frame              ","closure    ","           ","TRUE","FALSE","(x, i, j, drop = if (missing(i)) TRUE else length(cols) ==     1)                                                                                                                                                                                                                                                                                                                                         ","base   ","NA","0.64.0","released",FALSE
"[.factor                  ","closure    ","           ","TRUE","FALSE","(x, i, drop = FALSE)                                                                                                                                                                                                                                                                                                                                                                                      ","base   ","NA","0.64.0","released",FALSE
"[.formula                 ","closure    ","           ","TRUE","FALSE","(x, i)                                                                                                                                                                                                                                                                                                                                                                                                    ","base   ","NA","0.64.0","released",FALSE
"[.noquote                 ","closure    ","           ","TRUE","FALSE","(x, ...)                                                                                                                                                                                                                                                                                                                                                                                                  ","base   ","NA","0.64.0","released",FALSE
"[.ts                      ","closure    ","           ","TRUE","FALSE","(x, i, j, drop = TRUE)                                                                                                                                                                                                                                                                                                                                                                                    ","base   ","NA","0.64.0","released",FALSE
"[<-                       ","special    ","           ","TRUE","NA","                                                                                                                                                                                                                                                                                                                                                                                                          ","base   ","NA","0.64.0","released",FALSE
"[<-.data.frame            ","closure    ","           ","TRUE","FALSE","(x, i, j, value)                                                                                                                                                                                                                                                                                                                                                                                          ","base   ","NA","0.64.0","released",FALSE
"[<-.factor                ","closure    ","           ","TRUE","FALSE","(x, i, value)                                                                                                                                                                                                                                                                                                                                                                                             ","base   ","NA","0.64.0","released",FALSE
"[[                        ","special    ","           ","TRUE","NA","                                                                                                                                                                                                                                                                                                                                                                                                          ","base   ","NA","0.64.0","released",FALSE
"[[.data.frame             ","closure    ","           ","TRUE","FALSE","(x, ...)                                                                                                                                                                                                                                                                                                                                                                                                  ","base   ","NA","0.64.0","released",FALSE
"[[<-                      ","special    ","           ","TRUE","NA","                                                                                                                                                                                                                                                                                                                                                                                                          ","base   ","NA","0.64.0","released",FALSE
"[[<-.data.frame           ","closure    ","           ","TRUE","FALSE","(x, i, j, value)                                                                                                                                                                                                                                                                                                                                                                                          ","base   ","NA","0.64.0","released",FALSE
"^                         ","builtin    ","           ","TRUE","NA","                                                                                                                                                                                                                                                                                                                                                                                                          ","base   ","NA","0.64.0","released",FALSE
"abbreviate                ","closure    ","           ","TRUE","FALSE","(names.arg, minlength = 4, use.classes = TRUE, dot = FALSE)                                                                                                                                                                                                                                                                                                                                               ","base   ","NA","0.64.0","released",FALSE
"abline                    ","closure    ","           ","TRUE","FALSE","(a = NULL, b = NULL, h = NULL, v = NULL, reg = NULL,     coef = NULL, col = par(\""col\""), lty = par(\""lty\""), ...)                                                                                                                                                                                                                                                                                        ","base   ","NA","0.64.0","released",FALSE
"abs                       ","builtin    ","           ","TRUE","NA","                                                                                                                                                                                                                                                                                                                                                                                                          ","base   ","NA","0.64.0","released",FALSE
"acos                      ","builtin    ","           ","TRUE","NA","                                                                                                                                                                                                                                                                                                                                                                                                          ","base   ","NA","0.64.0","released",FALSE
"acosh                     ","builtin    ","           ","TRUE","NA","                                                                                                                                                                                                                                                                                                                                                                                                          ","base   ","NA","0.64.0","released",FALSE
"add.scope                 ","closure    ","           ","TRUE","FALSE","(terms1, terms2)                                                                                                                                                                                                                                                                                                                                                                                          ","base   ","NA","0.64.0","released",FALSE
"add1                      ","closure    ","           ","TRUE","FALSE","(object, ...)                                                                                                                                                                                                                                                                                                                                                                                             ","base   ","NA","0.64.0","released",FALSE
"add1.default              ","closure    ","           ","TRUE","FALSE","(object, scope, scale = 0, test = c(\""none\"", \""Chisq\""),     k = 2, trace = FALSE, ...)                                                                                                                                                                                                                                                                                                                  ","base   ","NA","0.64.0","released",FALSE
"add1.glm                  ","closure    ","           ","TRUE","FALSE","(object, scope, scale = 0, test = c(\""none\"", \""Chisq\""),     x = NULL, k = 2, ...)                                                                                                                                                                                                                                                                                                                       ","base   ","NA","0.64.0","released",FALSE
"add1.lm                   ","closure    ","           ","TRUE","FALSE","(object, scope, scale = 0, test = c(\""none\"", \""Chisq\"",     \""F\""), x = NULL, k = 2, ...)                                                                                                                                                                                                                                                                                                                ","base   ","NA","0.64.0","released",FALSE
"add1.mlm                  ","closure    ","           ","TRUE","FALSE","(...)                                                                                                                                                                                                                                                                                                                                                                                                     ","base   ","NA","0.64.0","released",FALSE
"aggregate                 ","closure    ","           ","TRUE","FALSE","(x, ...)                                                                                                                                                                                                                                                                                                                                                                                                  ","base   ","NA","0.64.0","released",FALSE
"aggregate.data.frame      ","closure    ","           ","TRUE","FALSE","(x, by, FUN, ...)                                                                                                                                                                                                                                                                                                                                                                                         ","base   ","NA","0.64.0","released",FALSE
"aggregate.default         ","closure    ","           ","TRUE","FALSE","(x, ...)                                                                                                                                                                                                                                                                                                                                                                                                  ","base   ","NA","0.64.0","released",FALSE
"aggregate.ts              ","closure    ","           ","TRUE","FALSE","(x, nfrequency = 1, FUN = sum, ndeltat = 1, ts.eps = .Options$ts.eps)                                                                                                                                                                                                                                                                                                                                     ","base   ","NA","0.64.0","released",FALSE
"alias                     ","closure    ","           ","TRUE","FALSE","(object, ...)                                                                                                                                                                                                                                                                                                                                                                                             ","base   ","NA","0.64.0","released",FALSE
"alias.formula             ","closure    ","           ","TRUE","FALSE","(object, data, ...)                                                                                                                                                                                                                                                                                                                                                                                       ","base   ","NA","0.64.0","released",FALSE
"alias.lm                  ","closure    ","           ","TRUE","FALSE","(object, complete = TRUE, partial = FALSE, partial.pattern = FALSE,     ...)                                                                                                                                                                                                                                                                                                                              ","base   ","NA","0.64.0","released",FALSE
"alist                     ","closure    ","           ","TRUE","FALSE","(...)                                                                                                                                                                                                                                                                                                                                                                                                     ","base   ","NA","0.64.0","released",FALSE
"all                       ","closure    ","           ","TRUE","FALSE","(..., na.rm = FALSE)                                                                                                                                                                                                                                                                                                                                                                                      ","base   ","NA","0.64.0","released",FALSE
"all.names                 ","closure    ","           ","TRUE","FALSE","(expr, functions = TRUE, max.names = 200, unique = FALSE)                                                                                                                                                                                                                                                                                                                                                 ","base   ","NA","0.64.0","released",FALSE
"all.vars                  ","closure    ","           ","TRUE","FALSE","(expr, functions = FALSE, max.names = 200, unique = TRUE)                                                                                                                                                                                                                                                                                                                                                 ","base   ","NA","0.64.0","released",FALSE
"anova                     ","closure    ","           ","TRUE","FALSE","(x, ...)                                                                                                                                                                                                                                                                                                                                                                                                  ","base   ","NA","0.64.0","released",FALSE
"anova.glm                 ","closure    ","           ","TRUE","FALSE","(object, ..., test = NULL, na.action = na.omit)                                                                                                                                                                                                                                                                                                                                                           ","base   ","NA","0.64.0","released",FALSE
"anova.glm.null            ","closure    ","           ","TRUE","FALSE","(object, ..., test = NULL, na.action = na.omit)                                                                                                                                                                                                                                                                                                                                                           ","base   ","NA","0.64.0","released",FALSE
"anova.glmlist             ","closure    ","           ","TRUE","FALSE","(object, test = NULL, na.action = na.omit)                                                                                                                                                                                                                                                                                                                                                                ","base   ","NA","0.64.0","released",FALSE
"anova.lm                  ","closure    ","           ","TRUE","FALSE","(object, ...)                                                                                                                                                                                                                                                                                                                                                                                             ","base   ","NA","0.64.0","released",FALSE
"anova.lm.null             ","closure    ","           ","TRUE","FALSE","(object, ...)                                                                                                                                                                                                                                                                                                                                                                                             ","base   ","NA","0.64.0","released",FALSE
"anova.mlm                 ","closure    ","           ","TRUE","FALSE","(...)                                                                                                                                                                                                                                                                                                                                                                                                     ","base   ","NA","0.64.0","released",FALSE
"anovalist.lm              ","closure    ","           ","TRUE","FALSE","(object, ..., test = NULL)                                                                                                                                                                                                                                                                                                                                                                                ","base   ","NA","0.64.0","released",FALSE
"any                       ","closure    ","           ","TRUE","FALSE","(..., na.rm = FALSE)                                                                                                                                                                                                                                                                                                                                                                                      ","base   ","NA","0.64.0","released",FALSE
"aov                       ","closure    ","           ","TRUE","FALSE","(formula, data = NULL, projections = FALSE, qr = TRUE,     contrasts = NULL, ...)                                                                                                                                                                                                                                                                                                                         ","base   ","NA","0.64.0","released",FALSE
"aperm                     ","closure    ","           ","TRUE","FALSE","(a, perm, resize = TRUE)                                                                                                                                                                                                                                                                                                                                                                                  ","base   ","NA","0.64.0","released",FALSE
"append                    ","closure    ","           ","TRUE","FALSE","(x, values, after = length(x))                                                                                                                                                                                                                                                                                                                                                                            ","base   ","NA","0.64.0","released",FALSE
"apply                     ","closure    ","           ","TRUE","FALSE","(X, MARGIN, FUN, ...)                                                                                                                                                                                                                                                                                                                                                                                     ","base   ","NA","0.64.0","released",FALSE
"approx                    ","closure    ","           ","TRUE","FALSE","(x, y = NULL, xout, method = \""linear\"", n = 50, yleft,     yright, rule = 1, f = 0)                                                                                                                                                                                                                                                                                                                      ","base   ","NA","0.64.0","released",FALSE
"approxfun                 ","closure    ","           ","TRUE","FALSE","(x, y = NULL, method = \""linear\"", yleft, yright, rule = 1,     f = 0)                                                                                                                                                                                                                                                                                                                                    ","base   ","NA","0.64.0","released",FALSE
"apropos                   ","closure    ","           ","TRUE","FALSE","(what, where = FALSE, mode = \""any\"")                                                                                                                                                                                                                                                                                                                                                                     ","base   ","NA","0.64.0","released",FALSE
"args                      ","closure    ","           ","TRUE","FALSE","(name)                                                                                                                                                                                                                                                                                                                                                                                                    ","base   ","NA","0.64.0","released",FALSE
"array                     ","closure    ","           ","TRUE","FALSE","(data = NA, dim = length(data), dimnames = NULL)                                                                                                                                                                                                                                                                                                                                                          ","base   ","NA","0.64.0","released",FALSE
"arrows                    ","closure    ","           ","TRUE","FALSE","(x0, y0, x1, y1, length = 0.25, angle = 30, code = 2,     col = par(\""fg\""), lty = NULL, lwd = par(\""lwd\""), xpd = FALSE)                                                                                                                                                                                                                                                                                 ","base   ","NA","0.64.0","released",FALSE
"as.array                  ","closure    ","           ","TRUE","FALSE","(x)                                                                                                                                                                                                                                                                                                                                                                                                       ","base   ","NA","0.64.0","released",FALSE
"as.call                   ","builtin    ","           ","TRUE","NA","                                                                                                                                                                                                                                                                                                                                                                                                          ","base   ","NA","0.64.0","released",FALSE
"as.char.or.expr           ","closure    ","           ","TRUE","FALSE","(x)                                                                                                                                                                                                                                                                                                                                                                                                       ","base   ","NA","0.64.0","released",FALSE
"as.character              ","closure    ","           ","TRUE","FALSE","(x, ...)                                                                                                                                                                                                                                                                                                                                                                                                  ","base   ","NA","0.64.0","released",FALSE
"as.character.default      ","closure    ","           ","TRUE","FALSE","(x)                                                                                                                                                                                                                                                                                                                                                                                                       ","base   ","NA","0.64.0","released",FALSE
"as.complex                ","closure    ","           ","TRUE","FALSE","(x, ...)                                                                                                                                                                                                                                                                                                                                                                                                  ","base   ","NA","0.64.0","released",FALSE
"as.complex.default        ","closure    ","           ","TRUE","FALSE","(x)                                                                                                                                                                                                                                                                                                                                                                                                       ","base   ","NA","0.64.0","released",FALSE
"as.data.frame             ","closure    ","           ","TRUE","FALSE","(x, row.names = NULL, optional = FALSE)                                                                                                                                                                                                                                                                                                                                                                   ","base   ","NA","0.64.0","released",FALSE
"as.data.frame.AsIs        ","closure    ","           ","TRUE","FALSE","(x, row.names = NULL, optional = FALSE)                                                                                                                                                                                                                                                                                                                                                                   ","base   ","NA","0.64.0","released",FALSE
"as.data.frame.character   ","closure    ","           ","TRUE","FALSE","(x, row.names = NULL, optional = FALSE)                                                                                                                                                                                                                                                                                                                                                                   ","base   ","NA","0.64.0","released",FALSE
"as.data.frame.complex     ","closure    ","           ","TRUE","FALSE","(x, row.names = NULL, optional = FALSE)                                                                                                                                                                                                                                                                                                                                                                   ","base   ","NA","0.64.0","released",FALSE
"as.data.frame.data.frame  ","closure    ","           ","TRUE","FALSE","(x, row.names = NULL, optional = FALSE)                                                                                                                                                                                                                                                                                                                                                                   ","base   ","NA","0.64.0","released",FALSE
"as.data.frame.default     ","closure    ","           ","TRUE","FALSE","(x, row.names = NULL, optional = FALSE)                                                                                                                                                                                                                                                                                                                                                                   ","base   ","NA","0.64.0","released",FALSE
"as.data.frame.factor      ","closure    ","           ","TRUE","FALSE","(x, row.names = NULL, optional = FALSE)                                                                                                                                                                                                                                                                                                                                                                   ","base   ","NA","0.64.0","released",FALSE
"as.data.frame.integer     ","closure    ","           ","TRUE","FALSE","(x, row.names = NULL, optional = FALSE)                                                                                                                                                                                                                                                                                                                                                                   ","base   ","NA","0.64.0","released",FALSE
"as.data.frame.list        ","closure    ","           ","TRUE","FALSE","(x, row.names = NULL, optional = FALSE)                                                                                                                                                                                                                                                                                                                                                                   ","base   ","NA","0.64.0","released",FALSE
"as.data.frame.logical     ","closure    ","           ","TRUE","FALSE","(x, row.names = NULL, optional = FALSE)                                                                                                                                                                                                                                                                                                                                                                   ","base   ","NA","0.64.0","released",FALSE
"as.data.frame.matrix      ","closure    ","           ","TRUE","FALSE","(x, row.names = NULL, optional = FALSE)                                                                                                                                                                                                                                                                                                                                                                   ","base   ","NA","0.64.0","released",FALSE
"as.data.frame.model.matrix","closure    ","           ","TRUE","FALSE","(x, row.names = NULL, optional = FALSE)                                                                                                                                                                                                                                                                                                                                                                   ","base   ","NA","0.64.0","released",FALSE
"as.data.frame.numeric     ","closure    ","           ","TRUE","FALSE","(x, row.names = NULL, optional = FALSE)                                                                                                                                                                                                                                                                                                                                                                   ","base   ","NA","0.64.0","released",FALSE
"as.data.frame.ordered     ","closure    ","           ","TRUE","FALSE","(x, row.names = NULL, optional = FALSE)                                                                                                                                                                                                                                                                                                                                                                   ","base   ","NA","0.64.0","released",FALSE
"as.data.frame.ts          ","closure    ","           ","TRUE","FALSE","(x, row.names = NULL, optional = FALSE)                                                                                                                                                                                                                                                                                                                                                                   ","base   ","NA","0.64.0","released",FALSE
"as.data.frame.vector      ","closure    ","           ","TRUE","FALSE","(x, row.names = NULL, optional = FALSE)                                                                                                                                                                                                                                                                                                                                                                   ","base   ","NA","0.64.0","released",FALSE
"as.double                 ","closure    ","           ","TRUE","FALSE","(x, ...)                                                                                                                                                                                                                                                                                                                                                                                                  ","base   ","NA","0.64.0","released",FALSE
"as.double.default         ","closure    ","           ","TRUE","FALSE","(x)                                                                                                                                                                                                                                                                                                                                                                                                       ","base   ","NA","0.64.0","released",FALSE
"as.expression             ","closure    ","           ","TRUE","FALSE","(x, ...)                                                                                                                                                                                                                                                                                                                                                                                                  ","base   ","NA","0.64.0","released",FALSE
"as.expression.default     ","closure    ","           ","TRUE","FALSE","(x)                                                                                                                                                                                                                                                                                                                                                                                                       ","base   ","NA","0.64.0","released",FALSE
"as.factor                 ","closure    ","           ","TRUE","FALSE","(x)                                                                                                                                                                                                                                                                                                                                                                                                       ","base   ","NA","0.64.0","released",FALSE
"as.formula                ","closure    ","           ","TRUE","FALSE","(object)                                                                                                                                                                                                                                                                                                                                                                                                  ","base   ","NA","0.64.0","released",FALSE
"as.function               ","closure    ","           ","TRUE","FALSE","(x, ...)                                                                                                                                                                                                                                                                                                                                                                                                  ","base   ","NA","0.64.0","released",FALSE
"as.function.default       ","closure    ","           ","TRUE","FALSE","(l, envir = sys.frame(sys.parent()))                                                                                                                                                                                                                                                                                                                                                                      ","base   ","NA","0.64.0","released",FALSE
"as.integer                ","closure    ","           ","TRUE","FALSE","(x, ...)                                                                                                                                                                                                                                                                                                                                                                                                  ","base   ","NA","0.64.0","released",FALSE
"as.integer.default        ","closure    ","           ","TRUE","FALSE","(x)                                                                                                                                                                                                                                                                                                                                                                                                       ","base   ","NA","0.64.0","released",FALSE
"as.list                   ","closure    ","           ","TRUE","FALSE","(x, ...)                                                                                                                                                                                                                                                                                                                                                                                                  ","base   ","NA","0.64.0","released",FALSE
"as.list.data.frame        ","closure    ","           ","TRUE","FALSE","(x)                                                                                                                                                                                                                                                                                                                                                                                                       ","base   ","NA","0.64.0","released",FALSE
"as.list.default           ","closure    ","           ","TRUE","FALSE","(x)                                                                                                                                                                                                                                                                                                                                                                                                       ","base   ","NA","0.64.0","released",FALSE
"as.logical                ","closure    ","           ","TRUE","FALSE","(x, ...)                                                                                                                                                                                                                                                                                                                                                                                                  ","base   ","NA","0.64.0","released",FALSE
"as.logical.default        ","closure    ","           ","TRUE","FALSE","(x)                                                                                                                                                                                                                                                                                                                                                                                                       ","base   ","NA","0.64.0","released",FALSE
"as.matrix                 ","closure    ","           ","TRUE","FALSE","(x)                                                                                                                                                                                                                                                                                                                                                                                                       ","base   ","NA","0.64.0","released",FALSE
"as.matrix.data.frame      ","closure    ","           ","TRUE","FALSE","(x)                                                                                                                                                                                                                                                                                                                                                                                                       ","base   ","NA","0.64.0","released",FALSE
"as.matrix.default         ","closure    ","           ","TRUE","FALSE","(x)                                                                                                                                                                                                                                                                                                                                                                                                       ","base   ","NA","0.64.0","released",FALSE
"as.matrix.noquote         ","closure    ","           ","TRUE","FALSE","(x)                                                                                                                                                                                                                                                                                                                                                                                                       ","base   ","NA","0.64.0","released",FALSE
"as.name                   ","closure    ","           ","TRUE","FALSE","(x)                                                                                                                                                                                                                                                                                                                                                                                                       ","base   ","NA","0.64.0","released",FALSE
"as.null                   ","closure    ","           ","TRUE","FALSE","(x, ...)                                                                                                                                                                                                                                                                                                                                                                                                  ","base   ","NA","0.64.0","released",FALSE
"as.null.default           ","closure    ","           ","TRUE","FALSE","(x)                                                                                                                                                                                                                                                                                                                                                                                                       ","base   ","NA","0.64.0","released",FALSE
"as.numeric                ","closure    ","           ","TRUE","FALSE","(x, ...)                                                                                                                                                                                                                                                                                                                                                                                                  ","base   ","NA","0.64.0","released",FALSE
"as.ordered                ","closure    ","           ","TRUE","FALSE","(x)                                                                                                                                                                                                                                                                                                                                                                                                       ","base   ","NA","0.64.0","released",FALSE
"as.pairlist               ","closure    ","           ","TRUE","FALSE","(x)                                                                                                                                                                                                                                                                                                                                                                                                       ","base   ","NA","0.64.0","released",FALSE
"as.qr                     ","closure    ","           ","TRUE","FALSE","(x)                                                                                                                                                                                                                                                                                                                                                                                                       ","base   ","NA","0.64.0","released",FALSE
"as.real                   ","closure    ","           ","TRUE","FALSE","(x, ...)                                                                                                                                                                                                                                                                                                                                                                                                  ","base   ","NA","0.64.0","released",FALSE
"as.single                 ","closure    ","           ","TRUE","FALSE","(x, ...)                                                                                                                                                                                                                                                                                                                                                                                                  ","base   ","NA","0.64.0","released",FALSE
"as.single.default         ","closure    ","           ","TRUE","FALSE","(x)                                                                                                                                                                                                                                                                                                                                                                                                       ","base   ","NA","0.64.0","released",FALSE
"as.ts                     ","closure    ","           ","TRUE","FALSE","(x)                                                                                                                                                                                                                                                                                                                                                                                                       ","base   ","NA","0.64.0","released",FALSE
"as.vector                 ","closure    ","           ","TRUE","FALSE","(x, mode = \""any\"")                                                                                                                                                                                                                                                                                                                                                                                       ","base   ","NA","0.64.0","released",FALSE
"as.vector.factor          ","closure    ","           ","TRUE","FALSE","(x, type = \""any\"")                                                                                                                                                                                                                                                                                                                                                                                       ","base   ","NA","0.64.0","released",FALSE
"asin                      ","builtin    ","           ","TRUE","NA","                                                                                                                                                                                                                                                                                                                                                                                                          ","base   ","NA","0.64.0","released",FALSE
"asinh                     ","builtin    ","           ","TRUE","NA","                                                                                                                                                                                                                                                                                                                                                                                                          ","base   ","NA","0.64.0","released",FALSE
"assign                    ","closure    ","           ","TRUE","FALSE","(x, value, pos = -1, envir = pos.to.env(pos), inherits = FALSE,     immediate = TRUE)                                                                                                                                                                                                                                                                                                                     ","base   ","NA","0.64.0","released",FALSE
"atan                      ","builtin    ","           ","TRUE","NA","                                                                                                                                                                                                                                                                                                                                                                                                          ","base   ","NA","0.64.0","released",FALSE
"atan2                     ","closure    ","           ","TRUE","FALSE","(y, x)                                                                                                                                                                                                                                                                                                                                                                                                    ","base   ","NA","0.64.0","released",FALSE
"atanh                     ","builtin    ","           ","TRUE","NA","                                                                                                                                                                                                                                                                                                                                                                                                          ","base   ","NA","0.64.0","released",FALSE
"attach                    ","closure    ","           ","TRUE","FALSE","(what, pos = 2, name = deparse(substitute(what)))                                                                                                                                                                                                                                                                                                                                                         ","base   ","NA","0.64.0","released",FALSE
"attr                      ","closure    ","           ","TRUE","FALSE","(x, which)                                                                                                                                                                                                                                                                                                                                                                                                ","base   ","NA","0.64.0","released",FALSE
"attr<-                    ","special    ","           ","TRUE","NA","                                                                                                                                                                                                                                                                                                                                                                                                          ","base   ","NA","0.64.0","released",FALSE
"attributes                ","builtin    ","           ","TRUE","NA","                                                                                                                                                                                                                                                                                                                                                                                                          ","base   ","NA","0.64.0","released",FALSE
"attributes<-              ","builtin    ","           ","TRUE","NA","                                                                                                                                                                                                                                                                                                                                                                                                          ","base   ","NA","0.64.0","released",FALSE
"autoload                  ","closure    ","           ","TRUE","FALSE","(name, file)                                                                                                                                                                                                                                                                                                                                                                                              ","base   ","NA","0.64.0","released",FALSE
"autoloader                ","closure    ","           ","TRUE","FALSE","(name, file)                                                                                                                                                                                                                                                                                                                                                                                              ","base   ","NA","0.64.0","released",FALSE
"ave                       ","closure    ","           ","TRUE","FALSE","(x, ..., FUN = mean)                                                                                                                                                                                                                                                                                                                                                                                      ","base   ","NA","0.64.0","released",FALSE
"axis                      ","closure    ","           ","TRUE","FALSE","(side, at = NULL, labels = NULL, ...)                                                                                                                                                                                                                                                                                                                                                                     ","base   ","NA","0.64.0","released",FALSE
"backsolve                 ","closure    ","           ","TRUE","FALSE","(r, x, k = ncol(r), upper.tri = TRUE, transpose = FALSE)                                                                                                                                                                                                                                                                                                                                                  ","base   ","NA","0.64.0","released",FALSE
"barplot                   ","closure    ","           ","TRUE","FALSE","(height, width = 1, space = NULL, names.arg = NULL,     legend.text = NULL, beside = FALSE, horiz = FALSE, col = heat.colors(NR),     border = par(\""fg\""), main = NULL, xlab = NULL, ylab = NULL,     xlim = NULL, ylim = NULL, axes = TRUE, inside = TRUE, ...)                                                                                                                                         ","base   ","NA","0.64.0","released",FALSE
"besselI                   ","closure    ","           ","TRUE","FALSE","(x, nu, expon.scaled = FALSE)                                                                                                                                                                                                                                                                                                                                                                             ","base   ","NA","0.64.0","released",FALSE
"besselJ                   ","closure    ","           ","TRUE","FALSE","(x, nu)                                                                                                                                                                                                                                                                                                                                                                                                   ","base   ","NA","0.64.0","released",FALSE
"besselK                   ","closure    ","           ","TRUE","FALSE","(x, nu, expon.scaled = FALSE)                                                                                                                                                                                                                                                                                                                                                                             ","base   ","NA","0.64.0","released",FALSE
"besselY                   ","closure    ","           ","TRUE","FALSE","(x, nu)                                                                                                                                                                                                                                                                                                                                                                                                   ","base   ","NA","0.64.0","released",FALSE
"beta                      ","closure    ","           ","TRUE","FALSE","(a, b)                                                                                                                                                                                                                                                                                                                                                                                                    ","base   ","NA","0.64.0","released",FALSE
"binomial                  ","closure    ","           ","TRUE","FALSE","(link = \""logit\"")                                                                                                                                                                                                                                                                                                                                                                                        ","base   ","NA","0.64.0","released",FALSE
"body                      ","closure    ","           ","TRUE","FALSE","(fun = sys.function(sys.parent()))                                                                                                                                                                                                                                                                                                                                                                        ","base   ","NA","0.64.0","released",FALSE
"body<-                    ","closure    ","           ","TRUE","FALSE","(f, value, envir = sys.frame(sys.parent()))                                                                                                                                                                                                                                                                                                                                                               ","base   ","NA","0.64.0","released",FALSE
"box                       ","closure    ","           ","TRUE","FALSE","(which = \""plot\"", lty = \""solid\"", ...)                                                                                                                                                                                                                                                                                                                                                                  ","base   ","NA","0.64.0","released",FALSE
"boxplot                   ","closure    ","           ","TRUE","FALSE","(x, ..., range = 1.5, width = NULL, varwidth = FALSE,     notch = FALSE, names.x, data = sys.frame(sys.parent()), plot = TRUE,     border = par(\""fg\""), col = NULL, log = \""\"", pars = NULL)                                                                                                                                                                                                             ","base   ","NA","0.64.0","released",FALSE
"boxplot.stats             ","closure    ","           ","TRUE","FALSE","(x, coef = 1.5, do.conf = TRUE, do.out = TRUE)                                                                                                                                                                                                                                                                                                                                                            ","base   ","NA","0.64.0","released",FALSE
"break                     ","special    ","           ","TRUE","NA","                                                                                                                                                                                                                                                                                                                                                                                                          ","base   ","NA","0.64.0","released",FALSE
"browser                   ","special    ","           ","TRUE","NA","                                                                                                                                                                                                                                                                                                                                                                                                          ","base   ","NA","0.64.0","released",FALSE
"bug.report                ","closure    ","           ","TRUE","FALSE","(subject = \""\"", ccaddress = getenv(\""USER\""), method = .Options$mailer,     address = \""r-bugs@biostat.ku.dk\"")                                                                                                                                                                                                                                                                                          ","base   ","NA","0.64.0","released",FALSE
"builtins                  ","closure    ","           ","TRUE","FALSE","(internal = FALSE)                                                                                                                                                                                                                                                                                                                                                                                        ","base   ","NA","0.64.0","released",FALSE
"bxp                       ","closure    ","           ","TRUE","FALSE","(z, notch = FALSE, width = NULL, varwidth = FALSE, notch.frac = 0.5,     border = par(\""fg\""), col = NULL, log = \""\"", pars = NULL, ...)                                                                                                                                                                                                                                                                  ","base   ","NA","0.64.0","released",FALSE
"c                         ","special    ","           ","TRUE","NA","                                                                                                                                                                                                                                                                                                                                                                                                          ","base   ","NA","0.64.0","released",FALSE
"call                      ","special    ","           ","TRUE","NA","                                                                                                                                                                                                                                                                                                                                                                                                          ","base   ","NA","0.64.0","released",FALSE
"case.names                ","closure    ","           ","TRUE","FALSE","(object, ...)                                                                                                                                                                                                                                                                                                                                                                                             ","base   ","NA","0.64.0","released",FALSE
"case.names.default        ","closure    ","           ","TRUE","FALSE","(x, do.NULL = TRUE, prefix = \""row\"")                                                                                                                                                                                                                                                                                                                                                                     ","base   ","NA","0.64.0","released",FALSE
"case.names.lm             ","closure    ","           ","TRUE","FALSE","(obj, full = FALSE)                                                                                                                                                                                                                                                                                                                                                                                       ","base   ","NA","0.64.0","released",FALSE
"cat                       ","closure    ","           ","TRUE","FALSE","(..., file = \""\"", sep = \"" \"", fill = FALSE, labels = NULL,     append = FALSE)                                                                                                                                                                                                                                                                                                                          ","base   ","NA","0.64.0","released",FALSE
"cbind                     ","closure    ","           ","TRUE","FALSE","(..., deparse.level = 1)                                                                                                                                                                                                                                                                                                                                                                                  ","base   ","NA","0.64.0","released",FALSE
"cbind.data.frame          ","closure    ","           ","TRUE","FALSE","(..., deparse.level = 1)                                                                                                                                                                                                                                                                                                                                                                                  ","base   ","NA","0.64.0","released",FALSE
"ceiling                   ","builtin    ","           ","TRUE","NA","                                                                                                                                                                                                                                                                                                                                                                                                          ","base   ","NA","0.64.0","released",FALSE
"char.expand               ","closure    ","           ","TRUE","FALSE","(input, target, nomatch = stop(\""no match\""))                                                                                                                                                                                                                                                                                                                                                             ","base   ","NA","0.64.0","released",FALSE
"character                 ","closure    ","           ","TRUE","FALSE","(length = 0)                                                                                                                                                                                                                                                                                                                                                                                              ","base   ","NA","0.64.0","released",FALSE
"charmatch                 ","closure    ","           ","TRUE","FALSE","(x, table, nomatch = NA)                                                                                                                                                                                                                                                                                                                                                                                  ","base   ","NA","0.64.0","released",FALSE
"check.options             ","closure    ","           ","TRUE","FALSE","(new, name.opt, reset = FALSE, assign.opt = FALSE, envir = .GlobalEnv,     check.attributes = c(\""mode\"", \""length\""), override.check = FALSE)                                                                                                                                                                                                                                                            ","base   ","NA","0.64.0","released",FALSE
"chisq.test                ","closure    ","           ","TRUE","FALSE","(x, y = NULL, correct = TRUE, p = rep(1/length(x), length(x)))                                                                                                                                                                                                                                                                                                                                            ","base   ","NA","0.64.0","released",FALSE
"chol                      ","closure    ","           ","TRUE","FALSE","(x)                                                                                                                                                                                                                                                                                                                                                                                                       ","base   ","NA","0.64.0","released",FALSE
"chol2inv                  ","closure    ","           ","TRUE","FALSE","(x, size = ncol(x))                                                                                                                                                                                                                                                                                                                                                                                       ","base   ","NA","0.64.0","released",FALSE
"choose                    ","closure    ","           ","TRUE","FALSE","(n, k)                                                                                                                                                                                                                                                                                                                                                                                                    ","base   ","NA","0.64.0","released",FALSE
"chull                     ","closure    ","           ","TRUE","FALSE","(x, y = NULL)                                                                                                                                                                                                                                                                                                                                                                                             ","base   ","NA","0.64.0","released",FALSE
"class                     ","builtin    ","           ","TRUE","NA","                                                                                                                                                                                                                                                                                                                                                                                                          ","base   ","NA","0.64.0","released",FALSE
"class<-                   ","builtin    ","           ","TRUE","NA","                                                                                                                                                                                                                                                                                                                                                                                                          ","base   ","NA","0.64.0","released",FALSE
"close.screen              ","closure    ","           ","TRUE","FALSE","(n, all.screens = FALSE)                                                                                                                                                                                                                                                                                                                                                                                  ","base   ","NA","0.64.0","released",FALSE
"close.socket              ","closure    ","           ","TRUE","FALSE","(socket)                                                                                                                                                                                                                                                                                                                                                                                                  ","base   ","NA","0.64.0","released",FALSE
"cm                        ","closure    ","           ","TRUE","FALSE","(x)                                                                                                                                                                                                                                                                                                                                                                                                       ","base   ","NA","0.64.0","released",FALSE
"cm.colors                 ","closure    ","           ","TRUE","FALSE","(n)                                                                                                                                                                                                                                                                                                                                                                                                       ","base   ","NA","0.64.0","released",FALSE
"co.intervals              ","closure    ","           ","TRUE","FALSE","(x, number = 6, overlap = 0.5)                                                                                                                                                                                                                                                                                                                                                                            ","base   ","NA","0.64.0","released",FALSE
"codes                     ","closure    ","           ","TRUE","FALSE","(x, ...)                                                                                                                                                                                                                                                                                                                                                                                                  ","base   ","NA","0.64.0","released",FALSE
"codes.factor              ","closure    ","           ","TRUE","FALSE","(x)                                                                                                                                                                                                                                                                                                                                                                                                       ","base   ","NA","0.64.0","released",FALSE
"codes.ordered             ","closure    ","           ","TRUE","FALSE","(x, ...)                                                                                                                                                                                                                                                                                                                                                                                                  ","base   ","NA","0.64.0","released",FALSE
"codes<-                   ","closure    ","           ","TRUE","FALSE","(x, value)                                                                                                                                                                                                                                                                                                                                                                                                ","base   ","NA","0.64.0","released",FALSE
"coef                      ","closure    ","           ","TRUE","FALSE","(x, ...)                                                                                                                                                                                                                                                                                                                                                                                                  ","base   ","NA","0.64.0","released",FALSE
"coef.aov                  ","closure    ","           ","TRUE","FALSE","(x)                                                                                                                                                                                                                                                                                                                                                                                                       ","base   ","NA","0.64.0","released",FALSE
"coef.default              ","closure    ","           ","TRUE","FALSE","(x, ...)                                                                                                                                                                                                                                                                                                                                                                                                  ","base   ","NA","0.64.0","released",FALSE
"coef.glm                  ","closure    ","           ","TRUE","FALSE","(x)                                                                                                                                                                                                                                                                                                                                                                                                       ","base   ","NA","0.64.0","released",FALSE
"coef.listof               ","closure    ","           ","TRUE","FALSE","(object)                                                                                                                                                                                                                                                                                                                                                                                                  ","base   ","NA","0.64.0","released",FALSE
"coef.lm                   ","closure    ","           ","TRUE","FALSE","(x)                                                                                                                                                                                                                                                                                                                                                                                                       ","base   ","NA","0.64.0","released",FALSE
"coefficients              ","closure    ","           ","TRUE","FALSE","(x, ...)                                                                                                                                                                                                                                                                                                                                                                                                  ","base   ","NA","0.64.0","released",FALSE
"col                       ","closure    ","           ","TRUE","FALSE","(x, as.factor = FALSE)                                                                                                                                                                                                                                                                                                                                                                                    ","base   ","NA","0.64.0","released",FALSE
"colnames                  ","closure    ","           ","TRUE","FALSE","(x, do.NULL = TRUE, prefix = \""col\"")                                                                                                                                                                                                                                                                                                                                                                     ","base   ","NA","0.64.0","released",FALSE
"colnames<-                ","closure    ","           ","TRUE","FALSE","(x, value)                                                                                                                                                                                                                                                                                                                                                                                                ","base   ","NA","0.64.0","released",FALSE
"colors                    ","closure    ","           ","TRUE","FALSE","()                                                                                                                                                                                                                                                                                                                                                                                                        ","base   ","NA","0.64.0","released",FALSE
"colours                   ","closure    ","           ","TRUE","FALSE","()                                                                                                                                                                                                                                                                                                                                                                                                        ","base   ","NA","0.64.0","released",FALSE
"comment                   ","closure    ","           ","TRUE","FALSE","(x)                                                                                                                                                                                                                                                                                                                                                                                                       ","base   ","NA","0.64.0","released",FALSE
"comment<-                 ","closure    ","           ","TRUE","FALSE","(x, value)                                                                                                                                                                                                                                                                                                                                                                                                ","base   ","NA","0.64.0","released",FALSE
"complete.cases            ","closure    ","           ","TRUE","FALSE","(...)                                                                                                                                                                                                                                                                                                                                                                                                     ","base   ","NA","0.64.0","released",FALSE
"complex                   ","closure    ","           ","TRUE","FALSE","(length.out = 0, real = numeric(), imaginary = numeric(),     modulus = 1, argument = 0)                                                                                                                                                                                                                                                                                                                  ","base   ","NA","0.64.0","released",FALSE
"conflicts                 ","closure    ","           ","TRUE","FALSE","(where = search(), detail = FALSE)                                                                                                                                                                                                                                                                                                                                                                        ","base   ","NA","0.64.0","released",FALSE
"contour                   ","closure    ","           ","TRUE","FALSE","(x = seq(0, 1, len = nrow(z)), y = seq(0, 1, len = ncol(z)),     z, nlevels = 10, levels = pretty(range(z[is.finite(z)]),         nlevels), labcex = 0, xlim = range(x[is.finite(x)]),     ylim = range(y[is.finite(y)]), col = par(\""fg\""), lty = par(\""lty\""),     add = FALSE, ...)                                                                                                                    ","base   ","NA","0.64.0","released",FALSE
"contr.helmert             ","closure    ","           ","TRUE","FALSE","(n, contrasts = TRUE)                                                                                                                                                                                                                                                                                                                                                                                     ","base   ","NA","0.64.0","released",FALSE
"contr.poly                ","closure    ","           ","TRUE","FALSE","(n, contrasts = TRUE)                                                                                                                                                                                                                                                                                                                                                                                     ","base   ","NA","0.64.0","released",FALSE
"contr.sum                 ","closure    ","           ","TRUE","FALSE","(n, contrasts = TRUE)                                                                                                                                                                                                                                                                                                                                                                                     ","base   ","NA","0.64.0","released",FALSE
"contr.treatment           ","closure    ","           ","TRUE","FALSE","(n, contrasts = TRUE)                                                                                                                                                                                                                                                                                                                                                                                     ","base   ","NA","0.64.0","released",FALSE
"contrasts                 ","closure    ","           ","TRUE","FALSE","(x, contrasts = TRUE)                                                                                                                                                                                                                                                                                                                                                                                     ","base   ","NA","0.64.0","released",FALSE
"contrasts<-               ","closure    ","           ","TRUE","FALSE","(x, how.many, value)                                                                                                                                                                                                                                                                                                                                                                                      ","base   ","NA","0.64.0","released",FALSE
"convolve                  ","closure    ","           ","TRUE","FALSE","(x, y, conj = TRUE)                                                                                                                                                                                                                                                                                                                                                                                       ","base   ","NA","0.64.0","released",FALSE
"cooks.distance            ","closure    ","           ","TRUE","FALSE","(lm.obj)                                                                                                                                                                                                                                                                                                                                                                                                  ","base   ","NA","0.64.0","released",FALSE
"coplot                    ","closure    ","           ","TRUE","FALSE","(formula, data, given.values, panel = points, rows,     columns, show.given = TRUE, col = par(\""fg\""), pch = par(\""pch\""),     xlab = paste(\""Given :\"", a.name), ylab = paste(\""Given :\"",         b.name), number = 6, overlap = 0.5, ...)                                                                                                                                                              ","base   ","NA","0.64.0","released",FALSE
"cor                       ","closure    ","           ","TRUE","FALSE","(x, y = NULL, use = \""all.obs\"")                                                                                                                                                                                                                                                                                                                                                                          ","base   ","NA","0.64.0","released",FALSE
"cos                       ","builtin    ","           ","TRUE","NA","                                                                                                                                                                                                                                                                                                                                                                                                          ","base   ","NA","0.64.0","released",FALSE
"cosh                      ","builtin    ","           ","TRUE","NA","                                                                                                                                                                                                                                                                                                                                                                                                          ","base   ","NA","0.64.0","released",FALSE
"count.fields              ","closure    ","           ","TRUE","FALSE","(file, sep = \""\"", skip = 0)                                                                                                                                                                                                                                                                                                                                                                              ","base   ","NA","0.64.0","released",FALSE
"cov                       ","closure    ","           ","TRUE","FALSE","(x, y = NULL, use = \""all.obs\"")                                                                                                                                                                                                                                                                                                                                                                          ","base   ","NA","0.64.0","released",FALSE
"cov.wt                    ","closure    ","           ","TRUE","FALSE","(x, wt = rep(1/nrow(x), nrow(x)), cor = FALSE, center = TRUE)                                                                                                                                                                                                                                                                                                                                             ","base   ","NA","0.64.0","released",FALSE
"covratio                  ","closure    ","           ","TRUE","FALSE","(lm.obj)                                                                                                                                                                                                                                                                                                                                                                                                  ","base   ","NA","0.64.0","released",FALSE
"crossprod                 ","closure    ","           ","TRUE","FALSE","(x, y = x)                                                                                                                                                                                                                                                                                                                                                                                                ","base   ","NA","0.64.0","released",FALSE
"cummax                    ","builtin    ","           ","TRUE","NA","                                                                                                                                                                                                                                                                                                                                                                                                          ","base   ","NA","0.64.0","released",FALSE
"cummin                    ","builtin    ","           ","TRUE","NA","                                                                                                                                                                                                                                                                                                                                                                                                          ","base   ","NA","0.64.0","released",FALSE
"cumprod                   ","builtin    ","           ","TRUE","NA","                                                                                                                                                                                                                                                                                                                                                                                                          ","base   ","NA","0.64.0","released",FALSE
"cumsum                    ","builtin    ","           ","TRUE","NA","                                                                                                                                                                                                                                                                                                                                                                                                          ","base   ","NA","0.64.0","released",FALSE
"curve                     ","closure    ","           ","TRUE","FALSE","(expr, from, to, n = 101, add = FALSE, type = \""l\"", ylab = NULL,     log = NULL, ...)                                                                                                                                                                                                                                                                                                                    ","base   ","NA","0.64.0","released",FALSE
"cut                       ","closure    ","           ","TRUE","FALSE","(x, ...)                                                                                                                                                                                                                                                                                                                                                                                                  ","base   ","NA","0.64.0","released",FALSE
"cut.default               ","closure    ","           ","TRUE","FALSE","(x, breaks, labels = NULL, include.lowest = FALSE, right = TRUE,     dig.lab = 3)                                                                                                                                                                                                                                                                                                                         ","base   ","NA","0.64.0","released",FALSE
"data                      ","closure    ","           ","TRUE","FALSE","(..., list = character(0), package = c(.packages(),     .Autoloaded), lib.loc = .lib.loc, verbose = .Options$verbose)                                                                                                                                                                                                                                                                                     ","base   ","NA","0.64.0","released",FALSE
"data.class                ","closure    ","           ","TRUE","FALSE","(x)                                                                                                                                                                                                                                                                                                                                                                                                       ","base   ","NA","0.64.0","released",FALSE
"data.entry                ","closure    ","           ","TRUE","FALSE","(..., Modes = NULL, Names = NULL)                                                                                                                                                                                                                                                                                                                                                                         ","base   ","NA","0.64.0","released",FALSE
"data.frame                ","closure    ","           ","TRUE","FALSE","(..., row.names = NULL, check.rows = FALSE, check.names = TRUE)                                                                                                                                                                                                                                                                                                                                           ","base   ","NA","0.64.0","released",FALSE
"data.matrix               ","closure    ","           ","TRUE","FALSE","(frame)                                                                                                                                                                                                                                                                                                                                                                                                   ","base   ","NA","0.64.0","released",FALSE
"dataentry                 ","closure    ","           ","TRUE","FALSE","(data, modes)                                                                                                                                                                                                                                                                                                                                                                                             ","base   ","NA","0.64.0","released",FALSE
"date                      ","closure    ","           ","TRUE","FALSE","()                                                                                                                                                                                                                                                                                                                                                                                                        ","base   ","NA","0.64.0","released",FALSE
"dbeta                     ","closure    ","           ","TRUE","FALSE","(x, shape1, shape2, ncp = 0)                                                                                                                                                                                                                                                                                                                                                                              ","base   ","NA","0.64.0","released",FALSE
"dbinom                    ","closure    ","           ","TRUE","FALSE","(x, size, prob)                                                                                                                                                                                                                                                                                                                                                                                           ","base   ","NA","0.64.0","released",FALSE
"dcauchy                   ","closure    ","           ","TRUE","FALSE","(x, location = 0, scale = 1)                                                                                                                                                                                                                                                                                                                                                                              ","base   ","NA","0.64.0","released",FALSE
"dchisq                    ","closure    ","           ","TRUE","FALSE","(x, df, ncp = 0)                                                                                                                                                                                                                                                                                                                                                                                          ","base   ","NA","0.64.0","released",FALSE
"de                        ","closure    ","           ","TRUE","FALSE","(..., Modes = list(), Names = NULL)                                                                                                                                                                                                                                                                                                                                                                       ","base   ","NA","0.64.0","released",FALSE
"de.ncols                  ","closure    ","           ","TRUE","FALSE","(inlist)                                                                                                                                                                                                                                                                                                                                                                                                  ","base   ","NA","0.64.0","released",FALSE
"de.restore                ","closure    ","           ","TRUE","FALSE","(inlist, ncols, coltypes, argnames, args)                                                                                                                                                                                                                                                                                                                                                                 ","base   ","NA","0.64.0","released",FALSE
"de.setup                  ","closure    ","           ","TRUE","FALSE","(ilist, list.names, incols)                                                                                                                                                                                                                                                                                                                                                                               ","base   ","NA","0.64.0","released",FALSE
"debug                     ","builtin    ","           ","TRUE","NA","                                                                                                                                                                                                                                                                                                                                                                                                          ","base   ","NA","0.64.0","released",FALSE
"delay                     ","closure    ","           ","TRUE","FALSE","(x, env = .GlobalEnv)                                                                                                                                                                                                                                                                                                                                                                                     ","base   ","NA","0.64.0","released",FALSE
"delete.response           ","closure    ","           ","TRUE","FALSE","(termobj)                                                                                                                                                                                                                                                                                                                                                                                                 ","base   ","NA","0.64.0","released",FALSE
"demo                      ","closure    ","           ","TRUE","FALSE","(topic, device = .Options$device)                                                                                                                                                                                                                                                                                                                                                                         ","base   ","NA","0.64.0","released",FALSE
"density                   ","closure    ","           ","TRUE","FALSE","(x, bw, adjust = 1, kernel = \""gaussian\"", window = kernel,     n = 512, width, from, to, cut = 3, na.rm = FALSE)                                                                                                                                                                                                                                                                                         ","base   ","NA","0.64.0","released",FALSE
"deparse                   ","closure    ","           ","TRUE","FALSE","(expr, width.cutoff = 60)                                                                                                                                                                                                                                                                                                                                                                                 ","base   ","NA","0.64.0","released",FALSE
"deriv                     ","closure    ","           ","TRUE","FALSE","(x, ...)                                                                                                                                                                                                                                                                                                                                                                                                  ","base   ","NA","0.64.0","released",FALSE
"deriv.default             ","closure    ","           ","TRUE","FALSE","(expr, namevec, function.arg = NULL, tag = \"".expr\"")                                                                                                                                                                                                                                                                                                                                                     ","base   ","NA","0.64.0","released",FALSE
"deriv.formula             ","closure    ","           ","TRUE","FALSE","(expr, namevec, function.arg = NULL, tag = \"".expr\"")                                                                                                                                                                                                                                                                                                                                                     ","base   ","NA","0.64.0","released",FALSE
"detach                    ","closure    ","           ","TRUE","FALSE","(name, pos = 2)                                                                                                                                                                                                                                                                                                                                                                                           ","base   ","NA","0.64.0","released",FALSE
"dev.control               ","closure    ","           ","TRUE","FALSE","(displaylist)                                                                                                                                                                                                                                                                                                                                                                                             ","base   ","NA","0.64.0","released",FALSE
"dev.copy                  ","closure    ","           ","TRUE","FALSE","(device, ..., which = dev.next())                                                                                                                                                                                                                                                                                                                                                                         ","base   ","NA","0.64.0","released",FALSE
"dev.cur                   ","closure    ","           ","TRUE","FALSE","()                                                                                                                                                                                                                                                                                                                                                                                                        ","base   ","NA","0.64.0","released",FALSE
"dev.list                  ","closure    ","           ","TRUE","FALSE","()                                                                                                                                                                                                                                                                                                                                                                                                        ","base   ","NA","0.64.0","released",FALSE
"dev.next                  ","closure    ","           ","TRUE","FALSE","(which = dev.cur())                                                                                                                                                                                                                                                                                                                                                                                       ","base   ","NA","0.64.0","released",FALSE
"dev.off                   ","closure    ","           ","TRUE","FALSE","(which = dev.cur())                                                                                                                                                                                                                                                                                                                                                                                       ","base   ","NA","0.64.0","released",FALSE
"dev.prev                  ","closure    ","           ","TRUE","FALSE","(which = dev.cur())                                                                                                                                                                                                                                                                                                                                                                                       ","base   ","NA","0.64.0","released",FALSE
"dev.print                 ","closure    ","           ","TRUE","FALSE","(device = postscript, ...)                                                                                                                                                                                                                                                                                                                                                                                ","base   ","NA","0.64.0","released",FALSE
"dev.set                   ","closure    ","           ","TRUE","FALSE","(which = dev.next())                                                                                                                                                                                                                                                                                                                                                                                      ","base   ","NA","0.64.0","released",FALSE
"deviance                  ","closure    ","           ","TRUE","FALSE","(x, ...)                                                                                                                                                                                                                                                                                                                                                                                                  ","base   ","NA","0.64.0","released",FALSE
"deviance.default          ","closure    ","           ","TRUE","FALSE","(x)                                                                                                                                                                                                                                                                                                                                                                                                       ","base   ","NA","0.64.0","released",FALSE
"deviance.glm              ","closure    ","           ","TRUE","FALSE","(x)                                                                                                                                                                                                                                                                                                                                                                                                       ","base   ","NA","0.64.0","released",FALSE
"deviance.lm               ","closure    ","           ","TRUE","FALSE","(x)                                                                                                                                                                                                                                                                                                                                                                                                       ","base   ","NA","0.64.0","released",FALSE
"deviance.mlm              ","closure    ","           ","TRUE","FALSE","(object, ...)                                                                                                                                                                                                                                                                                                                                                                                             ","base   ","NA","0.64.0","released",FALSE
"dexp                      ","closure    ","           ","TRUE","FALSE","(x, rate = 1)                                                                                                                                                                                                                                                                                                                                                                                             ","base   ","NA","0.64.0","released",FALSE
"df                        ","closure    ","           ","TRUE","FALSE","(x, df1, df2)                                                                                                                                                                                                                                                                                                                                                                                             ","base   ","NA","0.64.0","released",FALSE
"df.residual               ","closure    ","           ","TRUE","FALSE","(x, ...)                                                                                                                                                                                                                                                                                                                                                                                                  ","base   ","NA","0.64.0","released",FALSE
"df.residual.lm            ","closure    ","           ","TRUE","FALSE","(x)                                                                                                                                                                                                                                                                                                                                                                                                       ","base   ","NA","0.64.0","released",FALSE
"dfbetas                   ","closure    ","           ","TRUE","FALSE","(lm.obj)                                                                                                                                                                                                                                                                                                                                                                                                  ","base   ","NA","0.64.0","released",FALSE
"dffits                    ","closure    ","           ","TRUE","FALSE","(lm.obj)                                                                                                                                                                                                                                                                                                                                                                                                  ","base   ","NA","0.64.0","released",FALSE
"dgamma                    ","closure    ","           ","TRUE","FALSE","(x, shape, scale = 1)                                                                                                                                                                                                                                                                                                                                                                                     ","base   ","NA","0.64.0","released",FALSE
"dgeom                     ","closure    ","           ","TRUE","FALSE","(x, prob)                                                                                                                                                                                                                                                                                                                                                                                                 ","base   ","NA","0.64.0","released",FALSE
"dget                      ","closure    ","           ","TRUE","FALSE","(file)                                                                                                                                                                                                                                                                                                                                                                                                    ","base   ","NA","0.64.0","released",FALSE
"dhyper                    ","closure    ","           ","TRUE","FALSE","(x, m, n, k)                                                                                                                                                                                                                                                                                                                                                                                              ","base   ","NA","0.64.0","released",FALSE
"diag                      ","closure    ","           ","TRUE","FALSE","(x = 1, nrow, ncol = n)                                                                                                                                                                                                                                                                                                                                                                                   ","base   ","NA","0.64.0","released",FALSE
"diag<-                    ","closure    ","           ","TRUE","FALSE","(x, value)                                                                                                                                                                                                                                                                                                                                                                                                ","base   ","NA","0.64.0","released",FALSE
"diff                      ","closure    ","           ","TRUE","FALSE","(x, ...)                                                                                                                                                                                                                                                                                                                                                                                                  ","base   ","NA","0.64.0","released",FALSE
"diff.default              ","closure    ","           ","TRUE","FALSE","(x, lag = 1, differences = 1)                                                                                                                                                                                                                                                                                                                                                                             ","base   ","NA","0.64.0","released",FALSE
"digamma                   ","closure    ","           ","TRUE","FALSE","(x)                                                                                                                                                                                                                                                                                                                                                                                                       ","base   ","NA","0.64.0","released",FALSE
"dim                       ","special    ","           ","TRUE","NA","                                                                                                                                                                                                                                                                                                                                                                                                          ","base   ","NA","0.64.0","released",FALSE
"dim.data.frame            ","closure    ","           ","TRUE","FALSE","(x)                                                                                                                                                                                                                                                                                                                                                                                                       ","base   ","NA","0.64.0","released",FALSE
"dim<-                     ","special    ","           ","TRUE","NA","                                                                                                                                                                                                                                                                                                                                                                                                          ","base   ","NA","0.64.0","released",FALSE
"dimnames                  ","special    ","           ","TRUE","NA","                                                                                                                                                                                                                                                                                                                                                                                                          ","base   ","NA","0.64.0","released",FALSE
"dimnames.data.frame       ","closure    ","           ","TRUE","FALSE","(x)                                                                                                                                                                                                                                                                                                                                                                                                       ","base   ","NA","0.64.0","released",FALSE
"dimnames<-                ","special    ","           ","TRUE","NA","                                                                                                                                                                                                                                                                                                                                                                                                          ","base   ","NA","0.64.0","released",FALSE
"dimnames<-.data.frame     ","closure    ","           ","TRUE","FALSE","(x, value)                                                                                                                                                                                                                                                                                                                                                                                                ","base   ","NA","0.64.0","released",FALSE
"dir                       ","closure    ","           ","TRUE","FALSE","(path, pattern = NULL, all.files = FALSE, full.names = FALSE)                                                                                                                                                                                                                                                                                                                                             ","base   ","NA","0.64.0","released",FALSE
"dlnorm                    ","closure    ","           ","TRUE","FALSE","(x, meanlog = 0, sdlog = 1)                                                                                                                                                                                                                                                                                                                                                                               ","base   ","NA","0.64.0","released",FALSE
"dlogis                    ","closure    ","           ","TRUE","FALSE","(x, location = 0, scale = 1)                                                                                                                                                                                                                                                                                                                                                                              ","base   ","NA","0.64.0","released",FALSE
"dnbinom                   ","closure    ","           ","TRUE","FALSE","(x, size, prob)                                                                                                                                                                                                                                                                                                                                                                                           ","base   ","NA","0.64.0","released",FALSE
"dnchisq                   ","closure    ","           ","TRUE","FALSE","(x, df, lambda)                                                                                                                                                                                                                                                                                                                                                                                           ","base   ","NA","0.64.0","released",FALSE
"dnorm                     ","closure    ","           ","TRUE","FALSE","(x, mean = 0, sd = 1)                                                                                                                                                                                                                                                                                                                                                                                     ","base   ","NA","0.64.0","released",FALSE
"do.call                   ","closure    ","           ","TRUE","FALSE","(what, args)                                                                                                                                                                                                                                                                                                                                                                                              ","base   ","NA","0.64.0","released",FALSE
"dotplot                   ","closure    ","           ","TRUE","FALSE","(x, labels = NULL, groups = NULL, gdata = NULL, cex = par(\""cex\""),     pch = 21, gpch = 21, bg = par(\""bg\""), color = par(\""fg\""), gcolor = par(\""fg\""),     lcolor = \""gray\"", main = NULL, xlab = NULL, ylab = NULL, ...)                                                                                                                                                                              ","base   ","NA","0.64.0","released",FALSE
"double                    ","closure    ","           ","TRUE","FALSE","(length = 0)                                                                                                                                                                                                                                                                                                                                                                                              ","base   ","NA","0.64.0","released",FALSE
"dpois                     ","closure    ","           ","TRUE","FALSE","(x, lambda)                                                                                                                                                                                                                                                                                                                                                                                               ","base   ","NA","0.64.0","released",FALSE
"dput                      ","closure    ","           ","TRUE","FALSE","(x, file = \""\"")                                                                                                                                                                                                                                                                                                                                                                                          ","base   ","NA","0.64.0","released",FALSE
"drop                      ","closure    ","           ","TRUE","FALSE","(x)                                                                                                                                                                                                                                                                                                                                                                                                       ","base   ","NA","0.64.0","released",FALSE
"drop.scope                ","closure    ","           ","TRUE","FALSE","(terms1, terms2)                                                                                                                                                                                                                                                                                                                                                                                          ","base   ","NA","0.64.0","released",FALSE
"drop.terms                ","closure    ","           ","TRUE","FALSE","(termobj, dropx = NULL, keep.response = FALSE)                                                                                                                                                                                                                                                                                                                                                            ","base   ","NA","0.64.0","released",FALSE
"drop1                     ","closure    ","           ","TRUE","FALSE","(object, ...)                                                                                                                                                                                                                                                                                                                                                                                             ","base   ","NA","0.64.0","released",FALSE
"drop1.default             ","closure    ","           ","TRUE","FALSE","(object, scope, scale = 0, test = c(\""none\"", \""Chisq\""),     k = 2, trace = FALSE, ...)                                                                                                                                                                                                                                                                                                                  ","base   ","NA","0.64.0","released",FALSE
"drop1.glm                 ","closure    ","           ","TRUE","FALSE","(object, scope, scale = 0, test = c(\""none\"", \""Chisq\""),     k = 2, ...)                                                                                                                                                                                                                                                                                                                                 ","base   ","NA","0.64.0","released",FALSE
"drop1.lm                  ","closure    ","           ","TRUE","FALSE","(object, scope, scale = 0, all.cols = TRUE, test = c(\""none\"",     \""Chisq\"", \""F\""), k = 2, ...)                                                                                                                                                                                                                                                                                                         ","base   ","NA","0.64.0","released",FALSE
"drop1.mlm                 ","closure    ","           ","TRUE","FALSE","(object, ...)                                                                                                                                                                                                                                                                                                                                                                                             ","base   ","NA","0.64.0","released",FALSE
"dsignrank                 ","closure    ","           ","TRUE","FALSE","(x, n)                                                                                                                                                                                                                                                                                                                                                                                                    ","base   ","NA","0.64.0","released",FALSE
"dt                        ","closure    ","           ","TRUE","FALSE","(x, df)                                                                                                                                                                                                                                                                                                                                                                                                   ","base   ","NA","0.64.0","released",FALSE
"dummy.coef                ","closure    ","           ","TRUE","FALSE","(object, ...)                                                                                                                                                                                                                                                                                                                                                                                             ","base   ","NA","0.64.0","released",FALSE
"dummy.coef.aovlist        ","closure    ","           ","TRUE","FALSE","(object, use.na = FALSE)                                                                                                                                                                                                                                                                                                                                                                                  ","base   ","NA","0.64.0","released",FALSE
"dummy.coef.lm             ","closure    ","           ","TRUE","FALSE","(object, use.na = FALSE)                                                                                                                                                                                                                                                                                                                                                                                  ","base   ","NA","0.64.0","released",FALSE
"dump                      ","closure    ","           ","TRUE","FALSE","(list, fileout = \""dumpdata\"")                                                                                                                                                                                                                                                                                                                                                                            ","base   ","NA","0.64.0","released",FALSE
"dunif                     ","closure    ","           ","TRUE","FALSE","(x, min = 0, max = 1)                                                                                                                                                                                                                                                                                                                                                                                     ","base   ","NA","0.64.0","released",FALSE
"duplicated                ","closure    ","           ","TRUE","FALSE","(x, incomparables = FALSE)                                                                                                                                                                                                                                                                                                                                                                                ","base   ","NA","0.64.0","released",FALSE
"dweibull                  ","closure    ","           ","TRUE","FALSE","(x, shape, scale = 1)                                                                                                                                                                                                                                                                                                                                                                                     ","base   ","NA","0.64.0","released",FALSE
"dwilcox                   ","closure    ","           ","TRUE","FALSE","(x, m, n)                                                                                                                                                                                                                                                                                                                                                                                                 ","base   ","NA","0.64.0","released",FALSE
"dyn.load                  ","closure    ","           ","TRUE","FALSE","(x)                                                                                                                                                                                                                                                                                                                                                                                                       ","base   ","NA","0.64.0","released",FALSE
"edit                      ","closure    ","           ","TRUE","FALSE","(name = NULL, file = \""\"", editor = options()$editor)                                                                                                                                                                                                                                                                                                                                                     ","base   ","NA","0.64.0","released",FALSE
"eff.aovlist               ","closure    ","           ","TRUE","FALSE","(aovlist)                                                                                                                                                                                                                                                                                                                                                                                                 ","base   ","NA","0.64.0","released",FALSE
"effects                   ","closure    ","           ","TRUE","FALSE","(x, ...)                                                                                                                                                                                                                                                                                                                                                                                                  ","base   ","NA","0.64.0","released",FALSE
"effects.glm               ","closure    ","           ","TRUE","FALSE","(x)                                                                                                                                                                                                                                                                                                                                                                                                       ","base   ","NA","0.64.0","released",FALSE
"effects.lm                ","closure    ","           ","TRUE","FALSE","(object, set.sign = FALSE)                                                                                                                                                                                                                                                                                                                                                                                ","base   ","NA","0.64.0","released",FALSE
"eigen                     ","closure    ","           ","TRUE","FALSE","(x, symmetric, only.values = FALSE)                                                                                                                                                                                                                                                                                                                                                                       ","base   ","NA","0.64.0","released",FALSE
"emacs                     ","closure    ","           ","TRUE","FALSE","(name = NULL, file = \""\"")                                                                                                                                                                                                                                                                                                                                                                                ","base   ","NA","0.64.0","released",FALSE
"end                       ","closure    ","           ","TRUE","FALSE","(x, ...)                                                                                                                                                                                                                                                                                                                                                                                                  ","base   ","NA","0.64.0","released",FALSE
"end.default               ","closure    ","           ","TRUE","FALSE","(x)                                                                                                                                                                                                                                                                                                                                                                                                       ","base   ","NA","0.64.0","released",FALSE
"end.ts                    ","closure    ","           ","TRUE","FALSE","(x)                                                                                                                                                                                                                                                                                                                                                                                                       ","base   ","NA","0.64.0","released",FALSE
"environment               ","closure    ","           ","TRUE","FALSE","(fun = NULL)                                                                                                                                                                                                                                                                                                                                                                                              ","base   ","NA","0.64.0","released",FALSE
"environment<-             ","builtin    ","           ","TRUE","NA","                                                                                                                                                                                                                                                                                                                                                                                                          ","base   ","NA","0.64.0","released",FALSE
"erase.screen              ","closure    ","           ","TRUE","FALSE","(n = .split.cur.screen)                                                                                                                                                                                                                                                                                                                                                                                   ","base   ","NA","0.64.0","released",FALSE
"eval                      ","closure    ","           ","TRUE","FALSE","(expr, envir = sys.frame(sys.parent()), enclos = if (is.list(envir) ||     is.pairlist(envir)) sys.frame(sys.parent()))                                                                                                                                                                                                                                                                                   ","base   ","NA","0.64.0","released",FALSE
"eval.with.vis             ","closure    ","           ","TRUE","FALSE","(expr, envir = sys.frame(sys.parent()), enclos = if (is.list(envir) ||     is.pairlist(envir)) sys.frame(sys.parent()))                                                                                                                                                                                                                                                                                   ","base   ","NA","0.64.0","released",FALSE
"evalq                     ","closure    ","           ","TRUE","FALSE","(expr, envir, enclos)                                                                                                                                                                                                                                                                                                                                                                                     ","base   ","NA","0.64.0","released",FALSE
"example                   ","closure    ","           ","TRUE","FALSE","(topic, package = .packages(), lib.loc = .lib.loc, echo = TRUE,     verbose = .Options$verbose, prompt.echo = paste(abbreviate(topic,         6), \""> \"", sep = \""\""))                                                                                                                                                                                                                                    ","base   ","NA","0.64.0","released",FALSE
"exists                    ","closure    ","           ","TRUE","FALSE","(x, where = -1, envir = pos.to.env(where), frame, mode = \""any\"",     inherits = TRUE)                                                                                                                                                                                                                                                                                                                    ","base   ","NA","0.64.0","released",FALSE
"exp                       ","builtin    ","           ","TRUE","NA","                                                                                                                                                                                                                                                                                                                                                                                                          ","base   ","NA","0.64.0","released",FALSE
"expand.grid               ","closure    ","           ","TRUE","FALSE","(...)                                                                                                                                                                                                                                                                                                                                                                                                     ","base   ","NA","0.64.0","released",FALSE
"expression                ","special    ","           ","TRUE","NA","                                                                                                                                                                                                                                                                                                                                                                                                          ","base   ","NA","0.64.0","released",FALSE
"extractAIC                ","closure    ","           ","TRUE","FALSE","(fit, scale, k = 2, ...)                                                                                                                                                                                                                                                                                                                                                                                  ","base   ","NA","0.64.0","released",FALSE
"extractAIC.aov            ","closure    ","           ","TRUE","FALSE","(fit, scale = 0, k = 2, ...)                                                                                                                                                                                                                                                                                                                                                                              ","base   ","NA","0.64.0","released",FALSE
"extractAIC.coxph          ","closure    ","           ","TRUE","FALSE","(fit, scale, k = 2, ...)                                                                                                                                                                                                                                                                                                                                                                                  ","base   ","NA","0.64.0","released",FALSE
"extractAIC.glm            ","closure    ","           ","TRUE","FALSE","(fit, scale = 0, k = 2, ...)                                                                                                                                                                                                                                                                                                                                                                              ","base   ","NA","0.64.0","released",FALSE
"extractAIC.lm             ","closure    ","           ","TRUE","FALSE","(fit, scale = 0, k = 2, ...)                                                                                                                                                                                                                                                                                                                                                                              ","base   ","NA","0.64.0","released",FALSE
"extractAIC.negbin         ","closure    ","           ","TRUE","FALSE","(fit, scale, k = 2, ...)                                                                                                                                                                                                                                                                                                                                                                                  ","base   ","NA","0.64.0","released",FALSE
"extractAIC.survreg        ","closure    ","           ","TRUE","FALSE","(fit, scale, k = 2, ...)                                                                                                                                                                                                                                                                                                                                                                                  ","base   ","NA","0.64.0","released",FALSE
"factor                    ","closure    ","           ","TRUE","FALSE","(x, levels = sort(unique(x), na.last = TRUE), labels = levels,     exclude = NA, ordered = is.ordered(x))                                                                                                                                                                                                                                                                                                 ","base   ","NA","0.64.0","released",FALSE
"factor.scope              ","closure    ","           ","TRUE","FALSE","(factor, scope)                                                                                                                                                                                                                                                                                                                                                                                           ","base   ","NA","0.64.0","released",FALSE
"family                    ","closure    ","           ","TRUE","FALSE","(object, ...)                                                                                                                                                                                                                                                                                                                                                                                             ","base   ","NA","0.64.0","released",FALSE
"family.glm                ","closure    ","           ","TRUE","FALSE","(x)                                                                                                                                                                                                                                                                                                                                                                                                       ","base   ","NA","0.64.0","released",FALSE
"family.lm                 ","closure    ","           ","TRUE","FALSE","(x)                                                                                                                                                                                                                                                                                                                                                                                                       ","base   ","NA","0.64.0","released",FALSE
"fft                       ","closure    ","           ","TRUE","FALSE","(z, inverse = FALSE)                                                                                                                                                                                                                                                                                                                                                                                      ","base   ","NA","0.64.0","released",FALSE
"file.append               ","closure    ","           ","TRUE","FALSE","(file1, file2)                                                                                                                                                                                                                                                                                                                                                                                            ","base   ","NA","0.64.0","released",FALSE
"file.choose               ","closure    ","           ","TRUE","FALSE","(new = FALSE)                                                                                                                                                                                                                                                                                                                                                                                             ","base   ","NA","0.64.0","released",FALSE
"file.create               ","closure    ","           ","TRUE","FALSE","(...)                                                                                                                                                                                                                                                                                                                                                                                                     ","base   ","NA","0.64.0","released",FALSE
"file.exists               ","closure    ","           ","TRUE","FALSE","(...)                                                                                                                                                                                                                                                                                                                                                                                                     ","base   ","NA","0.64.0","released",FALSE
"file.path                 ","closure    ","           ","TRUE","FALSE","(..., fsep = .Platform$file.sep)                                                                                                                                                                                                                                                                                                                                                                          ","base   ","NA","0.64.0","released",FALSE
"file.remove               ","closure    ","           ","TRUE","FALSE","(...)                                                                                                                                                                                                                                                                                                                                                                                                     ","base   ","NA","0.64.0","released",FALSE
"file.show                 ","closure    ","           ","TRUE","FALSE","(..., header = rep(\""\"", nfiles), title = \""R Information\"",     delete.file = FALSE, pager = options()$pager)                                                                                                                                                                                                                                                                                            ","base   ","NA","0.64.0","released",FALSE
"filled.contour            ","closure    ","           ","TRUE","FALSE","(x = seq(0, 1, len = nrow(z)), y = seq(0, 1, len = ncol(z)),     z, xlim = range(x[is.finite(x)]), ylim = range(y[is.finite(y)]),     zlim = range(z[is.finite(z)]), levels = pretty(zlim, nlevels),     nlevels = 20, color.palette = cm.colors, col = color.palette(length(levels) -         1), plot.title, plot.axes, key.title, key.axes, xaxs = \""i\"",     yaxs = \""i\"", las = 1, axes = TRUE, ...) ","base   ","NA","0.64.0","released",FALSE
"find                      ","closure    ","           ","TRUE","FALSE","(what, mode = \""any\"", numeric. = FALSE, simple.words = TRUE)                                                                                                                                                                                                                                                                                                                                             ","base   ","NA","0.64.0","released",FALSE
"fitted                    ","closure    ","           ","TRUE","FALSE","(x, ...)                                                                                                                                                                                                                                                                                                                                                                                                  ","base   ","NA","0.64.0","released",FALSE
"fitted.default            ","closure    ","           ","TRUE","FALSE","(x)                                                                                                                                                                                                                                                                                                                                                                                                       ","base   ","NA","0.64.0","released",FALSE
"fitted.glm                ","closure    ","           ","TRUE","FALSE","(x)                                                                                                                                                                                                                                                                                                                                                                                                       ","base   ","NA","0.64.0","released",FALSE
"fitted.lm                 ","closure    ","           ","TRUE","FALSE","(x)                                                                                                                                                                                                                                                                                                                                                                                                       ","base   ","NA","0.64.0","released",FALSE
"fitted.values             ","closure    ","           ","TRUE","FALSE","(x, ...)                                                                                                                                                                                                                                                                                                                                                                                                  ","base   ","NA","0.64.0","released",FALSE
"fivenum                   ","closure    ","           ","TRUE","FALSE","(x, na.rm = TRUE)                                                                                                                                                                                                                                                                                                                                                                                         ","base   ","NA","0.64.0","released",FALSE
"fix                       ","closure    ","           ","TRUE","FALSE","(x)                                                                                                                                                                                                                                                                                                                                                                                                       ","base   ","NA","0.64.0","released",FALSE
"floor                     ","builtin    ","           ","TRUE","NA","                                                                                                                                                                                                                                                                                                                                                                                                          ","base   ","NA","0.64.0","released",FALSE
"for                       ","special    ","           ","TRUE","NA","                                                                                                                                                                                                                                                                                                                                                                                                          ","base   ","NA","0.64.0","released",FALSE
"formals                   ","closure    ","           ","TRUE","FALSE","(fun = sys.function(sys.parent()))                                                                                                                                                                                                                                                                                                                                                                        ","base   ","NA","0.64.0","released",FALSE
"formals<-                 ","closure    ","           ","TRUE","FALSE","(f, value, envir = sys.frame(sys.parent()))                                                                                                                                                                                                                                                                                                                                                               ","base   ","NA","0.64.0","released",FALSE
"format                    ","closure    ","           ","TRUE","FALSE","(x, ...)                                                                                                                                                                                                                                                                                                                                                                                                  ","base   ","NA","0.64.0","released",FALSE
"format.char               ","closure    ","           ","TRUE","FALSE","(x, width = NULL, flag = \""-\"")                                                                                                                                                                                                                                                                                                                                                                           ","base   ","NA","0.64.0","released",FALSE
"format.default            ","closure    ","           ","TRUE","FALSE","(x, trim = FALSE, digits = NULL)                                                                                                                                                                                                                                                                                                                                                                          ","base   ","NA","0.64.0","released",FALSE
"format.info               ","closure    ","           ","TRUE","FALSE","(x)                                                                                                                                                                                                                                                                                                                                                                                                       ","base   ","NA","0.64.0","released",FALSE
"format.pval               ","closure    ","           ","TRUE","FALSE","(pv, digits = max(1, .Options$digits - 2), eps = .Machine$double.eps,     na.form = \""NA\"")                                                                                                                                                                                                                                                                                                               ","base   ","NA","0.64.0","released",FALSE
"formatC                   ","closure    ","           ","TRUE","FALSE","(x, digits = NULL, width = NULL, format = NULL, flag = \""\"",     mode = NULL)                                                                                                                                                                                                                                                                                                                             ","base   ","NA","0.64.0","released",FALSE
"formula                   ","closure    ","           ","TRUE","FALSE","(x, ...)                                                                                                                                                                                                                                                                                                                                                                                                  ","base   ","NA","0.64.0","released",FALSE
"formula.data.frame        ","closure    ","           ","TRUE","FALSE","(df)                                                                                                                                                                                                                                                                                                                                                                                                      ","base   ","NA","0.64.0","released",FALSE
"formula.default           ","closure    ","           ","TRUE","FALSE","(x)                                                                                                                                                                                                                                                                                                                                                                                                       ","base   ","NA","0.64.0","released",FALSE
"formula.formula           ","closure    ","           ","TRUE","FALSE","(x)                                                                                                                                                                                                                                                                                                                                                                                                       ","base   ","NA","0.64.0","released",FALSE
"formula.lm                ","closure    ","           ","TRUE","FALSE","(x)                                                                                                                                                                                                                                                                                                                                                                                                       ","base   ","NA","0.64.0","released",FALSE
"formula.terms             ","closure    ","           ","TRUE","FALSE","(x)                                                                                                                                                                                                                                                                                                                                                                                                       ","base   ","NA","0.64.0","released",FALSE
"forwardsolve              ","closure    ","           ","TRUE","FALSE","(l, x, k = ncol(l), upper.tri = FALSE, transpose = FALSE)                                                                                                                                                                                                                                                                                                                                                 ","base   ","NA","0.64.0","released",FALSE
"frame                     ","closure    ","           ","TRUE","FALSE","(ask = NA)                                                                                                                                                                                                                                                                                                                                                                                                ","base   ","NA","0.64.0","released",FALSE
"frequency                 ","closure    ","           ","TRUE","FALSE","(x, ...)                                                                                                                                                                                                                                                                                                                                                                                                  ","base   ","NA","0.64.0","released",FALSE
"frequency.default         ","closure    ","           ","TRUE","FALSE","(x)                                                                                                                                                                                                                                                                                                                                                                                                       ","base   ","NA","0.64.0","released",FALSE
"frequency.ts              ","closure    ","           ","TRUE","FALSE","(x)                                                                                                                                                                                                                                                                                                                                                                                                       ","base   ","NA","0.64.0","released",FALSE
"function                  ","special    ","           ","TRUE","NA","                                                                                                                                                                                                                                                                                                                                                                                                          ","base   ","NA","0.64.0","released",FALSE
"gamma                     ","closure    ","           ","TRUE","FALSE","(x)                                                                                                                                                                                                                                                                                                                                                                                                       ","base   ","NA","0.64.0","released",FALSE
"gammaCody                 ","closure    ","           ","TRUE","FALSE","(x)                                                                                                                                                                                                                                                                                                                                                                                                       ","base   ","NA","0.64.0","released",FALSE
"gaussian                  ","closure    ","           ","TRUE","FALSE","(link = \""identity\"")                                                                                                                                                                                                                                                                                                                                                                                     ","base   ","NA","0.64.0","released",FALSE
"gc                        ","closure    ","           ","TRUE","FALSE","(verbose = .Options$verbose)                                                                                                                                                                                                                                                                                                                                                                              ","base   ","NA","0.64.0","released",FALSE
"gcinfo                    ","closure    ","           ","TRUE","FALSE","(verbose)                                                                                                                                                                                                                                                                                                                                                                                                 ","base   ","NA","0.64.0","released",FALSE
"gctorture                 ","closure    ","           ","TRUE","FALSE","(on = TRUE)                                                                                                                                                                                                                                                                                                                                                                                               ","base   ","NA","0.64.0","released",FALSE
"get                       ","closure    ","           ","TRUE","FALSE","(x, pos = -1, envir = pos.to.env(pos), mode = \""any\"",     inherits = TRUE)                                                                                                                                                                                                                                                                                                                               ","base   ","NA","0.64.0","released",FALSE
"getenv                    ","closure    ","           ","TRUE","FALSE","(x)                                                                                                                                                                                                                                                                                                                                                                                                       ","base   ","NA","0.64.0","released",FALSE
"gl                        ","closure    ","           ","TRUE","FALSE","(n, k, length = n * k, labels = 1:n, ordered = FALSE)                                                                                                                                                                                                                                                                                                                                                     ","base   ","NA","0.64.0","released",FALSE
"glm                       ","closure    ","           ","TRUE","FALSE","(formula, family = gaussian, data = list(), weights = NULL,     subset = NULL, na.action = na.fail, start = NULL, offset = NULL,     control = glm.control(...), model = TRUE, method = \""glm.fit\"",     x = FALSE, y = TRUE, contrasts = NULL, ...)                                                                                                                                                      ","base   ","NA","0.64.0","released",FALSE
"glm.control               ","closure    ","           ","TRUE","FALSE","(epsilon = 1e-04, maxit = 10, trace = FALSE)                                                                                                                                                                                                                                                                                                                                                              ","base   ","NA","0.64.0","released",FALSE
"glm.fit                   ","closure    ","           ","TRUE","FALSE","(x, y, weights = rep(1, nobs), start = NULL, etastart = NULL,     mustart = NULL, offset = rep(0, nobs), family = gaussian(),     control = glm.control(), intercept = TRUE)                                                                                                                                                                                                                              ","base   ","NA","0.64.0","released",FALSE
"glm.fit.null              ","closure    ","           ","TRUE","FALSE","(x, y, weights = rep(1, nobs), start = NULL, offset = rep(0,     nobs), family = gaussian(), control = glm.control(), intercept = FALSE)                                                                                                                                                                                                                                                                  ","base   ","NA","0.64.0","released",FALSE
"globalenv                 ","builtin    ","           ","TRUE","NA","                                                                                                                                                                                                                                                                                                                                                                                                          ","base   ","NA","0.64.0","released",FALSE
"gnome                     ","closure    ","           ","TRUE","FALSE","(display = \""\"", width = 7, height = 7, pointsize = 12)                                                                                                                                                                                                                                                                                                                                                   ","base   ","NA","0.64.0","released",FALSE
"graphics.off              ","closure    ","           ","TRUE","FALSE","()                                                                                                                                                                                                                                                                                                                                                                                                        ","base   ","NA","0.64.0","released",FALSE
"gray                      ","closure    ","           ","TRUE","FALSE","(level)                                                                                                                                                                                                                                                                                                                                                                                                   ","base   ","NA","0.64.0","released",FALSE
"grep                      ","closure    ","           ","TRUE","FALSE","(pattern, x, ignore.case = FALSE, extended = TRUE, value = FALSE)                                                                                                                                                                                                                                                                                                                                         ","base   ","NA","0.64.0","released",FALSE
"grid                      ","closure    ","           ","TRUE","FALSE","(nx = 3, ny = 3, col = \""lightgray\"", lty = \""dotted\"")                                                                                                                                                                                                                                                                                                                                                   ","base   ","NA","0.64.0","released",FALSE
"gsub                      ","closure    ","           ","TRUE","FALSE","(pattern, replacement, x, ignore.case = FALSE, extended = TRUE)                                                                                                                                                                                                                                                                                                                                           ","base   ","NA","0.64.0","released",FALSE
"hat                       ","closure    ","           ","TRUE","FALSE","(x, intercept = TRUE)                                                                                                                                                                                                                                                                                                                                                                                     ","base   ","NA","0.64.0","released",FALSE
"hdf5load                  ","closure    ","           ","TRUE","FALSE","(file, load = TRUE)                                                                                                                                                                                                                                                                                                                                                                                       ","base   ","NA","0.64.0","released",FALSE
"hdf5save                  ","special    ","           ","TRUE","NA","                                                                                                                                                                                                                                                                                                                                                                                                          ","base   ","NA","0.64.0","released",FALSE
"heat.colors               ","closure    ","           ","TRUE","FALSE","(n)                                                                                                                                                                                                                                                                                                                                                                                                       ","base   ","NA","0.64.0","released",FALSE
"help                      ","closure    ","           ","TRUE","FALSE","(topic, offline = FALSE, package = c(.packages(), .Autoloaded),     lib.loc = .lib.loc, verbose = .Options$verbose, htmlhelp = .Options$htmlhelp)                                                                                                                                                                                                                                                         ","base   ","NA","0.64.0","released",FALSE
"help.start                ","closure    ","           ","TRUE","FALSE","(gui = \""irrelevant\"", browser = .Options$browser, remote = NULL)                                                                                                                                                                                                                                                                                                                                         ","base   ","NA","0.64.0","released",FALSE
"hist                      ","closure    ","           ","TRUE","FALSE","(x, ...)                                                                                                                                                                                                                                                                                                                                                                                                  ","base   ","NA","0.64.0","released",FALSE
"hist.default              ","closure    ","           ","TRUE","FALSE","(x, breaks, freq = NULL, probability = !freq, include.lowest = TRUE,     right = TRUE, col = NULL, border = par(\""fg\""), main = paste(\""Histogram of\"",         deparse(substitute(x))), xlim = range(breaks), ylim = range(y,         0), xlab = deparse(substitute(x)), ylab, axes = TRUE,     plot = TRUE, labels = FALSE, ...)                                                                        ","base   ","NA","0.64.0","released",FALSE
"hsv                       ","closure    ","           ","TRUE","FALSE","(h = 1, s = 1, v = 1, gamma = 1)                                                                                                                                                                                                                                                                                                                                                                          ","base   ","NA","0.64.0","released",FALSE
"identify                  ","closure    ","           ","TRUE","FALSE","(x, ...)                                                                                                                                                                                                                                                                                                                                                                                                  ","base   ","NA","0.64.0","released",FALSE
"identify.default          ","closure    ","           ","TRUE","FALSE","(x, y = NULL, labels = seq(along = x), pos = FALSE,     n = length(x), plot = TRUE, offset = 0.5, ...)                                                                                                                                                                                                                                                                                                    ","base   ","NA","0.64.0","released",FALSE
"if                        ","special    ","           ","TRUE","NA","                                                                                                                                                                                                                                                                                                                                                                                                          ","base   ","NA","0.64.0","released",FALSE
"ifelse                    ","closure    ","           ","TRUE","FALSE","(test, yes, no)                                                                                                                                                                                                                                                                                                                                                                                           ","base   ","NA","0.64.0","released",FALSE
"image                     ","closure    ","           ","TRUE","FALSE","(x = seq(0, 1, len = nrow(z)), y = seq(0, 1, len = ncol(z)),     z, zlim = range(z[is.finite(z)]), xlim = range(x[is.finite(x)]),     ylim = range(y[is.finite(y)]), col = heat.colors(12), add = FALSE,     xaxs = \""i\"", yaxs = \""i\"", xlab, ylab, ...)                                                                                                                                                 ","base   ","NA","0.64.0","released",FALSE
"index.search              ","closure    ","           ","TRUE","FALSE","(topic, path, file, html = FALSE)                                                                                                                                                                                                                                                                                                                                                                         ","base   ","NA","0.64.0","released",FALSE
"influence.measures        ","closure    ","           ","TRUE","FALSE","(lm.obj)                                                                                                                                                                                                                                                                                                                                                                                                  ","base   ","NA","0.64.0","released",FALSE
"inherits                  ","closure    ","           ","TRUE","FALSE","(x, name)                                                                                                                                                                                                                                                                                                                                                                                                 ","base   ","NA","0.64.0","released",FALSE
"integer                   ","closure    ","           ","TRUE","FALSE","(length = 0)                                                                                                                                                                                                                                                                                                                                                                                              ","base   ","NA","0.64.0","released",FALSE
"interaction               ","closure    ","           ","TRUE","FALSE","(..., drop = FALSE)                                                                                                                                                                                                                                                                                                                                                                                       ","base   ","NA","0.64.0","released",FALSE
"interactive               ","special    ","           ","TRUE","NA","                                                                                                                                                                                                                                                                                                                                                                                                          ","base   ","NA","0.64.0","released",FALSE
"inverse.gaussian          ","closure    ","           ","TRUE","FALSE","(link = \""1/mu^2\"")                                                                                                                                                                                                                                                                                                                                                                                       ","base   ","NA","0.64.0","released",FALSE
"invisible                 ","builtin    ","           ","TRUE","NA","                                                                                                                                                                                                                                                                                                                                                                                                          ","base   ","NA","0.64.0","released",FALSE
"is.R                      ","closure    ","           ","TRUE","FALSE","()                                                                                                                                                                                                                                                                                                                                                                                                        ","base   ","NA","0.64.0","released",FALSE
"is.array                  ","builtin    ","           ","TRUE","NA","                                                                                                                                                                                                                                                                                                                                                                                                          ","base   ","NA","0.64.0","released",FALSE
"is.atomic                 ","builtin    ","           ","TRUE","NA","                                                                                                                                                                                                                                                                                                                                                                                                          ","base   ","NA","0.64.0","released",FALSE
"is.call                   ","builtin    ","           ","TRUE","NA","                                                                                                                                                                                                                                                                                                                                                                                                          ","base   ","NA","0.64.0","released",FALSE
"is.character              ","builtin    ","           ","TRUE","NA","                                                                                                                                                                                                                                                                                                                                                                                                          ","base   ","NA","0.64.0","released",FALSE
"is.complex                ","builtin    ","           ","TRUE","NA","                                                                                                                                                                                                                                                                                                                                                                                                          ","base   ","NA","0.64.0","released",FALSE
"is.data.frame             ","closure    ","           ","TRUE","FALSE","(x)                                                                                                                                                                                                                                                                                                                                                                                                       ","base   ","NA","0.64.0","released",FALSE
"is.double                 ","builtin    ","           ","TRUE","NA","                                                                                                                                                                                                                                                                                                                                                                                                          ","base   ","NA","0.64.0","released",FALSE
"is.empty.model            ","closure    ","           ","TRUE","FALSE","(x)                                                                                                                                                                                                                                                                                                                                                                                                       ","base   ","NA","0.64.0","released",FALSE
"is.environment            ","builtin    ","           ","TRUE","NA","                                                                                                                                                                                                                                                                                                                                                                                                          ","base   ","NA","0.64.0","released",FALSE
"is.expression             ","builtin    ","           ","TRUE","NA","                                                                                                                                                                                                                                                                                                                                                                                                          ","base   ","NA","0.64.0","released",FALSE
"is.factor                 ","closure    ","           ","TRUE","FALSE","(x)                                                                                                                                                                                                                                                                                                                                                                                                       ","base   ","NA","0.64.0","released",FALSE
"is.finite                 ","builtin    ","           ","TRUE","NA","                                                                                                                                                                                                                                                                                                                                                                                                          ","base   ","NA","0.64.0","released",FALSE
"is.function               ","builtin    ","           ","TRUE","NA","                                                                                                                                                                                                                                                                                                                                                                                                          ","base   ","NA","0.64.0","released",FALSE
"is.infinite               ","builtin    ","           ","TRUE","NA","                                                                                                                                                                                                                                                                                                                                                                                                          ","base   ","NA","0.64.0","released",FALSE
"is.integer                ","builtin    ","           ","TRUE","NA","                                                                                                                                                                                                                                                                                                                                                                                                          ","base   ","NA","0.64.0","released",FALSE
"is.language               ","builtin    ","           ","TRUE","NA","                                                                                                                                                                                                                                                                                                                                                                                                          ","base   ","NA","0.64.0","released",FALSE
"is.list                   ","builtin    ","           ","TRUE","NA","                                                                                                                                                                                                                                                                                                                                                                                                          ","base   ","NA","0.64.0","released",FALSE
"is.loaded                 ","builtin    ","           ","TRUE","NA","                                                                                                                                                                                                                                                                                                                                                                                                          ","base   ","NA","0.64.0","released",FALSE
"is.logical                ","builtin    ","           ","TRUE","NA","                                                                                                                                                                                                                                                                                                                                                                                                          ","base   ","NA","0.64.0","released",FALSE
"is.matrix                 ","builtin    ","           ","TRUE","NA","                                                                                                                                                                                                                                                                                                                                                                                                          ","base   ","NA","0.64.0","released",FALSE
"is.na                     ","builtin    ","           ","TRUE","NA","                                                                                                                                                                                                                                                                                                                                                                                                          ","base   ","NA","0.64.0","released",FALSE
"is.na.data.frame          ","closure    ","           ","TRUE","FALSE","(x)                                                                                                                                                                                                                                                                                                                                                                                                       ","base   ","NA","0.64.0","released",FALSE
"is.name                   ","builtin    ","           ","TRUE","NA","                                                                                                                                                                                                                                                                                                                                                                                                          ","base   ","NA","0.64.0","released",FALSE
"is.nan                    ","builtin    ","           ","TRUE","NA","                                                                                                                                                                                                                                                                                                                                                                                                          ","base   ","NA","0.64.0","released",FALSE
"is.null                   ","builtin    ","           ","TRUE","NA","                                                                                                                                                                                                                                                                                                                                                                                                          ","base   ","NA","0.64.0","released",FALSE
"is.numeric                ","builtin    ","           ","TRUE","NA","                                                                                                                                                                                                                                                                                                                                                                                                          ","base   ","NA","0.64.0","released",FALSE
"is.object                 ","builtin    ","           ","TRUE","NA","                                                                                                                                                                                                                                                                                                                                                                                                          ","base   ","NA","0.64.0","released",FALSE
"is.ordered                ","closure    ","           ","TRUE","FALSE","(x)                                                                                                                                                                                                                                                                                                                                                                                                       ","base   ","NA","0.64.0","released",FALSE
"is.pairlist               ","builtin    ","           ","TRUE","NA","                                                                                                                                                                                                                                                                                                                                                                                                          ","base   ","NA","0.64.0","released",FALSE
"is.qr                     ","closure    ","           ","TRUE","FALSE","(x)                                                                                                                                                                                                                                                                                                                                                                                                       ","base   ","NA","0.64.0","released",FALSE
"is.real                   ","builtin    ","           ","TRUE","NA","                                                                                                                                                                                                                                                                                                                                                                                                          ","base   ","NA","0.64.0","released",FALSE
"is.recursive              ","builtin    ","           ","TRUE","NA","                                                                                                                                                                                                                                                                                                                                                                                                          ","base   ","NA","0.64.0","released",FALSE
"is.single                 ","builtin    ","           ","TRUE","NA","                                                                                                                                                                                                                                                                                                                                                                                                          ","base   ","NA","0.64.0","released",FALSE
"is.symbol                 ","closure    ","           ","TRUE","FALSE","(x)                                                                                                                                                                                                                                                                                                                                                                                                       ","base   ","NA","0.64.0","released",FALSE
"is.ts                     ","closure    ","           ","TRUE","FALSE","(x)                                                                                                                                                                                                                                                                                                                                                                                                       ","base   ","NA","0.64.0","released",FALSE
"is.vector                 ","closure    ","           ","TRUE","FALSE","(x, mode = \""any\"")                                                                                                                                                                                                                                                                                                                                                                                       ","base   ","NA","0.64.0","released",FALSE
"jitter                    ","closure    ","           ","TRUE","FALSE","(x, factor = 1, amount = NULL)                                                                                                                                                                                                                                                                                                                                                                            ","base   ","NA","0.64.0","released",FALSE
"kappa                     ","closure    ","           ","TRUE","FALSE","(z, ...)                                                                                                                                                                                                                                                                                                                                                                                                  ","base   ","NA","0.64.0","released",FALSE
"kappa.default             ","closure    ","           ","TRUE","FALSE","(z, exact = FALSE, ...)                                                                                                                                                                                                                                                                                                                                                                                   ","base   ","NA","0.64.0","released",FALSE
"kappa.lm                  ","closure    ","           ","TRUE","FALSE","(z, ...)                                                                                                                                                                                                                                                                                                                                                                                                  ","base   ","NA","0.64.0","released",FALSE
"kappa.qr                  ","closure    ","           ","TRUE","FALSE","(z, ...)                                                                                                                                                                                                                                                                                                                                                                                                  ","base   ","NA","0.64.0","released",FALSE
"kappa.tri                 ","closure    ","           ","TRUE","FALSE","(z, exact = FALSE, ...)                                                                                                                                                                                                                                                                                                                                                                                   ","base   ","NA","0.64.0","released",FALSE
"kronecker                 ","closure    ","           ","TRUE","FALSE","(X, Y, FUN = \""*\"", make.dimnames = FALSE, ...)                                                                                                                                                                                                                                                                                                                                                           ","base   ","NA","0.64.0","released",FALSE
"labels                    ","closure    ","           ","TRUE","FALSE","(object, ...)                                                                                                                                                                                                                                                                                                                                                                                             ","base   ","NA","0.64.0","released",FALSE
"labels.default            ","closure    ","           ","TRUE","FALSE","(object, ...)                                                                                                                                                                                                                                                                                                                                                                                             ","base   ","NA","0.64.0","released",FALSE
"labels.lm                 ","closure    ","           ","TRUE","FALSE","(object, ...)                                                                                                                                                                                                                                                                                                                                                                                             ","base   ","NA","0.64.0","released",FALSE
"labels.terms              ","closure    ","           ","TRUE","FALSE","(object, ...)                                                                                                                                                                                                                                                                                                                                                                                             ","base   ","NA","0.64.0","released",FALSE
"lapply                    ","closure    ","           ","TRUE","FALSE","(X, FUN, ...)                                                                                                                                                                                                                                                                                                                                                                                             ","base   ","NA","0.64.0","released",FALSE
"layout                    ","closure    ","           ","TRUE","FALSE","(mat, widths = rep(1, dim(mat)[2]), heights = rep(1,     dim(mat)[1]), respect = FALSE)                                                                                                                                                                                                                                                                                                                   ","base   ","NA","0.64.0","released",FALSE
"layout.show               ","closure    ","           ","TRUE","FALSE","(n = 1)                                                                                                                                                                                                                                                                                                                                                                                                   ","base   ","NA","0.64.0","released",FALSE
"lbeta                     ","closure    ","           ","TRUE","FALSE","(a, b)                                                                                                                                                                                                                                                                                                                                                                                                    ","base   ","NA","0.64.0","released",FALSE
"lchoose                   ","closure    ","           ","TRUE","FALSE","(n, k)                                                                                                                                                                                                                                                                                                                                                                                                    ","base   ","NA","0.64.0","released",FALSE
"lcm                       ","closure    ","           ","TRUE","FALSE","(x)                                                                                                                                                                                                                                                                                                                                                                                                       ","base   ","NA","0.64.0","released",FALSE
"legend                    ","closure    ","           ","TRUE","FALSE","(x, y, legend, fill, col = \""black\"", lty, lwd, pch, bty = \""o\"",     bg = par(\""bg\""), cex = 1, xjust = 0, yjust = 1, x.intersp = NULL,     y.intersp = NULL, text.width = NULL, merge = FALSE, trace = FALSE)                                                                                                                                                                                           ","base   ","NA","0.64.0","released",FALSE
"length                    ","builtin    ","           ","TRUE","NA","                                                                                                                                                                                                                                                                                                                                                                                                          ","base   ","NA","0.64.0","released",FALSE
"length<-                  ","builtin    ","           ","TRUE","NA","                                                                                                                                                                                                                                                                                                                                                                                                          ","base   ","NA","0.64.0","released",FALSE
"letters                   ","character  ","           ","TRUE","FALSE","NA","base   ","NA","0.64.0","released",FALSE
"levels                    ","closure    ","           ","TRUE","FALSE","(x)                                                                                                                                                                                                                                                                                                                                                                                                       ","base   ","NA","0.64.0","released",FALSE
"levels<-                  ","closure    ","           ","TRUE","FALSE","(x, value)                                                                                                                                                                                                                                                                                                                                                                                                ","base   ","NA","0.64.0","released",FALSE
"levels<-.default          ","closure    ","           ","TRUE","FALSE","(x, value)                                                                                                                                                                                                                                                                                                                                                                                                ","base   ","NA","0.64.0","released",FALSE
"levels<-.factor           ","closure    ","           ","TRUE","FALSE","(x, value)                                                                                                                                                                                                                                                                                                                                                                                                ","base   ","NA","0.64.0","released",FALSE
"lgamma                    ","closure    ","           ","TRUE","FALSE","(x)                                                                                                                                                                                                                                                                                                                                                                                                       ","base   ","NA","0.64.0","released",FALSE
"lib.fixup                 ","closure    ","           ","TRUE","FALSE","(env, globenv)                                                                                                                                                                                                                                                                                                                                                                                            ","base   ","NA","0.64.0","released",FALSE
"library                   ","closure    ","           ","TRUE","FALSE","(name, help, lib.loc = .lib.loc, character.only = FALSE,     logical.return = FALSE, warn.conflicts = name != \""MASS\"")                                                                                                                                                                                                                                                                                   ","base   ","NA","0.64.0","released",FALSE
"library.dynam             ","closure    ","           ","TRUE","FALSE","(chname, package = .packages(), lib.loc = .lib.loc,     verbose = .Options$verbose, file.ext = .Platform$dynlib.ext)                                                                                                                                                                                                                                                                                      ","base   ","NA","0.64.0","released",FALSE
"licence                   ","closure    ","           ","TRUE","FALSE","()                                                                                                                                                                                                                                                                                                                                                                                                        ","base   ","NA","0.64.0","released",FALSE
"license                   ","closure    ","           ","TRUE","FALSE","()                                                                                                                                                                                                                                                                                                                                                                                                        ","base   ","NA","0.64.0","released",FALSE
"lines                     ","closure    ","           ","TRUE","FALSE","(x, ...)                                                                                                                                                                                                                                                                                                                                                                                                  ","base   ","NA","0.64.0","released",FALSE
"lines.default             ","closure    ","           ","TRUE","FALSE","(x, y = NULL, type = \""l\"", col = par(\""col\""), ...)                                                                                                                                                                                                                                                                                                                                                      ","base   ","NA","0.64.0","released",FALSE
"list                      ","builtin    ","           ","TRUE","NA","                                                                                                                                                                                                                                                                                                                                                                                                          ","base   ","NA","0.64.0","released",FALSE
"list.files                ","closure    ","           ","TRUE","FALSE","(path, pattern = NULL, all.files = FALSE, full.names = FALSE)                                                                                                                                                                                                                                                                                                                                             ","base   ","NA","0.64.0","released",FALSE
"lm                        ","closure    ","           ","TRUE","FALSE","(formula, data = list(), subset, weights, na.action,     method = \""qr\"", model = TRUE, x = FALSE, y = FALSE, qr = TRUE,     singular.ok = TRUE, contrasts = NULL, offset = NULL, ...)                                                                                                                                                                                                                    ","base   ","NA","0.64.0","released",FALSE
"lm.fit                    ","closure    ","           ","TRUE","FALSE","(x, y, offset = NULL, method = \""qr\"", tol = 1e-07, ...)                                                                                                                                                                                                                                                                                                                                                  ","base   ","NA","0.64.0","released",FALSE
"lm.fit.null               ","closure    ","           ","TRUE","FALSE","(x, y, method = \""qr\"", tol = 1e-07, ...)                                                                                                                                                                                                                                                                                                                                                                 ","base   ","NA","0.64.0","released",FALSE
"lm.influence              ","closure    ","           ","TRUE","FALSE","(lm.obj)                                                                                                                                                                                                                                                                                                                                                                                                  ","base   ","NA","0.64.0","released",FALSE
"lm.wfit                   ","closure    ","           ","TRUE","FALSE","(x, y, w, offset = NULL, method = \""qr\"", tol = 1e-07,     ...)                                                                                                                                                                                                                                                                                                                                           ","base   ","NA","0.64.0","released",FALSE
"lm.wfit.null              ","closure    ","           ","TRUE","FALSE","(x, y, w, method = \""qr\"", tol = 1e-07, ...)                                                                                                                                                                                                                                                                                                                                                              ","base   ","NA","0.64.0","released",FALSE
"load                      ","closure    ","           ","TRUE","FALSE","(file, envir = sys.frame(sys.parent()))                                                                                                                                                                                                                                                                                                                                                                   ","base   ","NA","0.64.0","released",FALSE
"locator                   ","closure    ","           ","TRUE","FALSE","(n = 512)                                                                                                                                                                                                                                                                                                                                                                                                 ","base   ","NA","0.64.0","released",FALSE
"log                       ","closure    ","           ","TRUE","FALSE","(x, base = exp(1))                                                                                                                                                                                                                                                                                                                                                                                        ","base   ","NA","0.64.0","released",FALSE
"log10                     ","closure    ","           ","TRUE","FALSE","(x)                                                                                                                                                                                                                                                                                                                                                                                                       ","base   ","NA","0.64.0","released",FALSE
"log2                      ","closure    ","           ","TRUE","FALSE","(x)                                                                                                                                                                                                                                                                                                                                                                                                       ","base   ","NA","0.64.0","released",FALSE
"logical                   ","closure    ","           ","TRUE","FALSE","(length = 0)                                                                                                                                                                                                                                                                                                                                                                                              ","base   ","NA","0.64.0","released",FALSE
"loglin                    ","closure    ","           ","TRUE","FALSE","(table, margin, start = rep(1, length(table)), fit = FALSE,     eps = 0.1, iter = 20, param = FALSE, print = TRUE)                                                                                                                                                                                                                                                                                        ","base   ","NA","0.64.0","released",FALSE
"lower.tri                 ","closure    ","           ","TRUE","FALSE","(x, diag = FALSE)                                                                                                                                                                                                                                                                                                                                                                                         ","base   ","NA","0.64.0","released",FALSE
"lowess                    ","closure    ","           ","TRUE","FALSE","(x, y = NULL, f = 2/3, iter = 3, delta = 0.01 * diff(range(xy$x[o])))                                                                                                                                                                                                                                                                                                                                     ","base   ","NA","0.64.0","released",FALSE
"ls                        ","closure    ","           ","TRUE","FALSE","(name, pos = -1, envir = pos.to.env(pos), all.names = FALSE,     pattern)                                                                                                                                                                                                                                                                                                                                 ","base   ","NA","0.64.0","released",FALSE
"ls.diag                   ","closure    ","           ","TRUE","FALSE","(ls.out)                                                                                                                                                                                                                                                                                                                                                                                                  ","base   ","NA","0.64.0","released",FALSE
"ls.print                  ","closure    ","           ","TRUE","FALSE","(ls.out, digits = 4, print.it = TRUE)                                                                                                                                                                                                                                                                                                                                                                     ","base   ","NA","0.64.0","released",FALSE
"ls.str                    ","closure    ","           ","TRUE","FALSE","(..., mode = \""any\"", max.level = 1, give.attr = FALSE)                                                                                                                                                                                                                                                                                                                                                   ","base   ","NA","0.64.0","released",FALSE
"lsf.str                   ","closure    ","           ","TRUE","FALSE","(...)                                                                                                                                                                                                                                                                                                                                                                                                     ","base   ","NA","0.64.0","released",FALSE
"lsfit                     ","closure    ","           ","TRUE","FALSE","(x, y, wt = NULL, intercept = TRUE, tolerance = 1e-07,     yname = NULL)                                                                                                                                                                                                                                                                                                                                  ","base   ","NA","0.64.0","released",FALSE
"machine                   ","closure    ","           ","TRUE","FALSE","()                                                                                                                                                                                                                                                                                                                                                                                                        ","base   ","NA","0.64.0","released",FALSE
"macintosh                 ","closure    ","           ","TRUE","FALSE","(display = \""\"", width = 5, height = 5, pointsize = 12)                                                                                                                                                                                                                                                                                                                                                   ","base   ","NA","0.64.0","released",FALSE
"mad                       ","closure    ","           ","TRUE","FALSE","(y, center, constant = 1.4826, na.rm = FALSE)                                                                                                                                                                                                                                                                                                                                                             ","base   ","NA","0.64.0","released",FALSE
"mahalanobis               ","closure    ","           ","TRUE","FALSE","(x, center, cov, inverted = FALSE)                                                                                                                                                                                                                                                                                                                                                                        ","base   ","NA","0.64.0","released",FALSE
"make.link                 ","closure    ","           ","TRUE","FALSE","(link)                                                                                                                                                                                                                                                                                                                                                                                                    ","base   ","NA","0.64.0","released",FALSE
"make.names                ","closure    ","           ","TRUE","FALSE","(names, unique = FALSE)                                                                                                                                                                                                                                                                                                                                                                                   ","base   ","NA","0.64.0","released",FALSE
"make.socket               ","closure    ","           ","TRUE","FALSE","(host = \""localhost\"", port, fail = TRUE, server = FALSE)                                                                                                                                                                                                                                                                                                                                                 ","base   ","NA","0.64.0","released",FALSE
"make.tables.aovproj       ","closure    ","           ","TRUE","FALSE","(proj.cols, mf.cols, prjs, mf, fun = \""mean\"", prt = FALSE,     ...)                                                                                                                                                                                                                                                                                                                                      ","base   ","NA","0.64.0","released",FALSE
"make.tables.aovprojlist   ","closure    ","           ","TRUE","FALSE","(proj.cols, strata.cols, model.cols, projections, model,     eff, fun = \""mean\"", prt = FALSE, ...)                                                                                                                                                                                                                                                                                                       ","base   ","NA","0.64.0","released",FALSE
"mat.or.vec                ","closure    ","           ","TRUE","FALSE","(nr, nc)                                                                                                                                                                                                                                                                                                                                                                                                  ","base   ","NA","0.64.0","released",FALSE
"match                     ","closure    ","           ","TRUE","FALSE","(x, table, nomatch = NA)                                                                                                                                                                                                                                                                                                                                                                                  ","base   ","NA","0.64.0","released",FALSE
"match.arg                 ","closure    ","           ","TRUE","FALSE","(arg, choices)                                                                                                                                                                                                                                                                                                                                                                                            ","base   ","NA","0.64.0","released",FALSE
"match.call                ","closure    ","           ","TRUE","FALSE","(definition = NULL, call = sys.call(sys.parent()), expand.dots = TRUE)                                                                                                                                                                                                                                                                                                                                    ","base   ","NA","0.64.0","released",FALSE
"match.fun                 ","closure    ","           ","TRUE","FALSE","(FUN, descend = TRUE)                                                                                                                                                                                                                                                                                                                                                                                     ","base   ","NA","0.64.0","released",FALSE
"matlines                  ","closure    ","           ","TRUE","FALSE","(x, y, lty = 1:5, lwd = 1, pch = NULL, col = 1:6, ...)                                                                                                                                                                                                                                                                                                                                                    ","base   ","NA","0.64.0","released",FALSE
"matplot                   ","closure    ","           ","TRUE","FALSE","(x, y, type = \""p\"", lty = 1:5, lwd = 1, pch = NULL, col = 1:6,     xlab = NULL, ylab = NULL, xlim = NULL, ylim = NULL, ...,     add = FALSE, verbose = .Options$verbose)                                                                                                                                                                                                                                 ","base   ","NA","0.64.0","released",FALSE
"matpoints                 ","closure    ","           ","TRUE","FALSE","(x, y, lty = 1:5, lwd = 1, pch = NULL, col = 1:6, ...)                                                                                                                                                                                                                                                                                                                                                    ","base   ","NA","0.64.0","released",FALSE
"matrix                    ","closure    ","           ","TRUE","FALSE","(data = NA, nrow = 1, ncol = 1, byrow = FALSE, dimnames = NULL)                                                                                                                                                                                                                                                                                                                                           ","base   ","NA","0.64.0","released",FALSE
"max                       ","closure    ","           ","TRUE","FALSE","(..., na.rm = FALSE)                                                                                                                                                                                                                                                                                                                                                                                      ","base   ","NA","0.64.0","released",FALSE
"mean                      ","closure    ","           ","TRUE","FALSE","(x, ...)                                                                                                                                                                                                                                                                                                                                                                                                  ","base   ","NA","0.64.0","released",FALSE
"mean.default              ","closure    ","           ","TRUE","FALSE","(x, trim = 0, na.rm = FALSE)                                                                                                                                                                                                                                                                                                                                                                              ","base   ","NA","0.64.0","released",FALSE
"median                    ","closure    ","           ","TRUE","FALSE","(x, na.rm = FALSE)                                                                                                                                                                                                                                                                                                                                                                                        ","base   ","NA","0.64.0","released",FALSE
"memory.profile            ","closure    ","           ","TRUE","FALSE","()                                                                                                                                                                                                                                                                                                                                                                                                        ","base   ","NA","0.64.0","released",FALSE
"menu                      ","closure    ","           ","TRUE","FALSE","(choices, graphics = FALSE, title = \""\"")                                                                                                                                                                                                                                                                                                                                                                 ","base   ","NA","0.64.0","released",FALSE
"methods                   ","closure    ","           ","TRUE","FALSE","(generic.function, class)                                                                                                                                                                                                                                                                                                                                                                                 ","base   ","NA","0.64.0","released",FALSE
"min                       ","closure    ","           ","TRUE","FALSE","(..., na.rm = FALSE)                                                                                                                                                                                                                                                                                                                                                                                      ","base   ","NA","0.64.0","released",FALSE
"missing                   ","special    ","           ","TRUE","NA","                                                                                                                                                                                                                                                                                                                                                                                                          ","base   ","NA","0.64.0","released",FALSE
"mode                      ","closure    ","           ","TRUE","FALSE","(x)                                                                                                                                                                                                                                                                                                                                                                                                       ","base   ","NA","0.64.0","released",FALSE
"mode<-                    ","closure    ","           ","TRUE","FALSE","(x, value)                                                                                                                                                                                                                                                                                                                                                                                                ","base   ","NA","0.64.0","released",FALSE
"model.extract             ","closure    ","           ","TRUE","FALSE","(frame, component)                                                                                                                                                                                                                                                                                                                                                                                        ","base   ","NA","0.64.0","released",FALSE
"model.frame               ","closure    ","           ","TRUE","FALSE","(formula, ...)                                                                                                                                                                                                                                                                                                                                                                                            ","base   ","NA","0.64.0","released",FALSE
"model.frame.aovlist       ","closure    ","           ","TRUE","FALSE","(formula, data = NULL, ...)                                                                                                                                                                                                                                                                                                                                                                               ","base   ","NA","0.64.0","released",FALSE
"model.frame.default       ","closure    ","           ","TRUE","FALSE","(formula, data = NULL, subset = NULL, na.action = na.fail,     drop.unused.levels = FALSE, xlev = NULL, ...)                                                                                                                                                                                                                                                                                              ","base   ","NA","0.64.0","released",FALSE
"model.frame.glm           ","closure    ","           ","TRUE","FALSE","(formula, data, na.action, ...)                                                                                                                                                                                                                                                                                                                                                                           ","base   ","NA","0.64.0","released",FALSE
"model.frame.lm            ","closure    ","           ","TRUE","FALSE","(formula, data, na.action, ...)                                                                                                                                                                                                                                                                                                                                                                           ","base   ","NA","0.64.0","released",FALSE
"model.matrix              ","closure    ","           ","TRUE","FALSE","(object, ...)                                                                                                                                                                                                                                                                                                                                                                                             ","base   ","NA","0.64.0","released",FALSE
"model.matrix.default      ","closure    ","           ","TRUE","FALSE","(formula, data = sys.frame(sys.parent()), contrasts.arg = NULL,     xlev = NULL)                                                                                                                                                                                                                                                                                                                          ","base   ","NA","0.64.0","released",FALSE
"model.matrix.lm           ","closure    ","           ","TRUE","FALSE","(object, ...)                                                                                                                                                                                                                                                                                                                                                                                             ","base   ","NA","0.64.0","released",FALSE
"model.offset              ","closure    ","           ","TRUE","FALSE","(x)                                                                                                                                                                                                                                                                                                                                                                                                       ","base   ","NA","0.64.0","released",FALSE
"model.response            ","closure    ","           ","TRUE","FALSE","(data, type = \""any\"")                                                                                                                                                                                                                                                                                                                                                                                    ","base   ","NA","0.64.0","released",FALSE
"model.tables              ","closure    ","           ","TRUE","FALSE","(x, ...)                                                                                                                                                                                                                                                                                                                                                                                                  ","base   ","NA","0.64.0","released",FALSE
"model.tables.aov          ","closure    ","           ","TRUE","FALSE","(x, type = \""effects\"", se = FALSE, cterms)                                                                                                                                                                                                                                                                                                                                                               ","base   ","NA","0.64.0","released",FALSE
"model.tables.aovlist      ","closure    ","           ","TRUE","FALSE","(x, type = \""effects\"", se = FALSE, ...)                                                                                                                                                                                                                                                                                                                                                                  ","base   ","NA","0.64.0","released",FALSE
"model.weights             ","closure    ","           ","TRUE","FALSE","(x)                                                                                                                                                                                                                                                                                                                                                                                                       ","base   ","NA","0.64.0","released",FALSE
"month.abb                 ","character  ","           ","TRUE","FALSE","NA","base   ","NA","0.64.0","released",FALSE
"month.name                ","character  ","           ","TRUE","FALSE","NA","base   ","NA","0.64.0","released",FALSE
"mosaicplot                ","closure    ","           ","TRUE","FALSE","(X, main = NA, sort = NA, off = NA, dir = NA, color = FALSE)                                                                                                                                                                                                                                                                                                                                              ","base   ","NA","0.64.0","released",FALSE
"mtext                     ","closure    ","           ","TRUE","FALSE","(text, side = 3, line = 0, outer = FALSE, at = NULL,     adj = NA, ...)                                                                                                                                                                                                                                                                                                                                   ","base   ","NA","0.64.0","released",FALSE
"mvfft                     ","closure    ","           ","TRUE","FALSE","(z, inverse = FALSE)                                                                                                                                                                                                                                                                                                                                                                                      ","base   ","NA","0.64.0","released",FALSE
"na.action                 ","closure    ","           ","TRUE","FALSE","(x, ...)                                                                                                                                                                                                                                                                                                                                                                                                  ","base   ","NA","0.64.0","released",FALSE
"na.action.default         ","closure    ","           ","TRUE","FALSE","(x)                                                                                                                                                                                                                                                                                                                                                                                                       ","base   ","NA","0.64.0","released",FALSE
"na.fail                   ","closure    ","           ","TRUE","FALSE","(frame)                                                                                                                                                                                                                                                                                                                                                                                                   ","base   ","NA","0.64.0","released",FALSE
"na.omit                   ","closure    ","           ","TRUE","FALSE","(frame)                                                                                                                                                                                                                                                                                                                                                                                                   ","base   ","NA","0.64.0","released",FALSE
"names                     ","closure    ","           ","TRUE","FALSE","(x, ...)                                                                                                                                                                                                                                                                                                                                                                                                  ","base   ","NA","0.64.0","released",FALSE
"names.default             ","closure    ","           ","TRUE","FALSE","(x)                                                                                                                                                                                                                                                                                                                                                                                                       ","base   ","NA","0.64.0","released",FALSE
"names<-                   ","closure    ","           ","TRUE","FALSE","(x, ...)                                                                                                                                                                                                                                                                                                                                                                                                  ","base   ","NA","0.64.0","released",FALSE
"names<-.default           ","closure    ","           ","TRUE","FALSE","(x, value)                                                                                                                                                                                                                                                                                                                                                                                                ","base   ","NA","0.64.0","released",FALSE
"nargs                     ","special    ","           ","TRUE","NA","                                                                                                                                                                                                                                                                                                                                                                                                          ","base   ","NA","0.64.0","released",FALSE
"nchar                     ","closure    ","           ","TRUE","FALSE","(x)                                                                                                                                                                                                                                                                                                                                                                                                       ","base   ","NA","0.64.0","released",FALSE
"ncol                      ","closure    ","           ","TRUE","FALSE","(x)                                                                                                                                                                                                                                                                                                                                                                                                       ","base   ","NA","0.64.0","released",FALSE
"next                      ","special    ","           ","TRUE","NA","                                                                                                                                                                                                                                                                                                                                                                                                          ","base   ","NA","0.64.0","released",FALSE
"nextn                     ","closure    ","           ","TRUE","FALSE","(n, factors = c(2, 3, 5))                                                                                                                                                                                                                                                                                                                                                                                 ","base   ","NA","0.64.0","released",FALSE
"nlevels                   ","closure    ","           ","TRUE","FALSE","(x)                                                                                                                                                                                                                                                                                                                                                                                                       ","base   ","NA","0.64.0","released",FALSE
"nlm                       ","closure    ","           ","TRUE","FALSE","(f, p, hessian = FALSE, typsize = rep(1, length(p)),     fscale = 1, print.level = 0, ndigit = 12, gradtol = 1e-06,     stepmax = max(1000 * sqrt(sum((p/typsize)^2)), 1000), steptol = 1e-06,     iterlim = 100)                                                                                                                                                                                         ","base   ","NA","0.64.0","released",FALSE
"noquote                   ","closure    ","           ","TRUE","FALSE","(obj)                                                                                                                                                                                                                                                                                                                                                                                                     ","base   ","NA","0.64.0","released",FALSE
"nrow                      ","closure    ","           ","TRUE","FALSE","(x)                                                                                                                                                                                                                                                                                                                                                                                                       ","base   ","NA","0.64.0","released",FALSE
"numeric                   ","closure    ","           ","TRUE","FALSE","(length = 0)                                                                                                                                                                                                                                                                                                                                                                                              ","base   ","NA","0.64.0","released",FALSE
"objects                   ","closure    ","           ","TRUE","FALSE","(name, pos = -1, envir = pos.to.env(pos), all.names = FALSE,     pattern)                                                                                                                                                                                                                                                                                                                                 ","base   ","NA","0.64.0","released",FALSE
"offset                    ","closure    ","           ","TRUE","FALSE","(x)                                                                                                                                                                                                                                                                                                                                                                                                       ","base   ","NA","0.64.0","released",FALSE
"on.exit                   ","special    ","           ","TRUE","NA","                                                                                                                                                                                                                                                                                                                                                                                                          ","base   ","NA","0.64.0","released",FALSE
"optimise                  ","closure    ","           ","TRUE","FALSE","(f, interval, lower = min(interval), upper = max(interval),     maximum = FALSE, tol = .Machine$double.eps^0.25, ...)                                                                                                                                                                                                                                                                                     ","base   ","NA","0.64.0","released",FALSE
"optimize                  ","closure    ","           ","TRUE","FALSE","(f, interval, lower = min(interval), upper = max(interval),     maximum = FALSE, tol = .Machine$double.eps^0.25, ...)                                                                                                                                                                                                                                                                                     ","base   ","NA","0.64.0","released",FALSE
"options                   ","closure    ","           ","TRUE","FALSE","(...)                                                                                                                                                                                                                                                                                                                                                                                                     ","base   ","NA","0.64.0","released",FALSE
"order                     ","closure    ","           ","TRUE","FALSE","(..., na.last = TRUE)                                                                                                                                                                                                                                                                                                                                                                                     ","base   ","NA","0.64.0","released",FALSE
"ordered                   ","closure    ","           ","TRUE","FALSE","(x, levels = sort(unique(x), na.last = TRUE), labels = levels,     exclude = NA, ordered = TRUE)                                                                                                                                                                                                                                                                                                          ","base   ","NA","0.64.0","released",FALSE
"outer                     ","closure    ","           ","TRUE","FALSE","(X, Y, FUN = \""*\"", ...)                                                                                                                                                                                                                                                                                                                                                                                  ","base   ","NA","0.64.0","released",FALSE
"page                      ","closure    ","           ","TRUE","FALSE","(x)                                                                                                                                                                                                                                                                                                                                                                                                       ","base   ","NA","0.64.0","released",FALSE
"pairlist                  ","closure    ","           ","TRUE","FALSE","(...)                                                                                                                                                                                                                                                                                                                                                                                                     ","base   ","NA","0.64.0","released",FALSE
"pairs                     ","closure    ","           ","TRUE","FALSE","(x, ...)                                                                                                                                                                                                                                                                                                                                                                                                  ","base   ","NA","0.64.0","released",FALSE
"pairs.default             ","closure    ","           ","TRUE","FALSE","(x, labels, panel = points, main = NULL, font.main = par(\""font.main\""),     cex.main = par(\""cex.main\""), ...)                                                                                                                                                                                                                                                                                           ","base   ","NA","0.64.0","released",FALSE
"pairs.formula             ","closure    ","           ","TRUE","FALSE","(formula, data = NULL, subset, na.action, ...)                                                                                                                                                                                                                                                                                                                                                            ","base   ","NA","0.64.0","released",FALSE
"palette                   ","closure    ","           ","TRUE","FALSE","(value)                                                                                                                                                                                                                                                                                                                                                                                                   ","base   ","NA","0.64.0","released",FALSE
"panel.smooth              ","closure    ","           ","TRUE","FALSE","(x, y, col = par(\""col\""), pch = par(\""pch\""), col.smooth = \""red\"",     span = 2/3, iter = 3, ...)                                                                                                                                                                                                                                                                                                       ","base   ","NA","0.64.0","released",FALSE
"par                       ","closure    ","           ","TRUE","FALSE","(..., no.readonly = FALSE)                                                                                                                                                                                                                                                                                                                                                                                ","base   ","NA","0.64.0","released",FALSE
"parse                     ","closure    ","           ","TRUE","FALSE","(file = \""\"", n = NULL, text = NULL, prompt = NULL, white = FALSE)                                                                                                                                                                                                                                                                                                                                        ","base   ","NA","0.64.0","released",FALSE
"paste                     ","closure    ","           ","TRUE","FALSE","(..., sep = \"" \"", collapse = NULL)                                                                                                                                                                                                                                                                                                                                                                       ","base   ","NA","0.64.0","released",FALSE
"pbeta                     ","closure    ","           ","TRUE","FALSE","(q, shape1, shape2, ncp = 0)                                                                                                                                                                                                                                                                                                                                                                              ","base   ","NA","0.64.0","released",FALSE
"pbinom                    ","closure    ","           ","TRUE","FALSE","(q, size, prob)                                                                                                                                                                                                                                                                                                                                                                                           ","base   ","NA","0.64.0","released",FALSE
"pcauchy                   ","closure    ","           ","TRUE","FALSE","(q, location = 0, scale = 1)                                                                                                                                                                                                                                                                                                                                                                              ","base   ","NA","0.64.0","released",FALSE
"pchisq                    ","closure    ","           ","TRUE","FALSE","(q, df, ncp = 0)                                                                                                                                                                                                                                                                                                                                                                                          ","base   ","NA","0.64.0","released",FALSE
"pentagamma                ","closure    ","           ","TRUE","FALSE","(x)                                                                                                                                                                                                                                                                                                                                                                                                       ","base   ","NA","0.64.0","released",FALSE
"persp                     ","closure    ","           ","TRUE","FALSE","(x = seq(0, 1, len = nrow(z)), y = seq(0, 1, len = ncol(z)),     z, xlim = range(x), ylim = range(y), zlim = range(z, na.rm = TRUE),     theta = 0, phi = 15, r = sqrt(3), d = 1, scale = TRUE, expand = 1,     col, border, ltheta = -135, lphi = 0, shade = NA, box = TRUE,     ...)                                                                                                                    ","base   ","NA","0.64.0","released",FALSE
"pexp                      ","closure    ","           ","TRUE","FALSE","(q, rate = 1)                                                                                                                                                                                                                                                                                                                                                                                             ","base   ","NA","0.64.0","released",FALSE
"pf                        ","closure    ","           ","TRUE","FALSE","(q, df1, df2, ncp = 0)                                                                                                                                                                                                                                                                                                                                                                                    ","base   ","NA","0.64.0","released",FALSE
"pgamma                    ","closure    ","           ","TRUE","FALSE","(q, shape, scale = 1)                                                                                                                                                                                                                                                                                                                                                                                     ","base   ","NA","0.64.0","released",FALSE
"pgeom                     ","closure    ","           ","TRUE","FALSE","(q, prob)                                                                                                                                                                                                                                                                                                                                                                                                 ","base   ","NA","0.64.0","released",FALSE
"phyper                    ","closure    ","           ","TRUE","FALSE","(q, m, n, k)                                                                                                                                                                                                                                                                                                                                                                                              ","base   ","NA","0.64.0","released",FALSE
"pi                        ","double     ","           ","TRUE","FALSE","NA","base   ","NA","0.64.0","released",FALSE
"pico                      ","closure    ","           ","TRUE","FALSE","(name = NULL, file = \""\"")                                                                                                                                                                                                                                                                                                                                                                                ","base   ","NA","0.64.0","released",FALSE
"pictex                    ","closure    ","           ","TRUE","FALSE","(file = \""Rplots.tex\"", width = 5, height = 4, debug = FALSE,     bg = \""white\"", fg = \""black\"")                                                                                                                                                                                                                                                                                                         ","base   ","NA","0.64.0","released",FALSE
"piechart                  ","closure    ","           ","TRUE","FALSE","(x, labels = names(x), edges = 200, radius = 0.8, col = NULL,     main = NULL, ...)                                                                                                                                                                                                                                                                                                                       ","base   ","NA","0.64.0","released",FALSE
"plnorm                    ","closure    ","           ","TRUE","FALSE","(q, meanlog = 0, sdlog = 1)                                                                                                                                                                                                                                                                                                                                                                               ","base   ","NA","0.64.0","released",FALSE
"plogis                    ","closure    ","           ","TRUE","FALSE","(q, location = 0, scale = 1)                                                                                                                                                                                                                                                                                                                                                                              ","base   ","NA","0.64.0","released",FALSE
"plot                      ","closure    ","           ","TRUE","FALSE","(x, ...)                                                                                                                                                                                                                                                                                                                                                                                                  ","base   ","NA","0.64.0","released",FALSE
"plot.data.frame           ","closure    ","           ","TRUE","FALSE","(x, ...)                                                                                                                                                                                                                                                                                                                                                                                                  ","base   ","NA","0.64.0","released",FALSE
"plot.default              ","closure    ","           ","TRUE","FALSE","(x, y = NULL, type = \""p\"", xlim = NULL, ylim = NULL,     log = \""\"", main = NULL, sub = NULL, xlab = NULL, ylab = NULL,     ann = par(\""ann\""), axes = TRUE, frame.plot = axes, panel.first = NULL,     panel.last = NULL, col = par(\""fg\""), bg = NA, pch = par(\""pch\""),     cex = par(\""cex\""), lty = par(\""lty\""), lwd = par(\""lwd\""), asp = NA,     ...)                                            ","base   ","NA","0.64.0","released",FALSE
"plot.density              ","closure    ","           ","TRUE","FALSE","(s, main = NULL, xlab = NULL, ylab = \""Density\"", type = \""l\"",     zero.line = TRUE, ...)                                                                                                                                                                                                                                                                                                                ","base   ","NA","0.64.0","released",FALSE
"plot.factor               ","closure    ","           ","TRUE","FALSE","(x, y, legend.text = levels(y), ...)                                                                                                                                                                                                                                                                                                                                                                      ","base   ","NA","0.64.0","released",FALSE
"plot.formula              ","closure    ","           ","TRUE","FALSE","(formula, data = NULL, subset, na.action, ylab = varnames[response],     ..., ask = TRUE)                                                                                                                                                                                                                                                                                                                 ","base   ","NA","0.64.0","released",FALSE
"plot.function             ","closure    ","           ","TRUE","FALSE","(fn, from = 0, to = 1, ...)                                                                                                                                                                                                                                                                                                                                                                               ","base   ","NA","0.64.0","released",FALSE
"plot.lm                   ","closure    ","           ","TRUE","FALSE","(x, ...)                                                                                                                                                                                                                                                                                                                                                                                                  ","base   ","NA","0.64.0","released",FALSE
"plot.mlm                  ","closure    ","           ","TRUE","FALSE","(...)                                                                                                                                                                                                                                                                                                                                                                                                     ","base   ","NA","0.64.0","released",FALSE
"plot.new                  ","closure    ","           ","TRUE","FALSE","(ask = NA)                                                                                                                                                                                                                                                                                                                                                                                                ","base   ","NA","0.64.0","released",FALSE
"plot.ts                   ","closure    ","           ","TRUE","FALSE","(x, y = NULL, type = \""l\"", xlim = NULL, ylim = NULL,     xlab = \""Time\"", ylab, log = \""\"", col = par(\""col\""), bg = NA,     pch = par(\""pch\""), cex = par(\""cex\""), lty = par(\""lty\""), lwd = par(\""lwd\""),     axes = TRUE, frame.plot = axes, ann = par(\""ann\""), main = NULL,     ...)                                                                                                               ","base   ","NA","0.64.0","released",FALSE
"plot.window               ","closure    ","           ","TRUE","FALSE","(xlim, ylim, log = \""\"", asp = NA, ...)                                                                                                                                                                                                                                                                                                                                                                   ","base   ","NA","0.64.0","released",FALSE
"plot.xy                   ","closure    ","           ","TRUE","FALSE","(xy, type, pch = 1, lty = \""solid\"", col = par(\""fg\""),     bg = NA, cex = 1, ...)                                                                                                                                                                                                                                                                                                                        ","base   ","NA","0.64.0","released",FALSE
"pmatch                    ","closure    ","           ","TRUE","FALSE","(x, table, nomatch = NA, duplicates.ok = FALSE)                                                                                                                                                                                                                                                                                                                                                           ","base   ","NA","0.64.0","released",FALSE
"pmax                      ","closure    ","           ","TRUE","FALSE","(..., na.rm = FALSE)                                                                                                                                                                                                                                                                                                                                                                                      ","base   ","NA","0.64.0","released",FALSE
"pmin                      ","closure    ","           ","TRUE","FALSE","(..., na.rm = FALSE)                                                                                                                                                                                                                                                                                                                                                                                      ","base   ","NA","0.64.0","released",FALSE
"pnbinom                   ","closure    ","           ","TRUE","FALSE","(q, size, prob)                                                                                                                                                                                                                                                                                                                                                                                           ","base   ","NA","0.64.0","released",FALSE
"pnchisq                   ","closure    ","           ","TRUE","FALSE","(q, df, lambda)                                                                                                                                                                                                                                                                                                                                                                                           ","base   ","NA","0.64.0","released",FALSE
"pnorm                     ","closure    ","           ","TRUE","FALSE","(q, mean = 0, sd = 1)                                                                                                                                                                                                                                                                                                                                                                                     ","base   ","NA","0.64.0","released",FALSE
"points                    ","closure    ","           ","TRUE","FALSE","(x, ...)                                                                                                                                                                                                                                                                                                                                                                                                  ","base   ","NA","0.64.0","released",FALSE
"points.default            ","closure    ","           ","TRUE","FALSE","(x, y = NULL, type = \""p\"", pch = 1, col = \""black\"", bg = NA,     cex = 1, ...)                                                                                                                                                                                                                                                                                                                          ","base   ","NA","0.64.0","released",FALSE
"poisson                   ","closure    ","           ","TRUE","FALSE","(link = \""log\"")                                                                                                                                                                                                                                                                                                                                                                                          ","base   ","NA","0.64.0","released",FALSE
"poly                      ","closure    ","           ","TRUE","FALSE","(x, degree = 1)                                                                                                                                                                                                                                                                                                                                                                                           ","base   ","NA","0.64.0","released",FALSE
"polygon                   ","closure    ","           ","TRUE","FALSE","(x, y = NULL, density = -1, angle = 45, border = par(\""fg\""),     ...)                                                                                                                                                                                                                                                                                                                                    ","base   ","NA","0.64.0","released",FALSE
"polyroot                  ","closure    ","           ","TRUE","FALSE","(z)                                                                                                                                                                                                                                                                                                                                                                                                       ","base   ","NA","0.64.0","released",FALSE
"pos.to.env                ","builtin    ","           ","TRUE","NA","                                                                                                                                                                                                                                                                                                                                                                                                          ","base   ","NA","0.64.0","released",FALSE
"postscript                ","closure    ","           ","TRUE","FALSE","(file = \""Rplots.ps\"", ...)                                                                                                                                                                                                                                                                                                                                                                               ","base   ","NA","0.64.0","released",FALSE
"power                     ","closure    ","           ","TRUE","FALSE","(lambda = 1)                                                                                                                                                                                                                                                                                                                                                                                              ","base   ","NA","0.64.0","released",FALSE
"ppoints                   ","closure    ","           ","TRUE","FALSE","(n, a = ifelse(n <= 10, 3/8, 1/2))                                                                                                                                                                                                                                                                                                                                                                        ","base   ","NA","0.64.0","released",FALSE
"ppois                     ","closure    ","           ","TRUE","FALSE","(q, lambda)                                                                                                                                                                                                                                                                                                                                                                                               ","base   ","NA","0.64.0","released",FALSE
"predict                   ","closure    ","           ","TRUE","FALSE","(object, ...)                                                                                                                                                                                                                                                                                                                                                                                             ","base   ","NA","0.64.0","released",FALSE
"predict.glm               ","closure    ","           ","TRUE","FALSE","(object, newdata = NULL, type = c(\""link\"", \""response\""),     se.fit = FALSE, dispersion = NULL, ...)                                                                                                                                                                                                                                                                                                    ","base   ","NA","0.64.0","released",FALSE
"predict.lm                ","closure    ","           ","TRUE","FALSE","(object, newdata, se.fit = FALSE, scale = NULL, df = Inf,     interval = c(\""none\"", \""confidence\"", \""prediction\""), level = 0.95)                                                                                                                                                                                                                                                                       ","base   ","NA","0.64.0","released",FALSE
"predict.mlm               ","closure    ","           ","TRUE","FALSE","(object, newdata, se.fit = FALSE)                                                                                                                                                                                                                                                                                                                                                                         ","base   ","NA","0.64.0","released",FALSE
"preplot                   ","closure    ","           ","TRUE","FALSE","(object, ...)                                                                                                                                                                                                                                                                                                                                                                                             ","base   ","NA","0.64.0","released",FALSE
"pretty                    ","closure    ","           ","TRUE","FALSE","(x, n = 5, min.n = n%/%3, shrink.sml = 0.75, high.u.bias = 1.5,     u5.bias = 0.5 + 1.5 * high.u.bias, eps.correct = 0)                                                                                                                                                                                                                                                                                   ","base   ","NA","0.64.0","released",FALSE
"print                     ","closure    ","           ","TRUE","FALSE","(x, ...)                                                                                                                                                                                                                                                                                                                                                                                                  ","base   ","NA","0.64.0","released",FALSE
"print.anova               ","closure    ","           ","TRUE","FALSE","(x, digits = max(.Options$digits - 2, 3), signif.stars = .Options$show.signif.stars,     ...)                                                                                                                                                                                                                                                                                                             ","base   ","NA","0.64.0","released",FALSE
"print.anova.glm           ","closure    ","           ","TRUE","FALSE","(x, digits = max(3, .Options$digits - 3), ...)                                                                                                                                                                                                                                                                                                                                                            ","base   ","NA","0.64.0","released",FALSE
"print.anova.lm            ","closure    ","           ","TRUE","FALSE","(x, digits = max(3, .Options$digits - 3), ...)                                                                                                                                                                                                                                                                                                                                                            ","base   ","NA","0.64.0","released",FALSE
"print.aov                 ","closure    ","           ","TRUE","FALSE","(x, intercept = FALSE, tol = .Machine$double.eps^0.5,     ...)                                                                                                                                                                                                                                                                                                                                            ","base   ","NA","0.64.0","released",FALSE
"print.aovlist             ","closure    ","           ","TRUE","FALSE","(x, ...)                                                                                                                                                                                                                                                                                                                                                                                                  ","base   ","NA","0.64.0","released",FALSE
"print.atomic              ","closure    ","           ","TRUE","FALSE","(x, quote = TRUE, ...)                                                                                                                                                                                                                                                                                                                                                                                    ","base   ","NA","0.64.0","released",FALSE
"print.coefmat             ","closure    ","           ","TRUE","FALSE","(x, digits = max(3, .Options$digits - 2), signif.stars = .Options$show.signif.stars,     dig.tst = max(1, min(5, digits - 1)), cs.ind = 1:k, tst.ind = k +         1, zap.ind = integer(0), P.values = NULL, has.Pvalue = nc >=         4 && substr(colnames(x)[nc], 1, 3) == \""Pr(\"", na.print = \""\"",     ...)                                                                                          ","base   ","NA","0.64.0","released",FALSE
"print.data.frame          ","closure    ","           ","TRUE","FALSE","(x, ..., digits = NULL, quote = FALSE, right = TRUE)                                                                                                                                                                                                                                                                                                                                                      ","base   ","NA","0.64.0","released",FALSE
"print.default             ","closure    ","           ","TRUE","FALSE","(x, digits = NULL, quote = TRUE, na.print = NULL, print.gap = NULL,     right = FALSE, ...)                                                                                                                                                                                                                                                                                                               ","base   ","NA","0.64.0","released",FALSE
"print.density             ","closure    ","           ","TRUE","FALSE","(x, digits = NULL, ...)                                                                                                                                                                                                                                                                                                                                                                                   ","base   ","NA","0.64.0","released",FALSE
"print.dummy.coef          ","closure    ","           ","TRUE","FALSE","(x, ..., title)                                                                                                                                                                                                                                                                                                                                                                                           ","base   ","NA","0.64.0","released",FALSE
"print.dummy.coef.list     ","closure    ","           ","TRUE","FALSE","(x, ...)                                                                                                                                                                                                                                                                                                                                                                                                  ","base   ","NA","0.64.0","released",FALSE
"print.factor              ","closure    ","           ","TRUE","FALSE","(x, quote = FALSE)                                                                                                                                                                                                                                                                                                                                                                                        ","base   ","NA","0.64.0","released",FALSE
"print.family              ","closure    ","           ","TRUE","FALSE","(x, ...)                                                                                                                                                                                                                                                                                                                                                                                                  ","base   ","NA","0.64.0","released",FALSE
"print.formula             ","closure    ","           ","TRUE","FALSE","(x)                                                                                                                                                                                                                                                                                                                                                                                                       ","base   ","NA","0.64.0","released",FALSE
"print.glm                 ","closure    ","           ","TRUE","FALSE","(x, digits = max(3, .Options$digits - 3), na.print = \""\"",     ...)                                                                                                                                                                                                                                                                                                                                       ","base   ","NA","0.64.0","released",FALSE
"print.glm.null            ","closure    ","           ","TRUE","FALSE","(x, digits = max(3, .Options$digits - 3), na.print = \""\"",     ...)                                                                                                                                                                                                                                                                                                                                       ","base   ","NA","0.64.0","released",FALSE
"print.htest               ","closure    ","           ","TRUE","FALSE","(x, digits = 4, quote = TRUE, prefix = \""\"")                                                                                                                                                                                                                                                                                                                                                              ","base   ","NA","0.64.0","released",FALSE
"print.infl                ","closure    ","           ","TRUE","FALSE","(x, digits = max(3, .Options$digits - 4), ...)                                                                                                                                                                                                                                                                                                                                                            ","base   ","NA","0.64.0","released",FALSE
"print.listof              ","closure    ","           ","TRUE","FALSE","(x, ...)                                                                                                                                                                                                                                                                                                                                                                                                  ","base   ","NA","0.64.0","released",FALSE
"print.lm                  ","closure    ","           ","TRUE","FALSE","(x, digits = max(3, .Options$digits - 3), ...)                                                                                                                                                                                                                                                                                                                                                            ","base   ","NA","0.64.0","released",FALSE
"print.lm.null             ","closure    ","           ","TRUE","FALSE","(x, digits = max(3, .Options$digits - 3), ...)                                                                                                                                                                                                                                                                                                                                                            ","base   ","NA","0.64.0","released",FALSE
"print.matrix              ","closure    ","           ","TRUE","FALSE","(x, rowlab = dn[[1]], collab = dn[[2]], quote = TRUE,     right = FALSE, na.print = NULL, print.gap = NULL)                                                                                                                                                                                                                                                                                               ","base   ","NA","0.64.0","released",FALSE
"print.mtable              ","closure    ","           ","TRUE","FALSE","(x, ..., digits = .Options$digits, quote = FALSE, right = FALSE)                                                                                                                                                                                                                                                                                                                                          ","base   ","NA","0.64.0","released",FALSE
"print.noquote             ","closure    ","           ","TRUE","FALSE","(obj, ...)                                                                                                                                                                                                                                                                                                                                                                                                ","base   ","NA","0.64.0","released",FALSE
"print.ordered             ","closure    ","           ","TRUE","FALSE","(x, quote = FALSE)                                                                                                                                                                                                                                                                                                                                                                                        ","base   ","NA","0.64.0","released",FALSE
"print.plot                ","closure    ","           ","TRUE","FALSE","()                                                                                                                                                                                                                                                                                                                                                                                                        ","base   ","NA","0.64.0","released",FALSE
"print.simple.list         ","closure    ","           ","TRUE","FALSE","(x, ...)                                                                                                                                                                                                                                                                                                                                                                                                  ","base   ","NA","0.64.0","released",FALSE
"print.socket              ","closure    ","           ","TRUE","FALSE","(socket)                                                                                                                                                                                                                                                                                                                                                                                                  ","base   ","NA","0.64.0","released",FALSE
"print.summary.aov         ","closure    ","           ","TRUE","FALSE","(x, digits = max(3, .Options$digits - 3), symbolic.cor = p >     4, signif.stars = .Options$show.signif.stars, ...)                                                                                                                                                                                                                                                                                       ","base   ","NA","0.64.0","released",FALSE
"print.summary.aovlist     ","closure    ","           ","TRUE","FALSE","(x, ...)                                                                                                                                                                                                                                                                                                                                                                                                  ","base   ","NA","0.64.0","released",FALSE
"print.summary.glm         ","closure    ","           ","TRUE","FALSE","(x, digits = max(3, .Options$digits - 3), na.print = \""\"",     symbolic.cor = p > 4, signif.stars = .Options$show.signif.stars,     ...)                                                                                                                                                                                                                                                                  ","base   ","NA","0.64.0","released",FALSE
"print.summary.glm.null    ","closure    ","           ","TRUE","FALSE","(x, digits = max(3, .Options$digits - 3), na.print = \""\"",     ...)                                                                                                                                                                                                                                                                                                                                       ","base   ","NA","0.64.0","released",FALSE
"print.summary.lm          ","closure    ","           ","TRUE","FALSE","(x, digits = max(3, .Options$digits - 3), symbolic.cor = p >     4, signif.stars = .Options$show.signif.stars, ...)                                                                                                                                                                                                                                                                                       ","base   ","NA","0.64.0","released",FALSE
"print.summary.lm.null     ","closure    ","           ","TRUE","FALSE","(x, digits = max(3, .Options$digits - 3), ...)                                                                                                                                                                                                                                                                                                                                                            ","base   ","NA","0.64.0","released",FALSE
"print.table               ","closure    ","           ","TRUE","FALSE","(x, digits = .Options$digits, quote = FALSE, na.print = \""\"",     ...)                                                                                                                                                                                                                                                                                                                                    ","base   ","NA","0.64.0","released",FALSE
"print.tables.aov          ","closure    ","           ","TRUE","FALSE","(x, digits = 4, ...)                                                                                                                                                                                                                                                                                                                                                                                      ","base   ","NA","0.64.0","released",FALSE
"print.tabular             ","closure    ","           ","TRUE","FALSE","(table, digits = max(3, .Options$digits - 3), na.print = \""\"")                                                                                                                                                                                                                                                                                                                                            ","base   ","NA","0.64.0","released",FALSE
"print.terms               ","closure    ","           ","TRUE","FALSE","(x)                                                                                                                                                                                                                                                                                                                                                                                                       ","base   ","NA","0.64.0","released",FALSE
"print.ts                  ","closure    ","           ","TRUE","FALSE","(x, calendar, ...)                                                                                                                                                                                                                                                                                                                                                                                        ","base   ","NA","0.64.0","released",FALSE
"prmatrix                  ","closure    ","           ","TRUE","FALSE","(x, rowlab = dn[[1]], collab = dn[[2]], quote = TRUE,     right = FALSE, na.print = NULL, print.gap = NULL)                                                                                                                                                                                                                                                                                               ","base   ","NA","0.64.0","released",FALSE
"proc.time                 ","builtin    ","           ","TRUE","NA","                                                                                                                                                                                                                                                                                                                                                                                                          ","base   ","NA","0.64.0","released",FALSE
"prod                      ","closure    ","           ","TRUE","FALSE","(..., na.rm = FALSE)                                                                                                                                                                                                                                                                                                                                                                                      ","base   ","NA","0.64.0","released",FALSE
"proj                      ","closure    ","           ","TRUE","FALSE","(object, ...)                                                                                                                                                                                                                                                                                                                                                                                             ","base   ","NA","0.64.0","released",FALSE
"proj.aov                  ","closure    ","           ","TRUE","FALSE","(object, onedf = FALSE, unweighted.scale = FALSE)                                                                                                                                                                                                                                                                                                                                                         ","base   ","NA","0.64.0","released",FALSE
"proj.aovlist              ","closure    ","           ","TRUE","FALSE","(object, onedf = FALSE, unweighted.scale = FALSE)                                                                                                                                                                                                                                                                                                                                                         ","base   ","NA","0.64.0","released",FALSE
"proj.default              ","closure    ","           ","TRUE","FALSE","(object, onedf = TRUE, ...)                                                                                                                                                                                                                                                                                                                                                                               ","base   ","NA","0.64.0","released",FALSE
"proj.lm                   ","closure    ","           ","TRUE","FALSE","(object, onedf = FALSE, unweighted.scale = FALSE)                                                                                                                                                                                                                                                                                                                                                         ","base   ","NA","0.64.0","released",FALSE
"prompt                    ","closure    ","           ","TRUE","FALSE","(object, ...)                                                                                                                                                                                                                                                                                                                                                                                             ","base   ","NA","0.64.0","released",FALSE
"prompt.default            ","closure    ","           ","TRUE","FALSE","(object, filename = paste0(name, \"".Rd\""), force.function = FALSE)                                                                                                                                                                                                                                                                                                                                        ","base   ","NA","0.64.0","released",FALSE
"prop.test                 ","closure    ","           ","TRUE","FALSE","(x, n, p = NULL, alternative = \""two.sided\"", conf.level = 0.95,     correct = TRUE)                                                                                                                                                                                                                                                                                                                      ","base   ","NA","0.64.0","released",FALSE
"provide                   ","closure    ","           ","TRUE","FALSE","(name)                                                                                                                                                                                                                                                                                                                                                                                                    ","base   ","NA","0.64.0","released",FALSE
"ps.options                ","closure    ","           ","TRUE","FALSE","(..., reset = FALSE, override.check = FALSE)                                                                                                                                                                                                                                                                                                                                                              ","base   ","NA","0.64.0","released",FALSE
"psignrank                 ","closure    ","           ","TRUE","FALSE","(q, n)                                                                                                                                                                                                                                                                                                                                                                                                    ","base   ","NA","0.64.0","released",FALSE
"pt                        ","closure    ","           ","TRUE","FALSE","(q, df, ncp)                                                                                                                                                                                                                                                                                                                                                                                              ","base   ","NA","0.64.0","released",FALSE
"ptukey                    ","closure    ","           ","TRUE","FALSE","(q, nmeans, df, nranges = 1)                                                                                                                                                                                                                                                                                                                                                                              ","base   ","NA","0.64.0","released",FALSE
"punif                     ","closure    ","           ","TRUE","FALSE","(q, min = 0, max = 1)                                                                                                                                                                                                                                                                                                                                                                                     ","base   ","NA","0.64.0","released",FALSE
"pweibull                  ","closure    ","           ","TRUE","FALSE","(q, shape, scale = 1)                                                                                                                                                                                                                                                                                                                                                                                     ","base   ","NA","0.64.0","released",FALSE
"pwilcox                   ","closure    ","           ","TRUE","FALSE","(q, m, n)                                                                                                                                                                                                                                                                                                                                                                                                 ","base   ","NA","0.64.0","released",FALSE
"q                         ","closure    ","           ","TRUE","FALSE","(save = \""ask\"")                                                                                                                                                                                                                                                                                                                                                                                          ","base   ","NA","0.64.0","released",FALSE
"qbeta                     ","closure    ","           ","TRUE","FALSE","(p, shape1, shape2)                                                                                                                                                                                                                                                                                                                                                                                       ","base   ","NA","0.64.0","released",FALSE
"qbinom                    ","closure    ","           ","TRUE","FALSE","(p, size, prob)                                                                                                                                                                                                                                                                                                                                                                                           ","base   ","NA","0.64.0","released",FALSE
"qcauchy                   ","closure    ","           ","TRUE","FALSE","(p, location = 0, scale = 1)                                                                                                                                                                                                                                                                                                                                                                              ","base   ","NA","0.64.0","released",FALSE
"qchisq                    ","closure    ","           ","TRUE","FALSE","(p, df, ncp = 0)                                                                                                                                                                                                                                                                                                                                                                                          ","base   ","NA","0.64.0","released",FALSE
"qexp                      ","closure    ","           ","TRUE","FALSE","(p, rate = 1)                                                                                                                                                                                                                                                                                                                                                                                             ","base   ","NA","0.64.0","released",FALSE
"qf                        ","closure    ","           ","TRUE","FALSE","(p, df1, df2)                                                                                                                                                                                                                                                                                                                                                                                             ","base   ","NA","0.64.0","released",FALSE
"qgamma                    ","closure    ","           ","TRUE","FALSE","(p, shape, scale = 1)                                                                                                                                                                                                                                                                                                                                                                                     ","base   ","NA","0.64.0","released",FALSE
"qgeom                     ","closure    ","           ","TRUE","FALSE","(p, prob)                                                                                                                                                                                                                                                                                                                                                                                                 ","base   ","NA","0.64.0","released",FALSE
"qhyper                    ","closure    ","           ","TRUE","FALSE","(p, m, n, k)                                                                                                                                                                                                                                                                                                                                                                                              ","base   ","NA","0.64.0","released",FALSE
"qlnorm                    ","closure    ","           ","TRUE","FALSE","(p, meanlog = 0, sdlog = 1)                                                                                                                                                                                                                                                                                                                                                                               ","base   ","NA","0.64.0","released",FALSE
"qlogis                    ","closure    ","           ","TRUE","FALSE","(p, location = 0, scale = 1)                                                                                                                                                                                                                                                                                                                                                                              ","base   ","NA","0.64.0","released",FALSE
"qnbinom                   ","closure    ","           ","TRUE","FALSE","(p, size, prob)                                                                                                                                                                                                                                                                                                                                                                                           ","base   ","NA","0.64.0","released",FALSE
"qnchisq                   ","closure    ","           ","TRUE","FALSE","(p, df, lambda)                                                                                                                                                                                                                                                                                                                                                                                           ","base   ","NA","0.64.0","released",FALSE
"qnorm                     ","closure    ","           ","TRUE","FALSE","(p, mean = 0, sd = 1)                                                                                                                                                                                                                                                                                                                                                                                     ","base   ","NA","0.64.0","released",FALSE
"qpois                     ","closure    ","           ","TRUE","FALSE","(p, lambda)                                                                                                                                                                                                                                                                                                                                                                                               ","base   ","NA","0.64.0","released",FALSE
"qqline                    ","closure    ","           ","TRUE","FALSE","(y, ...)                                                                                                                                                                                                                                                                                                                                                                                                  ","base   ","NA","0.64.0","released",FALSE
"qqnorm                    ","closure    ","           ","TRUE","FALSE","(y, ylim, main = \""Normal Q-Q Plot\"", xlab = \""Theoretical Quantiles\"",     ylab = \""Sample Quantiles\"", plot.it = TRUE, ...)                                                                                                                                                                                                                                                                             ","base   ","NA","0.64.0","released",FALSE
"qqplot                    ","closure    ","           ","TRUE","FALSE","(x, y, plot.it = TRUE, xlab = deparse(substitute(x)),     ylab = deparse(substitute(y)), ...)                                                                                                                                                                                                                                                                                                             ","base   ","NA","0.64.0","released",FALSE
"qr                        ","closure    ","           ","TRUE","FALSE","(x, tol = 1e-07)                                                                                                                                                                                                                                                                                                                                                                                          ","base   ","NA","0.64.0","released",FALSE
"qr.Q                      ","closure    ","           ","TRUE","FALSE","(qr, complete = FALSE, Dvec = rep(if (cmplx) 1 + 0+0i else 1,     if (complete) dqr[1] else min(dqr)))                                                                                                                                                                                                                                                                                                    ","base   ","NA","0.64.0","released",FALSE
"qr.R                      ","closure    ","           ","TRUE","FALSE","(qr, complete = FALSE)                                                                                                                                                                                                                                                                                                                                                                                    ","base   ","NA","0.64.0","released",FALSE
"qr.X                      ","closure    ","           ","TRUE","FALSE","(qr, complete = FALSE, ncol = if (complete) nrow(R) else min(dim(R)))                                                                                                                                                                                                                                                                                                                                     ","base   ","NA","0.64.0","released",FALSE
"qr.coef                   ","closure    ","           ","TRUE","FALSE","(qr, y)                                                                                                                                                                                                                                                                                                                                                                                                   ","base   ","NA","0.64.0","released",FALSE
"qr.fitted                 ","closure    ","           ","TRUE","FALSE","(qr, y, k = qr$rank)                                                                                                                                                                                                                                                                                                                                                                                      ","base   ","NA","0.64.0","released",FALSE
"qr.qty                    ","closure    ","           ","TRUE","FALSE","(qr, y)                                                                                                                                                                                                                                                                                                                                                                                                   ","base   ","NA","0.64.0","released",FALSE
"qr.qy                     ","closure    ","           ","TRUE","FALSE","(qr, y)                                                                                                                                                                                                                                                                                                                                                                                                   ","base   ","NA","0.64.0","released",FALSE
"qr.resid                  ","closure    ","           ","TRUE","FALSE","(qr, y)                                                                                                                                                                                                                                                                                                                                                                                                   ","base   ","NA","0.64.0","released",FALSE
"qr.solve                  ","closure    ","           ","TRUE","FALSE","(a, b, tol = 1e-07)                                                                                                                                                                                                                                                                                                                                                                                       ","base   ","NA","0.64.0","released",FALSE
"qsignrank                 ","closure    ","           ","TRUE","FALSE","(p, n)                                                                                                                                                                                                                                                                                                                                                                                                    ","base   ","NA","0.64.0","released",FALSE
"qt                        ","closure    ","           ","TRUE","FALSE","(p, df)                                                                                                                                                                                                                                                                                                                                                                                                   ","base   ","NA","0.64.0","released",FALSE
"qtukey                    ","closure    ","           ","TRUE","FALSE","(p, nmeans, df, nranges = 1)                                                                                                                                                                                                                                                                                                                                                                              ","base   ","NA","0.64.0","released",FALSE
"quantile                  ","closure    ","           ","TRUE","FALSE","(x, ...)                                                                                                                                                                                                                                                                                                                                                                                                  ","base   ","NA","0.64.0","released",FALSE
"quantile.default          ","closure    ","           ","TRUE","FALSE","(x, probs = seq(0, 1, 0.25), na.rm = FALSE, names = TRUE)                                                                                                                                                                                                                                                                                                                                                 ","base   ","NA","0.64.0","released",FALSE
"quasi                     ","closure    ","           ","TRUE","FALSE","(link = \""identity\"", variance = \""constant\"")                                                                                                                                                                                                                                                                                                                                                            ","base   ","NA","0.64.0","released",FALSE
"quit                      ","closure    ","           ","TRUE","FALSE","(save = \""ask\"")                                                                                                                                                                                                                                                                                                                                                                                          ","base   ","NA","0.64.0","released",FALSE
"qunif                     ","closure    ","           ","TRUE","FALSE","(p, min = 0, max = 1)                                                                                                                                                                                                                                                                                                                                                                                     ","base   ","NA","0.64.0","released",FALSE
"quote                     ","closure    ","           ","TRUE","FALSE","(x)                                                                                                                                                                                                                                                                                                                                                                                                       ","base   ","NA","0.64.0","released",FALSE
"qweibull                  ","closure    ","           ","TRUE","FALSE","(p, shape, scale = 1)                                                                                                                                                                                                                                                                                                                                                                                     ","base   ","NA","0.64.0","released",FALSE
"qwilcox                   ","closure    ","           ","TRUE","FALSE","(p, m, n)                                                                                                                                                                                                                                                                                                                                                                                                 ","base   ","NA","0.64.0","released",FALSE
"rainbow                   ","closure    ","           ","TRUE","FALSE","(n, s = 1, v = 1, start = 0, end = max(1, n - 1)/n,     gamma = 1)                                                                                                                                                                                                                                                                                                                                        ","base   ","NA","0.64.0","released",FALSE
"range                     ","closure    ","           ","TRUE","FALSE","(..., na.rm = FALSE)                                                                                                                                                                                                                                                                                                                                                                                      ","base   ","NA","0.64.0","released",FALSE
"range.default             ","closure    ","           ","TRUE","FALSE","(..., na.rm = FALSE, finite = FALSE)                                                                                                                                                                                                                                                                                                                                                                      ","base   ","NA","0.64.0","released",FALSE
"rank                      ","closure    ","           ","TRUE","FALSE","(x, na.last = TRUE)                                                                                                                                                                                                                                                                                                                                                                                       ","base   ","NA","0.64.0","released",FALSE
"rbeta                     ","closure    ","           ","TRUE","FALSE","(n, shape1, shape2)                                                                                                                                                                                                                                                                                                                                                                                       ","base   ","NA","0.64.0","released",FALSE
"rbind                     ","closure    ","           ","TRUE","FALSE","(..., deparse.level = 1)                                                                                                                                                                                                                                                                                                                                                                                  ","base   ","NA","0.64.0","released",FALSE
"rbind.data.frame          ","closure    ","           ","TRUE","FALSE","(..., deparse.level = 1)                                                                                                                                                                                                                                                                                                                                                                                  ","base   ","NA","0.64.0","released",FALSE
"rbinom                    ","closure    ","           ","TRUE","FALSE","(n, size, prob)                                                                                                                                                                                                                                                                                                                                                                                           ","base   ","NA","0.64.0","released",FALSE
"rcauchy                   ","closure    ","           ","TRUE","FALSE","(n, location = 0, scale = 1)                                                                                                                                                                                                                                                                                                                                                                              ","base   ","NA","0.64.0","released",FALSE
"rchisq                    ","closure    ","           ","TRUE","FALSE","(n, df, ncp = 0)                                                                                                                                                                                                                                                                                                                                                                                          ","base   ","NA","0.64.0","released",FALSE
"read.fwf                  ","closure    ","           ","TRUE","FALSE","(file, widths, sep = \""\"", as.is = FALSE, skip = 0, row.names,     col.names)                                                                                                                                                                                                                                                                                                                             ","base   ","NA","0.64.0","released",FALSE
"read.socket               ","closure    ","           ","TRUE","FALSE","(socket, maxlen = 256, loop = FALSE)                                                                                                                                                                                                                                                                                                                                                                      ","base   ","NA","0.64.0","released",FALSE
"read.table                ","closure    ","           ","TRUE","FALSE","(file, header = FALSE, sep = \""\"", row.names, col.names,     as.is = FALSE, na.strings = \""NA\"", skip = 0)                                                                                                                                                                                                                                                                                                ","base   ","NA","0.64.0","released",FALSE
"readline                  ","closure    ","           ","TRUE","FALSE","(prompt = \""\"")                                                                                                                                                                                                                                                                                                                                                                                           ","base   ","NA","0.64.0","released",FALSE
"real                      ","closure    ","           ","TRUE","FALSE","(length = 0)                                                                                                                                                                                                                                                                                                                                                                                              ","base   ","NA","0.64.0","released",FALSE
"rect                      ","closure    ","           ","TRUE","FALSE","(xleft, ybottom, xright, ytop, col = NULL, border = par(\""fg\""),     lty = NULL, xpd = FALSE)                                                                                                                                                                                                                                                                                                             ","base   ","NA","0.64.0","released",FALSE
"reformulate               ","closure    ","           ","TRUE","FALSE","(termlabels, response = NULL)                                                                                                                                                                                                                                                                                                                                                                             ","base   ","NA","0.64.0","released",FALSE
"remove                    ","closure    ","           ","TRUE","FALSE","(..., list = character(0), pos = -1, envir = pos.to.env(pos),     inherits = FALSE)                                                                                                                                                                                                                                                                                                                       ","base   ","NA","0.64.0","released",FALSE
"rep                       ","closure    ","           ","TRUE","FALSE","(x, times, length.out)                                                                                                                                                                                                                                                                                                                                                                                    ","base   ","NA","0.64.0","released",FALSE
"repeat                    ","special    ","           ","TRUE","NA","                                                                                                                                                                                                                                                                                                                                                                                                          ","base   ","NA","0.64.0","released",FALSE
"replace                   ","closure    ","           ","TRUE","FALSE","(x, list, values)                                                                                                                                                                                                                                                                                                                                                                                         ","base   ","NA","0.64.0","released",FALSE
"replications              ","closure    ","           ","TRUE","FALSE","(formula, data = NULL, na.action = na.fail)                                                                                                                                                                                                                                                                                                                                                               ","base   ","NA","0.64.0","released",FALSE
"require                   ","closure    ","           ","TRUE","FALSE","(name, quietly = FALSE)                                                                                                                                                                                                                                                                                                                                                                                   ","base   ","NA","0.64.0","released",FALSE
"resid                     ","closure    ","           ","TRUE","FALSE","(x, ...)                                                                                                                                                                                                                                                                                                                                                                                                  ","base   ","NA","0.64.0","released",FALSE
"residuals                 ","closure    ","           ","TRUE","FALSE","(x, ...)                                                                                                                                                                                                                                                                                                                                                                                                  ","base   ","NA","0.64.0","released",FALSE
"residuals.default         ","closure    ","           ","TRUE","FALSE","(x)                                                                                                                                                                                                                                                                                                                                                                                                       ","base   ","NA","0.64.0","released",FALSE
"residuals.glm             ","closure    ","           ","TRUE","FALSE","(x, type = \""deviance\"")                                                                                                                                                                                                                                                                                                                                                                                  ","base   ","NA","0.64.0","released",FALSE
"residuals.lm              ","closure    ","           ","TRUE","FALSE","(x)                                                                                                                                                                                                                                                                                                                                                                                                       ","base   ","NA","0.64.0","released",FALSE
"return                    ","special    ","           ","TRUE","NA","                                                                                                                                                                                                                                                                                                                                                                                                          ","base   ","NA","0.64.0","released",FALSE
"rev                       ","closure    ","           ","TRUE","FALSE","(x)                                                                                                                                                                                                                                                                                                                                                                                                       ","base   ","NA","0.64.0","released",FALSE
"rexp                      ","closure    ","           ","TRUE","FALSE","(n, rate = 1)                                                                                                                                                                                                                                                                                                                                                                                             ","base   ","NA","0.64.0","released",FALSE
"rf                        ","closure    ","           ","TRUE","FALSE","(n, df1, df2)                                                                                                                                                                                                                                                                                                                                                                                             ","base   ","NA","0.64.0","released",FALSE
"rgamma                    ","closure    ","           ","TRUE","FALSE","(n, shape, scale = 1)                                                                                                                                                                                                                                                                                                                                                                                     ","base   ","NA","0.64.0","released",FALSE
"rgb                       ","closure    ","           ","TRUE","FALSE","(red, green, blue, names = NULL)                                                                                                                                                                                                                                                                                                                                                                          ","base   ","NA","0.64.0","released",FALSE
"rgeom                     ","closure    ","           ","TRUE","FALSE","(n, prob)                                                                                                                                                                                                                                                                                                                                                                                                 ","base   ","NA","0.64.0","released",FALSE
"rhyper                    ","closure    ","           ","TRUE","FALSE","(nn, m, n, k)                                                                                                                                                                                                                                                                                                                                                                                             ","base   ","NA","0.64.0","released",FALSE
"rle                       ","closure    ","           ","TRUE","FALSE","(x)                                                                                                                                                                                                                                                                                                                                                                                                       ","base   ","NA","0.64.0","released",FALSE
"rlnorm                    ","closure    ","           ","TRUE","FALSE","(n, meanlog = 0, sdlog = 1)                                                                                                                                                                                                                                                                                                                                                                               ","base   ","NA","0.64.0","released",FALSE
"rlogis                    ","closure    ","           ","TRUE","FALSE","(n, location = 0, scale = 1)                                                                                                                                                                                                                                                                                                                                                                              ","base   ","NA","0.64.0","released",FALSE
"rm                        ","closure    ","           ","TRUE","FALSE","(..., list = character(0), pos = -1, envir = pos.to.env(pos),     inherits = FALSE)                                                                                                                                                                                                                                                                                                                       ","base   ","NA","0.64.0","released",FALSE
"rnbinom                   ","closure    ","           ","TRUE","FALSE","(n, size, prob)                                                                                                                                                                                                                                                                                                                                                                                           ","base   ","NA","0.64.0","released",FALSE
"rnchisq                   ","closure    ","           ","TRUE","FALSE","(...)                                                                                                                                                                                                                                                                                                                                                                                                     ","base   ","NA","0.64.0","released",FALSE
"rnorm                     ","closure    ","           ","TRUE","FALSE","(n, mean = 0, sd = 1)                                                                                                                                                                                                                                                                                                                                                                                     ","base   ","NA","0.64.0","released",FALSE
"round                     ","closure    ","           ","TRUE","FALSE","(x, digits = 0)                                                                                                                                                                                                                                                                                                                                                                                           ","base   ","NA","0.64.0","released",FALSE
"row                       ","closure    ","           ","TRUE","FALSE","(x, as.factor = FALSE)                                                                                                                                                                                                                                                                                                                                                                                    ","base   ","NA","0.64.0","released",FALSE
"row.names                 ","closure    ","           ","TRUE","FALSE","(x)                                                                                                                                                                                                                                                                                                                                                                                                       ","base   ","NA","0.64.0","released",FALSE
"row.names<-               ","closure    ","           ","TRUE","FALSE","(x, value)                                                                                                                                                                                                                                                                                                                                                                                                ","base   ","NA","0.64.0","released",FALSE
"rownames                  ","closure    ","           ","TRUE","FALSE","(x, do.NULL = TRUE, prefix = \""row\"")                                                                                                                                                                                                                                                                                                                                                                     ","base   ","NA","0.64.0","released",FALSE
"rownames<-                ","closure    ","           ","TRUE","FALSE","(x, value)                                                                                                                                                                                                                                                                                                                                                                                                ","base   ","NA","0.64.0","released",FALSE
"rowsum                    ","closure    ","           ","TRUE","FALSE","(x, group, reorder = TRUE)                                                                                                                                                                                                                                                                                                                                                                                ","base   ","NA","0.64.0","released",FALSE
"rpois                     ","closure    ","           ","TRUE","FALSE","(n, lambda)                                                                                                                                                                                                                                                                                                                                                                                               ","base   ","NA","0.64.0","released",FALSE
"rsignrank                 ","closure    ","           ","TRUE","FALSE","(nn, n)                                                                                                                                                                                                                                                                                                                                                                                                   ","base   ","NA","0.64.0","released",FALSE
"rstudent                  ","closure    ","           ","TRUE","FALSE","(lm.obj)                                                                                                                                                                                                                                                                                                                                                                                                  ","base   ","NA","0.64.0","released",FALSE
"rt                        ","closure    ","           ","TRUE","FALSE","(n, df)                                                                                                                                                                                                                                                                                                                                                                                                   ","base   ","NA","0.64.0","released",FALSE
"rug                       ","closure    ","           ","TRUE","FALSE","(x, ticksize = 0.03, side = 1, lwd = 0.5)                                                                                                                                                                                                                                                                                                                                                                 ","base   ","NA","0.64.0","released",FALSE
"runif                     ","closure    ","           ","TRUE","FALSE","(n, min = 0, max = 1)                                                                                                                                                                                                                                                                                                                                                                                     ","base   ","NA","0.64.0","released",FALSE
"rweibull                  ","closure    ","           ","TRUE","FALSE","(n, shape, scale = 1)                                                                                                                                                                                                                                                                                                                                                                                     ","base   ","NA","0.64.0","released",FALSE
"rwilcox                   ","closure    ","           ","TRUE","FALSE","(nn, m, n)                                                                                                                                                                                                                                                                                                                                                                                                ","base   ","NA","0.64.0","released",FALSE
"sample                    ","closure    ","           ","TRUE","FALSE","(x, size, replace = FALSE, prob = NULL)                                                                                                                                                                                                                                                                                                                                                                   ","base   ","NA","0.64.0","released",FALSE
"sapply                    ","closure    ","           ","TRUE","FALSE","(X, FUN, ..., simplify = TRUE)                                                                                                                                                                                                                                                                                                                                                                            ","base   ","NA","0.64.0","released",FALSE
"save                      ","closure    ","           ","TRUE","FALSE","(..., list = character(0), file = \""\"", ascii = FALSE)                                                                                                                                                                                                                                                                                                                                                    ","base   ","NA","0.64.0","released",FALSE
"save.image                ","closure    ","           ","TRUE","FALSE","(f = \"".RData\"")                                                                                                                                                                                                                                                                                                                                                                                          ","base   ","NA","0.64.0","released",FALSE
"save.plot                 ","closure    ","           ","TRUE","FALSE","(file = \""Rplots.ps\"")                                                                                                                                                                                                                                                                                                                                                                                    ","base   ","NA","0.64.0","released",FALSE
"scale                     ","closure    ","           ","TRUE","FALSE","(x, center = TRUE, scale = TRUE)                                                                                                                                                                                                                                                                                                                                                                          ","base   ","NA","0.64.0","released",FALSE
"scan                      ","closure    ","           ","TRUE","FALSE","(file = \""\"", what = double(0), nmax = -1, n = -1, sep = \""\"",     skip = 0, nlines = 0, na.strings = \""NA\"", flush = FALSE, strip.white = FALSE,     quiet = FALSE)                                                                                                                                                                                                                                      ","base   ","NA","0.64.0","released",FALSE
"screen                    ","closure    ","           ","TRUE","FALSE","(n = .split.cur.screen, new = TRUE)                                                                                                                                                                                                                                                                                                                                                                       ","base   ","NA","0.64.0","released",FALSE
"sd                        ","closure    ","           ","TRUE","FALSE","(x, na.rm = FALSE)                                                                                                                                                                                                                                                                                                                                                                                        ","base   ","NA","0.64.0","released",FALSE
"se.aov                    ","closure    ","           ","TRUE","FALSE","(object, n, type = \""means\"")                                                                                                                                                                                                                                                                                                                                                                             ","base   ","NA","0.64.0","released",FALSE
"se.aovlist                ","closure    ","           ","TRUE","FALSE","(object, dn.proj, dn.strata, factors, mf, efficiency,     n, type = \""diff.means\"", ...)                                                                                                                                                                                                                                                                                                                  ","base   ","NA","0.64.0","released",FALSE
"se.contrast               ","closure    ","           ","TRUE","FALSE","(x, ...)                                                                                                                                                                                                                                                                                                                                                                                                  ","base   ","NA","0.64.0","released",FALSE
"se.contrast.aov           ","closure    ","           ","TRUE","FALSE","(object, contrast.obj, coef = contr.helmert(ncol(contrast))[,     1], data = NULL)                                                                                                                                                                                                                                                                                                                        ","base   ","NA","0.64.0","released",FALSE
"se.contrast.aovlist       ","closure    ","           ","TRUE","FALSE","(object, contrast.obj, coef = contr.helmert(ncol(contrast))[,     1], data = NULL)                                                                                                                                                                                                                                                                                                                        ","base   ","NA","0.64.0","released",FALSE
"search                    ","closure    ","           ","TRUE","FALSE","()                                                                                                                                                                                                                                                                                                                                                                                                        ","base   ","NA","0.64.0","released",FALSE
"segments                  ","closure    ","           ","TRUE","FALSE","(x0, y0, x1, y1, col = par(\""fg\""), lty = par(\""lty\""),     lwd = par(\""lwd\""), ...)                                                                                                                                                                                                                                                                                                                      ","base   ","NA","0.64.0","released",FALSE
"seq                       ","closure    ","           ","TRUE","FALSE","(x, ...)                                                                                                                                                                                                                                                                                                                                                                                                  ","base   ","NA","0.64.0","released",FALSE
"seq.default               ","closure    ","           ","TRUE","FALSE","(from = 1, to = 1, by = ((to - from)/(length.out - 1)),     length.out = NULL, along.with = NULL)                                                                                                                                                                                                                                                                                                         ","base   ","NA","0.64.0","released",FALSE
"sequence                  ","closure    ","           ","TRUE","FALSE","(nvec)                                                                                                                                                                                                                                                                                                                                                                                                    ","base   ","NA","0.64.0","released",FALSE
"show.data                 ","closure    ","           ","TRUE","FALSE","(package = c(.packages(), .Autoloaded), lib.loc = .lib.loc)                                                                                                                                                                                                                                                                                                                                               ","base   ","NA","0.64.0","released",FALSE
"sign                      ","builtin    ","           ","TRUE","NA","                                                                                                                                                                                                                                                                                                                                                                                                          ","base   ","NA","0.64.0","released",FALSE
"signif                    ","closure    ","           ","TRUE","FALSE","(x, digits = 6)                                                                                                                                                                                                                                                                                                                                                                                           ","base   ","NA","0.64.0","released",FALSE
"sin                       ","builtin    ","           ","TRUE","NA","                                                                                                                                                                                                                                                                                                                                                                                                          ","base   ","NA","0.64.0","released",FALSE
"sinh                      ","builtin    ","           ","TRUE","NA","                                                                                                                                                                                                                                                                                                                                                                                                          ","base   ","NA","0.64.0","released",FALSE
"sink                      ","closure    ","           ","TRUE","FALSE","(file = NULL, append = FALSE)                                                                                                                                                                                                                                                                                                                                                                             ","base   ","NA","0.64.0","released",FALSE
"solve                     ","closure    ","           ","TRUE","FALSE","(a, b, ...)                                                                                                                                                                                                                                                                                                                                                                                               ","base   ","NA","0.64.0","released",FALSE
"solve.default             ","closure    ","           ","TRUE","FALSE","(a, b, tol = 1e-07)                                                                                                                                                                                                                                                                                                                                                                                       ","base   ","NA","0.64.0","released",FALSE
"solve.qr                  ","closure    ","           ","TRUE","FALSE","(a, b, tol = 1e-07)                                                                                                                                                                                                                                                                                                                                                                                       ","base   ","NA","0.64.0","released",FALSE
"sort                      ","closure    ","           ","TRUE","FALSE","(x, partial = NULL, na.last = NA)                                                                                                                                                                                                                                                                                                                                                                         ","base   ","NA","0.64.0","released",FALSE
"source                    ","closure    ","           ","TRUE","FALSE","(file, local = FALSE, echo = verbose, print.eval = echo,     verbose = .Options$verbose, prompt.echo = .Options$prompt,     max.deparse.length = 150)                                                                                                                                                                                                                                                     ","base   ","NA","0.64.0","released",FALSE
"spline                    ","closure    ","           ","TRUE","FALSE","(x, y = NULL, n = 3 * length(x), method = \""fmm\"", xmin = min(x),     xmax = max(x))                                                                                                                                                                                                                                                                                                                      ","base   ","NA","0.64.0","released",FALSE
"splinefun                 ","closure    ","           ","TRUE","FALSE","(x, y = NULL, method = \""fmm\"")                                                                                                                                                                                                                                                                                                                                                                           ","base   ","NA","0.64.0","released",FALSE
"split                     ","closure    ","           ","TRUE","FALSE","(x, f)                                                                                                                                                                                                                                                                                                                                                                                                    ","base   ","NA","0.64.0","released",FALSE
"split.data.frame          ","closure    ","           ","TRUE","FALSE","(x, f)                                                                                                                                                                                                                                                                                                                                                                                                    ","base   ","NA","0.64.0","released",FALSE
"split.default             ","closure    ","           ","TRUE","FALSE","(x, f)                                                                                                                                                                                                                                                                                                                                                                                                    ","base   ","NA","0.64.0","released",FALSE
"split.screen              ","closure    ","           ","TRUE","FALSE","(figs, screen = if (exists(\"".split.screens\"", envir = .GlobalEnv)) .split.cur.screen else 0,     erase = TRUE)                                                                                                                                                                                                                                                                                           ","base   ","NA","0.64.0","released",FALSE
"sqrt                      ","builtin    ","           ","TRUE","NA","                                                                                                                                                                                                                                                                                                                                                                                                          ","base   ","NA","0.64.0","released",FALSE
"start                     ","closure    ","           ","TRUE","FALSE","(x, ...)                                                                                                                                                                                                                                                                                                                                                                                                  ","base   ","NA","0.64.0","released",FALSE
"start.default             ","closure    ","           ","TRUE","FALSE","(x)                                                                                                                                                                                                                                                                                                                                                                                                       ","base   ","NA","0.64.0","released",FALSE
"start.ts                  ","closure    ","           ","TRUE","FALSE","(x)                                                                                                                                                                                                                                                                                                                                                                                                       ","base   ","NA","0.64.0","released",FALSE
"stat.anova                ","closure    ","           ","TRUE","FALSE","(table, test = c(\""Chisq\"", \""F\"", \""Cp\""), scale, df.scale,     n)                                                                                                                                                                                                                                                                                                                                       ","base   ","NA","0.64.0","released",FALSE
"stem                      ","closure    ","           ","TRUE","FALSE","(x, scale = 1, width = 80, atom = 1e-08)                                                                                                                                                                                                                                                                                                                                                                  ","base   ","NA","0.64.0","released",FALSE
"step                      ","closure    ","           ","TRUE","FALSE","(object, scope, scale = 0, direction = c(\""both\"", \""backward\"",     \""forward\""), trace = 1, keep = NULL, steps = 1000, k = 2,     ...)                                                                                                                                                                                                                                                                  ","base   ","NA","0.64.0","released",FALSE
"stop                      ","closure    ","           ","TRUE","FALSE","(message = NULL)                                                                                                                                                                                                                                                                                                                                                                                          ","base   ","NA","0.64.0","released",FALSE
"storage.mode              ","closure    ","           ","TRUE","FALSE","(x)                                                                                                                                                                                                                                                                                                                                                                                                       ","base   ","NA","0.64.0","released",FALSE
"storage.mode<-            ","closure    ","           ","TRUE","FALSE","(x, value)                                                                                                                                                                                                                                                                                                                                                                                                ","base   ","NA","0.64.0","released",FALSE
"str                       ","closure    ","           ","TRUE","FALSE","(object, ...)                                                                                                                                                                                                                                                                                                                                                                                             ","base   ","NA","0.64.0","released",FALSE
"str.data.frame            ","closure    ","           ","TRUE","FALSE","(object, ...)                                                                                                                                                                                                                                                                                                                                                                                             ","base   ","NA","0.64.0","released",FALSE
"str.default               ","closure    ","           ","TRUE","FALSE","(object, max.level = 0, vec.len = 4, digits.d = 3, give.attr = TRUE,     give.length = TRUE, wid = .Options$width, nest.lev = 0, indent.str = paste(rep(\"" \"",         max(0, nest.lev + 1)), collapse = \""..\""))                                                                                                                                                                                         ","base   ","NA","0.64.0","released",FALSE
"strheight                 ","closure    ","           ","TRUE","FALSE","(s, units = \""user\"", cex = NULL)                                                                                                                                                                                                                                                                                                                                                                         ","base   ","NA","0.64.0","released",FALSE
"stripplot                 ","closure    ","           ","TRUE","FALSE","(x, method = \""overplot\"", jitter = 0.1, offset = 1/3,     vertical = FALSE, group.names, xlim = NULL, ylim = NULL,     main = \""\"", ylab = \""\"", xlab = \""\"", pch = 0, col = par(\""fg\""),     cex = par(\""cex\""))                                                                                                                                                                                        ","base   ","NA","0.64.0","released",FALSE
"strsplit                  ","closure    ","           ","TRUE","FALSE","(x, split)                                                                                                                                                                                                                                                                                                                                                                                                ","base   ","NA","0.64.0","released",FALSE
"structure                 ","closure    ","           ","TRUE","FALSE","(.Data, ...)                                                                                                                                                                                                                                                                                                                                                                                              ","base   ","NA","0.64.0","released",FALSE
"strwidth                  ","closure    ","           ","TRUE","FALSE","(s, units = \""user\"", cex = NULL)                                                                                                                                                                                                                                                                                                                                                                         ","base   ","NA","0.64.0","released",FALSE
"sub                       ","closure    ","           ","TRUE","FALSE","(pattern, replacement, x, ignore.case = FALSE, extended = TRUE)                                                                                                                                                                                                                                                                                                                                           ","base   ","NA","0.64.0","released",FALSE
"subset                    ","closure    ","           ","TRUE","FALSE","(x, ...)                                                                                                                                                                                                                                                                                                                                                                                                  ","base   ","NA","0.64.0","released",FALSE
"subset.data.frame         ","closure    ","           ","TRUE","FALSE","(dfr, subset, select)                                                                                                                                                                                                                                                                                                                                                                                     ","base   ","NA","0.64.0","released",FALSE
"subset.default            ","closure    ","           ","TRUE","FALSE","(x, subset)                                                                                                                                                                                                                                                                                                                                                                                               ","base   ","NA","0.64.0","released",FALSE
"substitute                ","special    ","           ","TRUE","NA","                                                                                                                                                                                                                                                                                                                                                                                                          ","base   ","NA","0.64.0","released",FALSE
"substr                    ","closure    ","           ","TRUE","FALSE","(x, start, stop)                                                                                                                                                                                                                                                                                                                                                                                          ","base   ","NA","0.64.0","released",FALSE
"substring                 ","closure    ","           ","TRUE","FALSE","(text, first, last = 1e+06)                                                                                                                                                                                                                                                                                                                                                                               ","base   ","NA","0.64.0","released",FALSE
"sum                       ","closure    ","           ","TRUE","FALSE","(..., na.rm = FALSE)                                                                                                                                                                                                                                                                                                                                                                                      ","base   ","NA","0.64.0","released",FALSE
"summary                   ","closure    ","           ","TRUE","FALSE","(object, ...)                                                                                                                                                                                                                                                                                                                                                                                             ","base   ","NA","0.64.0","released",FALSE
"summary.aov               ","closure    ","           ","TRUE","FALSE","(object, intercept = FALSE, keep.zero.df = TRUE, ...)                                                                                                                                                                                                                                                                                                                                                     ","base   ","NA","0.64.0","released",FALSE
"summary.aovlist           ","closure    ","           ","TRUE","FALSE","(object, ...)                                                                                                                                                                                                                                                                                                                                                                                             ","base   ","NA","0.64.0","released",FALSE
"summary.data.frame        ","closure    ","           ","TRUE","FALSE","(object, maxsum = 7, ...)                                                                                                                                                                                                                                                                                                                                                                                 ","base   ","NA","0.64.0","released",FALSE
"summary.default           ","closure    ","           ","TRUE","FALSE","(object, ..., digits = max(3, .Options$digits - 3))                                                                                                                                                                                                                                                                                                                                                       ","base   ","NA","0.64.0","released",FALSE
"summary.factor            ","closure    ","           ","TRUE","FALSE","(object, maxsum = 100, ...)                                                                                                                                                                                                                                                                                                                                                                               ","base   ","NA","0.64.0","released",FALSE
"summary.glm               ","closure    ","           ","TRUE","FALSE","(object, dispersion = NULL, correlation = FALSE, na.action = na.omit)                                                                                                                                                                                                                                                                                                                                     ","base   ","NA","0.64.0","released",FALSE
"summary.glm.null          ","closure    ","           ","TRUE","FALSE","(object, dispersion = NULL, correlation = TRUE, na.action = na.omit)                                                                                                                                                                                                                                                                                                                                      ","base   ","NA","0.64.0","released",FALSE
"summary.infl              ","closure    ","           ","TRUE","FALSE","(object, digits = max(2, .Options$digits - 5), ...)                                                                                                                                                                                                                                                                                                                                                       ","base   ","NA","0.64.0","released",FALSE
"summary.lm                ","closure    ","           ","TRUE","FALSE","(object, correlation = FALSE)                                                                                                                                                                                                                                                                                                                                                                             ","base   ","NA","0.64.0","released",FALSE
"summary.lm.null           ","closure    ","           ","TRUE","FALSE","(z, correlation = FALSE)                                                                                                                                                                                                                                                                                                                                                                                  ","base   ","NA","0.64.0","released",FALSE
"summary.matrix            ","closure    ","           ","TRUE","FALSE","(object, ...)                                                                                                                                                                                                                                                                                                                                                                                             ","base   ","NA","0.64.0","released",FALSE
"summary.mlm               ","closure    ","           ","TRUE","FALSE","(object, ...)                                                                                                                                                                                                                                                                                                                                                                                             ","base   ","NA","0.64.0","released",FALSE
"svd                       ","closure    ","           ","TRUE","FALSE","(x, nu = min(n, p), nv = min(n, p))                                                                                                                                                                                                                                                                                                                                                                       ","base   ","NA","0.64.0","released",FALSE
"sweep                     ","closure    ","           ","TRUE","FALSE","(x, MARGIN, STATS, FUN = \""-\"", ...)                                                                                                                                                                                                                                                                                                                                                                      ","base   ","NA","0.64.0","released",FALSE
"switch                    ","closure    ","           ","TRUE","FALSE","(EXPR, ...)                                                                                                                                                                                                                                                                                                                                                                                               ","base   ","NA","0.64.0","released",FALSE
"symbol.C                  ","builtin    ","           ","TRUE","NA","                                                                                                                                                                                                                                                                                                                                                                                                          ","base   ","NA","0.64.0","released",FALSE
"symbol.For                ","builtin    ","           ","TRUE","NA","                                                                                                                                                                                                                                                                                                                                                                                                          ","base   ","NA","0.64.0","released",FALSE
"symbols                   ","closure    ","           ","TRUE","FALSE","(...)                                                                                                                                                                                                                                                                                                                                                                                                     ","base   ","NA","0.64.0","released",FALSE
"symnum                    ","closure    ","           ","TRUE","FALSE","(x, cutpoints = c(0.3, 0.6, 0.8, 0.9, 0.95), symbols = c(\"" \"",     \"".\"", \"",\"", \""+\"", \""*\"", \""B\""), na = \""?\"", eps = 1e-05, corr = missing(cutpoints),     show.max = if (corr) \""1\"", show.min = NULL, lower.triangular = corr &         is.matrix(x), diag.lower.tri = corr & !is.null(show.max))                                                                                                  ","base   ","NA","0.64.0","released",FALSE
"sys.call                  ","closure    ","           ","TRUE","FALSE","(which = 0)                                                                                                                                                                                                                                                                                                                                                                                               ","base   ","NA","0.64.0","released",FALSE
"sys.calls                 ","closure    ","           ","TRUE","FALSE","()                                                                                                                                                                                                                                                                                                                                                                                                        ","base   ","NA","0.64.0","released",FALSE
"sys.frame                 ","closure    ","           ","TRUE","FALSE","(which = 0)                                                                                                                                                                                                                                                                                                                                                                                               ","base   ","NA","0.64.0","released",FALSE
"sys.frames                ","closure    ","           ","TRUE","FALSE","()                                                                                                                                                                                                                                                                                                                                                                                                        ","base   ","NA","0.64.0","released",FALSE
"sys.function              ","closure    ","           ","TRUE","FALSE","(which = 0)                                                                                                                                                                                                                                                                                                                                                                                               ","base   ","NA","0.64.0","released",FALSE
"sys.nframe                ","closure    ","           ","TRUE","FALSE","()                                                                                                                                                                                                                                                                                                                                                                                                        ","base   ","NA","0.64.0","released",FALSE
"sys.on.exit               ","closure    ","           ","TRUE","FALSE","()                                                                                                                                                                                                                                                                                                                                                                                                        ","base   ","NA","0.64.0","released",FALSE
"sys.parent                ","closure    ","           ","TRUE","FALSE","(n = 1)                                                                                                                                                                                                                                                                                                                                                                                                   ","base   ","NA","0.64.0","released",FALSE
"sys.parents               ","closure    ","           ","TRUE","FALSE","()                                                                                                                                                                                                                                                                                                                                                                                                        ","base   ","NA","0.64.0","released",FALSE
"sys.source                ","closure    ","           ","TRUE","FALSE","(file)                                                                                                                                                                                                                                                                                                                                                                                                    ","base   ","NA","0.64.0","released",FALSE
"sys.status                ","closure    ","           ","TRUE","FALSE","()                                                                                                                                                                                                                                                                                                                                                                                                        ","base   ","NA","0.64.0","released",FALSE
"system                    ","closure    ","           ","TRUE","FALSE","(command, intern = FALSE, ignore.stderr = FALSE)                                                                                                                                                                                                                                                                                                                                                          ","base   ","NA","0.64.0","released",FALSE
"system.file               ","closure    ","           ","TRUE","FALSE","(..., pkg = .packages(), lib = .lib.loc)                                                                                                                                                                                                                                                                                                                                                                  ","base   ","NA","0.64.0","released",FALSE
"system.test               ","closure    ","           ","TRUE","FALSE","(...)                                                                                                                                                                                                                                                                                                                                                                                                     ","base   ","NA","0.64.0","released",FALSE
"system.time               ","closure    ","           ","TRUE","FALSE","(expr)                                                                                                                                                                                                                                                                                                                                                                                                    ","base   ","NA","0.64.0","released",FALSE
"t                         ","closure    ","           ","TRUE","FALSE","(x)                                                                                                                                                                                                                                                                                                                                                                                                       ","base   ","NA","0.64.0","released",FALSE
"t.data.frame              ","closure    ","           ","TRUE","FALSE","(x)                                                                                                                                                                                                                                                                                                                                                                                                       ","base   ","NA","0.64.0","released",FALSE
"t.default                 ","closure    ","           ","TRUE","FALSE","(x)                                                                                                                                                                                                                                                                                                                                                                                                       ","base   ","NA","0.64.0","released",FALSE
"t.test                    ","closure    ","           ","TRUE","FALSE","(x, y = NULL, alternative = \""two.sided\"", mu = 0, paired = FALSE,     var.equal = FALSE, conf.level = 0.95)                                                                                                                                                                                                                                                                                              ","base   ","NA","0.64.0","released",FALSE
"table                     ","closure    ","           ","TRUE","FALSE","(..., exclude = c(NA, NaN))                                                                                                                                                                                                                                                                                                                                                                               ","base   ","NA","0.64.0","released",FALSE
"tabulate                  ","closure    ","           ","TRUE","FALSE","(bin, nbins = max(1, bin))                                                                                                                                                                                                                                                                                                                                                                                ","base   ","NA","0.64.0","released",FALSE
"tan                       ","builtin    ","           ","TRUE","NA","                                                                                                                                                                                                                                                                                                                                                                                                          ","base   ","NA","0.64.0","released",FALSE
"tanh                      ","builtin    ","           ","TRUE","NA","                                                                                                                                                                                                                                                                                                                                                                                                          ","base   ","NA","0.64.0","released",FALSE
"tapply                    ","closure    ","           ","TRUE","FALSE","(X, INDEX, FUN = NULL, simplify = TRUE, ...)                                                                                                                                                                                                                                                                                                                                                              ","base   ","NA","0.64.0","released",FALSE
"tempfile                  ","closure    ","           ","TRUE","FALSE","(pattern = \""file\"")                                                                                                                                                                                                                                                                                                                                                                                      ","base   ","NA","0.64.0","released",FALSE
"terms                     ","closure    ","           ","TRUE","FALSE","(x, ...)                                                                                                                                                                                                                                                                                                                                                                                                  ","base   ","NA","0.64.0","released",FALSE
"terms.aovlist             ","closure    ","           ","TRUE","FALSE","(x, ...)                                                                                                                                                                                                                                                                                                                                                                                                  ","base   ","NA","0.64.0","released",FALSE
"terms.default             ","closure    ","           ","TRUE","FALSE","(x)                                                                                                                                                                                                                                                                                                                                                                                                       ","base   ","NA","0.64.0","released",FALSE
"terms.formula             ","closure    ","           ","TRUE","FALSE","(x, specials = NULL, abb = NULL, data = NULL, neg.out = TRUE,     keep.order = FALSE)                                                                                                                                                                                                                                                                                                                     ","base   ","NA","0.64.0","released",FALSE
"terms.terms               ","closure    ","           ","TRUE","FALSE","(x, ...)                                                                                                                                                                                                                                                                                                                                                                                                  ","base   ","NA","0.64.0","released",FALSE
"terrain.colors            ","closure    ","           ","TRUE","FALSE","(n)                                                                                                                                                                                                                                                                                                                                                                                                       ","base   ","NA","0.64.0","released",FALSE
"tetragamma                ","closure    ","           ","TRUE","FALSE","(x)                                                                                                                                                                                                                                                                                                                                                                                                       ","base   ","NA","0.64.0","released",FALSE
"text                      ","closure    ","           ","TRUE","FALSE","(x, ...)                                                                                                                                                                                                                                                                                                                                                                                                  ","base   ","NA","0.64.0","released",FALSE
"text.default              ","closure    ","           ","TRUE","FALSE","(x, y = NULL, labels = seq(along = x), adj = NULL, ...)                                                                                                                                                                                                                                                                                                                                                   ","base   ","NA","0.64.0","released",FALSE
"time                      ","closure    ","           ","TRUE","FALSE","(x, ...)                                                                                                                                                                                                                                                                                                                                                                                                  ","base   ","NA","0.64.0","released",FALSE
"time.default              ","closure    ","           ","TRUE","FALSE","(x)                                                                                                                                                                                                                                                                                                                                                                                                       ","base   ","NA","0.64.0","released",FALSE
"time.ts                   ","closure    ","           ","TRUE","FALSE","(x)                                                                                                                                                                                                                                                                                                                                                                                                       ","base   ","NA","0.64.0","released",FALSE
"title                     ","closure    ","           ","TRUE","FALSE","(main = NULL, sub = NULL, xlab = NULL, ylab = NULL,     ...)                                                                                                                                                                                                                                                                                                                                              ","base   ","NA","0.64.0","released",FALSE
"topo.colors               ","closure    ","           ","TRUE","FALSE","(n)                                                                                                                                                                                                                                                                                                                                                                                                       ","base   ","NA","0.64.0","released",FALSE
"trace                     ","builtin    ","           ","TRUE","NA","                                                                                                                                                                                                                                                                                                                                                                                                          ","base   ","NA","0.64.0","released",FALSE
"traceback                 ","closure    ","           ","TRUE","FALSE","()                                                                                                                                                                                                                                                                                                                                                                                                        ","base   ","NA","0.64.0","released",FALSE
"transform                 ","closure    ","           ","TRUE","FALSE","(x, ...)                                                                                                                                                                                                                                                                                                                                                                                                  ","base   ","NA","0.64.0","released",FALSE
"transform.data.frame      ","closure    ","           ","TRUE","FALSE","(dfr, ...)                                                                                                                                                                                                                                                                                                                                                                                                ","base   ","NA","0.64.0","released",FALSE
"transform.default         ","closure    ","           ","TRUE","FALSE","(x, ...)                                                                                                                                                                                                                                                                                                                                                                                                  ","base   ","NA","0.64.0","released",FALSE
"trigamma                  ","closure    ","           ","TRUE","FALSE","(x)                                                                                                                                                                                                                                                                                                                                                                                                       ","base   ","NA","0.64.0","released",FALSE
"trunc                     ","builtin    ","           ","TRUE","NA","                                                                                                                                                                                                                                                                                                                                                                                                          ","base   ","NA","0.64.0","released",FALSE
"ts                        ","closure    ","           ","TRUE","FALSE","(data = NA, start = 1, end = numeric(0), frequency = 1,     deltat = 1, ts.eps = .Options$ts.eps)                                                                                                                                                                                                                                                                                                         ","base   ","NA","0.64.0","released",FALSE
"tsp                       ","closure    ","           ","TRUE","FALSE","(x)                                                                                                                                                                                                                                                                                                                                                                                                       ","base   ","NA","0.64.0","released",FALSE
"tsp<-                     ","closure    ","           ","TRUE","FALSE","(x, value)                                                                                                                                                                                                                                                                                                                                                                                                ","base   ","NA","0.64.0","released",FALSE
"typeof                    ","closure    ","           ","TRUE","FALSE","(x)                                                                                                                                                                                                                                                                                                                                                                                                       ","base   ","NA","0.64.0","released",FALSE
"unclass                   ","builtin    ","           ","TRUE","NA","                                                                                                                                                                                                                                                                                                                                                                                                          ","base   ","NA","0.64.0","released",FALSE
"undebug                   ","builtin    ","           ","TRUE","NA","                                                                                                                                                                                                                                                                                                                                                                                                          ","base   ","NA","0.64.0","released",FALSE
"unique                    ","closure    ","           ","TRUE","FALSE","(x)                                                                                                                                                                                                                                                                                                                                                                                                       ","base   ","NA","0.64.0","released",FALSE
"uniroot                   ","closure    ","           ","TRUE","FALSE","(f, interval, lower = min(interval), upper = max(interval),     tol = .Machine$double.eps^0.25, maxiter = 1000, ...)                                                                                                                                                                                                                                                                                      ","base   ","NA","0.64.0","released",FALSE
"unix                      ","closure    ","           ","TRUE","FALSE","(call, intern = FALSE)                                                                                                                                                                                                                                                                                                                                                                                    ","base   ","NA","0.64.0","released",FALSE
"unix.time                 ","closure    ","           ","TRUE","FALSE","(expr)                                                                                                                                                                                                                                                                                                                                                                                                    ","base   ","NA","0.64.0","released",FALSE
"unlink                    ","closure    ","           ","TRUE","FALSE","(x)                                                                                                                                                                                                                                                                                                                                                                                                       ","base   ","NA","0.64.0","released",FALSE
"unlist                    ","closure    ","           ","TRUE","FALSE","(x, recursive = TRUE, use.names = TRUE)                                                                                                                                                                                                                                                                                                                                                                   ","base   ","NA","0.64.0","released",FALSE
"untrace                   ","builtin    ","           ","TRUE","NA","                                                                                                                                                                                                                                                                                                                                                                                                          ","base   ","NA","0.64.0","released",FALSE
"update                    ","closure    ","           ","TRUE","FALSE","(object, ...)                                                                                                                                                                                                                                                                                                                                                                                             ","base   ","NA","0.64.0","released",FALSE
"update.default            ","closure    ","           ","TRUE","FALSE","(object, formula., ..., evaluate = TRUE)                                                                                                                                                                                                                                                                                                                                                                  ","base   ","NA","0.64.0","released",FALSE
"update.formula            ","closure    ","           ","TRUE","FALSE","(old, new)                                                                                                                                                                                                                                                                                                                                                                                                ","base   ","NA","0.64.0","released",FALSE
"upper.tri                 ","closure    ","           ","TRUE","FALSE","(x, diag = FALSE)                                                                                                                                                                                                                                                                                                                                                                                         ","base   ","NA","0.64.0","released",FALSE
"var                       ","closure    ","           ","TRUE","FALSE","(x, y = x, na.rm = FALSE, use)                                                                                                                                                                                                                                                                                                                                                                            ","base   ","NA","0.64.0","released",FALSE
"variable.names            ","closure    ","           ","TRUE","FALSE","(object, ...)                                                                                                                                                                                                                                                                                                                                                                                             ","base   ","NA","0.64.0","released",FALSE
"variable.names.default    ","closure    ","           ","TRUE","FALSE","(x, do.NULL = TRUE, prefix = \""col\"")                                                                                                                                                                                                                                                                                                                                                                     ","base   ","NA","0.64.0","released",FALSE
"variable.names.lm         ","closure    ","           ","TRUE","FALSE","(obj, full = FALSE)                                                                                                                                                                                                                                                                                                                                                                                       ","base   ","NA","0.64.0","released",FALSE
"vector                    ","closure    ","           ","TRUE","FALSE","(mode = \""logical\"", length = 0)                                                                                                                                                                                                                                                                                                                                                                          ","base   ","NA","0.64.0","released",FALSE
"version                   ","list       ","simple.list","TRUE","FALSE","NA","base   ","NA","0.64.0","released",FALSE
"vi                        ","closure    ","           ","TRUE","FALSE","(name = NULL, file = \""\"")                                                                                                                                                                                                                                                                                                                                                                                ","base   ","NA","0.64.0","released",FALSE
"warning                   ","closure    ","           ","TRUE","FALSE","(message = NULL)                                                                                                                                                                                                                                                                                                                                                                                          ","base   ","NA","0.64.0","released",FALSE
"weighted.mean             ","closure    ","           ","TRUE","FALSE","(x, w, na.rm = FALSE)                                                                                                                                                                                                                                                                                                                                                                                     ","base   ","NA","0.64.0","released",FALSE
"weighted.residuals        ","closure    ","           ","TRUE","FALSE","(obj)                                                                                                                                                                                                                                                                                                                                                                                                     ","base   ","NA","0.64.0","released",FALSE
"weights                   ","closure    ","           ","TRUE","FALSE","(x, ...)                                                                                                                                                                                                                                                                                                                                                                                                  ","base   ","NA","0.64.0","released",FALSE
"weights.lm                ","closure    ","           ","TRUE","FALSE","(x)                                                                                                                                                                                                                                                                                                                                                                                                       ","base   ","NA","0.64.0","released",FALSE
"which                     ","closure    ","           ","TRUE","FALSE","(logic, arr.ind = FALSE)                                                                                                                                                                                                                                                                                                                                                                                  ","base   ","NA","0.64.0","released",FALSE
"while                     ","special    ","           ","TRUE","NA","                                                                                                                                                                                                                                                                                                                                                                                                          ","base   ","NA","0.64.0","released",FALSE
"window                    ","closure    ","           ","TRUE","FALSE","(x, ...)                                                                                                                                                                                                                                                                                                                                                                                                  ","base   ","NA","0.64.0","released",FALSE
"window.default            ","closure    ","           ","TRUE","FALSE","(x)                                                                                                                                                                                                                                                                                                                                                                                                       ","base   ","NA","0.64.0","released",FALSE
"window.ts                 ","closure    ","           ","TRUE","FALSE","(x, start, end)                                                                                                                                                                                                                                                                                                                                                                                           ","base   ","NA","0.64.0","released",FALSE
"write                     ","closure    ","           ","TRUE","FALSE","(x, file = \""data\"", ncolumns = if (is.character(x)) 1 else 5,     append = FALSE)                                                                                                                                                                                                                                                                                                                        ","base   ","NA","0.64.0","released",FALSE
"write.socket              ","closure    ","           ","TRUE","FALSE","(socket, string)                                                                                                                                                                                                                                                                                                                                                                                          ","base   ","NA","0.64.0","released",FALSE
"write.table               ","closure    ","           ","TRUE","FALSE","(x, file = \""\"", append = FALSE, quote = TRUE, sep = \"" \"",     eol = \""\\n\"", na = NA, row.names = TRUE, col.names = TRUE)                                                                                                                                                                                                                                                                               ","base   ","NA","0.64.0","released",FALSE
"x11                       ","closure    ","           ","TRUE","FALSE","(display = \""\"", width = 7, height = 7, pointsize = 12,     gamma = 1, colortype = options()$X11colortype, maxcubesize = 256)                                                                                                                                                                                                                                                                             ","base   ","NA","0.64.0","released",FALSE
"xedit                     ","closure    ","           ","TRUE","FALSE","(name = NULL, file = \""\"")                                                                                                                                                                                                                                                                                                                                                                                ","base   ","NA","0.64.0","released",FALSE
"xemacs                    ","closure    ","           ","TRUE","FALSE","(name = NULL, file = \""\"")                                                                                                                                                                                                                                                                                                                                                                                ","base   ","NA","0.64.0","released",FALSE
"xinch                     ","closure    ","           ","TRUE","FALSE","(x = 1, warn.log = TRUE)                                                                                                                                                                                                                                                                                                                                                                                  ","base   ","NA","0.64.0","released",FALSE
"xor                       ","closure    ","           ","TRUE","FALSE","(x, y)                                                                                                                                                                                                                                                                                                                                                                                                    ","base   ","NA","0.64.0","released",FALSE
"xpdrows.data.frame        ","closure    ","           ","TRUE","FALSE","(x, old.rows, new.rows)                                                                                                                                                                                                                                                                                                                                                                                   ","base   ","NA","0.64.0","released",FALSE
"xy.coords                 ","closure    ","           ","TRUE","FALSE","(x, y, xlab = NULL, ylab = NULL, log = NULL, recycle = FALSE)                                                                                                                                                                                                                                                                                                                                             ","base   ","NA","0.64.0","released",FALSE
"xyinch                    ","closure    ","           ","TRUE","FALSE","(xy = 1, warn.log = TRUE)                                                                                                                                                                                                                                                                                                                                                                                 ","base   ","NA","0.64.0","released",FALSE
"yinch                     ","closure    ","           ","TRUE","FALSE","(y = 1, warn.log = TRUE)                                                                                                                                                                                                                                                                                                                                                                                  ","base   ","NA","0.64.0","released",FALSE
"zapsmall                  ","closure    ","           ","TRUE","FALSE","(x, digits = .Options$digits)                                                                                                                                                                                                                                                                                                                                                                             ","base   ","NA","0.64.0","released",FALSE
"{                         ","special    ","           ","TRUE","NA","                                                                                                                                                                                                                                                                                                                                                                                                          ","base   ","NA","0.64.0","released",FALSE
"|                         ","builtin    ","           ","TRUE","NA","                                                                                                                                                                                                                                                                                                                                                                                                          ","base   ","NA","0.64.0","released",FALSE
"||                        ","special    ","           ","TRUE","NA","                                                                                                                                                                                                                                                                                                                                                                                                          ","base   ","NA","0.64.0","released",FALSE
"~                         ","special    ","           ","TRUE","NA","                                                                                                                                                                                                                                                                                                                                                                                                          ","base   ","NA","0.64.0","released",FALSE
".First.lib                ","closure    ","           ","TRUE","FALSE","(lib, pkg)                                                                                                                                                                                                                                                                                                                                                                                                ","eda    ","NA","0.64.0","released", TRUE
"coef.tukeyline            ","closure    ","           ","TRUE","FALSE","(x)                                                                                                                                                                                                                                                                                                                                                                                                       ","eda    ","NA","0.64.0","released",FALSE
"fitted.tukeyline          ","closure    ","           ","TRUE","FALSE","(x)                                                                                                                                                                                                                                                                                                                                                                                                       ","eda    ","NA","0.64.0","released",FALSE
"line                      ","closure    ","           ","TRUE","FALSE","(x, y = NULL)                                                                                                                                                                                                                                                                                                                                                                                             ","eda    ","NA","0.64.0","released",FALSE
"medpolish                 ","closure    ","           ","TRUE","FALSE","(x, eps = 0.01, maxiter = 10, trace.iter = TRUE)                                                                                                                                                                                                                                                                                                                                                          ","eda    ","NA","0.64.0","released",FALSE
"plot.medpolish            ","closure    ","           ","TRUE","FALSE","(x, main = \""Tukey Additivity Plot\"", ...)                                                                                                                                                                                                                                                                                                                                                                ","eda    ","NA","0.64.0","released",FALSE
"print.medpolish           ","closure    ","           ","TRUE","FALSE","(x, digits = .Options$digits, ...)                                                                                                                                                                                                                                                                                                                                                                        ","eda    ","NA","0.64.0","released",FALSE
"print.tukeyline           ","closure    ","           ","TRUE","FALSE","(x, digits = max(3, .Options$digits - 3), ...)                                                                                                                                                                                                                                                                                                                                                            ","eda    ","NA","0.64.0","released",FALSE
"residuals.tukeyline       ","closure    ","           ","TRUE","FALSE","(x)                                                                                                                                                                                                                                                                                                                                                                                                       ","eda    ","NA","0.64.0","released",FALSE
"smooth                    ","closure    ","           ","TRUE","FALSE","(x)                                                                                                                                                                                                                                                                                                                                                                                                       ","eda    ","NA","0.64.0","released",FALSE
".First.lib                ","closure    ","           ","TRUE","FALSE","(lib, pkg)                                                                                                                                                                                                                                                                                                                                                                                                ","lqs    ","NA","0.64.0","released", TRUE
"cov.mcd                   ","closure    ","           ","TRUE","FALSE","(...)                                                                                                                                                                                                                                                                                                                                                                                                     ","lqs    ","NA","0.64.0","released",FALSE
"cov.mve                   ","closure    ","           ","TRUE","FALSE","(...)                                                                                                                                                                                                                                                                                                                                                                                                     ","lqs    ","NA","0.64.0","released",FALSE
"cov.rob                   ","closure    ","           ","TRUE","FALSE","(x, cor = FALSE, quantile.used = floor((n + p + 1)/2),     method = c(\""mve\"", \""mcd\"", \""classical\""), nsamp = \""best\"", seed)                                                                                                                                                                                                                                                                           ","lqs    ","NA","0.64.0","released",FALSE
"lmsreg                    ","closure    ","           ","TRUE","FALSE","(...)                                                                                                                                                                                                                                                                                                                                                                                                     ","lqs    ","NA","0.64.0","released",FALSE
"lqs                       ","closure    ","           ","TRUE","FALSE","(x, ...)                                                                                                                                                                                                                                                                                                                                                                                                  ","lqs    ","NA","0.64.0","released",FALSE
"lqs.default               ","closure    ","           ","TRUE","FALSE","(x, y, intercept = TRUE, method = c(\""lts\"", \""lqs\"", \""lms\"",     \""S\""), quantile, control = lqs.control(...), k0 = 1.548, seed,     ...)                                                                                                                                                                                                                                                               ","lqs    ","NA","0.64.0","released",FALSE
"lqs.formula               ","closure    ","           ","TRUE","FALSE","(formula, data, ..., method = c(\""lts\"", \""lqs\"", \""lms\"",     \""S\"", \""model.frame\""), subset, na.action = na.fail, model = TRUE,     x.ret = FALSE, y.ret = FALSE, contrasts = NULL)                                                                                                                                                                                                                    ","lqs    ","NA","0.64.0","released",FALSE
"ltsreg                    ","closure    ","           ","TRUE","FALSE","(...)                                                                                                                                                                                                                                                                                                                                                                                                     ","lqs    ","NA","0.64.0","released",FALSE
"predict.lqs               ","closure    ","           ","TRUE","FALSE","(object, newdata)                                                                                                                                                                                                                                                                                                                                                                                         ","lqs    ","NA","0.64.0","released",FALSE
"print.lqs                 ","closure    ","           ","TRUE","FALSE","(x, digits = max(3, .Options$digits - 3), ...)                                                                                                                                                                                                                                                                                                                                                            ","lqs    ","NA","0.64.0","released",FALSE
"residuals.lqs             ","closure    ","           ","TRUE","FALSE","(x)                                                                                                                                                                                                                                                                                                                                                                                                       ","lqs    ","NA","0.64.0","released",FALSE
".First.lib                ","closure    ","           ","TRUE","FALSE","(lib, pkg)                                                                                                                                                                                                                                                                                                                                                                                                ","modreg ","NA","0.64.0","released", TRUE
"anova.loess               ","closure    ","           ","TRUE","FALSE","(object, ...)                                                                                                                                                                                                                                                                                                                                                                                             ","modreg ","NA","0.64.0","released",FALSE
"ksmooth                   ","closure    ","           ","TRUE","FALSE","(x, y, kernel = c(\""box\"", \""normal\""), bandwidth = 0.5,     range.x = range(x), n.points = max(100, length(x)), x.points)                                                                                                                                                                                                                                                                                ","modreg ","NA","0.64.0","released",FALSE
"loess                     ","closure    ","           ","TRUE","FALSE","(formula, data = NULL, weights, subset, na.action, model = FALSE,     span = 0.75, enp.target, degree = 2, parametric = FALSE,     drop.square = FALSE, normalize = TRUE, family = c(\""gaussian\"",         \""symmetric\""), method = c(\""loess\"", \""model.frame\""), control = loess.control(...),     ...)                                                                                                 ","modreg ","NA","0.64.0","released",FALSE
"loess.control             ","closure    ","           ","TRUE","FALSE","(surface = c(\""interpolate\"", \""direct\""), statistics = c(\""approximate\"",     \""exact\""), trace.hat = c(\""exact\"", \""approximate\""), cell = 0.2,     iterations = 4, ...)                                                                                                                                                                                                                                ","modreg ","NA","0.64.0","released",FALSE
"loess.smooth              ","closure    ","           ","TRUE","FALSE","(x, y, span = 2/3, degree = 1, family = c(\""symmetric\"",     \""gaussian\""), evaluation = 50, ...)                                                                                                                                                                                                                                                                                                         ","modreg ","NA","0.64.0","released",FALSE
"plot.ppr                  ","closure    ","           ","TRUE","FALSE","(fit, ask, type = \""o\"", ...)                                                                                                                                                                                                                                                                                                                                                                             ","modreg ","NA","0.64.0","released",FALSE
"pointwise                 ","closure    ","           ","TRUE","FALSE","(results, coverage)                                                                                                                                                                                                                                                                                                                                                                                       ","modreg ","NA","0.64.0","released",FALSE
"ppr                       ","closure    ","           ","TRUE","FALSE","(x, ...)                                                                                                                                                                                                                                                                                                                                                                                                  ","modreg ","NA","0.64.0","released",FALSE
"ppr.default               ","closure    ","           ","TRUE","FALSE","(x, y, weights = rep(1, n), ww = rep(1, q), nterms,     max.terms = nterms, optlevel = 2, sm.method = c(\""supsmu\"",         \""spline\"", \""gcvspline\""), bass = 0, span = 0, df = 5, gcvpen = 1)                                                                                                                                                                                                           ","modreg ","NA","0.64.0","released",FALSE
"ppr.formula               ","closure    ","           ","TRUE","FALSE","(formula, data = sys.parent(), weights, subset, na.action,     contrasts = NULL, ...)                                                                                                                                                                                                                                                                                                                     ","modreg ","NA","0.64.0","released",FALSE
"predLoess                 ","closure    ","           ","TRUE","FALSE","(y, x, newx, s, weights, robust, span, degree, normalize,     parametric, drop.square, surface, cell, family, kd, divisor,     se = F)                                                                                                                                                                                                                                                                    ","modreg ","NA","0.64.0","released",FALSE
"predict.loess             ","closure    ","           ","TRUE","FALSE","(object, newdata = NULL, se = FALSE)                                                                                                                                                                                                                                                                                                                                                                      ","modreg ","NA","0.64.0","released",FALSE
"predict.ppr               ","closure    ","           ","TRUE","FALSE","(obj, newdata)                                                                                                                                                                                                                                                                                                                                                                                            ","modreg ","NA","0.64.0","released",FALSE
"predict.smooth.spline     ","closure    ","           ","TRUE","FALSE","(object, x, deriv = 0)                                                                                                                                                                                                                                                                                                                                                                                    ","modreg ","NA","0.64.0","released",FALSE
"predict.smooth.spline.fit ","closure    ","           ","TRUE","FALSE","(object, x, deriv = 0)                                                                                                                                                                                                                                                                                                                                                                                    ","modreg ","NA","0.64.0","released",FALSE
"print.loess               ","closure    ","           ","TRUE","FALSE","(x, digits = max(3, .Options$digits - 3), ...)                                                                                                                                                                                                                                                                                                                                                            ","modreg ","NA","0.64.0","released",FALSE
"print.ppr                 ","closure    ","           ","TRUE","FALSE","(x, ...)                                                                                                                                                                                                                                                                                                                                                                                                  ","modreg ","NA","0.64.0","released",FALSE
"print.smooth.spline       ","closure    ","           ","TRUE","FALSE","(x, ...)                                                                                                                                                                                                                                                                                                                                                                                                  ","modreg ","NA","0.64.0","released",FALSE
"print.summary.loess       ","closure    ","           ","TRUE","FALSE","(x, digits = max(3, .Options$digits - 3), ...)                                                                                                                                                                                                                                                                                                                                                            ","modreg ","NA","0.64.0","released",FALSE
"print.summary.ppr         ","closure    ","           ","TRUE","FALSE","(x, ...)                                                                                                                                                                                                                                                                                                                                                                                                  ","modreg ","NA","0.64.0","released",FALSE
"scatter.smooth            ","closure    ","           ","TRUE","FALSE","(x, y, span = 2/3, degree = 1, family = c(\""symmetric\"",     \""gaussian\""), xlab = deparse(substitute(x)), ylab = deparse(substitute(y)),     ylim = range(y, prediction$y), evaluation = 50, ...)                                                                                                                                                                                                        ","modreg ","NA","0.64.0","released",FALSE
"simpleLoess               ","closure    ","           ","TRUE","FALSE","(y, x, weights, span = 0.75, degree = 2, parametric = FALSE,     drop.square = FALSE, normalize = TRUE, statistics = \""approximate\"",     surface = \""interpolate\"", cell = 0.2, iterations = 1, trace.hat = \""exact\"")                                                                                                                                                                                   ","modreg ","NA","0.64.0","released",FALSE
"smooth.spline             ","closure    ","           ","TRUE","FALSE","(x, y = NULL, w = NULL, df = 5, spar = 0, cv = FALSE,     all.knots = FALSE, df.offset = 0, penalty = 1)                                                                                                                                                                                                                                                                                                  ","modreg ","NA","0.64.0","released",FALSE
"summary.loess             ","closure    ","           ","TRUE","FALSE","(object, ...)                                                                                                                                                                                                                                                                                                                                                                                             ","modreg ","NA","0.64.0","released",FALSE
"summary.ppr               ","closure    ","           ","TRUE","FALSE","(object, ...)                                                                                                                                                                                                                                                                                                                                                                                             ","modreg ","NA","0.64.0","released",FALSE
"supsmu                    ","closure    ","           ","TRUE","FALSE","(x, y, wt = rep(1, length(y)), span = \""cv\"", periodic = FALSE,     bass = 0)                                                                                                                                                                                                                                                                                                                             ","modreg ","NA","0.64.0","released",FALSE
".First.lib                ","closure    ","           ","TRUE","FALSE","(lib, pkg)                                                                                                                                                                                                                                                                                                                                                                                                ","mva    ","NA","0.64.0","released", TRUE
"as.dist                   ","closure    ","           ","TRUE","FALSE","(m, diag = FALSE, upper = FALSE)                                                                                                                                                                                                                                                                                                                                                                          ","mva    ","NA","0.64.0","released",FALSE
"as.matrix.dist            ","closure    ","           ","TRUE","FALSE","(obj)                                                                                                                                                                                                                                                                                                                                                                                                     ","mva    ","NA","0.64.0","released",FALSE
"biplot                    ","closure    ","           ","TRUE","FALSE","(x, ...)                                                                                                                                                                                                                                                                                                                                                                                                  ","mva    ","NA","0.64.0","released",FALSE
"biplot.default            ","closure    ","           ","TRUE","FALSE","(x, y, var.axes = TRUE, col, cex = rep(par(\""cex\""), 2),     xlabs = NULL, ylabs = NULL, expand = 1, xlim = NULL, ylim = NULL,     arrow.len = 0.1, ...)                                                                                                                                                                                                                                                  ","mva    ","NA","0.64.0","released",FALSE
"biplot.princomp           ","closure    ","           ","TRUE","FALSE","(x, choices = 1:2, scale = 1, pc.biplot = FALSE, ...)                                                                                                                                                                                                                                                                                                                                                     ","mva    ","NA","0.64.0","released",FALSE
"cancor                    ","closure    ","           ","TRUE","FALSE","(x, y, xcenter = TRUE, ycenter = TRUE)                                                                                                                                                                                                                                                                                                                                                                    ","mva    ","NA","0.64.0","released",FALSE
"cmdscale                  ","closure    ","           ","TRUE","FALSE","(d, k = 2, eig = FALSE)                                                                                                                                                                                                                                                                                                                                                                                   ","mva    ","NA","0.64.0","released",FALSE
"dist                      ","closure    ","           ","TRUE","FALSE","(x, method = \""euclidean\"", diag = FALSE, upper = FALSE)                                                                                                                                                                                                                                                                                                                                                  ","mva    ","NA","0.64.0","released",FALSE
"hclust                    ","closure    ","           ","TRUE","FALSE","(d, method = \""complete\"")                                                                                                                                                                                                                                                                                                                                                                                ","mva    ","NA","0.64.0","released",FALSE
"kmeans                    ","closure    ","           ","TRUE","FALSE","(x, centers, iter.max = 10)                                                                                                                                                                                                                                                                                                                                                                               ","mva    ","NA","0.64.0","released",FALSE
"loadings                  ","closure    ","           ","TRUE","FALSE","(x)                                                                                                                                                                                                                                                                                                                                                                                                       ","mva    ","NA","0.64.0","released",FALSE
"names.dist                ","closure    ","           ","TRUE","FALSE","(d)                                                                                                                                                                                                                                                                                                                                                                                                       ","mva    ","NA","0.64.0","released",FALSE
"names<-.dist              ","closure    ","           ","TRUE","FALSE","(d, n)                                                                                                                                                                                                                                                                                                                                                                                                    ","mva    ","NA","0.64.0","released",FALSE
"plot.hclust               ","closure    ","           ","TRUE","FALSE","(tree, hang = 0.1, labels = NULL, ...)                                                                                                                                                                                                                                                                                                                                                                    ","mva    ","NA","0.64.0","released",FALSE
"plot.prcomp               ","closure    ","           ","TRUE","FALSE","(x, ...)                                                                                                                                                                                                                                                                                                                                                                                                  ","mva    ","NA","0.64.0","released",FALSE
"plot.princomp             ","closure    ","           ","TRUE","FALSE","(x, ...)                                                                                                                                                                                                                                                                                                                                                                                                  ","mva    ","NA","0.64.0","released",FALSE
"prcomp                    ","closure    ","           ","TRUE","FALSE","(x, retx = TRUE, center = TRUE, scale. = FALSE, tol = NULL)                                                                                                                                                                                                                                                                                                                                               ","mva    ","NA","0.64.0","released",FALSE
"predict.princomp          ","closure    ","           ","TRUE","FALSE","(object, newdata, ...)                                                                                                                                                                                                                                                                                                                                                                                    ","mva    ","NA","0.64.0","released",FALSE
"princomp                  ","closure    ","           ","TRUE","FALSE","(x, cor = FALSE, scores = TRUE, subset = rep(TRUE, nrow(as.matrix(x))))                                                                                                                                                                                                                                                                                                                                   ","mva    ","NA","0.64.0","released",FALSE
"print.dist                ","closure    ","           ","TRUE","FALSE","(obj, diag = NULL, upper = NULL)                                                                                                                                                                                                                                                                                                                                                                          ","mva    ","NA","0.64.0","released",FALSE
"print.prcomp              ","closure    ","           ","TRUE","FALSE","(x, print.x = FALSE, ...)                                                                                                                                                                                                                                                                                                                                                                                 ","mva    ","NA","0.64.0","released",FALSE
"print.princomp            ","closure    ","           ","TRUE","FALSE","(x)                                                                                                                                                                                                                                                                                                                                                                                                       ","mva    ","NA","0.64.0","released",FALSE
"print.summary.prcomp      ","closure    ","           ","TRUE","FALSE","(x, digits = min(3, .Options$digits - 3), ...)                                                                                                                                                                                                                                                                                                                                                            ","mva    ","NA","0.64.0","released",FALSE
"screeplot                 ","closure    ","           ","TRUE","FALSE","(x, npcs = min(10, length(x$sdev)), type = c(\""barplot\"",     \""lines\""), main = deparse(substitute(x)), ...)                                                                                                                                                                                                                                                                                             ","mva    ","NA","0.64.0","released",FALSE
"summary.prcomp            ","closure    ","           ","TRUE","FALSE","(object)                                                                                                                                                                                                                                                                                                                                                                                                  ","mva    ","NA","0.64.0","released",FALSE
"summary.princomp          ","closure    ","           ","TRUE","FALSE","(object, loadings = FALSE, cutoff = 0.1, digits = 3,     ...)                                                                                                                                                                                                                                                                                                                                             ","mva    ","NA","0.64.0","released",FALSE
"ecdf                      ","closure    ","           ","TRUE","FALSE","(x)                                                                                                                                                                                                                                                                                                                                                                                                       ","stepfun","NA","0.64.0","released",FALSE
"is.stepfun                ","closure    ","           ","TRUE","FALSE","(x)                                                                                                                                                                                                                                                                                                                                                                                                       ","stepfun","NA","0.64.0","released",FALSE
"knots                     ","closure    ","           ","TRUE","FALSE","(...)                                                                                                                                                                                                                                                                                                                                                                                                     ","stepfun","NA","0.64.0","released",FALSE
"knots.stepfun             ","closure    ","           ","TRUE","FALSE","(Fn)                                                                                                                                                                                                                                                                                                                                                                                                      ","stepfun","NA","0.64.0","released",FALSE
"plot.ecdf                 ","closure    ","           ","TRUE","FALSE","(..., verticals = FALSE, col.01line = \""gray70\"")                                                                                                                                                                                                                                                                                                                                                         ","stepfun","NA","0.64.0","released",FALSE
"plot.stepfun              ","closure    ","           ","TRUE","FALSE","(Fn, x, xlim, xlab = \""x\"", ylab = \""f(x)\"", main = NULL,     add = FALSE, verticals = TRUE, do.points = TRUE, pch = par(\""pch\""),     col.points = par(\""col\""), cex.points = par(\""cex\""), col.hor = par(\""col\""),     col.vert = par(\""col\""), ...)                                                                                                                                                    ","stepfun","NA","0.64.0","released",FALSE
"print.ecdf                ","closure    ","           ","TRUE","FALSE","(Fn, digits = options(\""digits\"")[[1]] - 2, ...)                                                                                                                                                                                                                                                                                                                                                          ","stepfun","NA","0.64.0","released",FALSE
"print.stepfun             ","closure    ","           ","TRUE","FALSE","(Fn, digits = .Options$digits - 2, ...)                                                                                                                                                                                                                                                                                                                                                                   ","stepfun","NA","0.64.0","released",FALSE
"stepfun                   ","closure    ","           ","TRUE","FALSE","(x, y, f = 0)                                                                                                                                                                                                                                                                                                                                                                                             ","stepfun","NA","0.64.0","released",FALSE
"summary.ecdf              ","closure    ","           ","TRUE","FALSE","(Fn, ...)                                                                                                                                                                                                                                                                                                                                                                                                 ","stepfun","NA","0.64.0","released",FALSE
"summary.stepfun           ","closure    ","           ","TRUE","FALSE","(Fn)                                                                                                                                                                                                                                                                                                                                                                                                      ","stepfun","NA","0.64.0","released",FALSE
