"name","type","class","exported","S4generic","args","package","priority","Rversion","status","hidden"
".First.lib","closure","","TRUE","FALSE","(lib, pkg) ","KernSmooth","NA","1.3.1","released", TRUE
"bkde","closure","","TRUE","FALSE","(x, kernel = ""normal"", canonical = FALSE, bandwidth,     gridsize = 401, range.x, truncate = TRUE) ","KernSmooth","NA","1.3.1","released",FALSE
"bkde2D","closure","","TRUE","FALSE","(x, bandwidth, gridsize = c(51, 51), range.x, truncate = TRUE) ","KernSmooth","NA","1.3.1","released",FALSE
"bkfe","closure","","TRUE","FALSE","(x, drv, bandwidth, gridsize = 401, range.x, binned = FALSE,     truncate = TRUE) ","KernSmooth","NA","1.3.1","released",FALSE
"blkest","closure","","TRUE","FALSE","(x, y, Nval, q) ","KernSmooth","NA","1.3.1","released",FALSE
"cpblock","closure","","TRUE","FALSE","(X, Y, Nmax, q) ","KernSmooth","NA","1.3.1","released",FALSE
"dpih","closure","","TRUE","FALSE","(x, scalest = ""minim"", level = 2, gridsize = 401, range.x = range(x),     truncate = TRUE) ","KernSmooth","NA","1.3.1","released",FALSE
"dpik","closure","","TRUE","FALSE","(x, scalest = ""minim"", level = 2, kernel = ""normal"",     canonical = FALSE, gridsize = 401, range.x = range(x), truncate = TRUE) ","KernSmooth","NA","1.3.1","released",FALSE
"dpill","closure","","TRUE","FALSE","(x, y, blockmax = 5, divisor = 20, trim = 0.01, proptrun = 0.05,     gridsize = 401, range.x = range(x), truncate = TRUE) ","KernSmooth","NA","1.3.1","released",FALSE
"linbin","closure","","TRUE","FALSE","(X, gpoints, truncate = TRUE) ","KernSmooth","NA","1.3.1","released",FALSE
"linbin2D","closure","","TRUE","FALSE","(X, gpoints1, gpoints2) ","KernSmooth","NA","1.3.1","released",FALSE
"locpoly","closure","","TRUE","FALSE","(x, y, drv = 0, degree, kernel = ""normal"", bandwidth,     gridsize = 401, bwdisc = 25, range.x, binned = FALSE, truncate = TRUE) ","KernSmooth","NA","1.3.1","released",FALSE
"rlbin","closure","","TRUE","FALSE","(X, Y, gpoints, truncate = TRUE) ","KernSmooth","NA","1.3.1","released",FALSE
"sdiag","closure","","TRUE","FALSE","(x, drv = 0, degree = 1, kernel = ""normal"", bandwidth,     gridsize = 401, bwdisc = 25, range.x, binned = FALSE, truncate = TRUE) ","KernSmooth","NA","1.3.1","released",FALSE
"sstdiag","closure","","TRUE","FALSE","(x, drv = 0, degree = 1, kernel = ""normal"", bandwidth,     gridsize = 401, bwdisc = 25, range.x, binned = FALSE, truncate = TRUE) ","KernSmooth","NA","1.3.1","released",FALSE
".First.lib","closure","","TRUE","FALSE","(lib, pkg) ","MASS","NA","1.3.1","released", TRUE
".rat","closure","","TRUE","FALSE","(x, cycles = 10, max.denominator = 2000) ","MASS","NA","1.3.1","released", TRUE
"Math.fractions","closure","","TRUE","FALSE","(x, ...) ","MASS","NA","1.3.1","released",FALSE
"Null","closure","","TRUE","FALSE","(M) ","MASS","NA","1.3.1","released",FALSE
"Ops.fractions","closure","","TRUE","FALSE","(e1, e2) ","MASS","NA","1.3.1","released",FALSE
"Shepard","closure","","TRUE","FALSE","(d, x) ","MASS","NA","1.3.1","released",FALSE
"Summary.fractions","closure","","TRUE","FALSE","(x, ...) ","MASS","NA","1.3.1","released",FALSE
"[.fractions","closure","","TRUE","FALSE","(x, ...) ","MASS","NA","1.3.1","released",FALSE
"[<-.fractions","closure","","TRUE","FALSE","(x, ..., value) ","MASS","NA","1.3.1","released",FALSE
"addterm","closure","","TRUE","FALSE","(object, ...) ","MASS","NA","1.3.1","released",FALSE
"addterm.default","closure","","TRUE","FALSE","(object, scope, scale = 0, test = c(""none"", ""Chisq""),     k = 2, sorted = FALSE, trace = FALSE, ...) ","MASS","NA","1.3.1","released",FALSE
"addterm.glm","closure","","TRUE","FALSE","(object, scope, scale = 0, test = c(""none"", ""Chisq"",     ""F""), k = 2, sorted = FALSE, trace = FALSE, ...) ","MASS","NA","1.3.1","released",FALSE
"addterm.lm","closure","","TRUE","FALSE","(object, scope, scale = 0, test = c(""none"", ""Chisq"",     ""F""), k = 2, sorted = FALSE, ...) ","MASS","NA","1.3.1","released",FALSE
"addterm.mlm","closure","","TRUE","FALSE","(object, ...) ","MASS","NA","1.3.1","released",FALSE
"addterm.negbin","closure","","TRUE","FALSE","(object, ...) ","MASS","NA","1.3.1","released",FALSE
"addterm.survreg","closure","","TRUE","FALSE","(object, ...) ","MASS","NA","1.3.1","released",FALSE
"anova.loglm","closure","","TRUE","FALSE","(object, ..., test = c(""Chisq"", ""chisq"", ""LR"")) ","MASS","NA","1.3.1","released",FALSE
"anova.negbin","closure","","TRUE","FALSE","(object, ..., test = ""Chisq"") ","MASS","NA","1.3.1","released",FALSE
"area","closure","","TRUE","FALSE","(f, a, b, ..., fa = f(a, ...), fb = f(b, ...), limit = 10,     eps = 1e-05) ","MASS","NA","1.3.1","released",FALSE
"as.character.fractions","closure","","TRUE","FALSE","(x) ","MASS","NA","1.3.1","released",FALSE
"as.fractions","closure","","TRUE","FALSE","(x) ","MASS","NA","1.3.1","released",FALSE
"bandwidth.nrd","closure","","TRUE","FALSE","(x) ","MASS","NA","1.3.1","released",FALSE
"bcv","closure","","TRUE","FALSE","(x, nb = 1000, lower = 0.1 * hmax, upper = hmax) ","MASS","NA","1.3.1","released",FALSE
"biplot.bdr","closure","","TRUE","FALSE","(obs, bivars, col, cex = rep(par(""cex""), 2), olab = NULL,     vlab = NULL, xlim = NULL, ylim = NULL, ...) ","MASS","NA","1.3.1","released",FALSE
"biplot.correspondence","closure","","TRUE","FALSE","(obj, type = c(""symmetric"", ""rows"", ""columns""), ...) ","MASS","NA","1.3.1","released",FALSE
"boxcox","closure","","TRUE","FALSE","(object, ...) ","MASS","NA","1.3.1","released",FALSE
"boxcox.default","closure","","TRUE","FALSE","(object, lambda = seq(-2, 2, 1/10), plotit = length(dev.list()) >     0, interp = (plotit && (m < 100)), eps = 1/50, xlab = ""lambda"",     ylab = ""log-Likelihood"", ...) ","MASS","NA","1.3.1","released",FALSE
"boxcox.formula","closure","","TRUE","FALSE","(object, lambda = seq(-2, 2, 1/10), plotit = length(dev.list()) >     0, interp = (plotit && (m < 100)), eps = 1/50, xlab = ""lambda"",     ylab = ""log-Likelihood"", ...) ","MASS","NA","1.3.1","released",FALSE
"boxcox.lm","closure","","TRUE","FALSE","(object, lambda = seq(-2, 2, 1/10), plotit = length(dev.list()) >     0, interp = (plotit && (m < 100)), eps = 1/50, xlab = ""lambda"",     ylab = ""log-Likelihood"", ...) ","MASS","NA","1.3.1","released",FALSE
"coef.loglm","closure","","TRUE","FALSE","(object, ...) ","MASS","NA","1.3.1","released",FALSE
"confint","closure","","TRUE","FALSE","(object, parm, level = 0.95, ...) ","MASS","NA","1.3.1","released",FALSE
"confint.glm","closure","","TRUE","FALSE","(object, parm, level = 0.95, trace = FALSE, ...) ","MASS","NA","1.3.1","released",FALSE
"confint.lm","closure","","TRUE","FALSE","(object, parm, level = 0.95, ...) ","MASS","NA","1.3.1","released",FALSE
"confint.nls","closure","","TRUE","FALSE","(object, parm = seq(along = pnames), level = 0.95, ...) ","MASS","NA","1.3.1","released",FALSE
"confint.profile.glm","closure","","TRUE","FALSE","(object, parm = seq(along = pnames), level = 0.95, ...) ","MASS","NA","1.3.1","released",FALSE
"confint.profile.nls","closure","","TRUE","FALSE","(object, parm = seq(along = pnames), level = 0.95, ...) ","MASS","NA","1.3.1","released",FALSE
"contr.sdif","closure","","TRUE","FALSE","(n, contrasts = TRUE) ","MASS","NA","1.3.1","released",FALSE
"corresp","closure","","TRUE","FALSE","(x, ...) ","MASS","NA","1.3.1","released",FALSE
"corresp.crosstabs","closure","","TRUE","FALSE","(x, ...) ","MASS","NA","1.3.1","released",FALSE
"corresp.data.frame","closure","","TRUE","FALSE","(x, ...) ","MASS","NA","1.3.1","released",FALSE
"corresp.default","closure","","TRUE","FALSE","(x, ...) ","MASS","NA","1.3.1","released",FALSE
"corresp.factor","closure","","TRUE","FALSE","(x, y, ...) ","MASS","NA","1.3.1","released",FALSE
"corresp.formula","closure","","TRUE","FALSE","(formula, data = parent.frame(), ...) ","MASS","NA","1.3.1","released",FALSE
"corresp.matrix","closure","","TRUE","FALSE","(x, nf = 1, ...) ","MASS","NA","1.3.1","released",FALSE
"cov.trob","closure","","TRUE","FALSE","(x, wt = rep(1, n), cor = FALSE, center = TRUE, nu = 5,     maxit = 25, tol = 0.01) ","MASS","NA","1.3.1","released",FALSE
"denumerate","closure","","TRUE","FALSE","(x) ","MASS","NA","1.3.1","released",FALSE
"denumerate.formula","closure","","TRUE","FALSE","(x) ","MASS","NA","1.3.1","released",FALSE
"dose.p","closure","","TRUE","FALSE","(obj, cf = 1:2, p = 0.5) ","MASS","NA","1.3.1","released",FALSE
"dropterm","closure","","TRUE","FALSE","(object, ...) ","MASS","NA","1.3.1","released",FALSE
"dropterm.default","closure","","TRUE","FALSE","(object, scope, scale = 0, test = c(""none"", ""Chisq""),     k = 2, sorted = FALSE, trace = FALSE, ...) ","MASS","NA","1.3.1","released",FALSE
"dropterm.glm","closure","","TRUE","FALSE","(object, scope, scale = 0, test = c(""none"", ""Chisq"",     ""F""), k = 2, sorted = FALSE, trace = FALSE, ...) ","MASS","NA","1.3.1","released",FALSE
"dropterm.lm","closure","","TRUE","FALSE","(object, scope = drop.scope(object), scale = 0, test = c(""none"",     ""Chisq"", ""F""), k = 2, sorted = FALSE, ...) ","MASS","NA","1.3.1","released",FALSE
"dropterm.mlm","closure","","TRUE","FALSE","(object, ...) ","MASS","NA","1.3.1","released",FALSE
"dropterm.negbin","closure","","TRUE","FALSE","(object, ...) ","MASS","NA","1.3.1","released",FALSE
"dropterm.survreg","closure","","TRUE","FALSE","(object, ...) ","MASS","NA","1.3.1","released",FALSE
"enlist","closure","","TRUE","FALSE","(vec) ","MASS","NA","1.3.1","released",FALSE
"eqscplot","closure","","TRUE","FALSE","(x, y, ratio = 1, tol = 0.04, uin, xlim = range(x, na.rm = TRUE),     ylim = range(y, na.rm = TRUE), xlab, ylab, ...) ","MASS","NA","1.3.1","released",FALSE
"extractAIC.loglm","closure","","TRUE","FALSE","(fit, scale, k = 2, ...) ","MASS","NA","1.3.1","released",FALSE
"extractAIC.polr","closure","","TRUE","FALSE","(fit, scale = 0, k = 2, ...) ","MASS","NA","1.3.1","released",FALSE
"family.negbin","closure","","TRUE","FALSE","(object, ...) ","MASS","NA","1.3.1","released",FALSE
"fbeta","closure","","TRUE","FALSE","(x, alpha, beta) ","MASS","NA","1.3.1","released",FALSE
"fitted.loglm","closure","","TRUE","FALSE","(object, ...) ","MASS","NA","1.3.1","released",FALSE
"fractions","closure","","TRUE","FALSE","(x, ...) ","MASS","NA","1.3.1","released",FALSE
"frequency.polygon","closure","","TRUE","FALSE","(x, nclass = nclass.freq(x), xlab = """", ylab = """", ...) ","MASS","NA","1.3.1","released",FALSE
"gamma.dispersion","closure","","TRUE","FALSE","(object, ...) ","MASS","NA","1.3.1","released",FALSE
"gamma.shape","closure","","TRUE","FALSE","(object, ...) ","MASS","NA","1.3.1","released",FALSE
"gamma.shape.glm","closure","","TRUE","FALSE","(object, it.lim = 10, eps.max = .Machine$double.eps^0.25,     verbose = FALSE, ...) ","MASS","NA","1.3.1","released",FALSE
"ginv","closure","","TRUE","FALSE","(X, tol = sqrt(.Machine$double.eps)) ","MASS","NA","1.3.1","released",FALSE
"glm.convert","closure","","TRUE","FALSE","(object) ","MASS","NA","1.3.1","released",FALSE
"glm.nb","closure","","TRUE","FALSE","(formula = formula(data), data = parent.frame(), weights,     subset, na.action, start = eta, control = glm.control(...),     method = ""glm.fit"", model = FALSE, x = FALSE, y = TRUE, contrasts = NULL,     ..., init.theta, link = log) ","MASS","NA","1.3.1","released",FALSE
"hist.FD","closure","","TRUE","FALSE","(x, prob = TRUE, xlab = deparse(substitute(x)), ...) ","MASS","NA","1.3.1","released",FALSE
"hist.scott","closure","","TRUE","FALSE","(x, prob = TRUE, xlab = deparse(substitute(x)), ...) ","MASS","NA","1.3.1","released",FALSE
"hsreg","closure","","TRUE","FALSE","(x, y, w = rep(1, nrow(x)), k = 1.345, wx, maxit = 20,     sw = 1000, acc = .Machine$double.eps^0.25, test.vec = ""resid"",     ...) ","MASS","NA","1.3.1","released",FALSE
"huber","closure","","TRUE","FALSE","(y, k = 1.5, tol = 1e-06) ","MASS","NA","1.3.1","released",FALSE
"hubers","closure","","TRUE","FALSE","(y, k = 1.5, mu, s, initmu = median(y), tol = 1e-06) ","MASS","NA","1.3.1","released",FALSE
"is.fractions","closure","","TRUE","FALSE","(f) ","MASS","NA","1.3.1","released",FALSE
"isoMDS","closure","","TRUE","FALSE","(d, y = cmdscale(d, 2), maxit = 50, trace = TRUE) ","MASS","NA","1.3.1","released",FALSE
"kde2d","closure","","TRUE","FALSE","(x, y, h, n = 25, lims = c(range(x), range(y))) ","MASS","NA","1.3.1","released",FALSE
"lda","closure","","TRUE","FALSE","(x, ...) ","MASS","NA","1.3.1","released",FALSE
"lda.data.frame","closure","","TRUE","FALSE","(x, ...) ","MASS","NA","1.3.1","released",FALSE
"lda.default","closure","","TRUE","FALSE","(x, grouping, prior = proportions, tol = 1e-04, method = c(""moment"",     ""mle"", ""mve"", ""t""), CV = FALSE, nu = 5, ...) ","MASS","NA","1.3.1","released",FALSE
"lda.formula","closure","","TRUE","FALSE","(formula, data = NULL, ..., subset, na.action = na.fail) ","MASS","NA","1.3.1","released",FALSE
"lda.matrix","closure","","TRUE","FALSE","(x, grouping, ..., subset, na.action = na.fail) ","MASS","NA","1.3.1","released",FALSE
"ldahist","closure","","TRUE","FALSE","(data, g, nbins = 25, h, x0 = -h/1000, breaks, xlim = range(breaks),     ymax = 0, width, type = c(""histogram"", ""density"", ""both""),     sep = (type != ""density""), col = 5, xlab = deparse(substitute(data)),     bty = ""n"", ...) ","MASS","NA","1.3.1","released",FALSE
"lm.gls","closure","","TRUE","FALSE","(formula, data, W, subset, na.action, inverse = FALSE,     method = ""qr"", model = FALSE, x = FALSE, y = FALSE, contrasts = NULL,     ...) ","MASS","NA","1.3.1","released",FALSE
"lm.ridge","closure","","TRUE","FALSE","(formula, data, subset, na.action, lambda = 0, model = FALSE,     x = FALSE, y = FALSE, contrasts = NULL, ...) ","MASS","NA","1.3.1","released",FALSE
"lmwork","closure","","TRUE","FALSE","(object) ","MASS","NA","1.3.1","released",FALSE
"loglm","closure","","TRUE","FALSE","(formula, data = parent.frame(), subset, na.action,     ...) ","MASS","NA","1.3.1","released",FALSE
"loglm1","closure","","TRUE","FALSE","(formula, data, ...) ","MASS","NA","1.3.1","released",FALSE
"loglm1.data.frame","closure","","TRUE","FALSE","(formula, data, ...) ","MASS","NA","1.3.1","released",FALSE
"loglm1.default","closure","","TRUE","FALSE","(formula, data, start = rep(1, length(data)), fitted = FALSE,     keep.frequencies = fitted, param = TRUE, eps = 1/10, iter = 40,     print = FALSE, ...) ","MASS","NA","1.3.1","released",FALSE
"loglm1.xtabs","closure","","TRUE","FALSE","(formula, data, ...) ","MASS","NA","1.3.1","released",FALSE
"logtrans","closure","","TRUE","FALSE","(object, ...) ","MASS","NA","1.3.1","released",FALSE
"logtrans.default","closure","","TRUE","FALSE","(object, ..., alpha = seq(0.5, 6, by = 0.25) - min(y),     plotit = length(dev.list()) > 0, interp = (plotit && (m <         100)), xlab = ""alpha"", ylab = ""log Likelihood"") ","MASS","NA","1.3.1","released",FALSE
"logtrans.formula","closure","","TRUE","FALSE","(object, data = NULL, ...) ","MASS","NA","1.3.1","released",FALSE
"logtrans.lm","closure","","TRUE","FALSE","(object, ...) ","MASS","NA","1.3.1","released",FALSE
"mca","closure","","TRUE","FALSE","(df, nf = 2, abbrev = FALSE) ","MASS","NA","1.3.1","released",FALSE
"model.frame.lda","closure","","TRUE","FALSE","(formula, data = NULL, na.action = NULL, ...) ","MASS","NA","1.3.1","released",FALSE
"model.frame.polr","closure","","TRUE","FALSE","(formula, data, na.action, ...) ","MASS","NA","1.3.1","released",FALSE
"model.frame.qda","closure","","TRUE","FALSE","(formula, data = NULL, na.action = NULL, ...) ","MASS","NA","1.3.1","released",FALSE
"mvrnorm","closure","","TRUE","FALSE","(n = 1, mu, Sigma, tol = 1e-06, empirical = FALSE) ","MASS","NA","1.3.1","released",FALSE
"nclass.FD","closure","","TRUE","FALSE","(x) ","MASS","NA","1.3.1","released",FALSE
"nclass.freq","closure","","TRUE","FALSE","(x) ","MASS","NA","1.3.1","released",FALSE
"nclass.scott","closure","","TRUE","FALSE","(x) ","MASS","NA","1.3.1","released",FALSE
"neg.bin","closure","","TRUE","FALSE","(theta = stop(""theta must be given"")) ","MASS","NA","1.3.1","released",FALSE
"negative.binomial","closure","","TRUE","FALSE","(theta = stop(""theta must be specified""), link = ""log"") ","MASS","NA","1.3.1","released",FALSE
"negexp.SSival","closure","","TRUE","FALSE","(mCall, data, LHS) ","MASS","NA","1.3.1","released",FALSE
"orlm","closure","","TRUE","FALSE","(formula, data, weights, subset, na.action, method = ""qr"",     model = FALSE, x = FALSE, y = FALSE, ...) ","MASS","NA","1.3.1","released",FALSE
"pairs.lda","closure","","TRUE","FALSE","(x, labels = colnames(x), panel = panel.lda, dimen,     abbrev = FALSE, ..., cex = 0.7, type = c(""std"", ""trellis"")) ","MASS","NA","1.3.1","released",FALSE
"pairs.profile","closure","","TRUE","FALSE","(x, colours = 2:3, ...) ","MASS","NA","1.3.1","released",FALSE
"plot.correspondence","closure","","TRUE","FALSE","(x, scale = 1, ...) ","MASS","NA","1.3.1","released",FALSE
"plot.lda","closure","","TRUE","FALSE","(x, panel = panel.lda, ..., cex = 0.7, dimen, abbrev = FALSE,     xlab = ""LD1"", ylab = ""LD2"") ","MASS","NA","1.3.1","released",FALSE
"plot.mca","closure","","TRUE","FALSE","(x, rows = TRUE, col, cex = par(""cex""), ...) ","MASS","NA","1.3.1","released",FALSE
"plot.profile","closure","","TRUE","FALSE","(x, nseg, ...) ","MASS","NA","1.3.1","released",FALSE
"plot.ridgelm","closure","","TRUE","FALSE","(x, ...) ","MASS","NA","1.3.1","released",FALSE
"polr","closure","","TRUE","FALSE","(formula, data = NULL, weights, start, ..., subset,     na.action = na.fail, contrasts = NULL, Hess = FALSE) ","MASS","NA","1.3.1","released",FALSE
"predict.lda","closure","","TRUE","FALSE","(object, newdata, prior = object$prior, dimen, method = c(""plug-in"",     ""predictive"", ""debiased""), ...) ","MASS","NA","1.3.1","released",FALSE
"predict.mca","closure","","TRUE","FALSE","(object, newdata, type = c(""row"", ""factor""), ...) ","MASS","NA","1.3.1","released",FALSE
"predict.polr","closure","","TRUE","FALSE","(object, newdata, type = c(""class"", ""probs""), ...) ","MASS","NA","1.3.1","released",FALSE
"predict.qda","closure","","TRUE","FALSE","(object, newdata, prior = object$prior, method = c(""plug-in"",     ""predictive"", ""debiased"", ""looCV""), ...) ","MASS","NA","1.3.1","released",FALSE
"print.Anova","closure","","TRUE","FALSE","(x, ...) ","MASS","NA","1.3.1","released",FALSE
"print.abbrev","closure","","TRUE","FALSE","(x, ...) ","MASS","NA","1.3.1","released",FALSE
"print.anova.loglm","closure","","TRUE","FALSE","(x, ...) ","MASS","NA","1.3.1","released",FALSE
"print.correspondence","closure","","TRUE","FALSE","(x, ...) ","MASS","NA","1.3.1","released",FALSE
"print.fractions","closure","","TRUE","FALSE","(x, ...) ","MASS","NA","1.3.1","released",FALSE
"print.gamma.shape","closure","","TRUE","FALSE","(x, ...) ","MASS","NA","1.3.1","released",FALSE
"print.glm.dose","closure","","TRUE","FALSE","(x, ...) ","MASS","NA","1.3.1","released",FALSE
"print.lda","closure","","TRUE","FALSE","(x, ...) ","MASS","NA","1.3.1","released",FALSE
"print.loglm","closure","","TRUE","FALSE","(x, ...) ","MASS","NA","1.3.1","released",FALSE
"print.mca","closure","","TRUE","FALSE","(x, ...) ","MASS","NA","1.3.1","released",FALSE
"print.orlm","closure","","TRUE","FALSE","(x, ...) ","MASS","NA","1.3.1","released",FALSE
"print.polr","closure","","TRUE","FALSE","(x, ...) ","MASS","NA","1.3.1","released",FALSE
"print.qda","closure","","TRUE","FALSE","(x, ...) ","MASS","NA","1.3.1","released",FALSE
"print.ridgelm","closure","","TRUE","FALSE","(x, ...) ","MASS","NA","1.3.1","released",FALSE
"print.rlm","closure","","TRUE","FALSE","(x, ...) ","MASS","NA","1.3.1","released",FALSE
"print.summary.loglm","closure","","TRUE","FALSE","(x, ...) ","MASS","NA","1.3.1","released",FALSE
"print.summary.negbin","closure","","TRUE","FALSE","(x, ...) ","MASS","NA","1.3.1","released",FALSE
"print.summary.polr","closure","","TRUE","FALSE","(x, digits = x$digits, ...) ","MASS","NA","1.3.1","released",FALSE
"print.summary.rlm","closure","","TRUE","FALSE","(x, digits = max(3, .Options$digits - 3), ...) ","MASS","NA","1.3.1","released",FALSE
"profile.glm","closure","","TRUE","FALSE","(fitted, which = 1:p, alpha = 0.01, maxsteps = 10, del = zmax/5,     trace = FALSE, ...) ","MASS","NA","1.3.1","released",FALSE
"psi.bisquare","closure","","TRUE","FALSE","(u, c = 4.685, deriv = 0) ","MASS","NA","1.3.1","released",FALSE
"psi.hampel","closure","","TRUE","FALSE","(u, a = 2, b = 4, c = 8, deriv = 0) ","MASS","NA","1.3.1","released",FALSE
"psi.huber","closure","","TRUE","FALSE","(u, k = 1.345, deriv = 0) ","MASS","NA","1.3.1","released",FALSE
"qda","closure","","TRUE","FALSE","(x, ...) ","MASS","NA","1.3.1","released",FALSE
"qda.data.frame","closure","","TRUE","FALSE","(x, ...) ","MASS","NA","1.3.1","released",FALSE
"qda.default","closure","","TRUE","FALSE","(x, grouping, prior = proportions, method = c(""moment"",     ""mle"", ""mve"", ""t""), CV = FALSE, nu = 5, ...) ","MASS","NA","1.3.1","released",FALSE
"qda.formula","closure","","TRUE","FALSE","(formula, data = NULL, ..., subset, na.action = na.fail) ","MASS","NA","1.3.1","released",FALSE
"qda.matrix","closure","","TRUE","FALSE","(x, grouping, ..., subset, na.action = na.fail) ","MASS","NA","1.3.1","released",FALSE
"rational","closure","","TRUE","FALSE","(x, ...) ","MASS","NA","1.3.1","released",FALSE
"renumerate","closure","","TRUE","FALSE","(x) ","MASS","NA","1.3.1","released",FALSE
"renumerate.formula","closure","","TRUE","FALSE","(x) ","MASS","NA","1.3.1","released",FALSE
"residuals.loglm","closure","","TRUE","FALSE","(object, type = c(""deviance"", ""pearson"", ""response""),     ...) ","MASS","NA","1.3.1","released",FALSE
"rlm","closure","","TRUE","FALSE","(x, ...) ","MASS","NA","1.3.1","released",FALSE
"rlm.default","closure","","TRUE","FALSE","(x, y, weights, ..., w = rep(1, nrow(x)), init = ""ls"",     psi = psi.huber, scale.est = c(""MAD"", ""Huber"", ""proposal 2""),     k2 = 1.345, method = c(""M"", ""MM""), wt.method = c(""case"",         ""inv.var""), maxit = 20, acc = 1e-04, test.vec = ""resid"") ","MASS","NA","1.3.1","released",FALSE
"rlm.formula","closure","","TRUE","FALSE","(formula, data = NULL, weights, ..., subset, na.action = na.fail,     method = c(""M"", ""MM"", ""model.frame""), wt.method = c(""case"",         ""inv.var""), model = TRUE, x.ret = TRUE, y.ret = FALSE,     contrasts = NULL) ","MASS","NA","1.3.1","released",FALSE
"rnegbin","closure","","TRUE","FALSE","(n, mu = n, theta = stop(""theta must be given"")) ","MASS","NA","1.3.1","released",FALSE
"sammon","closure","","TRUE","FALSE","(d, y, k = 2, niter = 100, trace = TRUE, magic = 0.2,     tol = 1e-04) ","MASS","NA","1.3.1","released",FALSE
"select","closure","","TRUE","FALSE","(obj) ","MASS","NA","1.3.1","released",FALSE
"select.ridgelm","closure","","TRUE","FALSE","(obj) ","MASS","NA","1.3.1","released",FALSE
"stdres","closure","","TRUE","FALSE","(object) ","MASS","NA","1.3.1","released",FALSE
"stepAIC","closure","","TRUE","FALSE","(object, scope, scale = 0, direction = c(""both"", ""backward"",     ""forward""), trace = 1, keep = NULL, steps = 1000, use.start = FALSE,     k = 2, ...) ","MASS","NA","1.3.1","released",FALSE
"studres","closure","","TRUE","FALSE","(object) ","MASS","NA","1.3.1","released",FALSE
"summary.loglm","closure","","TRUE","FALSE","(object, fitted = FALSE, ...) ","MASS","NA","1.3.1","released",FALSE
"summary.negbin","closure","","TRUE","FALSE","(object, dispersion = 1, correlation = TRUE, ...) ","MASS","NA","1.3.1","released",FALSE
"summary.orlm","closure","","TRUE","FALSE","(object, ...) ","MASS","NA","1.3.1","released",FALSE
"summary.polr","closure","","TRUE","FALSE","(object, digits = max(3, .Options$digits - 3), correlation = FALSE,     ...) ","MASS","NA","1.3.1","released",FALSE
"summary.rlm","closure","","TRUE","FALSE","(object, method = c(""XtX"", ""XtWX""), correlation = TRUE,     ...) ","MASS","NA","1.3.1","released",FALSE
"t.fractions","closure","","TRUE","FALSE","(x) ","MASS","NA","1.3.1","released",FALSE
"theta.md","closure","","TRUE","FALSE","(y, u, dfr, limit = 20, eps = .Machine$double.eps^0.25) ","MASS","NA","1.3.1","released",FALSE
"theta.ml","closure","","TRUE","FALSE","(y, mu, n = length(y), limit = 10, eps = .Machine$double.eps^0.25,     trace = FALSE) ","MASS","NA","1.3.1","released",FALSE
"theta.mm","closure","","TRUE","FALSE","(y, u, dfr, limit = 10, eps = .Machine$double.eps^0.25) ","MASS","NA","1.3.1","released",FALSE
"truehist","closure","","TRUE","FALSE","(data, nbins = nclass.scott(data), h, x0 = -h/1000,     breaks, prob = TRUE, xlim = range(breaks), ymax = max(est),     col = 5, xlab = deparse(substitute(data)), bty = ""n"", ...) ","MASS","NA","1.3.1","released",FALSE
"ucv","closure","","TRUE","FALSE","(x, nb = 1000, lower = 0.1 * hmax, upper = hmax) ","MASS","NA","1.3.1","released",FALSE
"update.loglm","closure","","TRUE","FALSE","(object, formula, ...) ","MASS","NA","1.3.1","released",FALSE
"vcov","closure","","TRUE","FALSE","(object, ...) ","MASS","NA","1.3.1","released",FALSE
"vcov.glm","closure","","TRUE","FALSE","(object, ...) ","MASS","NA","1.3.1","released",FALSE
"vcov.lm","closure","","TRUE","FALSE","(object, ...) ","MASS","NA","1.3.1","released",FALSE
"vcov.nls","closure","","TRUE","FALSE","(object, ...) ","MASS","NA","1.3.1","released",FALSE
"vcov.polr","closure","","TRUE","FALSE","(object, ...) ","MASS","NA","1.3.1","released",FALSE
"width.SJ","closure","","TRUE","FALSE","(x, nb = 1000, lower = 0.1 * hmax, upper = hmax, method = c(""ste"",     ""dpi"")) ","MASS","NA","1.3.1","released",FALSE
"write.matrix","closure","","TRUE","FALSE","(x, file = """", sep = "" "") ","MASS","NA","1.3.1","released",FALSE
"wt.huber","closure","","TRUE","FALSE","(u, c = 1.345) ","MASS","NA","1.3.1","released",FALSE
"!","builtin","","TRUE","NA","","base","NA","1.3.1","released",FALSE
"!=","builtin","","TRUE","NA","","base","NA","1.3.1","released",FALSE
"$","special","","TRUE","NA","","base","NA","1.3.1","released",FALSE
"$<-","special","","TRUE","NA","","base","NA","1.3.1","released",FALSE
"%%","builtin","","TRUE","NA","","base","NA","1.3.1","released",FALSE
"%*%","builtin","","TRUE","NA","","base","NA","1.3.1","released",FALSE
"%/%","builtin","","TRUE","NA","","base","NA","1.3.1","released",FALSE
"%in%","closure","","TRUE","FALSE","(x, table) ","base","NA","1.3.1","released",FALSE
"%o%","closure","","TRUE","FALSE","(X, Y, FUN = ""*"", ...) ","base","NA","1.3.1","released",FALSE
"%x%","closure","","TRUE","FALSE","(X, Y, FUN = ""*"", make.dimnames = FALSE, ...) ","base","NA","1.3.1","released",FALSE
"&","builtin","","TRUE","NA","","base","NA","1.3.1","released",FALSE
"&&","special","","TRUE","NA","","base","NA","1.3.1","released",FALSE
"(","builtin","","TRUE","NA","","base","NA","1.3.1","released",FALSE
"*","builtin","","TRUE","NA","","base","NA","1.3.1","released",FALSE
"+","builtin","","TRUE","NA","","base","NA","1.3.1","released",FALSE
"+.POSIXt","closure","","TRUE","FALSE","(e1, e2) ","base","NA","1.3.1","released",FALSE
"-","builtin","","TRUE","NA","","base","NA","1.3.1","released",FALSE
"-.POSIXct","closure","","TRUE","FALSE","(e1, e2) ","base","NA","1.3.1","released",FALSE
"-.POSIXlt","closure","","TRUE","FALSE","(e1, e2) ","base","NA","1.3.1","released",FALSE
"-.POSIXt","closure","","TRUE","FALSE","(e1, e2) ","base","NA","1.3.1","released",FALSE
".Alias","builtin","","TRUE","NA","","base","NA","1.3.1","released", TRUE
".AutoloadEnv","environment","","TRUE","FALSE","NA","base","NA","1.3.1","released", TRUE
".C","builtin","","TRUE","NA","","base","NA","1.3.1","released", TRUE
".Call","builtin","","TRUE","NA","","base","NA","1.3.1","released", TRUE
".Call.graphics","builtin","","TRUE","NA","","base","NA","1.3.1","released", TRUE
".Defunct","closure","","TRUE","FALSE","() ","base","NA","1.3.1","released", TRUE
".Deprecated","closure","","TRUE","FALSE","(new) ","base","NA","1.3.1","released", TRUE
".Device","character","","TRUE","FALSE","NA","base","NA","1.3.1","released", TRUE
".Devices","pairlist","","TRUE","FALSE","NA","base","NA","1.3.1","released", TRUE
".External","builtin","","TRUE","NA","","base","NA","1.3.1","released", TRUE
".External.graphics","builtin","","TRUE","NA","","base","NA","1.3.1","released", TRUE
".First","closure","","TRUE","FALSE","() ","base","NA","1.3.1","released", TRUE
".Fortran","builtin","","TRUE","NA","","base","NA","1.3.1","released", TRUE
".GlobalEnv","environment","","TRUE","FALSE","NA","base","NA","1.3.1","released", TRUE
".Internal","special","","TRUE","NA","","base","NA","1.3.1","released", TRUE
".Last.value","NULL","","TRUE","FALSE","NA","base","NA","1.3.1","released", TRUE
".Library","character","","TRUE","FALSE","NA","base","NA","1.3.1","released", TRUE
".Machine","list","","TRUE","FALSE","NA","base","NA","1.3.1","released", TRUE
".NotYetImplemented","closure","","TRUE","FALSE","() ","base","NA","1.3.1","released", TRUE
".NotYetUsed","closure","","TRUE","FALSE","(arg, error = TRUE) ","base","NA","1.3.1","released", TRUE
".Options","pairlist","","TRUE","FALSE","NA","base","NA","1.3.1","released", TRUE
".Pars","character","","TRUE","FALSE","NA","base","NA","1.3.1","released", TRUE
".Pars.readonly","character","","TRUE","FALSE","NA","base","NA","1.3.1","released", TRUE
".Platform","list","","TRUE","FALSE","NA","base","NA","1.3.1","released", TRUE
".PostScript.Options","list","","TRUE","FALSE","NA","base","NA","1.3.1","released", TRUE
".Primitive","builtin","","TRUE","NA","","base","NA","1.3.1","released", TRUE
".Script","closure","","TRUE","FALSE","(interpreter, script, args, ...) ","base","NA","1.3.1","released", TRUE
".find.package","closure","","TRUE","FALSE","(package, lib.loc = .lib.loc, use.attached, quiet = FALSE) ","base","NA","1.3.1","released", TRUE
".leap.seconds","double","POSIXt/POSIXct","TRUE","FALSE","NA","base","NA","1.3.1","released", TRUE
".lib.loc","character","","TRUE","FALSE","NA","base","NA","1.3.1","released", TRUE
".packages","closure","","TRUE","FALSE","(all.available = FALSE, lib.loc = .lib.loc) ","base","NA","1.3.1","released", TRUE
".path.package","closure","","TRUE","FALSE","(package = .packages(), quiet = FALSE) ","base","NA","1.3.1","released", TRUE
".ps.prolog","character","","TRUE","FALSE","NA","base","NA","1.3.1","released", TRUE
"/","builtin","","TRUE","NA","","base","NA","1.3.1","released",FALSE
":","builtin","","TRUE","NA","","base","NA","1.3.1","released",FALSE
"<","builtin","","TRUE","NA","","base","NA","1.3.1","released",FALSE
"<-","special","","TRUE","NA","","base","NA","1.3.1","released",FALSE
"<<-","special","","TRUE","NA","","base","NA","1.3.1","released",FALSE
"<=","builtin","","TRUE","NA","","base","NA","1.3.1","released",FALSE
"==","builtin","","TRUE","NA","","base","NA","1.3.1","released",FALSE
">","builtin","","TRUE","NA","","base","NA","1.3.1","released",FALSE
">=","builtin","","TRUE","NA","","base","NA","1.3.1","released",FALSE
"AIC","closure","","TRUE","FALSE","(object, ..., k = 2) ","base","NA","1.3.1","released",FALSE
"AIC.lm","closure","","TRUE","FALSE","(object, ..., k = 2) ","base","NA","1.3.1","released",FALSE
"AIC.logLik","closure","","TRUE","FALSE","(object, ..., k = 2) ","base","NA","1.3.1","released",FALSE
"Arg","builtin","","TRUE","NA","","base","NA","1.3.1","released",FALSE
"C","closure","","TRUE","FALSE","(object, contr, how.many, ...) ","base","NA","1.3.1","released",FALSE
"CRAN.packages","closure","","TRUE","FALSE","(CRAN = getOption(""CRAN""), method, contriburl = contrib.url(CRAN)) ","base","NA","1.3.1","released",FALSE
"Conj","builtin","","TRUE","NA","","base","NA","1.3.1","released",FALSE
"D","closure","","TRUE","FALSE","(expr, name) ","base","NA","1.3.1","released",FALSE
"F","logical","","TRUE","FALSE","NA","base","NA","1.3.1","released",FALSE
"GNOME","closure","","TRUE","FALSE","(display = """", width = 7, height = 7, pointsize = 12) ","base","NA","1.3.1","released",FALSE
"GTK","closure","","TRUE","FALSE","(display = """", width = 7, height = 7, pointsize = 12) ","base","NA","1.3.1","released",FALSE
"Gamma","closure","","TRUE","FALSE","(link = ""inverse"") ","base","NA","1.3.1","released",FALSE
"Hershey","list","","TRUE","FALSE","NA","base","NA","1.3.1","released",FALSE
"I","closure","","TRUE","FALSE","(x) ","base","NA","1.3.1","released",FALSE
"IQR","closure","","TRUE","FALSE","(x, na.rm = FALSE) ","base","NA","1.3.1","released",FALSE
"ISOLatin1","integer","","TRUE","FALSE","NA","base","NA","1.3.1","released",FALSE
"ISOdate","closure","","TRUE","FALSE","(year, month, day, hour = 12, min = 0, sec = 0, tz = ""GMT"") ","base","NA","1.3.1","released",FALSE
"ISOdatetime","closure","","TRUE","FALSE","(year, month, day, hour, min, sec, tz = """") ","base","NA","1.3.1","released",FALSE
"Im","builtin","","TRUE","NA","","base","NA","1.3.1","released",FALSE
"LETTERS","character","","TRUE","FALSE","NA","base","NA","1.3.1","released",FALSE
"La.eigen","closure","","TRUE","FALSE","(x, symmetric, only.values = FALSE) ","base","NA","1.3.1","released",FALSE
"La.svd","closure","","TRUE","FALSE","(x, nu = min(n, p), nv = min(n, p)) ","base","NA","1.3.1","released",FALSE
"MacRoman","integer","","TRUE","FALSE","NA","base","NA","1.3.1","released",FALSE
"Machine","closure","","TRUE","FALSE","() ","base","NA","1.3.1","released",FALSE
"Math.POSIXt","closure","","TRUE","FALSE","(x, ...) ","base","NA","1.3.1","released",FALSE
"Math.data.frame","closure","","TRUE","FALSE","(x, ...) ","base","NA","1.3.1","released",FALSE
"Math.factor","closure","","TRUE","FALSE","(x, ...) ","base","NA","1.3.1","released",FALSE
"Mod","builtin","","TRUE","NA","","base","NA","1.3.1","released",FALSE
"NCOL","closure","","TRUE","FALSE","(x) ","base","NA","1.3.1","released",FALSE
"NROW","closure","","TRUE","FALSE","(x) ","base","NA","1.3.1","released",FALSE
"NextMethod","closure","","TRUE","FALSE","(generic = NULL, object = NULL, ...) ","base","NA","1.3.1","released",FALSE
"Ops.POSIXct","closure","","TRUE","FALSE","(e1, e2) ","base","NA","1.3.1","released",FALSE
"Ops.POSIXlt","closure","","TRUE","FALSE","(e1, e2) ","base","NA","1.3.1","released",FALSE
"Ops.POSIXt","closure","","TRUE","FALSE","(e1, e2) ","base","NA","1.3.1","released",FALSE
"Ops.data.frame","closure","","TRUE","FALSE","(e1, e2 = NULL) ","base","NA","1.3.1","released",FALSE
"Ops.factor","closure","","TRUE","FALSE","(e1, e2) ","base","NA","1.3.1","released",FALSE
"Ops.ordered","closure","","TRUE","FALSE","(e1, e2) ","base","NA","1.3.1","released",FALSE
"Platform","closure","","TRUE","FALSE","() ","base","NA","1.3.1","released",FALSE
"R.Version","closure","","TRUE","FALSE","() ","base","NA","1.3.1","released",FALSE
"R.home","closure","","TRUE","FALSE","() ","base","NA","1.3.1","released",FALSE
"R.version","list","simple.list","TRUE","FALSE","NA","base","NA","1.3.1","released",FALSE
"R.version.string","character","","TRUE","FALSE","NA","base","NA","1.3.1","released",FALSE
"RNGkind","closure","","TRUE","FALSE","(kind = NULL, normal.kind = NULL) ","base","NA","1.3.1","released",FALSE
"Re","builtin","","TRUE","NA","","base","NA","1.3.1","released",FALSE
"Recall","closure","","TRUE","FALSE","(...) ","base","NA","1.3.1","released",FALSE
"Rprof","closure","","TRUE","FALSE","(filename = ""Rprof.out"", append = FALSE, interval = 0.02) ","base","NA","1.3.1","released",FALSE
"Summary.POSIXct","closure","","TRUE","FALSE","(x, ...) ","base","NA","1.3.1","released",FALSE
"Summary.POSIXlt","closure","","TRUE","FALSE","(x, ...) ","base","NA","1.3.1","released",FALSE
"Summary.data.frame","closure","","TRUE","FALSE","(x, ...) ","base","NA","1.3.1","released",FALSE
"Summary.factor","closure","","TRUE","FALSE","(x, ...) ","base","NA","1.3.1","released",FALSE
"Sys.getenv","closure","","TRUE","FALSE","(x) ","base","NA","1.3.1","released",FALSE
"Sys.getlocale","closure","","TRUE","FALSE","(category = ""LC_ALL"") ","base","NA","1.3.1","released",FALSE
"Sys.info","closure","","TRUE","FALSE","() ","base","NA","1.3.1","released",FALSE
"Sys.localeconv","closure","","TRUE","FALSE","() ","base","NA","1.3.1","released",FALSE
"Sys.putenv","closure","","TRUE","FALSE","(...) ","base","NA","1.3.1","released",FALSE
"Sys.setlocale","closure","","TRUE","FALSE","(category = ""LC_ALL"", locale = """") ","base","NA","1.3.1","released",FALSE
"Sys.sleep","closure","","TRUE","FALSE","(time) ","base","NA","1.3.1","released",FALSE
"Sys.time","closure","","TRUE","FALSE","() ","base","NA","1.3.1","released",FALSE
"Sys.timezone","closure","","TRUE","FALSE","() ","base","NA","1.3.1","released",FALSE
"T","logical","","TRUE","FALSE","NA","base","NA","1.3.1","released",FALSE
"UseMethod","special","","TRUE","NA","","base","NA","1.3.1","released",FALSE
"Version","closure","","TRUE","FALSE","() ","base","NA","1.3.1","released",FALSE
"WinAnsi","integer","","TRUE","FALSE","NA","base","NA","1.3.1","released",FALSE
"X11","closure","","TRUE","FALSE","(display = """", width = 7, height = 7, pointsize = 12,     gamma = 1, colortype = getOption(""X11colortype""), maxcubesize = 256) ","base","NA","1.3.1","released",FALSE
"[","special","","TRUE","NA","","base","NA","1.3.1","released",FALSE
"[.AsIs","closure","","TRUE","FALSE","(x, i, ...) ","base","NA","1.3.1","released",FALSE
"[.POSIXct","closure","","TRUE","FALSE","(x, ..., drop = TRUE) ","base","NA","1.3.1","released",FALSE
"[.data.frame","closure","","TRUE","FALSE","(x, i, j, drop = if (missing(i)) TRUE else length(cols) ==     1) ","base","NA","1.3.1","released",FALSE
"[.factor","closure","","TRUE","FALSE","(x, i, drop = FALSE) ","base","NA","1.3.1","released",FALSE
"[.formula","closure","","TRUE","FALSE","(x, i) ","base","NA","1.3.1","released",FALSE
"[.noquote","closure","","TRUE","FALSE","(x, ...) ","base","NA","1.3.1","released",FALSE
"[.ts","closure","","TRUE","FALSE","(x, i, j, drop = TRUE) ","base","NA","1.3.1","released",FALSE
"[<-","special","","TRUE","NA","","base","NA","1.3.1","released",FALSE
"[<-.POSIXct","closure","","TRUE","FALSE","(x, ..., value) ","base","NA","1.3.1","released",FALSE
"[<-.data.frame","closure","","TRUE","FALSE","(x, i, j, value) ","base","NA","1.3.1","released",FALSE
"[<-.factor","closure","","TRUE","FALSE","(x, i, value) ","base","NA","1.3.1","released",FALSE
"[[","special","","TRUE","NA","","base","NA","1.3.1","released",FALSE
"[[.POSIXct","closure","","TRUE","FALSE","(x, ..., drop = TRUE) ","base","NA","1.3.1","released",FALSE
"[[.data.frame","closure","","TRUE","FALSE","(x, ...) ","base","NA","1.3.1","released",FALSE
"[[<-","special","","TRUE","NA","","base","NA","1.3.1","released",FALSE
"[[<-.data.frame","closure","","TRUE","FALSE","(x, i, j, value) ","base","NA","1.3.1","released",FALSE
"^","builtin","","TRUE","NA","","base","NA","1.3.1","released",FALSE
"abbreviate","closure","","TRUE","FALSE","(names.arg, minlength = 4, use.classes = TRUE, dot = FALSE) ","base","NA","1.3.1","released",FALSE
"abline","closure","","TRUE","FALSE","(a = NULL, b = NULL, h = NULL, v = NULL, reg = NULL,     coef = NULL, untf = FALSE, col = par(""col""), lty = par(""lty""),     lwd = NULL, ...) ","base","NA","1.3.1","released",FALSE
"abs","builtin","","TRUE","NA","","base","NA","1.3.1","released",FALSE
"acos","builtin","","TRUE","NA","","base","NA","1.3.1","released",FALSE
"acosh","builtin","","TRUE","NA","","base","NA","1.3.1","released",FALSE
"add.scope","closure","","TRUE","FALSE","(terms1, terms2) ","base","NA","1.3.1","released",FALSE
"add1","closure","","TRUE","FALSE","(object, scope, ...) ","base","NA","1.3.1","released",FALSE
"add1.default","closure","","TRUE","FALSE","(object, scope, scale = 0, test = c(""none"", ""Chisq""),     k = 2, trace = FALSE, ...) ","base","NA","1.3.1","released",FALSE
"add1.glm","closure","","TRUE","FALSE","(object, scope, scale = 0, test = c(""none"", ""Chisq"",     ""F""), x = NULL, k = 2, ...) ","base","NA","1.3.1","released",FALSE
"add1.lm","closure","","TRUE","FALSE","(object, scope, scale = 0, test = c(""none"", ""Chisq"",     ""F""), x = NULL, k = 2, ...) ","base","NA","1.3.1","released",FALSE
"add1.mlm","closure","","TRUE","FALSE","(...) ","base","NA","1.3.1","released",FALSE
"aggregate","closure","","TRUE","FALSE","(x, ...) ","base","NA","1.3.1","released",FALSE
"aggregate.data.frame","closure","","TRUE","FALSE","(x, by, FUN, ...) ","base","NA","1.3.1","released",FALSE
"aggregate.default","closure","","TRUE","FALSE","(x, ...) ","base","NA","1.3.1","released",FALSE
"aggregate.ts","closure","","TRUE","FALSE","(x, nfrequency = 1, FUN = sum, ndeltat = 1, ts.eps = getOption(""ts.eps"")) ","base","NA","1.3.1","released",FALSE
"alias","closure","","TRUE","FALSE","(object, ...) ","base","NA","1.3.1","released",FALSE
"alias.formula","closure","","TRUE","FALSE","(object, data, ...) ","base","NA","1.3.1","released",FALSE
"alias.lm","closure","","TRUE","FALSE","(object, complete = TRUE, partial = FALSE, partial.pattern = FALSE,     ...) ","base","NA","1.3.1","released",FALSE
"alist","closure","","TRUE","FALSE","(...) ","base","NA","1.3.1","released",FALSE
"all","closure","","TRUE","FALSE","(..., na.rm = FALSE) ","base","NA","1.3.1","released",FALSE
"all.equal","closure","","TRUE","FALSE","(target, current, ...) ","base","NA","1.3.1","released",FALSE
"all.equal.POSIXct","closure","","TRUE","FALSE","(..., scale = 1) ","base","NA","1.3.1","released",FALSE
"all.equal.character","closure","","TRUE","FALSE","(target, current, ...) ","base","NA","1.3.1","released",FALSE
"all.equal.default","closure","","TRUE","FALSE","(target, current, ...) ","base","NA","1.3.1","released",FALSE
"all.equal.factor","closure","","TRUE","FALSE","(target, current, ...) ","base","NA","1.3.1","released",FALSE
"all.equal.formula","closure","","TRUE","FALSE","(target, current, ...) ","base","NA","1.3.1","released",FALSE
"all.equal.language","closure","","TRUE","FALSE","(target, current, ...) ","base","NA","1.3.1","released",FALSE
"all.equal.list","closure","","TRUE","FALSE","(target, current, ...) ","base","NA","1.3.1","released",FALSE
"all.equal.numeric","closure","","TRUE","FALSE","(target, current, tolerance = .Machine$double.eps^0.5,     scale = NULL) ","base","NA","1.3.1","released",FALSE
"all.names","closure","","TRUE","FALSE","(expr, functions = TRUE, max.names = 200, unique = FALSE) ","base","NA","1.3.1","released",FALSE
"all.vars","closure","","TRUE","FALSE","(expr, functions = FALSE, max.names = 200, unique = TRUE) ","base","NA","1.3.1","released",FALSE
"anova","closure","","TRUE","FALSE","(object, ...) ","base","NA","1.3.1","released",FALSE
"anova.glm","closure","","TRUE","FALSE","(object, ..., dispersion = NULL, test = NULL) ","base","NA","1.3.1","released",FALSE
"anova.glm.null","closure","","TRUE","FALSE","(object, ..., test = NULL, na.action = na.omit) ","base","NA","1.3.1","released",FALSE
"anova.glmlist","closure","","TRUE","FALSE","(objects, dispersion = NULL, test = NULL) ","base","NA","1.3.1","released",FALSE
"anova.lm","closure","","TRUE","FALSE","(object, ...) ","base","NA","1.3.1","released",FALSE
"anova.lm.null","closure","","TRUE","FALSE","(object, ...) ","base","NA","1.3.1","released",FALSE
"anova.lmlist","closure","","TRUE","FALSE","(object, ..., scale = 0, test = ""F"") ","base","NA","1.3.1","released",FALSE
"anova.mlm","closure","","TRUE","FALSE","(...) ","base","NA","1.3.1","released",FALSE
"anovalist.lm","closure","","TRUE","FALSE","(object, ..., test = NULL) ","base","NA","1.3.1","released",FALSE
"any","closure","","TRUE","FALSE","(..., na.rm = FALSE) ","base","NA","1.3.1","released",FALSE
"aov","closure","","TRUE","FALSE","(formula, data = NULL, projections = FALSE, qr = TRUE,     contrasts = NULL, ...) ","base","NA","1.3.1","released",FALSE
"aperm","closure","","TRUE","FALSE","(a, perm, resize = TRUE) ","base","NA","1.3.1","released",FALSE
"append","closure","","TRUE","FALSE","(x, values, after = length(x)) ","base","NA","1.3.1","released",FALSE
"apply","closure","","TRUE","FALSE","(X, MARGIN, FUN, ...) ","base","NA","1.3.1","released",FALSE
"approx","closure","","TRUE","FALSE","(x, y = NULL, xout, method = ""linear"", n = 50, yleft,     yright, rule = 1, f = 0, ties = mean) ","base","NA","1.3.1","released",FALSE
"approxfun","closure","","TRUE","FALSE","(x, y = NULL, method = ""linear"", yleft, yright, rule = 1,     f = 0, ties = mean) ","base","NA","1.3.1","released",FALSE
"apropos","closure","","TRUE","FALSE","(what, where = FALSE, mode = ""any"") ","base","NA","1.3.1","released",FALSE
"args","closure","","TRUE","FALSE","(name) ","base","NA","1.3.1","released",FALSE
"array","closure","","TRUE","FALSE","(data = NA, dim = length(data), dimnames = NULL) ","base","NA","1.3.1","released",FALSE
"arrows","closure","","TRUE","FALSE","(x0, y0, x1, y1, length = 0.25, angle = 30, code = 2,     col = par(""fg""), lty = NULL, lwd = par(""lwd""), xpd = NULL) ","base","NA","1.3.1","released",FALSE
"as.POSIXct","closure","","TRUE","FALSE","(x, tz = """") ","base","NA","1.3.1","released",FALSE
"as.POSIXct.POSIXlt","closure","","TRUE","FALSE","(x, tz = """") ","base","NA","1.3.1","released",FALSE
"as.POSIXct.date","closure","","TRUE","FALSE","(x, ...) ","base","NA","1.3.1","released",FALSE
"as.POSIXct.dates","closure","","TRUE","FALSE","(x, ...) ","base","NA","1.3.1","released",FALSE
"as.POSIXct.default","closure","","TRUE","FALSE","(x, tz = """") ","base","NA","1.3.1","released",FALSE
"as.POSIXlt","closure","","TRUE","FALSE","(x, tz = """") ","base","NA","1.3.1","released",FALSE
"as.array","closure","","TRUE","FALSE","(x) ","base","NA","1.3.1","released",FALSE
"as.call","builtin","","TRUE","NA","","base","NA","1.3.1","released",FALSE
"as.character","special","","TRUE","NA","","base","NA","1.3.1","released",FALSE
"as.character.POSIXt","closure","","TRUE","FALSE","(x, ...) ","base","NA","1.3.1","released",FALSE
"as.character.default","closure","","TRUE","FALSE","(x, ...) ","base","NA","1.3.1","released",FALSE
"as.character.factor","closure","","TRUE","FALSE","(x, ...) ","base","NA","1.3.1","released",FALSE
"as.character.octmode","closure","","TRUE","FALSE","(x, ...) ","base","NA","1.3.1","released",FALSE
"as.complex","closure","","TRUE","FALSE","(x, ...) ","base","NA","1.3.1","released",FALSE
"as.complex.default","closure","","TRUE","FALSE","(x, ...) ","base","NA","1.3.1","released",FALSE
"as.data.frame","closure","","TRUE","FALSE","(x, row.names = NULL, optional = FALSE) ","base","NA","1.3.1","released",FALSE
"as.data.frame.AsIs","closure","","TRUE","FALSE","(x, row.names = NULL, optional = FALSE) ","base","NA","1.3.1","released",FALSE
"as.data.frame.POSIXct","closure","","TRUE","FALSE","(x, row.names = NULL, optional = FALSE) ","base","NA","1.3.1","released",FALSE
"as.data.frame.character","closure","","TRUE","FALSE","(x, row.names = NULL, optional = FALSE) ","base","NA","1.3.1","released",FALSE
"as.data.frame.complex","closure","","TRUE","FALSE","(x, row.names = NULL, optional = FALSE) ","base","NA","1.3.1","released",FALSE
"as.data.frame.data.frame","closure","","TRUE","FALSE","(x, row.names = NULL, optional = FALSE) ","base","NA","1.3.1","released",FALSE
"as.data.frame.default","closure","","TRUE","FALSE","(x, row.names = NULL, optional = FALSE) ","base","NA","1.3.1","released",FALSE
"as.data.frame.factor","closure","","TRUE","FALSE","(x, row.names = NULL, optional = FALSE) ","base","NA","1.3.1","released",FALSE
"as.data.frame.integer","closure","","TRUE","FALSE","(x, row.names = NULL, optional = FALSE) ","base","NA","1.3.1","released",FALSE
"as.data.frame.list","closure","","TRUE","FALSE","(x, row.names = NULL, optional = FALSE) ","base","NA","1.3.1","released",FALSE
"as.data.frame.logical","closure","","TRUE","FALSE","(x, row.names = NULL, optional = FALSE) ","base","NA","1.3.1","released",FALSE
"as.data.frame.matrix","closure","","TRUE","FALSE","(x, row.names = NULL, optional = FALSE) ","base","NA","1.3.1","released",FALSE
"as.data.frame.model.matrix","closure","","TRUE","FALSE","(x, row.names = NULL, optional = FALSE) ","base","NA","1.3.1","released",FALSE
"as.data.frame.numeric","closure","","TRUE","FALSE","(x, row.names = NULL, optional = FALSE) ","base","NA","1.3.1","released",FALSE
"as.data.frame.ordered","closure","","TRUE","FALSE","(x, row.names = NULL, optional = FALSE) ","base","NA","1.3.1","released",FALSE
"as.data.frame.table","closure","","TRUE","FALSE","(x, row.names = NULL, optional = FALSE) ","base","NA","1.3.1","released",FALSE
"as.data.frame.ts","closure","","TRUE","FALSE","(x, row.names = NULL, optional = FALSE) ","base","NA","1.3.1","released",FALSE
"as.data.frame.vector","closure","","TRUE","FALSE","(x, row.names = NULL, optional = FALSE) ","base","NA","1.3.1","released",FALSE
"as.double","closure","","TRUE","FALSE","(x, ...) ","base","NA","1.3.1","released",FALSE
"as.double.default","closure","","TRUE","FALSE","(x, ...) ","base","NA","1.3.1","released",FALSE
"as.expression","closure","","TRUE","FALSE","(x, ...) ","base","NA","1.3.1","released",FALSE
"as.expression.default","closure","","TRUE","FALSE","(x, ...) ","base","NA","1.3.1","released",FALSE
"as.factor","closure","","TRUE","FALSE","(x) ","base","NA","1.3.1","released",FALSE
"as.formula","closure","","TRUE","FALSE","(object, env = parent.frame()) ","base","NA","1.3.1","released",FALSE
"as.function","closure","","TRUE","FALSE","(x, ...) ","base","NA","1.3.1","released",FALSE
"as.function.default","closure","","TRUE","FALSE","(l, envir = parent.frame(), ...) ","base","NA","1.3.1","released",FALSE
"as.integer","closure","","TRUE","FALSE","(x, ...) ","base","NA","1.3.1","released",FALSE
"as.integer.default","closure","","TRUE","FALSE","(x, ...) ","base","NA","1.3.1","released",FALSE
"as.list","closure","","TRUE","FALSE","(x, ...) ","base","NA","1.3.1","released",FALSE
"as.list.data.frame","closure","","TRUE","FALSE","(x, ...) ","base","NA","1.3.1","released",FALSE
"as.list.default","closure","","TRUE","FALSE","(x, ...) ","base","NA","1.3.1","released",FALSE
"as.logical","closure","","TRUE","FALSE","(x, ...) ","base","NA","1.3.1","released",FALSE
"as.logical.default","closure","","TRUE","FALSE","(x, ...) ","base","NA","1.3.1","released",FALSE
"as.matrix","closure","","TRUE","FALSE","(x) ","base","NA","1.3.1","released",FALSE
"as.matrix.POSIXlt","closure","","TRUE","FALSE","(x) ","base","NA","1.3.1","released",FALSE
"as.matrix.data.frame","closure","","TRUE","FALSE","(x) ","base","NA","1.3.1","released",FALSE
"as.matrix.default","closure","","TRUE","FALSE","(x) ","base","NA","1.3.1","released",FALSE
"as.matrix.noquote","closure","","TRUE","FALSE","(x) ","base","NA","1.3.1","released",FALSE
"as.name","closure","","TRUE","FALSE","(x) ","base","NA","1.3.1","released",FALSE
"as.null","closure","","TRUE","FALSE","(x, ...) ","base","NA","1.3.1","released",FALSE
"as.null.default","closure","","TRUE","FALSE","(x, ...) ","base","NA","1.3.1","released",FALSE
"as.numeric","closure","","TRUE","FALSE","(x, ...) ","base","NA","1.3.1","released",FALSE
"as.ordered","closure","","TRUE","FALSE","(x) ","base","NA","1.3.1","released",FALSE
"as.pairlist","closure","","TRUE","FALSE","(x) ","base","NA","1.3.1","released",FALSE
"as.qr","closure","","TRUE","FALSE","(x) ","base","NA","1.3.1","released",FALSE
"as.real","closure","","TRUE","FALSE","(x, ...) ","base","NA","1.3.1","released",FALSE
"as.single","closure","","TRUE","FALSE","(x, ...) ","base","NA","1.3.1","released",FALSE
"as.single.default","closure","","TRUE","FALSE","(x, ...) ","base","NA","1.3.1","released",FALSE
"as.symbol","closure","","TRUE","FALSE","(x) ","base","NA","1.3.1","released",FALSE
"as.table","closure","","TRUE","FALSE","(x, ...) ","base","NA","1.3.1","released",FALSE
"as.table.default","closure","","TRUE","FALSE","(x) ","base","NA","1.3.1","released",FALSE
"as.table.ftable","closure","","TRUE","FALSE","(x) ","base","NA","1.3.1","released",FALSE
"as.ts","closure","","TRUE","FALSE","(x) ","base","NA","1.3.1","released",FALSE
"as.vector","closure","","TRUE","FALSE","(x, mode = ""any"") ","base","NA","1.3.1","released",FALSE
"as.vector.factor","closure","","TRUE","FALSE","(x, type = ""any"") ","base","NA","1.3.1","released",FALSE
"asin","builtin","","TRUE","NA","","base","NA","1.3.1","released",FALSE
"asinh","builtin","","TRUE","NA","","base","NA","1.3.1","released",FALSE
"assign","closure","","TRUE","FALSE","(x, value, pos = -1, envir = pos.to.env(pos), inherits = FALSE,     immediate = TRUE) ","base","NA","1.3.1","released",FALSE
"assocplot","closure","","TRUE","FALSE","(x, col = c(""black"", ""red""), space = 0.3, main = NULL,     xlab = NULL, ylab = NULL) ","base","NA","1.3.1","released",FALSE
"atan","builtin","","TRUE","NA","","base","NA","1.3.1","released",FALSE
"atan2","closure","","TRUE","FALSE","(y, x) ","base","NA","1.3.1","released",FALSE
"atanh","builtin","","TRUE","NA","","base","NA","1.3.1","released",FALSE
"attach","closure","","TRUE","FALSE","(what, pos = 2, name = deparse(substitute(what))) ","base","NA","1.3.1","released",FALSE
"attr","builtin","","TRUE","NA","","base","NA","1.3.1","released",FALSE
"attr.all.equal","closure","","TRUE","FALSE","(target, current, ...) ","base","NA","1.3.1","released",FALSE
"attr<-","special","","TRUE","NA","","base","NA","1.3.1","released",FALSE
"attributes","builtin","","TRUE","NA","","base","NA","1.3.1","released",FALSE
"attributes<-","builtin","","TRUE","NA","","base","NA","1.3.1","released",FALSE
"autoload","closure","","TRUE","FALSE","(name, package, ...) ","base","NA","1.3.1","released",FALSE
"autoloader","closure","","TRUE","FALSE","(name, package, ...) ","base","NA","1.3.1","released",FALSE
"ave","closure","","TRUE","FALSE","(x, ..., FUN = mean) ","base","NA","1.3.1","released",FALSE
"axis","closure","","TRUE","FALSE","(side, at = NULL, labels = TRUE, tick = TRUE, line = 0,     pos = NA, outer = FALSE, font = NA, vfont = NULL, ...) ","base","NA","1.3.1","released",FALSE
"axis.POSIXct","closure","","TRUE","FALSE","(side, x, format, ...) ","base","NA","1.3.1","released",FALSE
"backsolve","closure","","TRUE","FALSE","(r, x, k = ncol(r), upper.tri = TRUE, transpose = FALSE) ","base","NA","1.3.1","released",FALSE
"barplot","closure","","TRUE","FALSE","(height, ...) ","base","NA","1.3.1","released",FALSE
"barplot.default","closure","","TRUE","FALSE","(height, width = 1, space = NULL, names.arg = NULL,     legend.text = NULL, beside = FALSE, horiz = FALSE, col = heat.colors(NR),     border = par(""fg""), main = NULL, sub = NULL, xlab = NULL,     ylab = NULL, xlim = NULL, ylim = NULL, axes = TRUE, axisnames = TRUE,     inside = TRUE, plot = TRUE, ...) ","base","NA","1.3.1","released",FALSE
"basename","closure","","TRUE","FALSE","(path) ","base","NA","1.3.1","released",FALSE
"besselI","closure","","TRUE","FALSE","(x, nu, expon.scaled = FALSE) ","base","NA","1.3.1","released",FALSE
"besselJ","closure","","TRUE","FALSE","(x, nu) ","base","NA","1.3.1","released",FALSE
"besselK","closure","","TRUE","FALSE","(x, nu, expon.scaled = FALSE) ","base","NA","1.3.1","released",FALSE
"besselY","closure","","TRUE","FALSE","(x, nu) ","base","NA","1.3.1","released",FALSE
"beta","closure","","TRUE","FALSE","(a, b) ","base","NA","1.3.1","released",FALSE
"binomial","closure","","TRUE","FALSE","(link = ""logit"") ","base","NA","1.3.1","released",FALSE
"bitmap","closure","","TRUE","FALSE","(file, type = ""png256"", height = 6, width = 6, res = 72,     pointsize, ...) ","base","NA","1.3.1","released",FALSE
"body","closure","","TRUE","FALSE","(fun = sys.function(sys.parent())) ","base","NA","1.3.1","released",FALSE
"body<-","closure","","TRUE","FALSE","(f, value, envir = parent.frame()) ","base","NA","1.3.1","released",FALSE
"box","closure","","TRUE","FALSE","(which = ""plot"", lty = ""solid"", ...) ","base","NA","1.3.1","released",FALSE
"boxplot","closure","","TRUE","FALSE","(x, ...) ","base","NA","1.3.1","released",FALSE
"boxplot.default","closure","","TRUE","FALSE","(x, ..., range = 1.5, width = NULL, varwidth = FALSE,     notch = FALSE, names, boxwex = 0.8, data = parent.frame(),     plot = TRUE, border = par(""fg""), col = NULL, log = """", pars = NULL,     horizontal = FALSE, add = FALSE, at = NULL) ","base","NA","1.3.1","released",FALSE
"boxplot.formula","closure","","TRUE","FALSE","(formula, data = NULL, ..., subset, na.action) ","base","NA","1.3.1","released",FALSE
"boxplot.stats","closure","","TRUE","FALSE","(x, coef = 1.5, do.conf = TRUE, do.out = TRUE) ","base","NA","1.3.1","released",FALSE
"break","special","","TRUE","NA","","base","NA","1.3.1","released",FALSE
"browser","special","","TRUE","NA","","base","NA","1.3.1","released",FALSE
"bug.report","closure","","TRUE","FALSE","(subject = """", ccaddress = Sys.getenv(""USER""), method = getOption(""mailer""),     address = ""r-bugs@r-project.org"", file = ""R.bug.report"") ","base","NA","1.3.1","released",FALSE
"builtins","closure","","TRUE","FALSE","(internal = FALSE) ","base","NA","1.3.1","released",FALSE
"bxp","closure","","TRUE","FALSE","(z, notch = FALSE, width = NULL, varwidth = FALSE, notch.frac = 0.5,     boxwex = 0.8, border = par(""fg""), col = NULL, log = """", pars = NULL,     frame.plot = axes, horizontal = FALSE, add = FALSE, at = NULL,     ...) ","base","NA","1.3.1","released",FALSE
"by","closure","","TRUE","FALSE","(data, INDICES, FUN, ...) ","base","NA","1.3.1","released",FALSE
"by.data.frame","closure","","TRUE","FALSE","(data, INDICES, FUN, ...) ","base","NA","1.3.1","released",FALSE
"by.default","closure","","TRUE","FALSE","(data, INDICES, FUN, ...) ","base","NA","1.3.1","released",FALSE
"c","special","","TRUE","NA","","base","NA","1.3.1","released",FALSE
"c.POSIXct","closure","","TRUE","FALSE","(..., recursive = FALSE) ","base","NA","1.3.1","released",FALSE
"c.POSIXlt","closure","","TRUE","FALSE","(..., recursive = FALSE) ","base","NA","1.3.1","released",FALSE
"call","special","","TRUE","NA","","base","NA","1.3.1","released",FALSE
"capabilities","closure","","TRUE","FALSE","(what = NULL) ","base","NA","1.3.1","released",FALSE
"case.names","closure","","TRUE","FALSE","(object, ...) ","base","NA","1.3.1","released",FALSE
"case.names.default","closure","","TRUE","FALSE","(x, do.NULL = TRUE, prefix = ""row"") ","base","NA","1.3.1","released",FALSE
"case.names.lm","closure","","TRUE","FALSE","(object, full = FALSE) ","base","NA","1.3.1","released",FALSE
"cat","closure","","TRUE","FALSE","(..., file = """", sep = "" "", fill = FALSE, labels = NULL,     append = FALSE) ","base","NA","1.3.1","released",FALSE
"category","closure","","TRUE","FALSE","(...) ","base","NA","1.3.1","released",FALSE
"cbind","closure","","TRUE","FALSE","(..., deparse.level = 1) ","base","NA","1.3.1","released",FALSE
"cbind.data.frame","closure","","TRUE","FALSE","(..., deparse.level = 1) ","base","NA","1.3.1","released",FALSE
"ceiling","builtin","","TRUE","NA","","base","NA","1.3.1","released",FALSE
"char.expand","closure","","TRUE","FALSE","(input, target, nomatch = stop(""no match"")) ","base","NA","1.3.1","released",FALSE
"character","closure","","TRUE","FALSE","(length = 0) ","base","NA","1.3.1","released",FALSE
"charmatch","closure","","TRUE","FALSE","(x, table, nomatch = NA) ","base","NA","1.3.1","released",FALSE
"chartr","closure","","TRUE","FALSE","(old, new, x) ","base","NA","1.3.1","released",FALSE
"check.options","closure","","TRUE","FALSE","(new, name.opt, reset = FALSE, assign.opt = FALSE, envir = .GlobalEnv,     check.attributes = c(""mode"", ""length""), override.check = FALSE) ","base","NA","1.3.1","released",FALSE
"checkFF","closure","","TRUE","FALSE","(file, package, lib.loc = .lib.loc, verbose = getOption(""verbose"")) ","base","NA","1.3.1","released",FALSE
"chol","closure","","TRUE","FALSE","(x) ","base","NA","1.3.1","released",FALSE
"chol2inv","closure","","TRUE","FALSE","(x, size = ncol(x)) ","base","NA","1.3.1","released",FALSE
"choose","closure","","TRUE","FALSE","(n, k) ","base","NA","1.3.1","released",FALSE
"chull","closure","","TRUE","FALSE","(x, y = NULL) ","base","NA","1.3.1","released",FALSE
"class","builtin","","TRUE","NA","","base","NA","1.3.1","released",FALSE
"class<-","builtin","","TRUE","NA","","base","NA","1.3.1","released",FALSE
"close","closure","","TRUE","FALSE","(con, ...) ","base","NA","1.3.1","released",FALSE
"close.connection","closure","","TRUE","FALSE","(con, type = ""rw"") ","base","NA","1.3.1","released",FALSE
"close.screen","closure","","TRUE","FALSE","(n, all.screens = FALSE) ","base","NA","1.3.1","released",FALSE
"close.socket","closure","","TRUE","FALSE","(socket) ","base","NA","1.3.1","released",FALSE
"closeAllConnections","closure","","TRUE","FALSE","() ","base","NA","1.3.1","released",FALSE
"cm","closure","","TRUE","FALSE","(x) ","base","NA","1.3.1","released",FALSE
"cm.colors","closure","","TRUE","FALSE","(n) ","base","NA","1.3.1","released",FALSE
"co.intervals","closure","","TRUE","FALSE","(x, number = 6, overlap = 0.5) ","base","NA","1.3.1","released",FALSE
"codes","closure","","TRUE","FALSE","(x, ...) ","base","NA","1.3.1","released",FALSE
"codes.factor","closure","","TRUE","FALSE","(x) ","base","NA","1.3.1","released",FALSE
"codes.ordered","closure","","TRUE","FALSE","(x, ...) ","base","NA","1.3.1","released",FALSE
"codes<-","closure","","TRUE","FALSE","(x, value, ...) ","base","NA","1.3.1","released",FALSE
"codoc","closure","","TRUE","FALSE","(dir, use.values = FALSE, use.positions = TRUE, ignore.generic.functions = FALSE,     keep.tempfiles = FALSE, verbose = getOption(""verbose"")) ","base","NA","1.3.1","released",FALSE
"coef","closure","","TRUE","FALSE","(object, ...) ","base","NA","1.3.1","released",FALSE
"coef.aov","closure","","TRUE","FALSE","(object, ...) ","base","NA","1.3.1","released",FALSE
"coef.default","closure","","TRUE","FALSE","(object, ...) ","base","NA","1.3.1","released",FALSE
"coef.glm","closure","","TRUE","FALSE","(object, ...) ","base","NA","1.3.1","released",FALSE
"coef.listof","closure","","TRUE","FALSE","(object, ...) ","base","NA","1.3.1","released",FALSE
"coef.lm","closure","","TRUE","FALSE","(object, ...) ","base","NA","1.3.1","released",FALSE
"coefficients","closure","","TRUE","FALSE","(object, ...) ","base","NA","1.3.1","released",FALSE
"col","closure","","TRUE","FALSE","(x, as.factor = FALSE) ","base","NA","1.3.1","released",FALSE
"col2rgb","closure","","TRUE","FALSE","(col) ","base","NA","1.3.1","released",FALSE
"colnames","closure","","TRUE","FALSE","(x, do.NULL = TRUE, prefix = ""col"") ","base","NA","1.3.1","released",FALSE
"colnames<-","closure","","TRUE","FALSE","(x, value) ","base","NA","1.3.1","released",FALSE
"colors","closure","","TRUE","FALSE","() ","base","NA","1.3.1","released",FALSE
"colours","closure","","TRUE","FALSE","() ","base","NA","1.3.1","released",FALSE
"commandArgs","closure","","TRUE","FALSE","() ","base","NA","1.3.1","released",FALSE
"comment","closure","","TRUE","FALSE","(x) ","base","NA","1.3.1","released",FALSE
"comment<-","closure","","TRUE","FALSE","(x, value) ","base","NA","1.3.1","released",FALSE
"complete.cases","closure","","TRUE","FALSE","(...) ","base","NA","1.3.1","released",FALSE
"complex","closure","","TRUE","FALSE","(length.out = 0, real = numeric(), imaginary = numeric(),     modulus = 1, argument = 0) ","base","NA","1.3.1","released",FALSE
"conflicts","closure","","TRUE","FALSE","(where = search(), detail = FALSE) ","base","NA","1.3.1","released",FALSE
"contour","closure","","TRUE","FALSE","(x = seq(0, 1, len = nrow(z)), y = seq(0, 1, len = ncol(z)),     z, nlevels = 10, levels = pretty(zlim, nlevels), labels = NULL,     xlim = range(x, finite = TRUE), ylim = range(y, finite = TRUE),     zlim = range(z, finite = TRUE), labcex = 0.6, drawlabels = TRUE,     method = ""flattest"", vfont = c(""sans serif"", ""plain""), axes = TRUE,     frame.plot = axes, col = par(""fg""), lty = par(""lty""), lwd = par(""lwd""),     add = FALSE, ...) ","base","NA","1.3.1","released",FALSE
"contr.helmert","closure","","TRUE","FALSE","(n, contrasts = TRUE) ","base","NA","1.3.1","released",FALSE
"contr.poly","closure","","TRUE","FALSE","(n, contrasts = TRUE) ","base","NA","1.3.1","released",FALSE
"contr.sum","closure","","TRUE","FALSE","(n, contrasts = TRUE) ","base","NA","1.3.1","released",FALSE
"contr.treatment","closure","","TRUE","FALSE","(n, base = 1, contrasts = TRUE) ","base","NA","1.3.1","released",FALSE
"contrasts","closure","","TRUE","FALSE","(x, contrasts = TRUE) ","base","NA","1.3.1","released",FALSE
"contrasts<-","closure","","TRUE","FALSE","(x, how.many, value) ","base","NA","1.3.1","released",FALSE
"contrib.url","closure","","TRUE","FALSE","(CRAN) ","base","NA","1.3.1","released",FALSE
"contributors","closure","","TRUE","FALSE","() ","base","NA","1.3.1","released",FALSE
"convolve","closure","","TRUE","FALSE","(x, y, conj = TRUE, type = c(""circular"", ""open"", ""filter"")) ","base","NA","1.3.1","released",FALSE
"cooks.distance","closure","","TRUE","FALSE","(lm.obj, infl = lm.influence(lm.obj), res = weighted.residuals(lm.obj),     sd = sqrt(deviance(lm.obj)/df.residual(lm.obj))) ","base","NA","1.3.1","released",FALSE
"coplot","closure","","TRUE","FALSE","(formula, data, given.values, panel = points, rows,     columns, show.given = TRUE, col = par(""fg""), pch = par(""pch""),     bar.bg = c(num = gray(0.8), fac = gray(0.95)), xlab = c(x.name,         paste(""Given :"", a.name)), ylab = c(y.name, paste(""Given :"",         b.name)), subscripts = FALSE, axlabels = function(f) abbreviate(levels(f)),     number = 6, overlap = 0.5, xlim, ylim, ...) ","base","NA","1.3.1","released",FALSE
"cor","closure","","TRUE","FALSE","(x, y = NULL, use = ""all.obs"") ","base","NA","1.3.1","released",FALSE
"cos","builtin","","TRUE","NA","","base","NA","1.3.1","released",FALSE
"cosh","builtin","","TRUE","NA","","base","NA","1.3.1","released",FALSE
"count.fields","closure","","TRUE","FALSE","(file, sep = """", quote = ""\""'"", skip = 0, blank.lines.skip = TRUE) ","base","NA","1.3.1","released",FALSE
"cov","closure","","TRUE","FALSE","(x, y = NULL, use = ""all.obs"") ","base","NA","1.3.1","released",FALSE
"cov.wt","closure","","TRUE","FALSE","(x, wt = rep(1/nrow(x), nrow(x)), cor = FALSE, center = TRUE) ","base","NA","1.3.1","released",FALSE
"covratio","closure","","TRUE","FALSE","(lm.obj, infl = lm.influence(lm.obj), res = weighted.residuals(lm.obj)) ","base","NA","1.3.1","released",FALSE
"crossprod","closure","","TRUE","FALSE","(x, y = x) ","base","NA","1.3.1","released",FALSE
"cummax","builtin","","TRUE","NA","","base","NA","1.3.1","released",FALSE
"cummin","builtin","","TRUE","NA","","base","NA","1.3.1","released",FALSE
"cumprod","builtin","","TRUE","NA","","base","NA","1.3.1","released",FALSE
"cumsum","builtin","","TRUE","NA","","base","NA","1.3.1","released",FALSE
"curve","closure","","TRUE","FALSE","(expr, from, to, n = 101, add = FALSE, type = ""l"", ylab = NULL,     log = NULL, xlim = NULL, ...) ","base","NA","1.3.1","released",FALSE
"cut","closure","","TRUE","FALSE","(x, ...) ","base","NA","1.3.1","released",FALSE
"cut.POSIXt","closure","","TRUE","FALSE","(x, breaks, labels = NULL, start.on.monday = TRUE) ","base","NA","1.3.1","released",FALSE
"cut.default","closure","","TRUE","FALSE","(x, breaks, labels = NULL, include.lowest = FALSE, right = TRUE,     dig.lab = 3) ","base","NA","1.3.1","released",FALSE
"cycle","closure","","TRUE","FALSE","(x, ...) ","base","NA","1.3.1","released",FALSE
"cycle.default","closure","","TRUE","FALSE","(x, ...) ","base","NA","1.3.1","released",FALSE
"cycle.ts","closure","","TRUE","FALSE","(x, ...) ","base","NA","1.3.1","released",FALSE
"data","closure","","TRUE","FALSE","(..., list = character(0), package = .packages(), lib.loc = .lib.loc,     verbose = getOption(""verbose"")) ","base","NA","1.3.1","released",FALSE
"data.class","closure","","TRUE","FALSE","(x) ","base","NA","1.3.1","released",FALSE
"data.entry","closure","","TRUE","FALSE","(..., Modes = NULL, Names = NULL) ","base","NA","1.3.1","released",FALSE
"data.frame","closure","","TRUE","FALSE","(..., row.names = NULL, check.rows = FALSE, check.names = TRUE) ","base","NA","1.3.1","released",FALSE
"data.matrix","closure","","TRUE","FALSE","(frame) ","base","NA","1.3.1","released",FALSE
"dataentry","closure","","TRUE","FALSE","(data, modes) ","base","NA","1.3.1","released",FALSE
"date","closure","","TRUE","FALSE","() ","base","NA","1.3.1","released",FALSE
"dbeta","closure","","TRUE","FALSE","(x, shape1, shape2, ncp = 0, log = FALSE) ","base","NA","1.3.1","released",FALSE
"dbinom","closure","","TRUE","FALSE","(x, size, prob, log = FALSE) ","base","NA","1.3.1","released",FALSE
"dcauchy","closure","","TRUE","FALSE","(x, location = 0, scale = 1, log = FALSE) ","base","NA","1.3.1","released",FALSE
"dchisq","closure","","TRUE","FALSE","(x, df, ncp = 0, log = FALSE) ","base","NA","1.3.1","released",FALSE
"de","closure","","TRUE","FALSE","(..., Modes = list(), Names = NULL) ","base","NA","1.3.1","released",FALSE
"de.ncols","closure","","TRUE","FALSE","(inlist) ","base","NA","1.3.1","released",FALSE
"de.restore","closure","","TRUE","FALSE","(inlist, ncols, coltypes, argnames, args) ","base","NA","1.3.1","released",FALSE
"de.setup","closure","","TRUE","FALSE","(ilist, list.names, incols) ","base","NA","1.3.1","released",FALSE
"debug","builtin","","TRUE","NA","","base","NA","1.3.1","released",FALSE
"debugger","closure","","TRUE","FALSE","(dump = last.dump) ","base","NA","1.3.1","released",FALSE
"delay","closure","","TRUE","FALSE","(x, env = .GlobalEnv) ","base","NA","1.3.1","released",FALSE
"delete.response","closure","","TRUE","FALSE","(termobj) ","base","NA","1.3.1","released",FALSE
"deltat","closure","","TRUE","FALSE","(x, ...) ","base","NA","1.3.1","released",FALSE
"deltat.default","closure","","TRUE","FALSE","(x, ...) ","base","NA","1.3.1","released",FALSE
"demo","closure","","TRUE","FALSE","(topic, device = getOption(""device""), package = .packages(),     lib.loc = .lib.loc, character.only = FALSE) ","base","NA","1.3.1","released",FALSE
"density","closure","","TRUE","FALSE","(x, bw, adjust = 1, kernel = c(""gaussian"", ""epanechnikov"",     ""rectangular"", ""triangular"", ""biweight"", ""cosine"", ""optcosine""),     window = kernel, width, give.Rkern = FALSE, n = 512, from,     to, cut = 3, na.rm = FALSE) ","base","NA","1.3.1","released",FALSE
"deparse","closure","","TRUE","FALSE","(expr, width.cutoff = 60) ","base","NA","1.3.1","released",FALSE
"deriv","closure","","TRUE","FALSE","(expr, ...) ","base","NA","1.3.1","released",FALSE
"deriv.default","closure","","TRUE","FALSE","(expr, namevec, function.arg = NULL, tag = "".expr"",     hessian = FALSE) ","base","NA","1.3.1","released",FALSE
"deriv.formula","closure","","TRUE","FALSE","(expr, namevec, function.arg = NULL, tag = "".expr"",     hessian = FALSE) ","base","NA","1.3.1","released",FALSE
"deriv3","closure","","TRUE","FALSE","(expr, ...) ","base","NA","1.3.1","released",FALSE
"deriv3.default","closure","","TRUE","FALSE","(expr, namevec, function.arg = NULL, tag = "".expr"",     hessian = TRUE) ","base","NA","1.3.1","released",FALSE
"deriv3.formula","closure","","TRUE","FALSE","(expr, namevec, function.arg = NULL, tag = "".expr"",     hessian = TRUE) ","base","NA","1.3.1","released",FALSE
"det","closure","","TRUE","FALSE","(x, method = c(""qr"", ""eigenvalues"")) ","base","NA","1.3.1","released",FALSE
"detach","closure","","TRUE","FALSE","(name, pos = 2) ","base","NA","1.3.1","released",FALSE
"dev.control","closure","","TRUE","FALSE","(displaylist) ","base","NA","1.3.1","released",FALSE
"dev.copy","closure","","TRUE","FALSE","(device, ..., which = dev.next()) ","base","NA","1.3.1","released",FALSE
"dev.copy2eps","closure","","TRUE","FALSE","(...) ","base","NA","1.3.1","released",FALSE
"dev.cur","closure","","TRUE","FALSE","() ","base","NA","1.3.1","released",FALSE
"dev.interactive","closure","","TRUE","FALSE","() ","base","NA","1.3.1","released",FALSE
"dev.list","closure","","TRUE","FALSE","() ","base","NA","1.3.1","released",FALSE
"dev.next","closure","","TRUE","FALSE","(which = dev.cur()) ","base","NA","1.3.1","released",FALSE
"dev.off","closure","","TRUE","FALSE","(which = dev.cur()) ","base","NA","1.3.1","released",FALSE
"dev.prev","closure","","TRUE","FALSE","(which = dev.cur()) ","base","NA","1.3.1","released",FALSE
"dev.print","closure","","TRUE","FALSE","(device = postscript, ...) ","base","NA","1.3.1","released",FALSE
"dev.set","closure","","TRUE","FALSE","(which = dev.next()) ","base","NA","1.3.1","released",FALSE
"dev2bitmap","closure","","TRUE","FALSE","(file, type = ""png256"", height = 6, width = 6, res = 72,     pointsize, ...) ","base","NA","1.3.1","released",FALSE
"deviance","closure","","TRUE","FALSE","(object, ...) ","base","NA","1.3.1","released",FALSE
"deviance.default","closure","","TRUE","FALSE","(object, ...) ","base","NA","1.3.1","released",FALSE
"deviance.glm","closure","","TRUE","FALSE","(object, ...) ","base","NA","1.3.1","released",FALSE
"deviance.lm","closure","","TRUE","FALSE","(object, ...) ","base","NA","1.3.1","released",FALSE
"deviance.mlm","closure","","TRUE","FALSE","(object, ...) ","base","NA","1.3.1","released",FALSE
"dexp","closure","","TRUE","FALSE","(x, rate = 1, log = FALSE) ","base","NA","1.3.1","released",FALSE
"df","closure","","TRUE","FALSE","(x, df1, df2, log = FALSE) ","base","NA","1.3.1","released",FALSE
"df.residual","closure","","TRUE","FALSE","(object, ...) ","base","NA","1.3.1","released",FALSE
"df.residual.lm","closure","","TRUE","FALSE","(object, ...) ","base","NA","1.3.1","released",FALSE
"dfbetas","closure","","TRUE","FALSE","(lm.obj, infl = lm.influence(lm.obj)) ","base","NA","1.3.1","released",FALSE
"dffits","closure","","TRUE","FALSE","(lm.obj, infl = lm.influence(lm.obj), res = weighted.residuals(lm.obj)) ","base","NA","1.3.1","released",FALSE
"dgamma","closure","","TRUE","FALSE","(x, shape, scale = 1, log = FALSE) ","base","NA","1.3.1","released",FALSE
"dgeom","closure","","TRUE","FALSE","(x, prob, log = FALSE) ","base","NA","1.3.1","released",FALSE
"dget","closure","","TRUE","FALSE","(file) ","base","NA","1.3.1","released",FALSE
"dhyper","closure","","TRUE","FALSE","(x, m, n, k, log = FALSE) ","base","NA","1.3.1","released",FALSE
"diag","closure","","TRUE","FALSE","(x = 1, nrow, ncol = n) ","base","NA","1.3.1","released",FALSE
"diag<-","closure","","TRUE","FALSE","(x, value) ","base","NA","1.3.1","released",FALSE
"diff","closure","","TRUE","FALSE","(x, ...) ","base","NA","1.3.1","released",FALSE
"diff.default","closure","","TRUE","FALSE","(x, lag = 1, differences = 1, ...) ","base","NA","1.3.1","released",FALSE
"difftime","closure","","TRUE","FALSE","(time1, time2, tz = """", units = c(""auto"", ""secs"", ""mins"",     ""hours"", ""days"", ""weeks"")) ","base","NA","1.3.1","released",FALSE
"digamma","closure","","TRUE","FALSE","(x) ","base","NA","1.3.1","released",FALSE
"dim","special","","TRUE","NA","","base","NA","1.3.1","released",FALSE
"dim.data.frame","closure","","TRUE","FALSE","(x) ","base","NA","1.3.1","released",FALSE
"dim<-","special","","TRUE","NA","","base","NA","1.3.1","released",FALSE
"dimnames","special","","TRUE","NA","","base","NA","1.3.1","released",FALSE
"dimnames.data.frame","closure","","TRUE","FALSE","(x) ","base","NA","1.3.1","released",FALSE
"dimnames<-","special","","TRUE","NA","","base","NA","1.3.1","released",FALSE
"dimnames<-.data.frame","closure","","TRUE","FALSE","(x, value) ","base","NA","1.3.1","released",FALSE
"dir","closure","","TRUE","FALSE","(path = ""."", pattern = NULL, all.files = FALSE, full.names = FALSE) ","base","NA","1.3.1","released",FALSE
"dir.create","closure","","TRUE","FALSE","(path) ","base","NA","1.3.1","released",FALSE
"dirname","closure","","TRUE","FALSE","(path) ","base","NA","1.3.1","released",FALSE
"dlnorm","closure","","TRUE","FALSE","(x, meanlog = 0, sdlog = 1, log = FALSE) ","base","NA","1.3.1","released",FALSE
"dlogis","closure","","TRUE","FALSE","(x, location = 0, scale = 1, log = FALSE) ","base","NA","1.3.1","released",FALSE
"dnbinom","closure","","TRUE","FALSE","(x, size, prob, mu, log = FALSE) ","base","NA","1.3.1","released",FALSE
"dnorm","closure","","TRUE","FALSE","(x, mean = 0, sd = 1, log = FALSE) ","base","NA","1.3.1","released",FALSE
"do.call","closure","","TRUE","FALSE","(what, args) ","base","NA","1.3.1","released",FALSE
"dotchart","closure","","TRUE","FALSE","(x, labels = NULL, groups = NULL, gdata = NULL, cex = par(""cex""),     pch = 21, gpch = 21, bg = par(""bg""), color = par(""fg""), gcolor = par(""fg""),     lcolor = ""gray"", main = NULL, xlab = NULL, ylab = NULL, ...) ","base","NA","1.3.1","released",FALSE
"dotplot","closure","","TRUE","FALSE","(...) ","base","NA","1.3.1","released",FALSE
"double","closure","","TRUE","FALSE","(length = 0) ","base","NA","1.3.1","released",FALSE
"download.file","closure","","TRUE","FALSE","(url, destfile, method, quiet = FALSE, mode = ""w"") ","base","NA","1.3.1","released",FALSE
"download.packages","closure","","TRUE","FALSE","(pkgs, destdir, available = NULL, CRAN = getOption(""CRAN""),     contriburl = contrib.url(CRAN), method) ","base","NA","1.3.1","released",FALSE
"dpois","closure","","TRUE","FALSE","(x, lambda, log = FALSE) ","base","NA","1.3.1","released",FALSE
"dput","closure","","TRUE","FALSE","(x, file = """") ","base","NA","1.3.1","released",FALSE
"drop","closure","","TRUE","FALSE","(x) ","base","NA","1.3.1","released",FALSE
"drop.scope","closure","","TRUE","FALSE","(terms1, terms2) ","base","NA","1.3.1","released",FALSE
"drop.terms","closure","","TRUE","FALSE","(termobj, dropx = NULL, keep.response = FALSE) ","base","NA","1.3.1","released",FALSE
"drop1","closure","","TRUE","FALSE","(object, scope, ...) ","base","NA","1.3.1","released",FALSE
"drop1.default","closure","","TRUE","FALSE","(object, scope, scale = 0, test = c(""none"", ""Chisq""),     k = 2, trace = FALSE, ...) ","base","NA","1.3.1","released",FALSE
"drop1.glm","closure","","TRUE","FALSE","(object, scope, scale = 0, test = c(""none"", ""Chisq"",     ""F""), k = 2, ...) ","base","NA","1.3.1","released",FALSE
"drop1.lm","closure","","TRUE","FALSE","(object, scope, scale = 0, all.cols = TRUE, test = c(""none"",     ""Chisq"", ""F""), k = 2, ...) ","base","NA","1.3.1","released",FALSE
"drop1.mlm","closure","","TRUE","FALSE","(object, ...) ","base","NA","1.3.1","released",FALSE
"dsignrank","closure","","TRUE","FALSE","(x, n, log = FALSE) ","base","NA","1.3.1","released",FALSE
"dt","closure","","TRUE","FALSE","(x, df, log = FALSE) ","base","NA","1.3.1","released",FALSE
"dummy.coef","closure","","TRUE","FALSE","(object, ...) ","base","NA","1.3.1","released",FALSE
"dummy.coef.aovlist","closure","","TRUE","FALSE","(object, use.na = FALSE) ","base","NA","1.3.1","released",FALSE
"dummy.coef.lm","closure","","TRUE","FALSE","(object, use.na = FALSE) ","base","NA","1.3.1","released",FALSE
"dump","closure","","TRUE","FALSE","(list, file = ""dumpdata.R"", append = FALSE) ","base","NA","1.3.1","released",FALSE
"dump.frames","closure","","TRUE","FALSE","(dumpto = ""last.dump"", to.file = FALSE) ","base","NA","1.3.1","released",FALSE
"dunif","closure","","TRUE","FALSE","(x, min = 0, max = 1, log = FALSE) ","base","NA","1.3.1","released",FALSE
"duplicated","closure","","TRUE","FALSE","(x, incomparables = FALSE) ","base","NA","1.3.1","released",FALSE
"dweibull","closure","","TRUE","FALSE","(x, shape, scale = 1, log = FALSE) ","base","NA","1.3.1","released",FALSE
"dwilcox","closure","","TRUE","FALSE","(x, m, n, log = FALSE) ","base","NA","1.3.1","released",FALSE
"dyn.load","closure","","TRUE","FALSE","(x, local = TRUE, now = TRUE) ","base","NA","1.3.1","released",FALSE
"dyn.unload","closure","","TRUE","FALSE","(x) ","base","NA","1.3.1","released",FALSE
"edit","closure","","TRUE","FALSE","(name, ...) ","base","NA","1.3.1","released",FALSE
"edit.data.frame","closure","","TRUE","FALSE","(name, factor.mode = c(""character"", ""numeric""), edit.row.names = any(row.names(name) !=     1:nrow(name)), ...) ","base","NA","1.3.1","released",FALSE
"edit.default","closure","","TRUE","FALSE","(name = NULL, file = """", editor = getOption(""editor""),     ...) ","base","NA","1.3.1","released",FALSE
"edit.matrix","closure","","TRUE","FALSE","(name, edit.row.names = any(rownames(name) != 1:nrow(name)),     ...) ","base","NA","1.3.1","released",FALSE
"eff.aovlist","closure","","TRUE","FALSE","(aovlist) ","base","NA","1.3.1","released",FALSE
"effects","closure","","TRUE","FALSE","(object, ...) ","base","NA","1.3.1","released",FALSE
"effects.glm","closure","","TRUE","FALSE","(object, ...) ","base","NA","1.3.1","released",FALSE
"effects.lm","closure","","TRUE","FALSE","(object, set.sign = FALSE) ","base","NA","1.3.1","released",FALSE
"eigen","closure","","TRUE","FALSE","(x, symmetric, only.values = FALSE) ","base","NA","1.3.1","released",FALSE
"emacs","closure","","TRUE","FALSE","(name = NULL, file = """") ","base","NA","1.3.1","released",FALSE
"end","closure","","TRUE","FALSE","(x, ...) ","base","NA","1.3.1","released",FALSE
"end.default","closure","","TRUE","FALSE","(x, ...) ","base","NA","1.3.1","released",FALSE
"environment","closure","","TRUE","FALSE","(fun = NULL) ","base","NA","1.3.1","released",FALSE
"environment<-","builtin","","TRUE","NA","","base","NA","1.3.1","released",FALSE
"erase.screen","closure","","TRUE","FALSE","(n = .split.cur.screen) ","base","NA","1.3.1","released",FALSE
"eval","closure","","TRUE","FALSE","(expr, envir = parent.frame(), enclos = if (is.list(envir) ||     is.pairlist(envir)) parent.frame()) ","base","NA","1.3.1","released",FALSE
"eval.parent","closure","","TRUE","FALSE","(expr, n = 1) ","base","NA","1.3.1","released",FALSE
"evalq","closure","","TRUE","FALSE","(expr, envir, enclos) ","base","NA","1.3.1","released",FALSE
"example","closure","","TRUE","FALSE","(topic, package = .packages(), lib.loc = .lib.loc, echo = TRUE,     verbose = getOption(""verbose""), prompt.echo = paste(abbreviate(topic,         6), ""> "", sep = """")) ","base","NA","1.3.1","released",FALSE
"exists","closure","","TRUE","FALSE","(x, where = -1, envir = pos.to.env(where), frame, mode = ""any"",     inherits = TRUE) ","base","NA","1.3.1","released",FALSE
"exp","builtin","","TRUE","NA","","base","NA","1.3.1","released",FALSE
"expand.grid","closure","","TRUE","FALSE","(...) ","base","NA","1.3.1","released",FALSE
"expand.model.frame","closure","","TRUE","FALSE","(model, extras, envir = environment(formula(model)),     na.expand = FALSE) ","base","NA","1.3.1","released",FALSE
"expression","special","","TRUE","NA","","base","NA","1.3.1","released",FALSE
"extractAIC","closure","","TRUE","FALSE","(fit, scale, k = 2, ...) ","base","NA","1.3.1","released",FALSE
"extractAIC.aov","closure","","TRUE","FALSE","(fit, scale = 0, k = 2, ...) ","base","NA","1.3.1","released",FALSE
"extractAIC.coxph","closure","","TRUE","FALSE","(fit, scale, k = 2, ...) ","base","NA","1.3.1","released",FALSE
"extractAIC.glm","closure","","TRUE","FALSE","(fit, scale = 0, k = 2, ...) ","base","NA","1.3.1","released",FALSE
"extractAIC.lm","closure","","TRUE","FALSE","(fit, scale = 0, k = 2, ...) ","base","NA","1.3.1","released",FALSE
"extractAIC.negbin","closure","","TRUE","FALSE","(fit, scale, k = 2, ...) ","base","NA","1.3.1","released",FALSE
"extractAIC.survreg","closure","","TRUE","FALSE","(fit, scale, k = 2, ...) ","base","NA","1.3.1","released",FALSE
"factor","closure","","TRUE","FALSE","(x, levels = sort(unique(x), na.last = TRUE), labels = levels,     exclude = NA, ordered = is.ordered(x)) ","base","NA","1.3.1","released",FALSE
"factor.scope","closure","","TRUE","FALSE","(factor, scope) ","base","NA","1.3.1","released",FALSE
"family","closure","","TRUE","FALSE","(object, ...) ","base","NA","1.3.1","released",FALSE
"family.glm","closure","","TRUE","FALSE","(object, ...) ","base","NA","1.3.1","released",FALSE
"family.lm","closure","","TRUE","FALSE","(object, ...) ","base","NA","1.3.1","released",FALSE
"fft","closure","","TRUE","FALSE","(z, inverse = FALSE) ","base","NA","1.3.1","released",FALSE
"fifo","closure","","TRUE","FALSE","(description = """", open = """", blocking = FALSE, encoding = getOption(""encoding"")) ","base","NA","1.3.1","released",FALSE
"file","closure","","TRUE","FALSE","(description = """", open = """", blocking = TRUE, encoding = getOption(""encoding"")) ","base","NA","1.3.1","released",FALSE
"file.access","closure","","TRUE","FALSE","(names, mode = 0) ","base","NA","1.3.1","released",FALSE
"file.append","closure","","TRUE","FALSE","(file1, file2) ","base","NA","1.3.1","released",FALSE
"file.choose","closure","","TRUE","FALSE","(new = FALSE) ","base","NA","1.3.1","released",FALSE
"file.copy","closure","","TRUE","FALSE","(from, to, overwrite = FALSE) ","base","NA","1.3.1","released",FALSE
"file.create","closure","","TRUE","FALSE","(...) ","base","NA","1.3.1","released",FALSE
"file.exists","closure","","TRUE","FALSE","(...) ","base","NA","1.3.1","released",FALSE
"file.info","closure","","TRUE","FALSE","(...) ","base","NA","1.3.1","released",FALSE
"file.path","closure","","TRUE","FALSE","(..., fsep = .Platform$file.sep) ","base","NA","1.3.1","released",FALSE
"file.remove","closure","","TRUE","FALSE","(...) ","base","NA","1.3.1","released",FALSE
"file.show","closure","","TRUE","FALSE","(..., header = rep("""", nfiles), title = ""R Information"",     delete.file = FALSE, pager = getOption(""pager"")) ","base","NA","1.3.1","released",FALSE
"filled.contour","closure","","TRUE","FALSE","(x = seq(0, 1, len = nrow(z)), y = seq(0, 1, len = ncol(z)),     z, xlim = range(x, finite = TRUE), ylim = range(y, finite = TRUE),     zlim = range(z, finite = TRUE), levels = pretty(zlim, nlevels),     nlevels = 20, color.palette = cm.colors, col = color.palette(length(levels) -         1), plot.title, plot.axes, key.title, key.axes, asp = NA,     xaxs = ""i"", yaxs = ""i"", las = 1, axes = TRUE, ...) ","base","NA","1.3.1","released",FALSE
"find","closure","","TRUE","FALSE","(what, mode = ""any"", numeric. = FALSE, simple.words = TRUE) ","base","NA","1.3.1","released",FALSE
"fitted","closure","","TRUE","FALSE","(object, ...) ","base","NA","1.3.1","released",FALSE
"fitted.default","closure","","TRUE","FALSE","(object, ...) ","base","NA","1.3.1","released",FALSE
"fitted.glm","closure","","TRUE","FALSE","(object, ...) ","base","NA","1.3.1","released",FALSE
"fitted.lm","closure","","TRUE","FALSE","(object, ...) ","base","NA","1.3.1","released",FALSE
"fitted.values","closure","","TRUE","FALSE","(object, ...) ","base","NA","1.3.1","released",FALSE
"fivenum","closure","","TRUE","FALSE","(x, na.rm = TRUE) ","base","NA","1.3.1","released",FALSE
"fix","closure","","TRUE","FALSE","(x, ...) ","base","NA","1.3.1","released",FALSE
"floor","builtin","","TRUE","NA","","base","NA","1.3.1","released",FALSE
"for","special","","TRUE","NA","","base","NA","1.3.1","released",FALSE
"formals","closure","","TRUE","FALSE","(fun = sys.function(sys.parent())) ","base","NA","1.3.1","released",FALSE
"formals<-","closure","","TRUE","FALSE","(f, value, envir = parent.frame()) ","base","NA","1.3.1","released",FALSE
"format","closure","","TRUE","FALSE","(x, ...) ","base","NA","1.3.1","released",FALSE
"format.AsIs","closure","","TRUE","FALSE","(x, width = 12, ...) ","base","NA","1.3.1","released",FALSE
"format.POSIXct","closure","","TRUE","FALSE","(x, format = """", tz = """", usetz = FALSE, ...) ","base","NA","1.3.1","released",FALSE
"format.POSIXlt","closure","","TRUE","FALSE","(x, format = """", usetz = FALSE, ...) ","base","NA","1.3.1","released",FALSE
"format.char","closure","","TRUE","FALSE","(x, width = NULL, flag = ""-"") ","base","NA","1.3.1","released",FALSE
"format.data.frame","closure","","TRUE","FALSE","(x, ..., justify = ""none"") ","base","NA","1.3.1","released",FALSE
"format.default","closure","","TRUE","FALSE","(x, trim = FALSE, digits = NULL, nsmall = 0, justify = c(""left"",     ""right"", ""none"")) ","base","NA","1.3.1","released",FALSE
"format.factor","closure","","TRUE","FALSE","(x, ...) ","base","NA","1.3.1","released",FALSE
"format.info","closure","","TRUE","FALSE","(x) ","base","NA","1.3.1","released",FALSE
"format.octmode","closure","","TRUE","FALSE","(x, ...) ","base","NA","1.3.1","released",FALSE
"format.pval","closure","","TRUE","FALSE","(pv, digits = max(1, getOption(""digits"") - 2), eps = .Machine$double.eps,     na.form = ""NA"") ","base","NA","1.3.1","released",FALSE
"formatC","closure","","TRUE","FALSE","(x, digits = NULL, width = NULL, format = NULL, flag = """",     mode = NULL) ","base","NA","1.3.1","released",FALSE
"formatDL","closure","","TRUE","FALSE","(x, y, style = c(""table"", ""list""), width = 0.9 * getOption(""width""),     indent = NULL) ","base","NA","1.3.1","released",FALSE
"formula","closure","","TRUE","FALSE","(x, ...) ","base","NA","1.3.1","released",FALSE
"formula.data.frame","closure","","TRUE","FALSE","(x, ...) ","base","NA","1.3.1","released",FALSE
"formula.default","closure","","TRUE","FALSE","(x, env = parent.frame(), ...) ","base","NA","1.3.1","released",FALSE
"formula.formula","closure","","TRUE","FALSE","(x, ...) ","base","NA","1.3.1","released",FALSE
"formula.lm","closure","","TRUE","FALSE","(object, ...) ","base","NA","1.3.1","released",FALSE
"formula.terms","closure","","TRUE","FALSE","(x, ...) ","base","NA","1.3.1","released",FALSE
"forwardsolve","closure","","TRUE","FALSE","(l, x, k = ncol(l), upper.tri = FALSE, transpose = FALSE) ","base","NA","1.3.1","released",FALSE
"fourfoldplot","closure","","TRUE","FALSE","(x, color = c(""#99CCFF"", ""#6699CC""), conf.level = 0.95,     std = c(""margins"", ""ind.max"", ""all.max""), margin = c(1, 2),     space = 0.2, main = NULL, mfrow = NULL, mfcol = NULL) ","base","NA","1.3.1","released",FALSE
"frame","closure","","TRUE","FALSE","() ","base","NA","1.3.1","released",FALSE
"frequency","closure","","TRUE","FALSE","(x, ...) ","base","NA","1.3.1","released",FALSE
"frequency.default","closure","","TRUE","FALSE","(x, ...) ","base","NA","1.3.1","released",FALSE
"ftable","closure","","TRUE","FALSE","(x, ...) ","base","NA","1.3.1","released",FALSE
"ftable.default","closure","","TRUE","FALSE","(..., exclude = c(NA, NaN), row.vars = NULL, col.vars = NULL) ","base","NA","1.3.1","released",FALSE
"ftable.formula","closure","","TRUE","FALSE","(formula, data = NULL, subset, na.action, ...) ","base","NA","1.3.1","released",FALSE
"function","special","","TRUE","NA","","base","NA","1.3.1","released",FALSE
"gamma","closure","","TRUE","FALSE","(x) ","base","NA","1.3.1","released",FALSE
"gammaCody","closure","","TRUE","FALSE","(x) ","base","NA","1.3.1","released",FALSE
"gaussian","closure","","TRUE","FALSE","(link = ""identity"") ","base","NA","1.3.1","released",FALSE
"gc","closure","","TRUE","FALSE","(verbose = getOption(""verbose"")) ","base","NA","1.3.1","released",FALSE
"gc.time","builtin","","TRUE","NA","","base","NA","1.3.1","released",FALSE
"gcinfo","closure","","TRUE","FALSE","(verbose) ","base","NA","1.3.1","released",FALSE
"gctorture","closure","","TRUE","FALSE","(on = TRUE) ","base","NA","1.3.1","released",FALSE
"get","closure","","TRUE","FALSE","(x, pos = -1, envir = pos.to.env(pos), mode = ""any"",     inherits = TRUE) ","base","NA","1.3.1","released",FALSE
"getAllConnections","closure","","TRUE","FALSE","() ","base","NA","1.3.1","released",FALSE
"getCConverterDescriptions","closure","","TRUE","FALSE","() ","base","NA","1.3.1","released",FALSE
"getCConverterStatus","closure","","TRUE","FALSE","() ","base","NA","1.3.1","released",FALSE
"getConnection","closure","","TRUE","FALSE","(what) ","base","NA","1.3.1","released",FALSE
"getNumCConverters","closure","","TRUE","FALSE","() ","base","NA","1.3.1","released",FALSE
"getOption","closure","","TRUE","FALSE","(x) ","base","NA","1.3.1","released",FALSE
"getenv","closure","","TRUE","FALSE","(...) ","base","NA","1.3.1","released",FALSE
"geterrmessage","closure","","TRUE","FALSE","() ","base","NA","1.3.1","released",FALSE
"getwd","closure","","TRUE","FALSE","() ","base","NA","1.3.1","released",FALSE
"gl","closure","","TRUE","FALSE","(n, k, length = n * k, labels = 1:n, ordered = FALSE) ","base","NA","1.3.1","released",FALSE
"glm","closure","","TRUE","FALSE","(formula, family = gaussian, data = list(), weights = NULL,     subset = NULL, na.action = na.fail, start = NULL, offset = NULL,     control = glm.control(...), model = TRUE, method = ""glm.fit"",     x = FALSE, y = TRUE, contrasts = NULL, ...) ","base","NA","1.3.1","released",FALSE
"glm.control","closure","","TRUE","FALSE","(epsilon = 1e-04, maxit = 10, trace = FALSE) ","base","NA","1.3.1","released",FALSE
"glm.fit","closure","","TRUE","FALSE","(x, y, weights = rep(1, nobs), start = NULL, etastart = NULL,     mustart = NULL, offset = rep(0, nobs), family = gaussian(),     control = glm.control(), intercept = TRUE) ","base","NA","1.3.1","released",FALSE
"glm.fit.null","closure","","TRUE","FALSE","(x, y, weights = rep(1, nobs), start = NULL, offset = rep(0,     nobs), family = gaussian(), control = glm.control(), intercept = FALSE) ","base","NA","1.3.1","released",FALSE
"globalenv","builtin","","TRUE","NA","","base","NA","1.3.1","released",FALSE
"gnome","closure","","TRUE","FALSE","(display = """", width = 7, height = 7, pointsize = 12) ","base","NA","1.3.1","released",FALSE
"graphics.off","closure","","TRUE","FALSE","() ","base","NA","1.3.1","released",FALSE
"gray","closure","","TRUE","FALSE","(level) ","base","NA","1.3.1","released",FALSE
"grep","closure","","TRUE","FALSE","(pattern, x, ignore.case = FALSE, extended = TRUE, value = FALSE) ","base","NA","1.3.1","released",FALSE
"grey","closure","","TRUE","FALSE","(level) ","base","NA","1.3.1","released",FALSE
"grid","closure","","TRUE","FALSE","(nx = NULL, ny = NULL, col = ""lightgray"", lty = ""dotted"") ","base","NA","1.3.1","released",FALSE
"gsub","closure","","TRUE","FALSE","(pattern, replacement, x, ignore.case = FALSE, extended = TRUE) ","base","NA","1.3.1","released",FALSE
"gtk","closure","","TRUE","FALSE","(display = """", width = 7, height = 7, pointsize = 12) ","base","NA","1.3.1","released",FALSE
"gzfile","closure","","TRUE","FALSE","(description, open = """", encoding = getOption(""encoding""),     compression = 6) ","base","NA","1.3.1","released",FALSE
"hasTsp","closure","","TRUE","FALSE","(x) ","base","NA","1.3.1","released",FALSE
"hat","closure","","TRUE","FALSE","(x, intercept = TRUE) ","base","NA","1.3.1","released",FALSE
"heat.colors","closure","","TRUE","FALSE","(n) ","base","NA","1.3.1","released",FALSE
"help","closure","","TRUE","FALSE","(topic, offline = FALSE, package = .packages(), lib.loc = .lib.loc,     verbose = getOption(""verbose""), try.all.packages = getOption(""help.try.all.packages""),     htmlhelp = getOption(""htmlhelp""), pager = getOption(""pager"")) ","base","NA","1.3.1","released",FALSE
"help.search","closure","","TRUE","FALSE","(pattern, fields = c(""alias"", ""title""), apropos, keyword,     whatis, ignore.case = TRUE, package = NULL, lib.loc = .lib.loc,     help.db = getOption(""help.db""), verbose = getOption(""verbose""),     rebuild = FALSE) ","base","NA","1.3.1","released",FALSE
"help.start","closure","","TRUE","FALSE","(gui = ""irrelevant"", browser = getOption(""browser""),     remote = NULL) ","base","NA","1.3.1","released",FALSE
"hist","closure","","TRUE","FALSE","(x, ...) ","base","NA","1.3.1","released",FALSE
"hist.default","closure","","TRUE","FALSE","(x, breaks, freq = NULL, probability = !freq, include.lowest = TRUE,     right = TRUE, col = NULL, border = par(""fg""), main = paste(""Histogram of"",         xname), xlim = range(breaks), ylim = NULL, xlab = xname,     ylab, axes = TRUE, plot = TRUE, labels = FALSE, nclass = NULL,     ...) ","base","NA","1.3.1","released",FALSE
"history","closure","","TRUE","FALSE","(max.show = 25, reverse = FALSE) ","base","NA","1.3.1","released",FALSE
"hsv","closure","","TRUE","FALSE","(h = 1, s = 1, v = 1, gamma = 1) ","base","NA","1.3.1","released",FALSE
"httpclient","closure","","TRUE","FALSE","(url, port = 80, error.is.fatal = TRUE, check.MIME.type = TRUE,     file = tempfile(), drop.ctrl.z = TRUE) ","base","NA","1.3.1","released",FALSE
"identify","closure","","TRUE","FALSE","(x, ...) ","base","NA","1.3.1","released",FALSE
"identify.default","closure","","TRUE","FALSE","(x, y = NULL, labels = seq(along = x), pos = FALSE,     n = length(x), plot = TRUE, offset = 0.5, ...) ","base","NA","1.3.1","released",FALSE
"if","special","","TRUE","NA","","base","NA","1.3.1","released",FALSE
"ifelse","closure","","TRUE","FALSE","(test, yes, no) ","base","NA","1.3.1","released",FALSE
"image","closure","","TRUE","FALSE","(x, ...) ","base","NA","1.3.1","released",FALSE
"image.default","closure","","TRUE","FALSE","(x = seq(0, 1, len = nrow(z)), y = seq(0, 1, len = ncol(z)),     z, zlim = range(z[is.finite(z)]), xlim = range(x[is.finite(x)]),     ylim = range(y[is.finite(y)]), col = heat.colors(12), add = FALSE,     xaxs = ""i"", yaxs = ""i"", xlab, ylab, breaks, oldstyle = FALSE,     ...) ","base","NA","1.3.1","released",FALSE
"index.search","closure","","TRUE","FALSE","(topic, path, file = ""AnIndex"", type = ""help"") ","base","NA","1.3.1","released",FALSE
"influence.measures","closure","","TRUE","FALSE","(lm.obj) ","base","NA","1.3.1","released",FALSE
"inherits","closure","","TRUE","FALSE","(x, what, which = FALSE) ","base","NA","1.3.1","released",FALSE
"install.packages","closure","","TRUE","FALSE","(pkgs, lib, CRAN = getOption(""CRAN""), contriburl = contrib.url(CRAN),     method, available = NULL, destdir = NULL) ","base","NA","1.3.1","released",FALSE
"installed.packages","closure","","TRUE","FALSE","(lib.loc = .lib.loc) ","base","NA","1.3.1","released",FALSE
"integer","closure","","TRUE","FALSE","(length = 0) ","base","NA","1.3.1","released",FALSE
"integrate","closure","","TRUE","FALSE","(f, lower, upper, subdivisions = 100, rel.tol = .Machine$double.eps^0.25,     abs.tol = rel.tol, stop.on.error = TRUE, keep.xy = FALSE,     aux = NULL, ...) ","base","NA","1.3.1","released",FALSE
"interaction","closure","","TRUE","FALSE","(..., drop = FALSE) ","base","NA","1.3.1","released",FALSE
"interaction.plot","closure","","TRUE","FALSE","(x.factor, trace.factor, response, fun = mean, type = c(""l"",     ""p""), legend = TRUE, trace.label = deparse(substitute(trace.factor)),     fixed = FALSE, xlab = deparse(substitute(x.factor)), ylab = ylabel,     ylim = range(cells, na.rm = TRUE), lty = nc:1, col = 1, pch = c(1:9,         0, letters), ...) ","base","NA","1.3.1","released",FALSE
"interactive","special","","TRUE","NA","","base","NA","1.3.1","released",FALSE
"intersect","closure","","TRUE","FALSE","(x, y) ","base","NA","1.3.1","released",FALSE
"inverse.gaussian","closure","","TRUE","FALSE","(link = ""1/mu^2"") ","base","NA","1.3.1","released",FALSE
"invisible","builtin","","TRUE","NA","","base","NA","1.3.1","released",FALSE
"is.R","closure","","TRUE","FALSE","() ","base","NA","1.3.1","released",FALSE
"is.array","builtin","","TRUE","NA","","base","NA","1.3.1","released",FALSE
"is.atomic","builtin","","TRUE","NA","","base","NA","1.3.1","released",FALSE
"is.call","builtin","","TRUE","NA","","base","NA","1.3.1","released",FALSE
"is.character","builtin","","TRUE","NA","","base","NA","1.3.1","released",FALSE
"is.complex","builtin","","TRUE","NA","","base","NA","1.3.1","released",FALSE
"is.data.frame","closure","","TRUE","FALSE","(x) ","base","NA","1.3.1","released",FALSE
"is.double","builtin","","TRUE","NA","","base","NA","1.3.1","released",FALSE
"is.element","closure","","TRUE","FALSE","(el, set) ","base","NA","1.3.1","released",FALSE
"is.empty.model","closure","","TRUE","FALSE","(x) ","base","NA","1.3.1","released",FALSE
"is.environment","builtin","","TRUE","NA","","base","NA","1.3.1","released",FALSE
"is.expression","builtin","","TRUE","NA","","base","NA","1.3.1","released",FALSE
"is.factor","closure","","TRUE","FALSE","(x) ","base","NA","1.3.1","released",FALSE
"is.finite","builtin","","TRUE","NA","","base","NA","1.3.1","released",FALSE
"is.function","builtin","","TRUE","NA","","base","NA","1.3.1","released",FALSE
"is.infinite","builtin","","TRUE","NA","","base","NA","1.3.1","released",FALSE
"is.integer","builtin","","TRUE","NA","","base","NA","1.3.1","released",FALSE
"is.language","builtin","","TRUE","NA","","base","NA","1.3.1","released",FALSE
"is.list","builtin","","TRUE","NA","","base","NA","1.3.1","released",FALSE
"is.loaded","builtin","","TRUE","NA","","base","NA","1.3.1","released",FALSE
"is.logical","builtin","","TRUE","NA","","base","NA","1.3.1","released",FALSE
"is.matrix","builtin","","TRUE","NA","","base","NA","1.3.1","released",FALSE
"is.na","builtin","","TRUE","NA","","base","NA","1.3.1","released",FALSE
"is.na.POSIXlt","closure","","TRUE","FALSE","(x) ","base","NA","1.3.1","released",FALSE
"is.na.data.frame","closure","","TRUE","FALSE","(x) ","base","NA","1.3.1","released",FALSE
"is.name","builtin","","TRUE","NA","","base","NA","1.3.1","released",FALSE
"is.nan","builtin","","TRUE","NA","","base","NA","1.3.1","released",FALSE
"is.null","builtin","","TRUE","NA","","base","NA","1.3.1","released",FALSE
"is.numeric","builtin","","TRUE","NA","","base","NA","1.3.1","released",FALSE
"is.object","builtin","","TRUE","NA","","base","NA","1.3.1","released",FALSE
"is.ordered","closure","","TRUE","FALSE","(x) ","base","NA","1.3.1","released",FALSE
"is.pairlist","builtin","","TRUE","NA","","base","NA","1.3.1","released",FALSE
"is.qr","closure","","TRUE","FALSE","(x) ","base","NA","1.3.1","released",FALSE
"is.real","builtin","","TRUE","NA","","base","NA","1.3.1","released",FALSE
"is.recursive","builtin","","TRUE","NA","","base","NA","1.3.1","released",FALSE
"is.single","builtin","","TRUE","NA","","base","NA","1.3.1","released",FALSE
"is.symbol","builtin","","TRUE","NA","","base","NA","1.3.1","released",FALSE
"is.table","closure","","TRUE","FALSE","(x) ","base","NA","1.3.1","released",FALSE
"is.ts","closure","","TRUE","FALSE","(x) ","base","NA","1.3.1","released",FALSE
"is.unsorted","closure","","TRUE","FALSE","(x, na.rm = FALSE) ","base","NA","1.3.1","released",FALSE
"is.vector","closure","","TRUE","FALSE","(x, mode = ""any"") ","base","NA","1.3.1","released",FALSE
"isIncomplete","closure","","TRUE","FALSE","(con) ","base","NA","1.3.1","released",FALSE
"isOpen","closure","","TRUE","FALSE","(con, rw = """") ","base","NA","1.3.1","released",FALSE
"isSeekable","closure","","TRUE","FALSE","(con) ","base","NA","1.3.1","released",FALSE
"jitter","closure","","TRUE","FALSE","(x, factor = 1, amount = NULL) ","base","NA","1.3.1","released",FALSE
"jpeg","closure","","TRUE","FALSE","(filename = ""Rplot.jpeg"", width = 480, height = 480,     pointsize = 12, quality = 75, gamma = 1, colortype = getOption(""X11colortype""),     maxcubesize = 256) ","base","NA","1.3.1","released",FALSE
"julian","closure","","TRUE","FALSE","(x, ...) ","base","NA","1.3.1","released",FALSE
"julian.POSIXt","closure","","TRUE","FALSE","(x, origin = as.POSIXct(""1970-01-01"", tz = ""GMT""), ...) ","base","NA","1.3.1","released",FALSE
"kappa","closure","","TRUE","FALSE","(z, ...) ","base","NA","1.3.1","released",FALSE
"kappa.default","closure","","TRUE","FALSE","(z, exact = FALSE, ...) ","base","NA","1.3.1","released",FALSE
"kappa.lm","closure","","TRUE","FALSE","(z, ...) ","base","NA","1.3.1","released",FALSE
"kappa.qr","closure","","TRUE","FALSE","(z, ...) ","base","NA","1.3.1","released",FALSE
"kappa.tri","closure","","TRUE","FALSE","(z, exact = FALSE, ...) ","base","NA","1.3.1","released",FALSE
"kronecker","closure","","TRUE","FALSE","(X, Y, FUN = ""*"", make.dimnames = FALSE, ...) ","base","NA","1.3.1","released",FALSE
"labels","closure","","TRUE","FALSE","(object, ...) ","base","NA","1.3.1","released",FALSE
"labels.default","closure","","TRUE","FALSE","(object, ...) ","base","NA","1.3.1","released",FALSE
"labels.lm","closure","","TRUE","FALSE","(object, ...) ","base","NA","1.3.1","released",FALSE
"labels.terms","closure","","TRUE","FALSE","(object, ...) ","base","NA","1.3.1","released",FALSE
"lapply","closure","","TRUE","FALSE","(X, FUN, ...) ","base","NA","1.3.1","released",FALSE
"layout","closure","","TRUE","FALSE","(mat, widths = rep(1, dim(mat)[2]), heights = rep(1,     dim(mat)[1]), respect = FALSE) ","base","NA","1.3.1","released",FALSE
"layout.show","closure","","TRUE","FALSE","(n = 1) ","base","NA","1.3.1","released",FALSE
"lbeta","closure","","TRUE","FALSE","(a, b) ","base","NA","1.3.1","released",FALSE
"lchoose","closure","","TRUE","FALSE","(n, k) ","base","NA","1.3.1","released",FALSE
"lcm","closure","","TRUE","FALSE","(x) ","base","NA","1.3.1","released",FALSE
"legend","closure","","TRUE","FALSE","(x, y, legend, fill, col = ""black"", lty, lwd, pch, bty = ""o"",     bg = par(""bg""), pt.bg = NA, cex = 1, xjust = 0, yjust = 1,     x.intersp = 1, y.intersp = 1, adj = 0, text.width = NULL,     merge = do.lines && has.pch, trace = FALSE, ncol = 1, horiz = FALSE) ","base","NA","1.3.1","released",FALSE
"length","builtin","","TRUE","NA","","base","NA","1.3.1","released",FALSE
"length<-","builtin","","TRUE","NA","","base","NA","1.3.1","released",FALSE
"letters","character","","TRUE","FALSE","NA","base","NA","1.3.1","released",FALSE
"levels","closure","","TRUE","FALSE","(x) ","base","NA","1.3.1","released",FALSE
"levels<-","closure","","TRUE","FALSE","(x, value) ","base","NA","1.3.1","released",FALSE
"levels<-.default","closure","","TRUE","FALSE","(x, value) ","base","NA","1.3.1","released",FALSE
"levels<-.factor","closure","","TRUE","FALSE","(x, value) ","base","NA","1.3.1","released",FALSE
"lgamma","closure","","TRUE","FALSE","(x) ","base","NA","1.3.1","released",FALSE
"library","closure","","TRUE","FALSE","(package, help, lib.loc = .lib.loc, character.only = FALSE,     logical.return = FALSE, warn.conflicts = TRUE, keep.source = getOption(""keep.source.pkgs"")) ","base","NA","1.3.1","released",FALSE
"library.dynam","closure","","TRUE","FALSE","(chname, package = .packages(), lib.loc = .lib.loc,     verbose = getOption(""verbose""), file.ext = .Platform$dynlib.ext,     ...) ","base","NA","1.3.1","released",FALSE
"licence","closure","","TRUE","FALSE","() ","base","NA","1.3.1","released",FALSE
"license","closure","","TRUE","FALSE","() ","base","NA","1.3.1","released",FALSE
"lines","closure","","TRUE","FALSE","(x, ...) ","base","NA","1.3.1","released",FALSE
"lines.default","closure","","TRUE","FALSE","(x, y = NULL, type = ""l"", col = par(""col""), lty = par(""lty""),     ...) ","base","NA","1.3.1","released",FALSE
"lines.formula","closure","","TRUE","FALSE","(formula, data = parent.frame(), ..., subset) ","base","NA","1.3.1","released",FALSE
"lines.histogram","closure","","TRUE","FALSE","(x, ...) ","base","NA","1.3.1","released",FALSE
"lines.ts","closure","","TRUE","FALSE","(x, ...) ","base","NA","1.3.1","released",FALSE
"list","builtin","","TRUE","NA","","base","NA","1.3.1","released",FALSE
"list.files","closure","","TRUE","FALSE","(path = ""."", pattern = NULL, all.files = FALSE, full.names = FALSE) ","base","NA","1.3.1","released",FALSE
"lm","closure","","TRUE","FALSE","(formula, data = list(), subset, weights, na.action,     method = ""qr"", model = TRUE, x = FALSE, y = FALSE, qr = TRUE,     singular.ok = TRUE, contrasts = NULL, offset = NULL, ...) ","base","NA","1.3.1","released",FALSE
"lm.fit","closure","","TRUE","FALSE","(x, y, offset = NULL, method = ""qr"", tol = 1e-07, ...) ","base","NA","1.3.1","released",FALSE
"lm.fit.null","closure","","TRUE","FALSE","(x, y, method = ""qr"", tol = 1e-07, ...) ","base","NA","1.3.1","released",FALSE
"lm.influence","closure","","TRUE","FALSE","(lm.obj) ","base","NA","1.3.1","released",FALSE
"lm.wfit","closure","","TRUE","FALSE","(x, y, w, offset = NULL, method = ""qr"", tol = 1e-07,     ...) ","base","NA","1.3.1","released",FALSE
"lm.wfit.null","closure","","TRUE","FALSE","(x, y, w, method = ""qr"", tol = 1e-07, ...) ","base","NA","1.3.1","released",FALSE
"load","closure","","TRUE","FALSE","(file, envir = parent.frame()) ","base","NA","1.3.1","released",FALSE
"loadhistory","closure","","TRUE","FALSE","(file = "".Rhistory"") ","base","NA","1.3.1","released",FALSE
"local","closure","","TRUE","FALSE","(expr, envir = new.env()) ","base","NA","1.3.1","released",FALSE
"locator","closure","","TRUE","FALSE","(n = 512, type = ""n"", ...) ","base","NA","1.3.1","released",FALSE
"log","closure","","TRUE","FALSE","(x, base = exp(1)) ","base","NA","1.3.1","released",FALSE
"log10","closure","","TRUE","FALSE","(x) ","base","NA","1.3.1","released",FALSE
"log1p","closure","","TRUE","FALSE","(x) ","base","NA","1.3.1","released",FALSE
"log2","closure","","TRUE","FALSE","(x) ","base","NA","1.3.1","released",FALSE
"logLik","closure","","TRUE","FALSE","(object, ...) ","base","NA","1.3.1","released",FALSE
"logLik.lm","closure","","TRUE","FALSE","(object, REML = FALSE, ...) ","base","NA","1.3.1","released",FALSE
"logical","closure","","TRUE","FALSE","(length = 0) ","base","NA","1.3.1","released",FALSE
"loglin","closure","","TRUE","FALSE","(table, margin, start = rep(1, length(table)), fit = FALSE,     eps = 0.1, iter = 20, param = FALSE, print = TRUE) ","base","NA","1.3.1","released",FALSE
"lower.tri","closure","","TRUE","FALSE","(x, diag = FALSE) ","base","NA","1.3.1","released",FALSE
"lowess","closure","","TRUE","FALSE","(x, y = NULL, f = 2/3, iter = 3, delta = 0.01 * diff(range(xy$x[o]))) ","base","NA","1.3.1","released",FALSE
"ls","closure","","TRUE","FALSE","(name, pos = -1, envir = pos.to.env(pos), all.names = FALSE,     pattern) ","base","NA","1.3.1","released",FALSE
"ls.diag","closure","","TRUE","FALSE","(ls.out) ","base","NA","1.3.1","released",FALSE
"ls.print","closure","","TRUE","FALSE","(ls.out, digits = 4, print.it = TRUE) ","base","NA","1.3.1","released",FALSE
"ls.str","closure","","TRUE","FALSE","(pos = 1, pattern, ..., mode = ""any"", max.level = 1,     give.attr = FALSE) ","base","NA","1.3.1","released",FALSE
"lsf.str","closure","","TRUE","FALSE","(pos = 1, pattern, ...) ","base","NA","1.3.1","released",FALSE
"lsfit","closure","","TRUE","FALSE","(x, y, wt = NULL, intercept = TRUE, tolerance = 1e-07,     yname = NULL) ","base","NA","1.3.1","released",FALSE
"machine","closure","","TRUE","FALSE","() ","base","NA","1.3.1","released",FALSE
"mad","closure","","TRUE","FALSE","(x, center = median(x), constant = 1.4826, na.rm = FALSE,     low = FALSE, high = FALSE) ","base","NA","1.3.1","released",FALSE
"mahalanobis","closure","","TRUE","FALSE","(x, center, cov, inverted = FALSE) ","base","NA","1.3.1","released",FALSE
"make.link","closure","","TRUE","FALSE","(link) ","base","NA","1.3.1","released",FALSE
"make.names","closure","","TRUE","FALSE","(names, unique = FALSE) ","base","NA","1.3.1","released",FALSE
"make.socket","closure","","TRUE","FALSE","(host = ""localhost"", port, fail = TRUE, server = FALSE) ","base","NA","1.3.1","released",FALSE
"make.tables.aovproj","closure","","TRUE","FALSE","(proj.cols, mf.cols, prjs, mf, fun = ""mean"", prt = FALSE,     ...) ","base","NA","1.3.1","released",FALSE
"make.tables.aovprojlist","closure","","TRUE","FALSE","(proj.cols, strata.cols, model.cols, projections, model,     eff, fun = ""mean"", prt = FALSE, ...) ","base","NA","1.3.1","released",FALSE
"manova","closure","","TRUE","FALSE","(...) ","base","NA","1.3.1","released",FALSE
"margin.table","closure","","TRUE","FALSE","(x, margin = NULL) ","base","NA","1.3.1","released",FALSE
"mat.or.vec","closure","","TRUE","FALSE","(nr, nc) ","base","NA","1.3.1","released",FALSE
"match","closure","","TRUE","FALSE","(x, table, nomatch = NA, incomparables = FALSE) ","base","NA","1.3.1","released",FALSE
"match.arg","closure","","TRUE","FALSE","(arg, choices) ","base","NA","1.3.1","released",FALSE
"match.call","closure","","TRUE","FALSE","(definition = NULL, call = sys.call(sys.parent()), expand.dots = TRUE) ","base","NA","1.3.1","released",FALSE
"match.fun","closure","","TRUE","FALSE","(FUN, descend = TRUE) ","base","NA","1.3.1","released",FALSE
"matlines","closure","","TRUE","FALSE","(x, y, type = ""l"", lty = 1:5, lwd = 1, pch = NULL, col = 1:6,     ...) ","base","NA","1.3.1","released",FALSE
"matplot","closure","","TRUE","FALSE","(x, y, type = ""p"", lty = 1:5, lwd = 1, pch = NULL, col = 1:6,     cex = NULL, xlab = NULL, ylab = NULL, xlim = NULL, ylim = NULL,     ..., add = FALSE, verbose = getOption(""verbose"")) ","base","NA","1.3.1","released",FALSE
"matpoints","closure","","TRUE","FALSE","(x, y, type = ""p"", lty = 1:5, lwd = 1, pch = NULL, col = 1:6,     ...) ","base","NA","1.3.1","released",FALSE
"matrix","closure","","TRUE","FALSE","(data = NA, nrow = 1, ncol = 1, byrow = FALSE, dimnames = NULL) ","base","NA","1.3.1","released",FALSE
"max","closure","","TRUE","FALSE","(..., na.rm = FALSE) ","base","NA","1.3.1","released",FALSE
"max.col","closure","","TRUE","FALSE","(m) ","base","NA","1.3.1","released",FALSE
"mean","closure","","TRUE","FALSE","(x, ...) ","base","NA","1.3.1","released",FALSE
"mean.POSIXct","closure","","TRUE","FALSE","(x, ...) ","base","NA","1.3.1","released",FALSE
"mean.POSIXlt","closure","","TRUE","FALSE","(x, ...) ","base","NA","1.3.1","released",FALSE
"mean.default","closure","","TRUE","FALSE","(x, trim = 0, na.rm = FALSE) ","base","NA","1.3.1","released",FALSE
"median","closure","","TRUE","FALSE","(x, na.rm = FALSE) ","base","NA","1.3.1","released",FALSE
"mem.limits","closure","","TRUE","FALSE","(nsize = NA, vsize = NA) ","base","NA","1.3.1","released",FALSE
"memory.profile","closure","","TRUE","FALSE","() ","base","NA","1.3.1","released",FALSE
"menu","closure","","TRUE","FALSE","(choices, graphics = FALSE, title = """") ","base","NA","1.3.1","released",FALSE
"merge","closure","","TRUE","FALSE","(x, y, ...) ","base","NA","1.3.1","released",FALSE
"merge.data.frame","closure","","TRUE","FALSE","(x, y, by = intersect(names(x), names(y)), by.x = by,     by.y = by, all = FALSE, all.x = all, all.y = all, sort = TRUE,     suffixes = c("".x"", "".y"")) ","base","NA","1.3.1","released",FALSE
"merge.default","closure","","TRUE","FALSE","(x, y, ...) ","base","NA","1.3.1","released",FALSE
"methods","closure","","TRUE","FALSE","(generic.function, class) ","base","NA","1.3.1","released",FALSE
"min","closure","","TRUE","FALSE","(..., na.rm = FALSE) ","base","NA","1.3.1","released",FALSE
"missing","special","","TRUE","NA","","base","NA","1.3.1","released",FALSE
"mode","closure","","TRUE","FALSE","(x) ","base","NA","1.3.1","released",FALSE
"mode<-","closure","","TRUE","FALSE","(x, value) ","base","NA","1.3.1","released",FALSE
"model.extract","closure","","TRUE","FALSE","(frame, component) ","base","NA","1.3.1","released",FALSE
"model.frame","closure","","TRUE","FALSE","(formula, ...) ","base","NA","1.3.1","released",FALSE
"model.frame.aovlist","closure","","TRUE","FALSE","(formula, data = NULL, ...) ","base","NA","1.3.1","released",FALSE
"model.frame.default","closure","","TRUE","FALSE","(formula, data = NULL, subset = NULL, na.action = na.fail,     drop.unused.levels = FALSE, xlev = NULL, ...) ","base","NA","1.3.1","released",FALSE
"model.frame.glm","closure","","TRUE","FALSE","(formula, data, na.action, ...) ","base","NA","1.3.1","released",FALSE
"model.frame.lm","closure","","TRUE","FALSE","(formula, data, na.action, ...) ","base","NA","1.3.1","released",FALSE
"model.matrix","closure","","TRUE","FALSE","(object, ...) ","base","NA","1.3.1","released",FALSE
"model.matrix.default","closure","","TRUE","FALSE","(formula, data = environment(formula), contrasts.arg = NULL,     xlev = NULL) ","base","NA","1.3.1","released",FALSE
"model.matrix.glm.null","closure","","TRUE","FALSE","(object, ...) ","base","NA","1.3.1","released",FALSE
"model.matrix.lm","closure","","TRUE","FALSE","(object, ...) ","base","NA","1.3.1","released",FALSE
"model.matrix.lm.null","closure","","TRUE","FALSE","(object, ...) ","base","NA","1.3.1","released",FALSE
"model.offset","closure","","TRUE","FALSE","(x) ","base","NA","1.3.1","released",FALSE
"model.response","closure","","TRUE","FALSE","(data, type = ""any"") ","base","NA","1.3.1","released",FALSE
"model.tables","closure","","TRUE","FALSE","(x, ...) ","base","NA","1.3.1","released",FALSE
"model.tables.aov","closure","","TRUE","FALSE","(x, type = ""effects"", se = FALSE, cterms) ","base","NA","1.3.1","released",FALSE
"model.tables.aovlist","closure","","TRUE","FALSE","(x, type = ""effects"", se = FALSE, ...) ","base","NA","1.3.1","released",FALSE
"model.weights","closure","","TRUE","FALSE","(x) ","base","NA","1.3.1","released",FALSE
"month.abb","character","","TRUE","FALSE","NA","base","NA","1.3.1","released",FALSE
"month.name","character","","TRUE","FALSE","NA","base","NA","1.3.1","released",FALSE
"months","closure","","TRUE","FALSE","(x, abbreviate) ","base","NA","1.3.1","released",FALSE
"months.POSIXt","closure","","TRUE","FALSE","(x, abbreviate = FALSE) ","base","NA","1.3.1","released",FALSE
"mosaicplot","closure","","TRUE","FALSE","(x, ...) ","base","NA","1.3.1","released",FALSE
"mosaicplot.default","closure","","TRUE","FALSE","(X, main = NULL, xlab = NULL, ylab = NULL, sort = NULL,     off = NULL, dir = NULL, color = FALSE, shade = FALSE, margin = NULL,     type = c(""pearson"", ""deviance"", ""FT"")) ","base","NA","1.3.1","released",FALSE
"mosaicplot.formula","closure","","TRUE","FALSE","(formula, data = NULL, ..., subset, na.action) ","base","NA","1.3.1","released",FALSE
"mostattributes<-","closure","","TRUE","FALSE","(obj, value) ","base","NA","1.3.1","released",FALSE
"mtext","closure","","TRUE","FALSE","(text, side = 3, line = 0, outer = FALSE, at = NA, adj = NA,     cex = NA, col = NA, font = NA, vfont = NULL, ...) ","base","NA","1.3.1","released",FALSE
"mvfft","closure","","TRUE","FALSE","(z, inverse = FALSE) ","base","NA","1.3.1","released",FALSE
"n2mfrow","closure","","TRUE","FALSE","(nr.plots) ","base","NA","1.3.1","released",FALSE
"na.action","closure","","TRUE","FALSE","(object, ...) ","base","NA","1.3.1","released",FALSE
"na.action.default","closure","","TRUE","FALSE","(object, ...) ","base","NA","1.3.1","released",FALSE
"na.exclude","closure","","TRUE","FALSE","(object, ...) ","base","NA","1.3.1","released",FALSE
"na.exclude.data.frame","closure","","TRUE","FALSE","(object, ...) ","base","NA","1.3.1","released",FALSE
"na.exclude.default","closure","","TRUE","FALSE","(object, ...) ","base","NA","1.3.1","released",FALSE
"na.fail","closure","","TRUE","FALSE","(object, ...) ","base","NA","1.3.1","released",FALSE
"na.fail.default","closure","","TRUE","FALSE","(object) ","base","NA","1.3.1","released",FALSE
"na.omit","closure","","TRUE","FALSE","(object, ...) ","base","NA","1.3.1","released",FALSE
"na.omit.data.frame","closure","","TRUE","FALSE","(object, ...) ","base","NA","1.3.1","released",FALSE
"na.omit.default","closure","","TRUE","FALSE","(object, ...) ","base","NA","1.3.1","released",FALSE
"names","closure","","TRUE","FALSE","(x, ...) ","base","NA","1.3.1","released",FALSE
"names.default","closure","","TRUE","FALSE","(x) ","base","NA","1.3.1","released",FALSE
"names<-","closure","","TRUE","FALSE","(x, ...) ","base","NA","1.3.1","released",FALSE
"names<-.default","closure","","TRUE","FALSE","(x, value) ","base","NA","1.3.1","released",FALSE
"napredict","closure","","TRUE","FALSE","(omit, x, ...) ","base","NA","1.3.1","released",FALSE
"napredict.default","closure","","TRUE","FALSE","(omit, x, ...) ","base","NA","1.3.1","released",FALSE
"napredict.exclude","closure","","TRUE","FALSE","(omit, x, ...) ","base","NA","1.3.1","released",FALSE
"naprint","closure","","TRUE","FALSE","(x, ...) ","base","NA","1.3.1","released",FALSE
"naprint.default","closure","","TRUE","FALSE","(x, ...) ","base","NA","1.3.1","released",FALSE
"naprint.exclude","closure","","TRUE","FALSE","(x, ...) ","base","NA","1.3.1","released",FALSE
"naprint.omit","closure","","TRUE","FALSE","(x, ...) ","base","NA","1.3.1","released",FALSE
"naresid","closure","","TRUE","FALSE","(omit, x, ...) ","base","NA","1.3.1","released",FALSE
"naresid.default","closure","","TRUE","FALSE","(omit, x, ...) ","base","NA","1.3.1","released",FALSE
"naresid.exclude","closure","","TRUE","FALSE","(omit, x, ...) ","base","NA","1.3.1","released",FALSE
"nargs","special","","TRUE","NA","","base","NA","1.3.1","released",FALSE
"native.enc","integer","","TRUE","FALSE","NA","base","NA","1.3.1","released",FALSE
"nchar","closure","","TRUE","FALSE","(x) ","base","NA","1.3.1","released",FALSE
"ncol","closure","","TRUE","FALSE","(x) ","base","NA","1.3.1","released",FALSE
"new.env","closure","","TRUE","FALSE","() ","base","NA","1.3.1","released",FALSE
"next","special","","TRUE","NA","","base","NA","1.3.1","released",FALSE
"nextn","closure","","TRUE","FALSE","(n, factors = c(2, 3, 5)) ","base","NA","1.3.1","released",FALSE
"nlevels","closure","","TRUE","FALSE","(x) ","base","NA","1.3.1","released",FALSE
"nlm","closure","","TRUE","FALSE","(f, p, hessian = FALSE, typsize = rep(1, length(p)),     fscale = 1, print.level = 0, ndigit = 12, gradtol = 1e-06,     stepmax = max(1000 * sqrt(sum((p/typsize)^2)), 1000), steptol = 1e-06,     iterlim = 100, check.analyticals = TRUE, ...) ","base","NA","1.3.1","released",FALSE
"noquote","closure","","TRUE","FALSE","(obj) ","base","NA","1.3.1","released",FALSE
"nrow","closure","","TRUE","FALSE","(x) ","base","NA","1.3.1","released",FALSE
"numeric","closure","","TRUE","FALSE","(length = 0) ","base","NA","1.3.1","released",FALSE
"object.size","closure","","TRUE","FALSE","(x) ","base","NA","1.3.1","released",FALSE
"objects","closure","","TRUE","FALSE","(name, pos = -1, envir = pos.to.env(pos), all.names = FALSE,     pattern) ","base","NA","1.3.1","released",FALSE
"offset","closure","","TRUE","FALSE","(object) ","base","NA","1.3.1","released",FALSE
"old.packages","closure","","TRUE","FALSE","(lib.loc = .lib.loc, CRAN = getOption(""CRAN""), contriburl = contrib.url(CRAN),     method, available = NULL) ","base","NA","1.3.1","released",FALSE
"on.exit","special","","TRUE","NA","","base","NA","1.3.1","released",FALSE
"open","closure","","TRUE","FALSE","(con, ...) ","base","NA","1.3.1","released",FALSE
"open.connection","closure","","TRUE","FALSE","(con, open = ""r"", blocking = TRUE) ","base","NA","1.3.1","released",FALSE
"optim","closure","","TRUE","FALSE","(par, fn, gr = NULL, method = c(""Nelder-Mead"", ""BFGS"",     ""CG"", ""L-BFGS-B"", ""SANN""), lower = -Inf, upper = Inf, control = list(),     hessian = FALSE, ...) ","base","NA","1.3.1","released",FALSE
"optimise","closure","","TRUE","FALSE","(f, interval, lower = min(interval), upper = max(interval),     maximum = FALSE, tol = .Machine$double.eps^0.25, ...) ","base","NA","1.3.1","released",FALSE
"optimize","closure","","TRUE","FALSE","(f, interval, lower = min(interval), upper = max(interval),     maximum = FALSE, tol = .Machine$double.eps^0.25, ...) ","base","NA","1.3.1","released",FALSE
"options","closure","","TRUE","FALSE","(...) ","base","NA","1.3.1","released",FALSE
"order","closure","","TRUE","FALSE","(..., na.last = TRUE) ","base","NA","1.3.1","released",FALSE
"ordered","closure","","TRUE","FALSE","(x, ...) ","base","NA","1.3.1","released",FALSE
"outer","closure","","TRUE","FALSE","(X, Y, FUN = ""*"", ...) ","base","NA","1.3.1","released",FALSE
"p.adjust","closure","","TRUE","FALSE","(p, method = p.adjust.methods, n = length(p)) ","base","NA","1.3.1","released",FALSE
"p.adjust.methods","character","","TRUE","FALSE","NA","base","NA","1.3.1","released",FALSE
"package.contents","closure","","TRUE","FALSE","(pkg, lib = .lib.loc) ","base","NA","1.3.1","released",FALSE
"package.dependencies","closure","","TRUE","FALSE","(x, check = FALSE) ","base","NA","1.3.1","released",FALSE
"package.description","closure","","TRUE","FALSE","(pkg, lib = .lib.loc, fields = NULL) ","base","NA","1.3.1","released",FALSE
"package.skeleton","closure","","TRUE","FALSE","(name = ""anRpackage"", list, environment = .GlobalEnv,     path = ""."", force = FALSE) ","base","NA","1.3.1","released",FALSE
"page","closure","","TRUE","FALSE","(x) ","base","NA","1.3.1","released",FALSE
"pairlist","closure","","TRUE","FALSE","(...) ","base","NA","1.3.1","released",FALSE
"pairs","closure","","TRUE","FALSE","(x, ...) ","base","NA","1.3.1","released",FALSE
"pairs.default","closure","","TRUE","FALSE","(x, labels, panel = points, ..., main = NULL, oma = NULL,     font.main = par(""font.main""), cex.main = par(""cex.main""),     lower.panel = panel, upper.panel = panel, diag.panel = NULL,     text.panel = textPanel, label.pos = 0.5 + has.diag/3, cex.labels = NULL,     font.labels = 1, row1attop = TRUE, gap = 1) ","base","NA","1.3.1","released",FALSE
"pairs.formula","closure","","TRUE","FALSE","(formula, data = NULL, ..., subset, na.action) ","base","NA","1.3.1","released",FALSE
"palette","closure","","TRUE","FALSE","(value) ","base","NA","1.3.1","released",FALSE
"panel.smooth","closure","","TRUE","FALSE","(x, y, col = par(""col""), bg = NA, pch = par(""pch""),     cex = 1, col.smooth = ""red"", span = 2/3, iter = 3, ...) ","base","NA","1.3.1","released",FALSE
"par","closure","","TRUE","FALSE","(..., no.readonly = FALSE) ","base","NA","1.3.1","released",FALSE
"parent.frame","closure","","TRUE","FALSE","(n = 1) ","base","NA","1.3.1","released",FALSE
"parse","closure","","TRUE","FALSE","(file = """", n = NULL, text = NULL, prompt = ""?"", white = FALSE) ","base","NA","1.3.1","released",FALSE
"parse.dcf","closure","","TRUE","FALSE","(text = NULL, file = """", fields = NULL, versionfix = FALSE) ","base","NA","1.3.1","released",FALSE
"paste","closure","","TRUE","FALSE","(..., sep = "" "", collapse = NULL) ","base","NA","1.3.1","released",FALSE
"path.expand","closure","","TRUE","FALSE","(path) ","base","NA","1.3.1","released",FALSE
"pbeta","closure","","TRUE","FALSE","(q, shape1, shape2, ncp = 0, lower.tail = TRUE, log.p = FALSE) ","base","NA","1.3.1","released",FALSE
"pbinom","closure","","TRUE","FALSE","(q, size, prob, lower.tail = TRUE, log.p = FALSE) ","base","NA","1.3.1","released",FALSE
"pbirthday","closure","","TRUE","FALSE","(n, classes = 365, coincident = 2) ","base","NA","1.3.1","released",FALSE
"pcauchy","closure","","TRUE","FALSE","(q, location = 0, scale = 1, lower.tail = TRUE, log.p = FALSE) ","base","NA","1.3.1","released",FALSE
"pchisq","closure","","TRUE","FALSE","(q, df, ncp = 0, lower.tail = TRUE, log.p = FALSE) ","base","NA","1.3.1","released",FALSE
"pdf","closure","","TRUE","FALSE","(file = ifelse(onefile, ""Rplots.pdf"", ""Rplot%03d.pdf""),     width = 6, height = 6, onefile = TRUE, ...) ","base","NA","1.3.1","released",FALSE
"pentagamma","closure","","TRUE","FALSE","(x) ","base","NA","1.3.1","released",FALSE
"persp","closure","","TRUE","FALSE","(x, ...) ","base","NA","1.3.1","released",FALSE
"persp.default","closure","","TRUE","FALSE","(x = seq(0, 1, len = nrow(z)), y = seq(0, 1, len = ncol(z)),     z, xlim = range(x), ylim = range(y), zlim = range(z, na.rm = TRUE),     xlab = NULL, ylab = NULL, zlab = NULL, main = NULL, sub = NULL,     theta = 0, phi = 15, r = sqrt(3), d = 1, scale = TRUE, expand = 1,     col = NULL, border = NULL, ltheta = -135, lphi = 0, shade = NA,     box = TRUE, axes = TRUE, nticks = 5, ticktype = ""simple"",     ...) ","base","NA","1.3.1","released",FALSE
"pexp","closure","","TRUE","FALSE","(q, rate = 1, lower.tail = TRUE, log.p = FALSE) ","base","NA","1.3.1","released",FALSE
"pf","closure","","TRUE","FALSE","(q, df1, df2, ncp = 0, lower.tail = TRUE, log.p = FALSE) ","base","NA","1.3.1","released",FALSE
"pgamma","closure","","TRUE","FALSE","(q, shape, scale = 1, lower.tail = TRUE, log.p = FALSE) ","base","NA","1.3.1","released",FALSE
"pgeom","closure","","TRUE","FALSE","(q, prob, lower.tail = TRUE, log.p = FALSE) ","base","NA","1.3.1","released",FALSE
"phyper","closure","","TRUE","FALSE","(q, m, n, k, lower.tail = TRUE, log.p = FALSE) ","base","NA","1.3.1","released",FALSE
"pi","double","","TRUE","FALSE","NA","base","NA","1.3.1","released",FALSE
"pico","closure","","TRUE","FALSE","(name = NULL, file = """") ","base","NA","1.3.1","released",FALSE
"pictex","closure","","TRUE","FALSE","(file = ""Rplots.tex"", width = 5, height = 4, debug = FALSE,     bg = ""white"", fg = ""black"") ","base","NA","1.3.1","released",FALSE
"piechart","closure","","TRUE","FALSE","(x, labels = names(x), edges = 200, radius = 0.8, col = NULL,     main = NULL, ...) ","base","NA","1.3.1","released",FALSE
"pipe","closure","","TRUE","FALSE","(description, open = """", encoding = getOption(""encoding"")) ","base","NA","1.3.1","released",FALSE
"plnorm","closure","","TRUE","FALSE","(q, meanlog = 0, sdlog = 1, lower.tail = TRUE, log.p = FALSE) ","base","NA","1.3.1","released",FALSE
"plogis","closure","","TRUE","FALSE","(q, location = 0, scale = 1, lower.tail = TRUE, log.p = FALSE) ","base","NA","1.3.1","released",FALSE
"plot","closure","","TRUE","FALSE","(x, ...) ","base","NA","1.3.1","released",FALSE
"plot.POSIXct","closure","","TRUE","FALSE","(x, y, xlab = """", ...) ","base","NA","1.3.1","released",FALSE
"plot.POSIXlt","closure","","TRUE","FALSE","(x, y, xlab = """", ...) ","base","NA","1.3.1","released",FALSE
"plot.data.frame","closure","","TRUE","FALSE","(x, ...) ","base","NA","1.3.1","released",FALSE
"plot.default","closure","","TRUE","FALSE","(x, y = NULL, type = ""p"", xlim = NULL, ylim = NULL,     log = """", main = NULL, sub = NULL, xlab = NULL, ylab = NULL,     ann = par(""ann""), axes = TRUE, frame.plot = axes, panel.first = NULL,     panel.last = NULL, col = par(""col""), bg = NA, pch = par(""pch""),     cex = 1, lty = par(""lty""), lab = par(""lab""), lwd = par(""lwd""),     asp = NA, ...) ","base","NA","1.3.1","released",FALSE
"plot.density","closure","","TRUE","FALSE","(x, main = NULL, xlab = NULL, ylab = ""Density"", type = ""l"",     zero.line = TRUE, ...) ","base","NA","1.3.1","released",FALSE
"plot.factor","closure","","TRUE","FALSE","(x, y, legend.text = levels(y), ...) ","base","NA","1.3.1","released",FALSE
"plot.formula","closure","","TRUE","FALSE","(formula, data = parent.frame(), ..., subset, ylab = varnames[response],     ask = TRUE) ","base","NA","1.3.1","released",FALSE
"plot.function","closure","","TRUE","FALSE","(fn, from = 0, to = 1, xlim = NULL, ...) ","base","NA","1.3.1","released",FALSE
"plot.histogram","closure","","TRUE","FALSE","(x, freq = equidist, col = NULL, border = par(""fg""),     lty = NULL, main = paste(""Histogram of"", x$xname), xlim = range(x$breaks),     ylim = NULL, xlab = x$xname, ylab, axes = TRUE, labels = FALSE,     add = FALSE, ...) ","base","NA","1.3.1","released",FALSE
"plot.lm","closure","","TRUE","FALSE","(x, which = 1:4, caption = c(""Residuals vs Fitted"",     ""Normal Q-Q plot"", ""Scale-Location plot"", ""Cook's distance plot""),     panel = points, sub.caption = deparse(x$call), main = """",     ask = nb.fig < length(which) && dev.interactive(), ..., id.n = 3,     labels.id = names(residuals(x)), cex.id = 0.75) ","base","NA","1.3.1","released",FALSE
"plot.mlm","closure","","TRUE","FALSE","(...) ","base","NA","1.3.1","released",FALSE
"plot.mts","closure","","TRUE","FALSE","(x, plot.type = c(""multiple"", ""single""), panel = lines,     log = """", col = par(""col""), bg = NA, pch = par(""pch""), cex = par(""cex""),     lty = par(""lty""), lwd = par(""lwd""), ann = par(""ann""), xlab = ""Time"",     type = ""l"", main = NULL, oma = c(6, 0, 5, 0), ...) ","base","NA","1.3.1","released",FALSE
"plot.new","closure","","TRUE","FALSE","() ","base","NA","1.3.1","released",FALSE
"plot.table","closure","","TRUE","FALSE","(x, type = ""h"", ylim = c(0, max(x)), lwd = 2, xlab = NULL,     ylab = deparse(substitute(x)), frame.plot = is.num, ...) ","base","NA","1.3.1","released",FALSE
"plot.ts","closure","","TRUE","FALSE","(x, y = NULL, type = ""l"", xlim = NULL, ylim = NULL,     xlab = ""Time"", ylab, log = """", col = par(""col""), bg = NA,     pch = par(""pch""), cex = par(""cex""), lty = par(""lty""), lwd = par(""lwd""),     axes = TRUE, frame.plot = axes, ann = par(""ann""), main = NULL,     plot.type = c(""multiple"", ""single""), xy.labels = n <= 150,     xy.lines = do.lab, panel = lines, ...) ","base","NA","1.3.1","released",FALSE
"plot.window","closure","","TRUE","FALSE","(xlim, ylim, log = """", asp = NA, ...) ","base","NA","1.3.1","released",FALSE
"plot.xy","closure","","TRUE","FALSE","(xy, type, pch = 1, lty = ""solid"", col = par(""fg""),     bg = NA, cex = 1, ...) ","base","NA","1.3.1","released",FALSE
"pmatch","closure","","TRUE","FALSE","(x, table, nomatch = NA, duplicates.ok = FALSE) ","base","NA","1.3.1","released",FALSE
"pmax","closure","","TRUE","FALSE","(..., na.rm = FALSE) ","base","NA","1.3.1","released",FALSE
"pmin","closure","","TRUE","FALSE","(..., na.rm = FALSE) ","base","NA","1.3.1","released",FALSE
"pnbinom","closure","","TRUE","FALSE","(q, size, prob, mu, lower.tail = TRUE, log.p = FALSE) ","base","NA","1.3.1","released",FALSE
"png","closure","","TRUE","FALSE","(filename = ""Rplot.png"", width = 480, height = 480,     pointsize = 12, gamma = 1, colortype = getOption(""X11colortype""),     maxcubesize = 256) ","base","NA","1.3.1","released",FALSE
"pnorm","closure","","TRUE","FALSE","(q, mean = 0, sd = 1, lower.tail = TRUE, log.p = FALSE) ","base","NA","1.3.1","released",FALSE
"points","closure","","TRUE","FALSE","(x, ...) ","base","NA","1.3.1","released",FALSE
"points.default","closure","","TRUE","FALSE","(x, y = NULL, type = ""p"", pch = par(""pch""), col = par(""col""),     bg = NA, cex = 1, ...) ","base","NA","1.3.1","released",FALSE
"points.formula","closure","","TRUE","FALSE","(formula, data = parent.frame(), ..., subset) ","base","NA","1.3.1","released",FALSE
"poisson","closure","","TRUE","FALSE","(link = ""log"") ","base","NA","1.3.1","released",FALSE
"poly","closure","","TRUE","FALSE","(x, degree = 1) ","base","NA","1.3.1","released",FALSE
"polygon","closure","","TRUE","FALSE","(x, y = NULL, col = NA, border = NULL, lty = NULL, xpd = NULL,     density = -1, angle = 45, ...) ","base","NA","1.3.1","released",FALSE
"polyroot","closure","","TRUE","FALSE","(z) ","base","NA","1.3.1","released",FALSE
"pos.to.env","builtin","","TRUE","NA","","base","NA","1.3.1","released",FALSE
"postscript","closure","","TRUE","FALSE","(file = ifelse(onefile, ""Rplots.ps"", ""Rplot%03d.ps""),     onefile = TRUE, family, ...) ","base","NA","1.3.1","released",FALSE
"power","closure","","TRUE","FALSE","(lambda = 1) ","base","NA","1.3.1","released",FALSE
"ppoints","closure","","TRUE","FALSE","(n, a = ifelse(n <= 10, 3/8, 1/2)) ","base","NA","1.3.1","released",FALSE
"ppois","closure","","TRUE","FALSE","(q, lambda, lower.tail = TRUE, log.p = FALSE) ","base","NA","1.3.1","released",FALSE
"predict","closure","","TRUE","FALSE","(object, ...) ","base","NA","1.3.1","released",FALSE
"predict.glm","closure","","TRUE","FALSE","(object, newdata = NULL, type = c(""link"", ""response"",     ""terms""), se.fit = FALSE, dispersion = NULL, terms = NULL,     ...) ","base","NA","1.3.1","released",FALSE
"predict.lm","closure","","TRUE","FALSE","(object, newdata, se.fit = FALSE, scale = NULL, df = Inf,     interval = c(""none"", ""confidence"", ""prediction""), level = 0.95,     type = c(""response"", ""terms""), terms = NULL, ...) ","base","NA","1.3.1","released",FALSE
"predict.mlm","closure","","TRUE","FALSE","(object, newdata, se.fit = FALSE, ...) ","base","NA","1.3.1","released",FALSE
"preplot","closure","","TRUE","FALSE","(object, ...) ","base","NA","1.3.1","released",FALSE
"pretty","closure","","TRUE","FALSE","(x, n = 5, min.n = n%/%3, shrink.sml = 0.75, high.u.bias = 1.5,     u5.bias = 0.5 + 1.5 * high.u.bias, eps.correct = 0) ","base","NA","1.3.1","released",FALSE
"print","closure","","TRUE","FALSE","(x, ...) ","base","NA","1.3.1","released",FALSE
"print.POSIXct","closure","","TRUE","FALSE","(x, ...) ","base","NA","1.3.1","released",FALSE
"print.POSIXlt","closure","","TRUE","FALSE","(x, ...) ","base","NA","1.3.1","released",FALSE
"print.anova","closure","","TRUE","FALSE","(x, digits = max(getOption(""digits"") - 2, 3), signif.stars = getOption(""show.signif.stars""),     ...) ","base","NA","1.3.1","released",FALSE
"print.aov","closure","","TRUE","FALSE","(x, intercept = FALSE, tol = .Machine$double.eps^0.5,     ...) ","base","NA","1.3.1","released",FALSE
"print.aovlist","closure","","TRUE","FALSE","(x, ...) ","base","NA","1.3.1","released",FALSE
"print.atomic","closure","","TRUE","FALSE","(x, quote = TRUE, ...) ","base","NA","1.3.1","released",FALSE
"print.by","closure","","TRUE","FALSE","(x, ..., vsep) ","base","NA","1.3.1","released",FALSE
"print.coefmat","closure","","TRUE","FALSE","(x, digits = max(3, getOption(""digits"") - 2), signif.stars = getOption(""show.signif.stars""),     dig.tst = max(1, min(5, digits - 1)), cs.ind = 1:k, tst.ind = k +         1, zap.ind = integer(0), P.values = NULL, has.Pvalue = nc >=         4 && substr(colnames(x)[nc], 1, 3) == ""Pr("", na.print = """",     ...) ","base","NA","1.3.1","released",FALSE
"print.connection","closure","","TRUE","FALSE","(x, ...) ","base","NA","1.3.1","released",FALSE
"print.data.frame","closure","","TRUE","FALSE","(x, ..., digits = NULL, quote = FALSE, right = TRUE) ","base","NA","1.3.1","released",FALSE
"print.default","closure","","TRUE","FALSE","(x, digits = NULL, quote = TRUE, na.print = NULL, print.gap = NULL,     right = FALSE, ...) ","base","NA","1.3.1","released",FALSE
"print.density","closure","","TRUE","FALSE","(x, digits = NULL, ...) ","base","NA","1.3.1","released",FALSE
"print.difftime","closure","","TRUE","FALSE","(x, digits = getOption(""digits""), ...) ","base","NA","1.3.1","released",FALSE
"print.dummy.coef","closure","","TRUE","FALSE","(x, ..., title) ","base","NA","1.3.1","released",FALSE
"print.dummy.coef.list","closure","","TRUE","FALSE","(x, ...) ","base","NA","1.3.1","released",FALSE
"print.factor","closure","","TRUE","FALSE","(x, quote = FALSE, ...) ","base","NA","1.3.1","released",FALSE
"print.family","closure","","TRUE","FALSE","(x, ...) ","base","NA","1.3.1","released",FALSE
"print.formula","closure","","TRUE","FALSE","(x, ...) ","base","NA","1.3.1","released",FALSE
"print.ftable","closure","","TRUE","FALSE","(x, digits = getOption(""digits""), ...) ","base","NA","1.3.1","released",FALSE
"print.glm","closure","","TRUE","FALSE","(x, digits = max(3, getOption(""digits"") - 3), na.print = """",     ...) ","base","NA","1.3.1","released",FALSE
"print.glm.null","closure","","TRUE","FALSE","(x, digits = max(3, getOption(""digits"") - 3), na.print = """",     ...) ","base","NA","1.3.1","released",FALSE
"print.htest","closure","","TRUE","FALSE","(x, digits = 4, quote = TRUE, prefix = """", ...) ","base","NA","1.3.1","released",FALSE
"print.infl","closure","","TRUE","FALSE","(x, digits = max(3, getOption(""digits"") - 4), ...) ","base","NA","1.3.1","released",FALSE
"print.integrate","closure","","TRUE","FALSE","(x, digits = getOption(""digits""), ...) ","base","NA","1.3.1","released",FALSE
"print.listof","closure","","TRUE","FALSE","(x, ...) ","base","NA","1.3.1","released",FALSE
"print.lm","closure","","TRUE","FALSE","(x, digits = max(3, getOption(""digits"") - 3), ...) ","base","NA","1.3.1","released",FALSE
"print.lm.null","closure","","TRUE","FALSE","(x, digits = max(3, getOption(""digits"") - 3), ...) ","base","NA","1.3.1","released",FALSE
"print.logLik","closure","","TRUE","FALSE","(x, ...) ","base","NA","1.3.1","released",FALSE
"print.matrix","closure","","TRUE","FALSE","(x, rowlab = dn[[1]], collab = dn[[2]], quote = TRUE,     right = FALSE, na.print = NULL, print.gap = NULL, ...) ","base","NA","1.3.1","released",FALSE
"print.mtable","closure","","TRUE","FALSE","(x, ..., digits = getOption(""digits""), quote = FALSE,     right = FALSE) ","base","NA","1.3.1","released",FALSE
"print.noquote","closure","","TRUE","FALSE","(x, ...) ","base","NA","1.3.1","released",FALSE
"print.octmode","closure","","TRUE","FALSE","(x, ...) ","base","NA","1.3.1","released",FALSE
"print.ordered","closure","","TRUE","FALSE","(x, quote = FALSE, ...) ","base","NA","1.3.1","released",FALSE
"print.recordedplot","closure","","TRUE","FALSE","(x) ","base","NA","1.3.1","released",FALSE
"print.simple.list","closure","","TRUE","FALSE","(x, ...) ","base","NA","1.3.1","released",FALSE
"print.socket","closure","","TRUE","FALSE","(x, ...) ","base","NA","1.3.1","released",FALSE
"print.summary.aov","closure","","TRUE","FALSE","(x, digits = max(3, getOption(""digits"") - 3), symbolic.cor = p >     4, signif.stars = getOption(""show.signif.stars""), ...) ","base","NA","1.3.1","released",FALSE
"print.summary.aovlist","closure","","TRUE","FALSE","(x, ...) ","base","NA","1.3.1","released",FALSE
"print.summary.glm","closure","","TRUE","FALSE","(x, digits = max(3, getOption(""digits"") - 3), na.print = """",     symbolic.cor = p > 4, signif.stars = getOption(""show.signif.stars""),     ...) ","base","NA","1.3.1","released",FALSE
"print.summary.glm.null","closure","","TRUE","FALSE","(x, digits = max(3, getOption(""digits"") - 3), na.print = """",     ...) ","base","NA","1.3.1","released",FALSE
"print.summary.lm","closure","","TRUE","FALSE","(x, digits = max(3, getOption(""digits"") - 3), symbolic.cor = p >     4, signif.stars = getOption(""show.signif.stars""), ...) ","base","NA","1.3.1","released",FALSE
"print.summary.lm.null","closure","","TRUE","FALSE","(x, digits = max(3, getOption(""digits"") - 3), ...) ","base","NA","1.3.1","released",FALSE
"print.summary.manova","closure","","TRUE","FALSE","(x, digits = getOption(""digits"")) ","base","NA","1.3.1","released",FALSE
"print.summary.table","closure","","TRUE","FALSE","(x, digits = max(1, getOption(""digits"") - 3), ...) ","base","NA","1.3.1","released",FALSE
"print.table","closure","","TRUE","FALSE","(x, digits = getOption(""digits""), quote = FALSE, na.print = """",     ...) ","base","NA","1.3.1","released",FALSE
"print.tables.aov","closure","","TRUE","FALSE","(x, digits = 4, ...) ","base","NA","1.3.1","released",FALSE
"print.terms","closure","","TRUE","FALSE","(x, ...) ","base","NA","1.3.1","released",FALSE
"print.ts","closure","","TRUE","FALSE","(x, calendar, ...) ","base","NA","1.3.1","released",FALSE
"print.xtabs","closure","","TRUE","FALSE","(x, ...) ","base","NA","1.3.1","released",FALSE
"prmatrix","closure","","TRUE","FALSE","(x, rowlab = dn[[1]], collab = dn[[2]], quote = TRUE,     right = FALSE, na.print = NULL, print.gap = NULL, ...) ","base","NA","1.3.1","released",FALSE
"proc.time","builtin","","TRUE","NA","","base","NA","1.3.1","released",FALSE
"prod","closure","","TRUE","FALSE","(..., na.rm = FALSE) ","base","NA","1.3.1","released",FALSE
"profile","closure","","TRUE","FALSE","(fitted, ...) ","base","NA","1.3.1","released",FALSE
"proj","closure","","TRUE","FALSE","(object, ...) ","base","NA","1.3.1","released",FALSE
"proj.aov","closure","","TRUE","FALSE","(object, onedf = FALSE, unweighted.scale = FALSE) ","base","NA","1.3.1","released",FALSE
"proj.aovlist","closure","","TRUE","FALSE","(object, onedf = FALSE, unweighted.scale = FALSE) ","base","NA","1.3.1","released",FALSE
"proj.default","closure","","TRUE","FALSE","(object, onedf = TRUE, ...) ","base","NA","1.3.1","released",FALSE
"proj.lm","closure","","TRUE","FALSE","(object, onedf = FALSE, unweighted.scale = FALSE) ","base","NA","1.3.1","released",FALSE
"prompt","closure","","TRUE","FALSE","(object, ...) ","base","NA","1.3.1","released",FALSE
"prompt.data.frame","closure","","TRUE","FALSE","(object, filename = paste0(name, "".Rd"")) ","base","NA","1.3.1","released",FALSE
"prompt.default","closure","","TRUE","FALSE","(object, filename = paste0(name, "".Rd""), force.function = FALSE) ","base","NA","1.3.1","released",FALSE
"prop.table","closure","","TRUE","FALSE","(x, margin = NULL) ","base","NA","1.3.1","released",FALSE
"provide","closure","","TRUE","FALSE","(package) ","base","NA","1.3.1","released",FALSE
"ps.options","closure","","TRUE","FALSE","(..., reset = FALSE, override.check = FALSE) ","base","NA","1.3.1","released",FALSE
"psignrank","closure","","TRUE","FALSE","(q, n, lower.tail = TRUE, log.p = FALSE) ","base","NA","1.3.1","released",FALSE
"pt","closure","","TRUE","FALSE","(q, df, ncp, lower.tail = TRUE, log.p = FALSE) ","base","NA","1.3.1","released",FALSE
"ptukey","closure","","TRUE","FALSE","(q, nmeans, df, nranges = 1, lower.tail = TRUE, log.p = FALSE) ","base","NA","1.3.1","released",FALSE
"punif","closure","","TRUE","FALSE","(q, min = 0, max = 1, lower.tail = TRUE, log.p = FALSE) ","base","NA","1.3.1","released",FALSE
"pushBack","closure","","TRUE","FALSE","(data, connection, newLine = TRUE) ","base","NA","1.3.1","released",FALSE
"pushBackLength","closure","","TRUE","FALSE","(connection) ","base","NA","1.3.1","released",FALSE
"pweibull","closure","","TRUE","FALSE","(q, shape, scale = 1, lower.tail = TRUE, log.p = FALSE) ","base","NA","1.3.1","released",FALSE
"pwilcox","closure","","TRUE","FALSE","(q, m, n, lower.tail = TRUE, log.p = FALSE) ","base","NA","1.3.1","released",FALSE
"q","closure","","TRUE","FALSE","(save = ""default"", status = 0, runLast = TRUE) ","base","NA","1.3.1","released",FALSE
"qbeta","closure","","TRUE","FALSE","(p, shape1, shape2, lower.tail = TRUE, log.p = FALSE) ","base","NA","1.3.1","released",FALSE
"qbinom","closure","","TRUE","FALSE","(p, size, prob, lower.tail = TRUE, log.p = FALSE) ","base","NA","1.3.1","released",FALSE
"qbirthday","closure","","TRUE","FALSE","(prob = 0.5, classes = 365, coincident = 2) ","base","NA","1.3.1","released",FALSE
"qcauchy","closure","","TRUE","FALSE","(p, location = 0, scale = 1, lower.tail = TRUE, log.p = FALSE) ","base","NA","1.3.1","released",FALSE
"qchisq","closure","","TRUE","FALSE","(p, df, ncp = 0, lower.tail = TRUE, log.p = FALSE) ","base","NA","1.3.1","released",FALSE
"qexp","closure","","TRUE","FALSE","(p, rate = 1, lower.tail = TRUE, log.p = FALSE) ","base","NA","1.3.1","released",FALSE
"qf","closure","","TRUE","FALSE","(p, df1, df2, lower.tail = TRUE, log.p = FALSE) ","base","NA","1.3.1","released",FALSE
"qgamma","closure","","TRUE","FALSE","(p, shape, scale = 1, lower.tail = TRUE, log.p = FALSE) ","base","NA","1.3.1","released",FALSE
"qgeom","closure","","TRUE","FALSE","(p, prob, lower.tail = TRUE, log.p = FALSE) ","base","NA","1.3.1","released",FALSE
"qhyper","closure","","TRUE","FALSE","(p, m, n, k, lower.tail = TRUE, log.p = FALSE) ","base","NA","1.3.1","released",FALSE
"qlnorm","closure","","TRUE","FALSE","(p, meanlog = 0, sdlog = 1, lower.tail = TRUE, log.p = FALSE) ","base","NA","1.3.1","released",FALSE
"qlogis","closure","","TRUE","FALSE","(p, location = 0, scale = 1, lower.tail = TRUE, log.p = FALSE) ","base","NA","1.3.1","released",FALSE
"qnbinom","closure","","TRUE","FALSE","(p, size, prob, mu, lower.tail = TRUE, log.p = FALSE) ","base","NA","1.3.1","released",FALSE
"qnorm","closure","","TRUE","FALSE","(p, mean = 0, sd = 1, lower.tail = TRUE, log.p = FALSE) ","base","NA","1.3.1","released",FALSE
"qpois","closure","","TRUE","FALSE","(p, lambda, lower.tail = TRUE, log.p = FALSE) ","base","NA","1.3.1","released",FALSE
"qqline","closure","","TRUE","FALSE","(y, ...) ","base","NA","1.3.1","released",FALSE
"qqnorm","closure","","TRUE","FALSE","(y, ...) ","base","NA","1.3.1","released",FALSE
"qqnorm.default","closure","","TRUE","FALSE","(y, ylim, main = ""Normal Q-Q Plot"", xlab = ""Theoretical Quantiles"",     ylab = ""Sample Quantiles"", plot.it = TRUE, ...) ","base","NA","1.3.1","released",FALSE
"qqplot","closure","","TRUE","FALSE","(x, y, plot.it = TRUE, xlab = deparse(substitute(x)),     ylab = deparse(substitute(y)), ...) ","base","NA","1.3.1","released",FALSE
"qr","closure","","TRUE","FALSE","(x, tol = 1e-07) ","base","NA","1.3.1","released",FALSE
"qr.Q","closure","","TRUE","FALSE","(qr, complete = FALSE, Dvec = rep(if (cmplx) 1 + 0+0i else 1,     if (complete) dqr[1] else min(dqr))) ","base","NA","1.3.1","released",FALSE
"qr.R","closure","","TRUE","FALSE","(qr, complete = FALSE) ","base","NA","1.3.1","released",FALSE
"qr.X","closure","","TRUE","FALSE","(qr, complete = FALSE, ncol = if (complete) nrow(R) else min(dim(R))) ","base","NA","1.3.1","released",FALSE
"qr.coef","closure","","TRUE","FALSE","(qr, y) ","base","NA","1.3.1","released",FALSE
"qr.fitted","closure","","TRUE","FALSE","(qr, y, k = qr$rank) ","base","NA","1.3.1","released",FALSE
"qr.qty","closure","","TRUE","FALSE","(qr, y) ","base","NA","1.3.1","released",FALSE
"qr.qy","closure","","TRUE","FALSE","(qr, y) ","base","NA","1.3.1","released",FALSE
"qr.resid","closure","","TRUE","FALSE","(qr, y) ","base","NA","1.3.1","released",FALSE
"qr.solve","closure","","TRUE","FALSE","(a, b, tol = 1e-07) ","base","NA","1.3.1","released",FALSE
"qsignrank","closure","","TRUE","FALSE","(p, n, lower.tail = TRUE, log.p = FALSE) ","base","NA","1.3.1","released",FALSE
"qt","closure","","TRUE","FALSE","(p, df, lower.tail = TRUE, log.p = FALSE) ","base","NA","1.3.1","released",FALSE
"qtukey","closure","","TRUE","FALSE","(p, nmeans, df, nranges = 1, lower.tail = TRUE, log.p = FALSE) ","base","NA","1.3.1","released",FALSE
"quantile","closure","","TRUE","FALSE","(x, ...) ","base","NA","1.3.1","released",FALSE
"quantile.default","closure","","TRUE","FALSE","(x, probs = seq(0, 1, 0.25), na.rm = FALSE, names = TRUE) ","base","NA","1.3.1","released",FALSE
"quarters","closure","","TRUE","FALSE","(x, abbreviate) ","base","NA","1.3.1","released",FALSE
"quarters.POSIXt","closure","","TRUE","FALSE","(x, ...) ","base","NA","1.3.1","released",FALSE
"quasi","closure","","TRUE","FALSE","(link = ""identity"", variance = ""constant"") ","base","NA","1.3.1","released",FALSE
"quasibinomial","closure","","TRUE","FALSE","(link = ""logit"") ","base","NA","1.3.1","released",FALSE
"quasipoisson","closure","","TRUE","FALSE","(link = ""log"") ","base","NA","1.3.1","released",FALSE
"quit","closure","","TRUE","FALSE","(save = ""default"", status = 0, runLast = TRUE) ","base","NA","1.3.1","released",FALSE
"qunif","closure","","TRUE","FALSE","(p, min = 0, max = 1, lower.tail = TRUE, log.p = FALSE) ","base","NA","1.3.1","released",FALSE
"quote","special","","TRUE","NA","","base","NA","1.3.1","released",FALSE
"qweibull","closure","","TRUE","FALSE","(p, shape, scale = 1, lower.tail = TRUE, log.p = FALSE) ","base","NA","1.3.1","released",FALSE
"qwilcox","closure","","TRUE","FALSE","(p, m, n, lower.tail = TRUE, log.p = FALSE) ","base","NA","1.3.1","released",FALSE
"rainbow","closure","","TRUE","FALSE","(n, s = 1, v = 1, start = 0, end = max(1, n - 1)/n,     gamma = 1) ","base","NA","1.3.1","released",FALSE
"range","closure","","TRUE","FALSE","(..., na.rm = FALSE) ","base","NA","1.3.1","released",FALSE
"range.default","closure","","TRUE","FALSE","(..., na.rm = FALSE, finite = FALSE) ","base","NA","1.3.1","released",FALSE
"rank","closure","","TRUE","FALSE","(x, na.last = TRUE) ","base","NA","1.3.1","released",FALSE
"rbeta","closure","","TRUE","FALSE","(n, shape1, shape2) ","base","NA","1.3.1","released",FALSE
"rbind","closure","","TRUE","FALSE","(..., deparse.level = 1) ","base","NA","1.3.1","released",FALSE
"rbind.data.frame","closure","","TRUE","FALSE","(..., deparse.level = 1) ","base","NA","1.3.1","released",FALSE
"rbinom","closure","","TRUE","FALSE","(n, size, prob) ","base","NA","1.3.1","released",FALSE
"rcauchy","closure","","TRUE","FALSE","(n, location = 0, scale = 1) ","base","NA","1.3.1","released",FALSE
"rchisq","closure","","TRUE","FALSE","(n, df, ncp = 0) ","base","NA","1.3.1","released",FALSE
"read.csv","closure","","TRUE","FALSE","(file, header = TRUE, sep = "","", quote = ""\"""", dec = ""."",     fill = TRUE, ...) ","base","NA","1.3.1","released",FALSE
"read.csv2","closure","","TRUE","FALSE","(file, header = TRUE, sep = "";"", quote = ""\"""", dec = "","",     fill = TRUE, ...) ","base","NA","1.3.1","released",FALSE
"read.dcf","closure","","TRUE","FALSE","(file, fields = NULL) ","base","NA","1.3.1","released",FALSE
"read.delim","closure","","TRUE","FALSE","(file, header = TRUE, sep = ""\t"", quote = ""\"""", dec = ""."",     fill = TRUE, ...) ","base","NA","1.3.1","released",FALSE
"read.delim2","closure","","TRUE","FALSE","(file, header = TRUE, sep = ""\t"", quote = ""\"""", dec = "","",     fill = TRUE, ...) ","base","NA","1.3.1","released",FALSE
"read.ftable","closure","","TRUE","FALSE","(file, sep = """", quote = ""\"""", row.var.names, col.vars,     skip = 0) ","base","NA","1.3.1","released",FALSE
"read.fwf","closure","","TRUE","FALSE","(file, widths, sep = ""\t"", as.is = FALSE, skip = 0,     row.names, col.names, n = -1) ","base","NA","1.3.1","released",FALSE
"read.socket","closure","","TRUE","FALSE","(socket, maxlen = 256, loop = FALSE) ","base","NA","1.3.1","released",FALSE
"read.table","closure","","TRUE","FALSE","(file, header = FALSE, sep = """", quote = ""\""'"", dec = ""."",     row.names, col.names, as.is = FALSE, na.strings = ""NA"", skip = 0,     check.names = TRUE, fill = !blank.lines.skip, strip.white = FALSE,     blank.lines.skip = TRUE) ","base","NA","1.3.1","released",FALSE
"read.table.url","closure","","TRUE","FALSE","(url, method, ...) ","base","NA","1.3.1","released",FALSE
"readBin","closure","","TRUE","FALSE","(con, what, n = 1, size = NA, signed = TRUE, endian = .Platform$endian) ","base","NA","1.3.1","released",FALSE
"readChar","closure","","TRUE","FALSE","(con, nchars) ","base","NA","1.3.1","released",FALSE
"readLines","closure","","TRUE","FALSE","(con = stdin(), n = -1, ok = TRUE) ","base","NA","1.3.1","released",FALSE
"readline","closure","","TRUE","FALSE","(prompt = """") ","base","NA","1.3.1","released",FALSE
"real","closure","","TRUE","FALSE","(length = 0) ","base","NA","1.3.1","released",FALSE
"recordPlot","closure","","TRUE","FALSE","() ","base","NA","1.3.1","released",FALSE
"rect","closure","","TRUE","FALSE","(xleft, ybottom, xright, ytop, col = NULL, border = par(""fg""),     lty = NULL, lwd = par(""lwd""), xpd = NULL) ","base","NA","1.3.1","released",FALSE
"reformulate","closure","","TRUE","FALSE","(termlabels, response = NULL) ","base","NA","1.3.1","released",FALSE
"regexpr","closure","","TRUE","FALSE","(pattern, text, extended = TRUE) ","base","NA","1.3.1","released",FALSE
"relevel","closure","","TRUE","FALSE","(x, ref, ...) ","base","NA","1.3.1","released",FALSE
"relevel.default","closure","","TRUE","FALSE","(x, ref, ...) ","base","NA","1.3.1","released",FALSE
"relevel.factor","closure","","TRUE","FALSE","(x, ref, ...) ","base","NA","1.3.1","released",FALSE
"relevel.ordered","closure","","TRUE","FALSE","(x, ref, ...) ","base","NA","1.3.1","released",FALSE
"remove","closure","","TRUE","FALSE","(..., list = character(0), pos = -1, envir = pos.to.env(pos),     inherits = FALSE) ","base","NA","1.3.1","released",FALSE
"remove.packages","closure","","TRUE","FALSE","(pkgs, lib) ","base","NA","1.3.1","released",FALSE
"removeCConverter","closure","","TRUE","FALSE","(id) ","base","NA","1.3.1","released",FALSE
"rep","closure","","TRUE","FALSE","(x, times, length.out) ","base","NA","1.3.1","released",FALSE
"repeat","special","","TRUE","NA","","base","NA","1.3.1","released",FALSE
"replace","closure","","TRUE","FALSE","(x, list, values) ","base","NA","1.3.1","released",FALSE
"replayPlot","closure","","TRUE","FALSE","(x) ","base","NA","1.3.1","released",FALSE
"replications","closure","","TRUE","FALSE","(formula, data = NULL, na.action) ","base","NA","1.3.1","released",FALSE
"require","closure","","TRUE","FALSE","(package, quietly = FALSE, warn.conflicts = TRUE, keep.source = getOption(""keep.source.pkgs"")) ","base","NA","1.3.1","released",FALSE
"reshapeLong","closure","","TRUE","FALSE","(x, jvars, ilev = row.names(x), jlev = names(x)[jvars],     iname = ""reshape.i"", jname = ""reshape.j"", vname = ""reshape.v"") ","base","NA","1.3.1","released",FALSE
"reshapeWide","closure","","TRUE","FALSE","(x, i = reshape.i, j = reshape.j, val = reshape.v, jnames = levels(j)) ","base","NA","1.3.1","released",FALSE
"resid","closure","","TRUE","FALSE","(object, ...) ","base","NA","1.3.1","released",FALSE
"residuals","closure","","TRUE","FALSE","(object, ...) ","base","NA","1.3.1","released",FALSE
"residuals.default","closure","","TRUE","FALSE","(object, ...) ","base","NA","1.3.1","released",FALSE
"residuals.glm","closure","","TRUE","FALSE","(object, type = c(""deviance"", ""pearson"", ""working"",     ""response"", ""partial""), ...) ","base","NA","1.3.1","released",FALSE
"residuals.lm","closure","","TRUE","FALSE","(object, type = c(""working"", ""response"", ""deviance"",     ""pearson"", ""partial""), ...) ","base","NA","1.3.1","released",FALSE
"restart","closure","","TRUE","FALSE","(on = TRUE) ","base","NA","1.3.1","released",FALSE
"return","special","","TRUE","NA","","base","NA","1.3.1","released",FALSE
"rev","closure","","TRUE","FALSE","(x) ","base","NA","1.3.1","released",FALSE
"rexp","closure","","TRUE","FALSE","(n, rate = 1) ","base","NA","1.3.1","released",FALSE
"rf","closure","","TRUE","FALSE","(n, df1, df2) ","base","NA","1.3.1","released",FALSE
"rgamma","closure","","TRUE","FALSE","(n, shape, scale = 1) ","base","NA","1.3.1","released",FALSE
"rgb","closure","","TRUE","FALSE","(red, green, blue, names = NULL) ","base","NA","1.3.1","released",FALSE
"rgeom","closure","","TRUE","FALSE","(n, prob) ","base","NA","1.3.1","released",FALSE
"rhyper","closure","","TRUE","FALSE","(nn, m, n, k) ","base","NA","1.3.1","released",FALSE
"rle","closure","","TRUE","FALSE","(x) ","base","NA","1.3.1","released",FALSE
"rlnorm","closure","","TRUE","FALSE","(n, meanlog = 0, sdlog = 1) ","base","NA","1.3.1","released",FALSE
"rlogis","closure","","TRUE","FALSE","(n, location = 0, scale = 1) ","base","NA","1.3.1","released",FALSE
"rm","closure","","TRUE","FALSE","(..., list = character(0), pos = -1, envir = pos.to.env(pos),     inherits = FALSE) ","base","NA","1.3.1","released",FALSE
"rnbinom","closure","","TRUE","FALSE","(n, size, prob, mu) ","base","NA","1.3.1","released",FALSE
"rnorm","closure","","TRUE","FALSE","(n, mean = 0, sd = 1) ","base","NA","1.3.1","released",FALSE
"round","closure","","TRUE","FALSE","(x, digits = 0) ","base","NA","1.3.1","released",FALSE
"round.POSIXt","closure","","TRUE","FALSE","(x, units = c(""secs"", ""mins"", ""hours"", ""days"")) ","base","NA","1.3.1","released",FALSE
"round.difftime","closure","","TRUE","FALSE","(x, digits = 0) ","base","NA","1.3.1","released",FALSE
"row","closure","","TRUE","FALSE","(x, as.factor = FALSE) ","base","NA","1.3.1","released",FALSE
"row.names","closure","","TRUE","FALSE","(x) ","base","NA","1.3.1","released",FALSE
"row.names.data.frame","closure","","TRUE","FALSE","(x) ","base","NA","1.3.1","released",FALSE
"row.names.default","closure","","TRUE","FALSE","(x) ","base","NA","1.3.1","released",FALSE
"row.names<-","closure","","TRUE","FALSE","(x, value) ","base","NA","1.3.1","released",FALSE
"row.names<-.data.frame","closure","","TRUE","FALSE","(x, value) ","base","NA","1.3.1","released",FALSE
"row.names<-.default","closure","","TRUE","FALSE","(x, value) ","base","NA","1.3.1","released",FALSE
"rownames","closure","","TRUE","FALSE","(x, do.NULL = TRUE, prefix = ""row"") ","base","NA","1.3.1","released",FALSE
"rownames<-","closure","","TRUE","FALSE","(x, value) ","base","NA","1.3.1","released",FALSE
"rowsum","closure","","TRUE","FALSE","(x, group, reorder = TRUE) ","base","NA","1.3.1","released",FALSE
"rpois","closure","","TRUE","FALSE","(n, lambda) ","base","NA","1.3.1","released",FALSE
"rsignrank","closure","","TRUE","FALSE","(nn, n) ","base","NA","1.3.1","released",FALSE
"rstandard","closure","","TRUE","FALSE","(lm.obj, infl = lm.influence(lm.obj), res = weighted.residuals(lm.obj),     sd = sqrt(deviance(lm.obj)/df.residual(lm.obj))) ","base","NA","1.3.1","released",FALSE
"rstudent","closure","","TRUE","FALSE","(lm.obj, infl = lm.influence(lm.obj), res = weighted.residuals(lm.obj)) ","base","NA","1.3.1","released",FALSE
"rt","closure","","TRUE","FALSE","(n, df) ","base","NA","1.3.1","released",FALSE
"rug","closure","","TRUE","FALSE","(x, ticksize = 0.03, side = 1, lwd = 0.5, col) ","base","NA","1.3.1","released",FALSE
"runif","closure","","TRUE","FALSE","(n, min = 0, max = 1) ","base","NA","1.3.1","released",FALSE
"rweibull","closure","","TRUE","FALSE","(n, shape, scale = 1) ","base","NA","1.3.1","released",FALSE
"rwilcox","closure","","TRUE","FALSE","(nn, m, n) ","base","NA","1.3.1","released",FALSE
"sample","closure","","TRUE","FALSE","(x, size, replace = FALSE, prob = NULL) ","base","NA","1.3.1","released",FALSE
"sapply","closure","","TRUE","FALSE","(X, FUN, ..., simplify = TRUE, USE.NAMES = TRUE) ","base","NA","1.3.1","released",FALSE
"save","closure","","TRUE","FALSE","(..., list = character(0), file = """", ascii = FALSE) ","base","NA","1.3.1","released",FALSE
"save.image","closure","","TRUE","FALSE","(file = "".RData"") ","base","NA","1.3.1","released",FALSE
"savehistory","closure","","TRUE","FALSE","(file = "".Rhistory"") ","base","NA","1.3.1","released",FALSE
"scale","closure","","TRUE","FALSE","(x, ..., scale = TRUE) ","base","NA","1.3.1","released",FALSE
"scale.default","closure","","TRUE","FALSE","(x, center = TRUE, scale = TRUE) ","base","NA","1.3.1","released",FALSE
"scan","closure","","TRUE","FALSE","(file = """", what = double(0), nmax = -1, n = -1, sep = """",     quote = if (sep == ""\n"") """" else ""'\"""", dec = ""."", skip = 0,     nlines = 0, na.strings = ""NA"", flush = FALSE, fill = FALSE,     strip.white = FALSE, quiet = FALSE, blank.lines.skip = TRUE,     multi.line = TRUE) ","base","NA","1.3.1","released",FALSE
"scan.url","closure","","TRUE","FALSE","(url, file = tempfile(), method, ...) ","base","NA","1.3.1","released",FALSE
"screen","closure","","TRUE","FALSE","(n = .split.cur.screen, new = TRUE) ","base","NA","1.3.1","released",FALSE
"sd","closure","","TRUE","FALSE","(x, na.rm = FALSE) ","base","NA","1.3.1","released",FALSE
"se.aov","closure","","TRUE","FALSE","(object, n, type = ""means"") ","base","NA","1.3.1","released",FALSE
"se.aovlist","closure","","TRUE","FALSE","(object, dn.proj, dn.strata, factors, mf, efficiency,     n, type = ""diff.means"", ...) ","base","NA","1.3.1","released",FALSE
"se.contrast","closure","","TRUE","FALSE","(object, ...) ","base","NA","1.3.1","released",FALSE
"se.contrast.aov","closure","","TRUE","FALSE","(object, contrast.obj, coef = contr.helmert(ncol(contrast))[,     1], data = NULL, ...) ","base","NA","1.3.1","released",FALSE
"se.contrast.aovlist","closure","","TRUE","FALSE","(object, contrast.obj, coef = contr.helmert(ncol(contrast))[,     1], data = NULL, ...) ","base","NA","1.3.1","released",FALSE
"search","closure","","TRUE","FALSE","() ","base","NA","1.3.1","released",FALSE
"searchpaths","closure","","TRUE","FALSE","() ","base","NA","1.3.1","released",FALSE
"seek","closure","","TRUE","FALSE","(con, ...) ","base","NA","1.3.1","released",FALSE
"seek.connection","closure","","TRUE","FALSE","(con, where = NA, origin = ""start"", rw = """", ...) ","base","NA","1.3.1","released",FALSE
"segments","closure","","TRUE","FALSE","(x0, y0, x1, y1, col = par(""fg""), lty = par(""lty""),     lwd = par(""lwd""), ...) ","base","NA","1.3.1","released",FALSE
"seq","closure","","TRUE","FALSE","(x, ...) ","base","NA","1.3.1","released",FALSE
"seq.POSIXt","closure","","TRUE","FALSE","(from, to, by, length.out = NULL, along.with = NULL) ","base","NA","1.3.1","released",FALSE
"seq.default","closure","","TRUE","FALSE","(from = 1, to = 1, by = ((to - from)/(length.out - 1)),     length.out = NULL, along.with = NULL) ","base","NA","1.3.1","released",FALSE
"sequence","closure","","TRUE","FALSE","(nvec) ","base","NA","1.3.1","released",FALSE
"set.seed","closure","","TRUE","FALSE","(seed, kind = NULL) ","base","NA","1.3.1","released",FALSE
"setCConverterStatus","closure","","TRUE","FALSE","(id, status) ","base","NA","1.3.1","released",FALSE
"setdiff","closure","","TRUE","FALSE","(x, y) ","base","NA","1.3.1","released",FALSE
"setequal","closure","","TRUE","FALSE","(x, y) ","base","NA","1.3.1","released",FALSE
"setwd","closure","","TRUE","FALSE","(dir) ","base","NA","1.3.1","released",FALSE
"showConnections","closure","","TRUE","FALSE","(all = FALSE) ","base","NA","1.3.1","released",FALSE
"sign","builtin","","TRUE","NA","","base","NA","1.3.1","released",FALSE
"signif","closure","","TRUE","FALSE","(x, digits = 6) ","base","NA","1.3.1","released",FALSE
"sin","builtin","","TRUE","NA","","base","NA","1.3.1","released",FALSE
"single","closure","","TRUE","FALSE","(length = 0) ","base","NA","1.3.1","released",FALSE
"sinh","builtin","","TRUE","NA","","base","NA","1.3.1","released",FALSE
"sink","closure","","TRUE","FALSE","(file = NULL, append = FALSE, type = c(""output"", ""message"")) ","base","NA","1.3.1","released",FALSE
"sink.number","closure","","TRUE","FALSE","(type = c(""output"", ""message"")) ","base","NA","1.3.1","released",FALSE
"socketConnection","closure","","TRUE","FALSE","(host = ""localhost"", port, server = FALSE, blocking = FALSE,     open = ""a+"", encoding = getOption(""encoding"")) ","base","NA","1.3.1","released",FALSE
"solve","closure","","TRUE","FALSE","(a, b, ...) ","base","NA","1.3.1","released",FALSE
"solve.default","closure","","TRUE","FALSE","(a, b, tol = 1e-07) ","base","NA","1.3.1","released",FALSE
"solve.qr","closure","","TRUE","FALSE","(a, b, tol = 1e-07) ","base","NA","1.3.1","released",FALSE
"sort","closure","","TRUE","FALSE","(x, partial = NULL, na.last = NA) ","base","NA","1.3.1","released",FALSE
"sort.list","closure","","TRUE","FALSE","(x, partial = NULL, na.last = TRUE) ","base","NA","1.3.1","released",FALSE
"source","closure","","TRUE","FALSE","(file, local = FALSE, echo = verbose, print.eval = echo,     verbose = getOption(""verbose""), prompt.echo = getOption(""prompt""),     max.deparse.length = 150, chdir = FALSE) ","base","NA","1.3.1","released",FALSE
"source.url","closure","","TRUE","FALSE","(url, file = tempfile(), method, ...) ","base","NA","1.3.1","released",FALSE
"spline","closure","","TRUE","FALSE","(x, y = NULL, n = 3 * length(x), method = ""fmm"", xmin = min(x),     xmax = max(x)) ","base","NA","1.3.1","released",FALSE
"splinefun","closure","","TRUE","FALSE","(x, y = NULL, method = ""fmm"") ","base","NA","1.3.1","released",FALSE
"split","closure","","TRUE","FALSE","(x, f) ","base","NA","1.3.1","released",FALSE
"split.data.frame","closure","","TRUE","FALSE","(x, f) ","base","NA","1.3.1","released",FALSE
"split.default","closure","","TRUE","FALSE","(x, f) ","base","NA","1.3.1","released",FALSE
"split.screen","closure","","TRUE","FALSE","(figs, screen = if (exists("".split.screens"", envir = .GlobalEnv)) .split.cur.screen else 0,     erase = TRUE) ","base","NA","1.3.1","released",FALSE
"sqrt","builtin","","TRUE","NA","","base","NA","1.3.1","released",FALSE
"stack","closure","","TRUE","FALSE","(x, ...) ","base","NA","1.3.1","released",FALSE
"stack.data.frame","closure","","TRUE","FALSE","(x, select, ...) ","base","NA","1.3.1","released",FALSE
"stack.default","closure","","TRUE","FALSE","(x, ...) ","base","NA","1.3.1","released",FALSE
"stars","closure","","TRUE","FALSE","(x, full = TRUE, scale = TRUE, radius = TRUE, labels = dimnames(x)[[1]],     locations = NULL, xlim = NULL, ylim = NULL, len = 1, colors = NULL,     key.loc = NULL, key.labels = NULL, key.xpd = TRUE, draw.segments = FALSE,     axes = FALSE, cex = 0.8, lwd = 0.25, ...) ","base","NA","1.3.1","released",FALSE
"start","closure","","TRUE","FALSE","(x, ...) ","base","NA","1.3.1","released",FALSE
"start.default","closure","","TRUE","FALSE","(x, ...) ","base","NA","1.3.1","released",FALSE
"stat.anova","closure","","TRUE","FALSE","(table, test = c(""Chisq"", ""F"", ""Cp""), scale, df.scale,     n) ","base","NA","1.3.1","released",FALSE
"stderr","closure","","TRUE","FALSE","() ","base","NA","1.3.1","released",FALSE
"stdin","closure","","TRUE","FALSE","() ","base","NA","1.3.1","released",FALSE
"stdout","closure","","TRUE","FALSE","() ","base","NA","1.3.1","released",FALSE
"stem","closure","","TRUE","FALSE","(x, scale = 1, width = 80, atom = 1e-08) ","base","NA","1.3.1","released",FALSE
"step","closure","","TRUE","FALSE","(object, scope, scale = 0, direction = c(""both"", ""backward"",     ""forward""), trace = 1, keep = NULL, steps = 1000, k = 2,     ...) ","base","NA","1.3.1","released",FALSE
"stop","closure","","TRUE","FALSE","(message = NULL, call. = TRUE) ","base","NA","1.3.1","released",FALSE
"stopifnot","closure","","TRUE","FALSE","(...) ","base","NA","1.3.1","released",FALSE
"storage.mode","closure","","TRUE","FALSE","(x) ","base","NA","1.3.1","released",FALSE
"storage.mode<-","closure","","TRUE","FALSE","(x, value) ","base","NA","1.3.1","released",FALSE
"str","closure","","TRUE","FALSE","(object, ...) ","base","NA","1.3.1","released",FALSE
"str.POSIXt","closure","","TRUE","FALSE","(x, ...) ","base","NA","1.3.1","released",FALSE
"str.data.frame","closure","","TRUE","FALSE","(object, ...) ","base","NA","1.3.1","released",FALSE
"str.default","closure","","TRUE","FALSE","(object, max.level = 0, vec.len = 4, digits.d = 3, nchar.max = 128,     give.attr = TRUE, give.length = TRUE, wid = getOption(""width""),     nest.lev = 0, indent.str = paste(rep("" "", max(0, nest.lev +         1)), collapse = "".."")) ","base","NA","1.3.1","released",FALSE
"strftime","closure","","TRUE","FALSE","(x, format = """", usetz = FALSE, ...) ","base","NA","1.3.1","released",FALSE
"strheight","closure","","TRUE","FALSE","(s, units = ""user"", cex = NULL) ","base","NA","1.3.1","released",FALSE
"stripchart","closure","","TRUE","FALSE","(x, method = ""overplot"", jitter = 0.1, offset = 1/3,     vertical = FALSE, group.names, xlim = NULL, ylim = NULL,     main = """", ylab = """", xlab = """", pch = 0, col = par(""fg""),     cex = par(""cex"")) ","base","NA","1.3.1","released",FALSE
"stripplot","closure","","TRUE","FALSE","(...) ","base","NA","1.3.1","released",FALSE
"strptime","closure","","TRUE","FALSE","(x, format) ","base","NA","1.3.1","released",FALSE
"strsplit","closure","","TRUE","FALSE","(x, split, extended = TRUE) ","base","NA","1.3.1","released",FALSE
"structure","closure","","TRUE","FALSE","(.Data, ...) ","base","NA","1.3.1","released",FALSE
"strwidth","closure","","TRUE","FALSE","(s, units = ""user"", cex = NULL) ","base","NA","1.3.1","released",FALSE
"strwrap","closure","","TRUE","FALSE","(x, width = 0.9 * getOption(""width""), indent = 0, exdent = 0,     prefix = """", simplify = TRUE) ","base","NA","1.3.1","released",FALSE
"sub","closure","","TRUE","FALSE","(pattern, replacement, x, ignore.case = FALSE, extended = TRUE) ","base","NA","1.3.1","released",FALSE
"subset","closure","","TRUE","FALSE","(x, ...) ","base","NA","1.3.1","released",FALSE
"subset.data.frame","closure","","TRUE","FALSE","(x, subset, select, ...) ","base","NA","1.3.1","released",FALSE
"subset.default","closure","","TRUE","FALSE","(x, subset, ...) ","base","NA","1.3.1","released",FALSE
"substitute","special","","TRUE","NA","","base","NA","1.3.1","released",FALSE
"substr","closure","","TRUE","FALSE","(x, start, stop) ","base","NA","1.3.1","released",FALSE
"substr<-","closure","","TRUE","FALSE","(x, start, stop, value) ","base","NA","1.3.1","released",FALSE
"substring","closure","","TRUE","FALSE","(text, first, last = 1e+06) ","base","NA","1.3.1","released",FALSE
"substring<-","closure","","TRUE","FALSE","(text, first, last = 1e+06, value) ","base","NA","1.3.1","released",FALSE
"sum","closure","","TRUE","FALSE","(..., na.rm = FALSE) ","base","NA","1.3.1","released",FALSE
"summary","closure","","TRUE","FALSE","(object, ...) ","base","NA","1.3.1","released",FALSE
"summary.POSIXct","closure","","TRUE","FALSE","(object, digits = 15, ...) ","base","NA","1.3.1","released",FALSE
"summary.POSIXlt","closure","","TRUE","FALSE","(object, digits = 15, ...) ","base","NA","1.3.1","released",FALSE
"summary.aov","closure","","TRUE","FALSE","(object, intercept = FALSE, keep.zero.df = TRUE, ...) ","base","NA","1.3.1","released",FALSE
"summary.aovlist","closure","","TRUE","FALSE","(object, ...) ","base","NA","1.3.1","released",FALSE
"summary.connection","closure","","TRUE","FALSE","(object, ...) ","base","NA","1.3.1","released",FALSE
"summary.data.frame","closure","","TRUE","FALSE","(object, maxsum = 7, digits = max(3, getOption(""digits"") -     3), ...) ","base","NA","1.3.1","released",FALSE
"summary.default","closure","","TRUE","FALSE","(object, ..., digits = max(3, getOption(""digits"") -     3)) ","base","NA","1.3.1","released",FALSE
"summary.factor","closure","","TRUE","FALSE","(object, maxsum = 100, ...) ","base","NA","1.3.1","released",FALSE
"summary.glm","closure","","TRUE","FALSE","(object, dispersion = NULL, correlation = FALSE, ...) ","base","NA","1.3.1","released",FALSE
"summary.glm.null","closure","","TRUE","FALSE","(object, dispersion = NULL, correlation = TRUE, na.action = na.omit,     ...) ","base","NA","1.3.1","released",FALSE
"summary.infl","closure","","TRUE","FALSE","(object, digits = max(2, getOption(""digits"") - 5), ...) ","base","NA","1.3.1","released",FALSE
"summary.lm","closure","","TRUE","FALSE","(object, correlation = FALSE, ...) ","base","NA","1.3.1","released",FALSE
"summary.lm.null","closure","","TRUE","FALSE","(z, correlation = FALSE, ...) ","base","NA","1.3.1","released",FALSE
"summary.manova","closure","","TRUE","FALSE","(object, test = c(""Pillai"", ""Wilks"", ""Hotelling-Lawley"",     ""Roy""), intercept = FALSE) ","base","NA","1.3.1","released",FALSE
"summary.matrix","closure","","TRUE","FALSE","(object, ...) ","base","NA","1.3.1","released",FALSE
"summary.mlm","closure","","TRUE","FALSE","(object, ...) ","base","NA","1.3.1","released",FALSE
"summary.table","closure","","TRUE","FALSE","(object, ...) ","base","NA","1.3.1","released",FALSE
"sunflowerplot","closure","","TRUE","FALSE","(x, y = NULL, number, log = """", digits = 6, xlab = NULL,     ylab = NULL, xlim = NULL, ylim = NULL, add = FALSE, rotate = FALSE,     pch = 16, cex = 0.8, cex.fact = 1.5, size = 1/8, seg.col = 2,     seg.lwd = 1.5, ...) ","base","NA","1.3.1","released",FALSE
"svd","closure","","TRUE","FALSE","(x, nu = min(n, p), nv = min(n, p)) ","base","NA","1.3.1","released",FALSE
"sweep","closure","","TRUE","FALSE","(x, MARGIN, STATS, FUN = ""-"", ...) ","base","NA","1.3.1","released",FALSE
"switch","closure","","TRUE","FALSE","(EXPR, ...) ","base","NA","1.3.1","released",FALSE
"symbol.C","builtin","","TRUE","NA","","base","NA","1.3.1","released",FALSE
"symbol.For","builtin","","TRUE","NA","","base","NA","1.3.1","released",FALSE
"symbols","closure","","TRUE","FALSE","(x, y, circles, squares, rectangles, stars, thermometers,     boxplots, inches = TRUE, add = FALSE, fg = 1, bg = NA, xlab = """",     ylab = """", xlim = NULL, ylim = NULL, ...) ","base","NA","1.3.1","released",FALSE
"symnum","closure","","TRUE","FALSE","(x, cutpoints = c(0.3, 0.6, 0.8, 0.9, 0.95), symbols = c("" "",     ""."", "","", ""+"", ""*"", ""B""), legend = length(symbols) >= 3,     na = ""?"", eps = 1e-05, corr = missing(cutpoints), show.max = if (corr) ""1"",     show.min = NULL, lower.triangular = corr & is.matrix(x),     diag.lower.tri = corr & !is.null(show.max)) ","base","NA","1.3.1","released",FALSE
"sys.call","closure","","TRUE","FALSE","(which = 0) ","base","NA","1.3.1","released",FALSE
"sys.calls","closure","","TRUE","FALSE","() ","base","NA","1.3.1","released",FALSE
"sys.frame","closure","","TRUE","FALSE","(which = 0) ","base","NA","1.3.1","released",FALSE
"sys.frames","closure","","TRUE","FALSE","() ","base","NA","1.3.1","released",FALSE
"sys.function","closure","","TRUE","FALSE","(n = 0) ","base","NA","1.3.1","released",FALSE
"sys.nframe","closure","","TRUE","FALSE","() ","base","NA","1.3.1","released",FALSE
"sys.on.exit","closure","","TRUE","FALSE","() ","base","NA","1.3.1","released",FALSE
"sys.parent","closure","","TRUE","FALSE","(n = 1) ","base","NA","1.3.1","released",FALSE
"sys.parents","closure","","TRUE","FALSE","() ","base","NA","1.3.1","released",FALSE
"sys.source","closure","","TRUE","FALSE","(file, envir = NULL, chdir = FALSE, keep.source = getOption(""keep.source.pkgs"")) ","base","NA","1.3.1","released",FALSE
"sys.status","closure","","TRUE","FALSE","() ","base","NA","1.3.1","released",FALSE
"system","closure","","TRUE","FALSE","(command, intern = FALSE, ignore.stderr = FALSE) ","base","NA","1.3.1","released",FALSE
"system.file","closure","","TRUE","FALSE","(..., package = ""base"", lib.loc = .lib.loc, pkg, lib) ","base","NA","1.3.1","released",FALSE
"system.time","closure","","TRUE","FALSE","(expr) ","base","NA","1.3.1","released",FALSE
"t","closure","","TRUE","FALSE","(x) ","base","NA","1.3.1","released",FALSE
"t.data.frame","closure","","TRUE","FALSE","(x) ","base","NA","1.3.1","released",FALSE
"t.default","closure","","TRUE","FALSE","(x) ","base","NA","1.3.1","released",FALSE
"table","closure","","TRUE","FALSE","(..., exclude = c(NA, NaN), dnn = list.names(...), deparse.level = 1) ","base","NA","1.3.1","released",FALSE
"tabulate","closure","","TRUE","FALSE","(bin, nbins = max(1, bin)) ","base","NA","1.3.1","released",FALSE
"tan","builtin","","TRUE","NA","","base","NA","1.3.1","released",FALSE
"tanh","builtin","","TRUE","NA","","base","NA","1.3.1","released",FALSE
"tapply","closure","","TRUE","FALSE","(X, INDEX, FUN = NULL, ..., simplify = TRUE) ","base","NA","1.3.1","released",FALSE
"tempfile","closure","","TRUE","FALSE","(pattern = ""file"") ","base","NA","1.3.1","released",FALSE
"termplot","closure","","TRUE","FALSE","(model, data = model.frame(model), partial.resid = FALSE,     rug = FALSE, terms = NULL, se = FALSE, xlabs = NULL, ylabs = NULL,     main = NULL, col.term = 2, lwd.term = 1.5, col.se = ""orange"",     lty.se = 2, lwd.se = 1, col.res = ""gray"", cex = 1, pch = par(""pch""),     ask = interactive() && nb.fig < n.tms && .Device != ""postscript"",     ...) ","base","NA","1.3.1","released",FALSE
"terms","closure","","TRUE","FALSE","(x, ...) ","base","NA","1.3.1","released",FALSE
"terms.aovlist","closure","","TRUE","FALSE","(x, ...) ","base","NA","1.3.1","released",FALSE
"terms.default","closure","","TRUE","FALSE","(x, ...) ","base","NA","1.3.1","released",FALSE
"terms.formula","closure","","TRUE","FALSE","(x, specials = NULL, abb = NULL, data = NULL, neg.out = TRUE,     keep.order = FALSE) ","base","NA","1.3.1","released",FALSE
"terms.terms","closure","","TRUE","FALSE","(x, ...) ","base","NA","1.3.1","released",FALSE
"terrain.colors","closure","","TRUE","FALSE","(n) ","base","NA","1.3.1","released",FALSE
"tetragamma","closure","","TRUE","FALSE","(x) ","base","NA","1.3.1","released",FALSE
"text","closure","","TRUE","FALSE","(x, ...) ","base","NA","1.3.1","released",FALSE
"text.default","closure","","TRUE","FALSE","(x, y = NULL, labels = seq(along = x), adj = NULL, pos = NULL,     offset = 0.5, vfont = NULL, cex = 1, col = NULL, font = NULL,     xpd = NULL, ...) ","base","NA","1.3.1","released",FALSE
"textConnection","closure","","TRUE","FALSE","(object, open = ""r"") ","base","NA","1.3.1","released",FALSE
"time","closure","","TRUE","FALSE","(x, ...) ","base","NA","1.3.1","released",FALSE
"time.default","closure","","TRUE","FALSE","(x, offset = 0, ...) ","base","NA","1.3.1","released",FALSE
"time.ts","closure","","TRUE","FALSE","(x, ...) ","base","NA","1.3.1","released",FALSE
"title","closure","","TRUE","FALSE","(main = NULL, sub = NULL, xlab = NULL, ylab = NULL,     line = NA, outer = FALSE, ...) ","base","NA","1.3.1","released",FALSE
"toString","closure","","TRUE","FALSE","(x, ...) ","base","NA","1.3.1","released",FALSE
"toString.default","closure","","TRUE","FALSE","(x, width, ...) ","base","NA","1.3.1","released",FALSE
"tolower","closure","","TRUE","FALSE","(x) ","base","NA","1.3.1","released",FALSE
"topo.colors","closure","","TRUE","FALSE","(n) ","base","NA","1.3.1","released",FALSE
"toupper","closure","","TRUE","FALSE","(x) ","base","NA","1.3.1","released",FALSE
"trace","builtin","","TRUE","NA","","base","NA","1.3.1","released",FALSE
"traceback","closure","","TRUE","FALSE","() ","base","NA","1.3.1","released",FALSE
"transform","closure","","TRUE","FALSE","(x, ...) ","base","NA","1.3.1","released",FALSE
"transform.data.frame","closure","","TRUE","FALSE","(x, ...) ","base","NA","1.3.1","released",FALSE
"transform.default","closure","","TRUE","FALSE","(x, ...) ","base","NA","1.3.1","released",FALSE
"trigamma","closure","","TRUE","FALSE","(x) ","base","NA","1.3.1","released",FALSE
"trunc","builtin","","TRUE","NA","","base","NA","1.3.1","released",FALSE
"trunc.POSIXt","closure","","TRUE","FALSE","(x, units = c(""secs"", ""mins"", ""hours"", ""days"")) ","base","NA","1.3.1","released",FALSE
"truncate","closure","","TRUE","FALSE","(con, ...) ","base","NA","1.3.1","released",FALSE
"truncate.connection","closure","","TRUE","FALSE","(con, ...) ","base","NA","1.3.1","released",FALSE
"try","closure","","TRUE","FALSE","(expr, first = TRUE) ","base","NA","1.3.1","released",FALSE
"ts","closure","","TRUE","FALSE","(data = NA, start = 1, end = numeric(0), frequency = 1,     deltat = 1, ts.eps = getOption(""ts.eps""), class = if (nseries >         1) c(""mts"", ""ts"") else ""ts"", names = if (!is.null(dimnames(data))) colnames(data) else paste(""Series"",         seq(nseries))) ","base","NA","1.3.1","released",FALSE
"tsp","closure","","TRUE","FALSE","(x) ","base","NA","1.3.1","released",FALSE
"tsp<-","closure","","TRUE","FALSE","(x, value) ","base","NA","1.3.1","released",FALSE
"typeof","closure","","TRUE","FALSE","(x) ","base","NA","1.3.1","released",FALSE
"unclass","builtin","","TRUE","NA","","base","NA","1.3.1","released",FALSE
"undebug","builtin","","TRUE","NA","","base","NA","1.3.1","released",FALSE
"undoc","closure","","TRUE","FALSE","(package, dir, lib.loc = .lib.loc) ","base","NA","1.3.1","released",FALSE
"union","closure","","TRUE","FALSE","(x, y) ","base","NA","1.3.1","released",FALSE
"unique","closure","","TRUE","FALSE","(x, incomparables = FALSE) ","base","NA","1.3.1","released",FALSE
"uniroot","closure","","TRUE","FALSE","(f, interval, lower = min(interval), upper = max(interval),     tol = .Machine$double.eps^0.25, maxiter = 1000, ...) ","base","NA","1.3.1","released",FALSE
"unix","closure","","TRUE","FALSE","(call, intern = FALSE) ","base","NA","1.3.1","released",FALSE
"unix.time","closure","","TRUE","FALSE","(expr) ","base","NA","1.3.1","released",FALSE
"unlink","closure","","TRUE","FALSE","(x, recursive = FALSE) ","base","NA","1.3.1","released",FALSE
"unlist","closure","","TRUE","FALSE","(x, recursive = TRUE, use.names = TRUE) ","base","NA","1.3.1","released",FALSE
"unname","closure","","TRUE","FALSE","(obj, force = FALSE) ","base","NA","1.3.1","released",FALSE
"unstack","closure","","TRUE","FALSE","(x, ...) ","base","NA","1.3.1","released",FALSE
"unstack.data.frame","closure","","TRUE","FALSE","(x, form = formula(x), ...) ","base","NA","1.3.1","released",FALSE
"unstack.default","closure","","TRUE","FALSE","(x, form, ...) ","base","NA","1.3.1","released",FALSE
"untrace","builtin","","TRUE","NA","","base","NA","1.3.1","released",FALSE
"update","closure","","TRUE","FALSE","(object, ...) ","base","NA","1.3.1","released",FALSE
"update.default","closure","","TRUE","FALSE","(object, formula., ..., evaluate = TRUE) ","base","NA","1.3.1","released",FALSE
"update.formula","closure","","TRUE","FALSE","(old, new) ","base","NA","1.3.1","released",FALSE
"update.packages","closure","","TRUE","FALSE","(lib.loc = .lib.loc, CRAN = getOption(""CRAN""), contriburl = contrib.url(CRAN),     method, instlib = NULL, ask = TRUE, available = NULL, destdir = NULL) ","base","NA","1.3.1","released",FALSE
"upper.tri","closure","","TRUE","FALSE","(x, diag = FALSE) ","base","NA","1.3.1","released",FALSE
"url","closure","","TRUE","FALSE","(description, open = """", blocking = TRUE, encoding = getOption(""encoding"")) ","base","NA","1.3.1","released",FALSE
"url.show","closure","","TRUE","FALSE","(url, title = url, file = tempfile(), delete.file = TRUE,     method, ...) ","base","NA","1.3.1","released",FALSE
"var","closure","","TRUE","FALSE","(x, y = NULL, na.rm = FALSE, use) ","base","NA","1.3.1","released",FALSE
"variable.names","closure","","TRUE","FALSE","(object, ...) ","base","NA","1.3.1","released",FALSE
"variable.names.default","closure","","TRUE","FALSE","(x, do.NULL = TRUE, prefix = ""col"") ","base","NA","1.3.1","released",FALSE
"variable.names.lm","closure","","TRUE","FALSE","(object, full = FALSE) ","base","NA","1.3.1","released",FALSE
"vector","closure","","TRUE","FALSE","(mode = ""logical"", length = 0) ","base","NA","1.3.1","released",FALSE
"version","list","simple.list","TRUE","FALSE","NA","base","NA","1.3.1","released",FALSE
"vi","closure","","TRUE","FALSE","(name = NULL, file = """") ","base","NA","1.3.1","released",FALSE
"warning","closure","","TRUE","FALSE","(message = NULL) ","base","NA","1.3.1","released",FALSE
"warnings","closure","","TRUE","FALSE","(...) ","base","NA","1.3.1","released",FALSE
"weekdays","closure","","TRUE","FALSE","(x, abbreviate) ","base","NA","1.3.1","released",FALSE
"weekdays.POSIXt","closure","","TRUE","FALSE","(x, abbreviate = FALSE) ","base","NA","1.3.1","released",FALSE
"weighted.mean","closure","","TRUE","FALSE","(x, w, na.rm = FALSE) ","base","NA","1.3.1","released",FALSE
"weighted.residuals","closure","","TRUE","FALSE","(obj, drop0 = TRUE) ","base","NA","1.3.1","released",FALSE
"weights","closure","","TRUE","FALSE","(object, ...) ","base","NA","1.3.1","released",FALSE
"weights.default","closure","","TRUE","FALSE","(object, ...) ","base","NA","1.3.1","released",FALSE
"weights.glm","closure","","TRUE","FALSE","(object, type = c(""prior"", ""working""), ...) ","base","NA","1.3.1","released",FALSE
"weights.lm","closure","","TRUE","FALSE","(object, ...) ","base","NA","1.3.1","released",FALSE
"which","closure","","TRUE","FALSE","(x, arr.ind = FALSE) ","base","NA","1.3.1","released",FALSE
"which.max","closure","","TRUE","FALSE","(x) ","base","NA","1.3.1","released",FALSE
"which.min","closure","","TRUE","FALSE","(x) ","base","NA","1.3.1","released",FALSE
"while","special","","TRUE","NA","","base","NA","1.3.1","released",FALSE
"window","closure","","TRUE","FALSE","(x, ...) ","base","NA","1.3.1","released",FALSE
"window.default","closure","","TRUE","FALSE","(x, start = NULL, end = NULL, frequency = NULL, deltat = NULL,     extend = FALSE, ...) ","base","NA","1.3.1","released",FALSE
"window.ts","closure","","TRUE","FALSE","(x, ...) ","base","NA","1.3.1","released",FALSE
"write","closure","","TRUE","FALSE","(x, file = ""data"", ncolumns = if (is.character(x)) 1 else 5,     append = FALSE) ","base","NA","1.3.1","released",FALSE
"write.dcf","closure","","TRUE","FALSE","(x, file = """", append = FALSE, indent = 0.1 * getOption(""width""),     width = 0.9 * getOption(""width"")) ","base","NA","1.3.1","released",FALSE
"write.ftable","closure","","TRUE","FALSE","(x, file = """", quote = TRUE, digits = getOption(""digits"")) ","base","NA","1.3.1","released",FALSE
"write.socket","closure","","TRUE","FALSE","(socket, string) ","base","NA","1.3.1","released",FALSE
"write.table","closure","","TRUE","FALSE","(x, file = """", append = FALSE, quote = TRUE, sep = "" "",     eol = ""\n"", na = ""NA"", dec = ""."", row.names = TRUE, col.names = TRUE,     qmethod = c(""escape"", ""double"")) ","base","NA","1.3.1","released",FALSE
"writeBin","closure","","TRUE","FALSE","(object, con, size = NA, endian = .Platform$endian) ","base","NA","1.3.1","released",FALSE
"writeChar","closure","","TRUE","FALSE","(object, con, nchars = nchar(object), eos = """") ","base","NA","1.3.1","released",FALSE
"writeLines","closure","","TRUE","FALSE","(text, con = stdout(), sep = ""\n"") ","base","NA","1.3.1","released",FALSE
"x11","closure","","TRUE","FALSE","(display = """", width = 7, height = 7, pointsize = 12,     gamma = 1, colortype = getOption(""X11colortype""), maxcubesize = 256) ","base","NA","1.3.1","released",FALSE
"xedit","closure","","TRUE","FALSE","(name = NULL, file = """") ","base","NA","1.3.1","released",FALSE
"xemacs","closure","","TRUE","FALSE","(name = NULL, file = """") ","base","NA","1.3.1","released",FALSE
"xfig","closure","","TRUE","FALSE","(file = ifelse(onefile, ""Rplots.fig"", ""Rplot%03d.fig""),     onefile = FALSE, ...) ","base","NA","1.3.1","released",FALSE
"xinch","closure","","TRUE","FALSE","(x = 1, warn.log = TRUE) ","base","NA","1.3.1","released",FALSE
"xor","closure","","TRUE","FALSE","(x, y) ","base","NA","1.3.1","released",FALSE
"xpdrows.data.frame","closure","","TRUE","FALSE","(x, old.rows, new.rows) ","base","NA","1.3.1","released",FALSE
"xtabs","closure","","TRUE","FALSE","(formula = ~., data = parent.frame(), subset, na.action,     exclude = c(NA, NaN), drop.unused.levels = FALSE) ","base","NA","1.3.1","released",FALSE
"xy.coords","closure","","TRUE","FALSE","(x, y, xlab = NULL, ylab = NULL, log = NULL, recycle = FALSE) ","base","NA","1.3.1","released",FALSE
"xyinch","closure","","TRUE","FALSE","(xy = 1, warn.log = TRUE) ","base","NA","1.3.1","released",FALSE
"xyz.coords","closure","","TRUE","FALSE","(x, y, z, xlab = NULL, ylab = NULL, zlab = NULL, log = NULL,     recycle = FALSE) ","base","NA","1.3.1","released",FALSE
"yinch","closure","","TRUE","FALSE","(y = 1, warn.log = TRUE) ","base","NA","1.3.1","released",FALSE
"zapsmall","closure","","TRUE","FALSE","(x, digits = getOption(""digits"")) ","base","NA","1.3.1","released",FALSE
"zip.file.extract","closure","","TRUE","FALSE","(file, zipname = ""R.zip"") ","base","NA","1.3.1","released",FALSE
"{","special","","TRUE","NA","","base","NA","1.3.1","released",FALSE
"|","builtin","","TRUE","NA","","base","NA","1.3.1","released",FALSE
"||","special","","TRUE","NA","","base","NA","1.3.1","released",FALSE
"~","special","","TRUE","NA","","base","NA","1.3.1","released",FALSE
"EEF.profile","closure","","TRUE","FALSE","(y, tmin = min(y) + 0.1, tmax = max(y) - 0.1, n.t = 25,     u = function(y, t) ","boot","NA","1.3.1","released",FALSE
"EL.profile","closure","","TRUE","FALSE","(y, tmin = min(y) + 0.1, tmax = max(y) - 0.1, n.t = 25,     u = function(y, t) y - t) ","boot","NA","1.3.1","released",FALSE
"abc.ci","closure","","TRUE","FALSE","(data, statistic, index = 1, strata = rep(1, n), conf = 0.95,     eps = 0.001/n, ...) ","boot","NA","1.3.1","released",FALSE
"anti.arr","closure","","TRUE","FALSE","(n, R, L, inds = 1:n) ","boot","NA","1.3.1","released",FALSE
"antithetic.array","closure","","TRUE","FALSE","(n, R, L, strata) ","boot","NA","1.3.1","released",FALSE
"arima.sim","closure","","TRUE","FALSE","(n, model, rand.gen = rnorm, innov = rand.gen(n, ...),     ...) ","boot","NA","1.3.1","released",FALSE
"balanced.array","closure","","TRUE","FALSE","(n, R, strata) ","boot","NA","1.3.1","released",FALSE
"basic.ci","closure","","TRUE","FALSE","(t0, t, conf = 0.95, hinv = function(t) t) ","boot","NA","1.3.1","released",FALSE
"bca.ci","closure","","TRUE","FALSE","(boot.out, conf = 0.95, index = 1, t0 = NULL, t = NULL,     L = NULL, h = function(t) t, hdot = function(t) 1, hinv = function(t) t,     ...) ","boot","NA","1.3.1","released",FALSE
"boot","closure","","TRUE","FALSE","(data, statistic, R, sim = ""ordinary"", stype = ""i"",     strata = rep(1, n), L = NULL, m = 0, weights = NULL, ran.gen = function(d,         p) d, mle = NULL, ...) ","boot","NA","1.3.1","released",FALSE
"boot.array","closure","","TRUE","FALSE","(boot.out, indices = FALSE) ","boot","NA","1.3.1","released",FALSE
"boot.ci","closure","","TRUE","FALSE","(boot.out, conf = 0.95, type = ""all"", index = 1:min(2,     length(boot.out$t0)), var.t0 = NULL, var.t = NULL, t0 = NULL,     t = NULL, L = NULL, h = function(t) t, hdot = function(t) rep(1,         length(t)), hinv = function(t) t, ...) ","boot","NA","1.3.1","released",FALSE
"boot.return","closure","","TRUE","FALSE","(sim, t0, t, strata, R, data, stat, stype, call, seed,     L, m, pred.i, weights, ran.gen, mle) ","boot","NA","1.3.1","released",FALSE
"cens.case","closure","","TRUE","FALSE","(n, strata, R) ","boot","NA","1.3.1","released",FALSE
"cens.resamp","closure","","TRUE","FALSE","(data, R, F.surv, G.surv, strata, index = c(1, 2), cox = NULL,     sim = ""model"") ","boot","NA","1.3.1","released",FALSE
"cens.return","closure","","TRUE","FALSE","(sim, t0, t, strata, R, data, statistic, call, seed) ","boot","NA","1.3.1","released",FALSE
"cens.weird","closure","","TRUE","FALSE","(data, surv, strata) ","boot","NA","1.3.1","released",FALSE
"censboot","closure","","TRUE","FALSE","(data, statistic, R, F.surv, G.surv, strata = matrix(1,     n, 2), sim = ""ordinary"", cox = NULL, index = c(1, 2), ...) ","boot","NA","1.3.1","released",FALSE
"const","closure","","TRUE","FALSE","(w, eps = 1e-08) ","boot","NA","1.3.1","released",FALSE
"control","closure","","TRUE","FALSE","(boot.out, L = NULL, distn = NULL, index = 1, t0 = NULL,     t = NULL, bias.adj = FALSE, alpha = NULL, ...) ","boot","NA","1.3.1","released",FALSE
"corr","closure","","TRUE","FALSE","(d, w = rep(1, nrow(d))/nrow(d)) ","boot","NA","1.3.1","released",FALSE
"cum3","closure","","TRUE","FALSE","(a, b = a, c = a, unbiased = TRUE) ","boot","NA","1.3.1","released",FALSE
"cv.glm","closure","","TRUE","FALSE","(data, glmfit, cost = function(y, yhat) mean((y - yhat)^2),     K = n) ","boot","NA","1.3.1","released",FALSE
"empinf","closure","","TRUE","FALSE","(boot.out = NULL, data = NULL, statistic = NULL, type = NULL,     stype = NULL, index = 1, t = NULL, strata = rep(1, n), eps = 0.001,     ...) ","boot","NA","1.3.1","released",FALSE
"empinf.reg","closure","","TRUE","FALSE","(boot.out, t = boot.out$t[, 1]) ","boot","NA","1.3.1","released",FALSE
"envelope","closure","","TRUE","FALSE","(boot.out = NULL, mat = NULL, level = 0.95, index = 1:n) ","boot","NA","1.3.1","released",FALSE
"exp.tilt","closure","","TRUE","FALSE","(L, theta = NULL, t0 = 0, lambda = NULL, strata = rep(1,     length(L))) ","boot","NA","1.3.1","released",FALSE
"extra.array","closure","","TRUE","FALSE","(n, R, m, strata = rep(1, n)) ","boot","NA","1.3.1","released",FALSE
"freq.array","closure","","TRUE","FALSE","(i.array) ","boot","NA","1.3.1","released",FALSE
"glm.diag","closure","","TRUE","FALSE","(glmfit) ","boot","NA","1.3.1","released",FALSE
"glm.diag.plots","closure","","TRUE","FALSE","(glmfit, glmdiag = NULL, subset = NULL, iden = FALSE,     labels = NULL, ret = FALSE) ","boot","NA","1.3.1","released",FALSE
"iden","closure","","TRUE","FALSE","(n) ","boot","NA","1.3.1","released",FALSE
"imp.moments","closure","","TRUE","FALSE","(boot.out = NULL, index = 1, t = boot.out$t[, index],     w = NULL, def = TRUE, q = NULL) ","boot","NA","1.3.1","released",FALSE
"imp.prob","closure","","TRUE","FALSE","(boot.out = NULL, index = 1, t0 = boot.out$t0[index],     t = boot.out$t[, index], w = NULL, def = TRUE, q = NULL) ","boot","NA","1.3.1","released",FALSE
"imp.quantile","closure","","TRUE","FALSE","(boot.out = NULL, alpha = NULL, index = 1, t = boot.out$t[,     index], w = NULL, def = TRUE, q = NULL) ","boot","NA","1.3.1","released",FALSE
"imp.reg","closure","","TRUE","FALSE","(w) ","boot","NA","1.3.1","released",FALSE
"imp.weights","closure","","TRUE","FALSE","(boot.out, def = TRUE, q = NULL) ","boot","NA","1.3.1","released",FALSE
"importance.array","closure","","TRUE","FALSE","(n, R, weights, strata) ","boot","NA","1.3.1","released",FALSE
"importance.array.bal","closure","","TRUE","FALSE","(n, R, weights, strata) ","boot","NA","1.3.1","released",FALSE
"index.array","closure","","TRUE","FALSE","(n, R, sim, strata = rep(1, n), m = 0, L = NULL, weights = NULL) ","boot","NA","1.3.1","released",FALSE
"inf.jack","closure","","TRUE","FALSE","(data, stat, index = 1, strata = rep(1, n), eps = 0.001,     ...) ","boot","NA","1.3.1","released",FALSE
"inv.logit","closure","","TRUE","FALSE","(x) ","boot","NA","1.3.1","released",FALSE
"isMatrix","closure","","TRUE","FALSE","(x) ","boot","NA","1.3.1","released",FALSE
"jack.after.boot","closure","","TRUE","FALSE","(boot.out, index = 1, t = NULL, L = NULL, useJ = TRUE,     stinf = TRUE, alpha = NULL, main = """", ylab = NULL, ...) ","boot","NA","1.3.1","released",FALSE
"k3.linear","closure","","TRUE","FALSE","(L, strata = NULL) ","boot","NA","1.3.1","released",FALSE
"lik.CI","closure","","TRUE","FALSE","(like, lim) ","boot","NA","1.3.1","released",FALSE
"linear.approx","closure","","TRUE","FALSE","(boot.out, L = NULL, index = 1, type = NULL, t0 = NULL,     t = NULL, ...) ","boot","NA","1.3.1","released",FALSE
"lines.saddle.distn","closure","","TRUE","FALSE","(x, dens = TRUE, h = function(u) u, J = function(u) 1,     npts = 50, lty = 1, ...) ","boot","NA","1.3.1","released",FALSE
"logit","closure","","TRUE","FALSE","(p) ","boot","NA","1.3.1","released",FALSE
"make.ends","closure","","TRUE","FALSE","(a, n) ","boot","NA","1.3.1","released",FALSE
"nested.corr","closure","","TRUE","FALSE","(data, w, t0, M) ","boot","NA","1.3.1","released",FALSE
"norm.ci","closure","","TRUE","FALSE","(boot.out = NULL, conf = 0.95, index = 1, var.t0 = NULL,     t0 = NULL, t = NULL, L = NULL, h = function(t) t, hdot = function(t) 1,     hinv = function(t) t) ","boot","NA","1.3.1","released",FALSE
"norm.inter","closure","","TRUE","FALSE","(t, alpha) ","boot","NA","1.3.1","released",FALSE
"normalize","closure","","TRUE","FALSE","(wts, strata) ","boot","NA","1.3.1","released",FALSE
"ordinary.array","closure","","TRUE","FALSE","(n, R, strata) ","boot","NA","1.3.1","released",FALSE
"perc.ci","closure","","TRUE","FALSE","(t, conf = 0.95, hinv = function(t) t) ","boot","NA","1.3.1","released",FALSE
"permutation.array","closure","","TRUE","FALSE","(n, R, strata) ","boot","NA","1.3.1","released",FALSE
"plot.boot","closure","","TRUE","FALSE","(x, index = 1, t0 = NULL, t = NULL, jack = FALSE, qdist = ""norm"",     nclass = NULL, df, ...) ","boot","NA","1.3.1","released",FALSE
"positive.jack","closure","","TRUE","FALSE","(data, stat, stype = ""w"", index = 1, strata = rep(1,     n), ...) ","boot","NA","1.3.1","released",FALSE
"print.boot","closure","","TRUE","FALSE","(x, digits = options()$digits, index = 1:ncol(boot.out$t),     ...) ","boot","NA","1.3.1","released",FALSE
"print.bootci","closure","","TRUE","FALSE","(x, hinv = NULL, ...) ","boot","NA","1.3.1","released",FALSE
"print.saddle.distn","closure","","TRUE","FALSE","(x, ...) ","boot","NA","1.3.1","released",FALSE
"print.simplex","closure","","TRUE","FALSE","(x, ...) ","boot","NA","1.3.1","released",FALSE
"saddle","closure","","TRUE","FALSE","(A = NULL, u = NULL, wdist = ""m"", type = ""simp"", d = NULL,     d1 = 1, init = rep(0.1, d), mu = rep(0.5, n), LR = FALSE,     strata = NULL, K.adj = NULL, K2 = NULL) ","boot","NA","1.3.1","released",FALSE
"saddle.distn","closure","","TRUE","FALSE","(A, u = NULL, alpha = NULL, wdist = ""m"", type = ""simp"",     npts = 20, t = NULL, t0 = NULL, init = rep(0.1, d), mu = rep(0.5,         n), LR = FALSE, strata = NULL, ...) ","boot","NA","1.3.1","released",FALSE
"scramble","closure","","TRUE","FALSE","(ts, norm = TRUE) ","boot","NA","1.3.1","released",FALSE
"simplex","closure","","TRUE","FALSE","(a, A1 = NULL, b1 = NULL, A2 = NULL, b2 = NULL, A3 = NULL,     b3 = NULL, maxi = FALSE, n.iter = n + 2 * m, eps = 1e-10) ","boot","NA","1.3.1","released",FALSE
"simplex1","closure","","TRUE","FALSE","(a, A, b, init, basic, val = 0, stage = 2, n1 = N, eps = 1e-10,     n.iter = n1) ","boot","NA","1.3.1","released",FALSE
"smooth.f","closure","","TRUE","FALSE","(theta, boot.out, index = 1, t = boot.out$t[, index],     width = 0.5) ","boot","NA","1.3.1","released",FALSE
"stud.ci","closure","","TRUE","FALSE","(tv0, tv, conf = 0.95, hinv = function(t) t) ","boot","NA","1.3.1","released",FALSE
"tilt.boot","closure","","TRUE","FALSE","(data, statistic, R, sim = ""ordinary"", stype = ""i"",     strata = rep(1, n), L = NULL, theta = NULL, alpha = c(0.025,         0.975), tilt = TRUE, width = 0.5, index = 1, ...) ","boot","NA","1.3.1","released",FALSE
"ts.array","closure","","TRUE","FALSE","(n, n.sim, R, l, sim, endcorr) ","boot","NA","1.3.1","released",FALSE
"ts.return","closure","","TRUE","FALSE","(t0, t, R, tseries, seed, stat, sim, endcorr, n.sim,     l, ran.gen, ran.args, call, norm) ","boot","NA","1.3.1","released",FALSE
"tsboot","closure","","TRUE","FALSE","(tseries, statistic, R, l = NULL, sim = ""model"", endcorr = TRUE,     n.sim = NULL, orig.t = TRUE, ran.gen = function(tser, n.sim,         args) tser, ran.args = NULL, norm = TRUE, ...) ","boot","NA","1.3.1","released",FALSE
"usual.jack","closure","","TRUE","FALSE","(data, stat, stype = ""w"", index = 1, strata = rep(1,     n), ...) ","boot","NA","1.3.1","released",FALSE
"var.linear","closure","","TRUE","FALSE","(L, strata = NULL) ","boot","NA","1.3.1","released",FALSE
"zero","closure","","TRUE","FALSE","(n, m) ","boot","NA","1.3.1","released",FALSE
".First.lib","closure","","TRUE","FALSE","(lib, pkg) ","class","NA","1.3.1","released", TRUE
"condense","closure","","TRUE","FALSE","(train, class, store = sample(seq(n), 1), trace = TRUE) ","class","NA","1.3.1","released",FALSE
"knn","closure","","TRUE","FALSE","(train, test, cl, k = 1, l = 0, prob = FALSE, use.all = TRUE) ","class","NA","1.3.1","released",FALSE
"knn.cv","closure","","TRUE","FALSE","(train, cl, k = 1, l = 0, prob = FALSE, use.all = TRUE) ","class","NA","1.3.1","released",FALSE
"knn1","closure","","TRUE","FALSE","(train, test, cl) ","class","NA","1.3.1","released",FALSE
"lvq1","closure","","TRUE","FALSE","(x, cl, codebk, niter = 100 * nrow(codebk$x), alpha = 0.03) ","class","NA","1.3.1","released",FALSE
"lvq2","closure","","TRUE","FALSE","(x, cl, codebk, niter = 100 * nrow(codebk$x), alpha = 0.03,     win = 0.3) ","class","NA","1.3.1","released",FALSE
"lvq3","closure","","TRUE","FALSE","(x, cl, codebk, niter = 100 * nrow(codebk$x), alpha = 0.03,     win = 0.3, epsilon = 0.1) ","class","NA","1.3.1","released",FALSE
"lvqinit","closure","","TRUE","FALSE","(x, cl, size, prior, k = 5) ","class","NA","1.3.1","released",FALSE
"lvqtest","closure","","TRUE","FALSE","(codebk, test) ","class","NA","1.3.1","released",FALSE
"multiedit","closure","","TRUE","FALSE","(x, class, k = 1, V = 3, I = 5, trace = TRUE) ","class","NA","1.3.1","released",FALSE
"olvq1","closure","","TRUE","FALSE","(x, cl, codebk, niter = 40 * nrow(codebk$x), alpha = 0.3) ","class","NA","1.3.1","released",FALSE
"reduce.nn","closure","","TRUE","FALSE","(train, ind, class) ","class","NA","1.3.1","released",FALSE
".First.lib","closure","","TRUE","FALSE","(lib, pkg) ","cluster","NA","1.3.1","released", TRUE
"agnes","closure","","TRUE","FALSE","(x, diss = FALSE, metric = ""euclidean"", stand = FALSE,     method = ""average"") ","cluster","NA","1.3.1","released",FALSE
"clara","closure","","TRUE","FALSE","(x, k, metric = ""euclidean"", stand = FALSE, samples = 5,     sampsize = 40 + 2 * k) ","cluster","NA","1.3.1","released",FALSE
"clusplot","closure","","TRUE","FALSE","(x, ...) ","cluster","NA","1.3.1","released",FALSE
"clusplot.default","closure","","TRUE","FALSE","(x, clus, diss = FALSE, cor = TRUE, stand = FALSE, lines = 2,     shade = FALSE, color = FALSE, labels = 0, plotchar = TRUE,     col.p = ""dark green"", col.txt = col.p, span = TRUE, xlim = NULL,     ylim = NULL, ...) ","cluster","NA","1.3.1","released",FALSE
"clusplot.partition","closure","","TRUE","FALSE","(x, ...) ","cluster","NA","1.3.1","released",FALSE
"daisy","closure","","TRUE","FALSE","(x, metric = c(""euclidean"", ""manhattan""), stand = FALSE,     type = list()) ","cluster","NA","1.3.1","released",FALSE
"diana","closure","","TRUE","FALSE","(x, diss = FALSE, metric = ""euclidean"", stand = FALSE) ","cluster","NA","1.3.1","released",FALSE
"fanny","closure","","TRUE","FALSE","(x, k, diss = FALSE, metric = ""euclidean"", stand = FALSE) ","cluster","NA","1.3.1","released",FALSE
"mona","closure","","TRUE","FALSE","(x) ","cluster","NA","1.3.1","released",FALSE
"pam","closure","","TRUE","FALSE","(x, k, diss = FALSE, metric = ""euclidean"", stand = FALSE) ","cluster","NA","1.3.1","released",FALSE
"plclust","closure","","TRUE","FALSE","(tree, labels = NULL, hang = 0.1, axes = TRUE, frame.plot = FALSE,     ann = TRUE, main = ""Cluster Dendrogram"", sub = NULL, xlab = NULL,     ylab = ""Height"", ...) ","cluster","NA","1.3.1","released",FALSE
"plot.agnes","closure","","TRUE","FALSE","(x, ask = FALSE, which.plots = NULL, main = NULL, sub = paste(""Agglomerative Coefficient = "",     round(x$ac, digits = 2)), adj = 0, nmax.lab = 35, max.strlen = 5,     ...) ","cluster","NA","1.3.1","released",FALSE
"plot.diana","closure","","TRUE","FALSE","(x, ask = FALSE, which.plots = NULL, main = paste(""Banner of "",     deparse(attr(x, ""Call""))), sub = paste(""Divisive Coefficient = "",     round(x$dc, digits = 2)), adj = 0, nmax.lab = 35, max.strlen = 5,     ...) ","cluster","NA","1.3.1","released",FALSE
"plot.mona","closure","","TRUE","FALSE","(x, main = paste(""Banner of "", deparse(attr(x, ""Call""))),     col = 2, axes = TRUE, adj = 0, nmax.lab = 35, max.strlen = 5,     ...) ","cluster","NA","1.3.1","released",FALSE
"plot.partition","closure","","TRUE","FALSE","(x, ask = FALSE, which.plots = NULL, nmax.lab = 40,     max.strlen = 5, cor = TRUE, stand = FALSE, lines = 2, shade = FALSE,     color = FALSE, labels = 0, plotchar = TRUE, span = TRUE,     xlim = NULL, ylim = NULL, ...) ","cluster","NA","1.3.1","released",FALSE
"pltree","closure","","TRUE","FALSE","(x, ...) ","cluster","NA","1.3.1","released",FALSE
"pltree.twins","closure","","TRUE","FALSE","(x, main = paste(""Dendrogram of "", deparse(call)), ...) ","cluster","NA","1.3.1","released",FALSE
"print.agnes","closure","","TRUE","FALSE","(x, ...) ","cluster","NA","1.3.1","released",FALSE
"print.clara","closure","","TRUE","FALSE","(x, ...) ","cluster","NA","1.3.1","released",FALSE
"print.diana","closure","","TRUE","FALSE","(x, ...) ","cluster","NA","1.3.1","released",FALSE
"print.dissimilarity","closure","","TRUE","FALSE","(x, ...) ","cluster","NA","1.3.1","released",FALSE
"print.fanny","closure","","TRUE","FALSE","(x, ...) ","cluster","NA","1.3.1","released",FALSE
"print.mona","closure","","TRUE","FALSE","(x, ...) ","cluster","NA","1.3.1","released",FALSE
"print.pam","closure","","TRUE","FALSE","(x, ...) ","cluster","NA","1.3.1","released",FALSE
"print.summary.agnes","closure","","TRUE","FALSE","(x, ...) ","cluster","NA","1.3.1","released",FALSE
"print.summary.clara","closure","","TRUE","FALSE","(x, ...) ","cluster","NA","1.3.1","released",FALSE
"print.summary.diana","closure","","TRUE","FALSE","(x, ...) ","cluster","NA","1.3.1","released",FALSE
"print.summary.fanny","closure","","TRUE","FALSE","(x, ...) ","cluster","NA","1.3.1","released",FALSE
"print.summary.mona","closure","","TRUE","FALSE","(x, ...) ","cluster","NA","1.3.1","released",FALSE
"print.summary.pam","closure","","TRUE","FALSE","(x, ...) ","cluster","NA","1.3.1","released",FALSE
"summary.agnes","closure","","TRUE","FALSE","(object, ...) ","cluster","NA","1.3.1","released",FALSE
"summary.clara","closure","","TRUE","FALSE","(object, ...) ","cluster","NA","1.3.1","released",FALSE
"summary.diana","closure","","TRUE","FALSE","(object, ...) ","cluster","NA","1.3.1","released",FALSE
"summary.dissimilarity","closure","","TRUE","FALSE","(object, ...) ","cluster","NA","1.3.1","released",FALSE
"summary.fanny","closure","","TRUE","FALSE","(object, ...) ","cluster","NA","1.3.1","released",FALSE
"summary.mona","closure","","TRUE","FALSE","(object, ...) ","cluster","NA","1.3.1","released",FALSE
"summary.pam","closure","","TRUE","FALSE","(object, ...) ","cluster","NA","1.3.1","released",FALSE
".First.lib","closure","","TRUE","FALSE","(lib, pkg) ","ctest","NA","1.3.1","released", TRUE
"ansari.test","closure","","TRUE","FALSE","(x, ...) ","ctest","NA","1.3.1","released",FALSE
"ansari.test.default","closure","","TRUE","FALSE","(x, y, alternative = c(""two.sided"", ""less"", ""greater""),     exact = NULL, conf.int = FALSE, conf.level = 0.95) ","ctest","NA","1.3.1","released",FALSE
"ansari.test.formula","closure","","TRUE","FALSE","(formula, data, subset, na.action, ...) ","ctest","NA","1.3.1","released",FALSE
"bartlett.test","closure","","TRUE","FALSE","(x, ...) ","ctest","NA","1.3.1","released",FALSE
"bartlett.test.default","closure","","TRUE","FALSE","(x, g) ","ctest","NA","1.3.1","released",FALSE
"bartlett.test.formula","closure","","TRUE","FALSE","(formula, data, subset, na.action) ","ctest","NA","1.3.1","released",FALSE
"binom.test","closure","","TRUE","FALSE","(x, n, p = 0.5, alternative = c(""two.sided"", ""less"",     ""greater""), conf.level = 0.95) ","ctest","NA","1.3.1","released",FALSE
"chisq.test","closure","","TRUE","FALSE","(x, y = NULL, correct = TRUE, p = rep(1/length(x), length(x)),     simulate.p.value = FALSE, B = 2000) ","ctest","NA","1.3.1","released",FALSE
"cor.test","closure","","TRUE","FALSE","(x, ...) ","ctest","NA","1.3.1","released",FALSE
"cor.test.default","closure","","TRUE","FALSE","(x, y, alternative = c(""two.sided"", ""less"", ""greater""),     method = c(""pearson"", ""kendall"", ""spearman""), exact = NULL) ","ctest","NA","1.3.1","released",FALSE
"cor.test.formula","closure","","TRUE","FALSE","(formula, data, subset, na.action, ...) ","ctest","NA","1.3.1","released",FALSE
"fisher.test","closure","","TRUE","FALSE","(x, y = NULL, workspace = 2e+05, hybrid = FALSE, or = 1,     alternative = ""two.sided"", conf.level = 0.95) ","ctest","NA","1.3.1","released",FALSE
"fligner.test","closure","","TRUE","FALSE","(x, ...) ","ctest","NA","1.3.1","released",FALSE
"fligner.test.default","closure","","TRUE","FALSE","(x, g) ","ctest","NA","1.3.1","released",FALSE
"fligner.test.formula","closure","","TRUE","FALSE","(formula, data, subset, na.action) ","ctest","NA","1.3.1","released",FALSE
"friedman.test","closure","","TRUE","FALSE","(x, ...) ","ctest","NA","1.3.1","released",FALSE
"friedman.test.default","closure","","TRUE","FALSE","(y, groups, blocks) ","ctest","NA","1.3.1","released",FALSE
"friedman.test.formula","closure","","TRUE","FALSE","(formula, data, subset, na.action) ","ctest","NA","1.3.1","released",FALSE
"kruskal.test","closure","","TRUE","FALSE","(x, ...) ","ctest","NA","1.3.1","released",FALSE
"kruskal.test.default","closure","","TRUE","FALSE","(x, g) ","ctest","NA","1.3.1","released",FALSE
"kruskal.test.formula","closure","","TRUE","FALSE","(formula, data, subset, na.action) ","ctest","NA","1.3.1","released",FALSE
"ks.test","closure","","TRUE","FALSE","(x, y, ..., alternative = c(""two.sided"", ""less"", ""greater""),     exact = NULL) ","ctest","NA","1.3.1","released",FALSE
"mantelhaen.test","closure","","TRUE","FALSE","(x, y = NULL, z = NULL, alternative = c(""two.sided"",     ""less"", ""greater""), correct = TRUE, exact = FALSE, conf.level = 0.95) ","ctest","NA","1.3.1","released",FALSE
"mcnemar.test","closure","","TRUE","FALSE","(x, y = NULL, correct = TRUE) ","ctest","NA","1.3.1","released",FALSE
"mood.test","closure","","TRUE","FALSE","(x, ...) ","ctest","NA","1.3.1","released",FALSE
"mood.test.default","closure","","TRUE","FALSE","(x, y, alternative = c(""two.sided"", ""less"", ""greater"")) ","ctest","NA","1.3.1","released",FALSE
"mood.test.formula","closure","","TRUE","FALSE","(formula, data, subset, na.action, ...) ","ctest","NA","1.3.1","released",FALSE
"oneway.test","closure","","TRUE","FALSE","(formula, data, subset, na.action, var.equal = FALSE) ","ctest","NA","1.3.1","released",FALSE
"pairwise.prop.test","closure","","TRUE","FALSE","(x, n, p.adjust.method = p.adjust.methods, ...) ","ctest","NA","1.3.1","released",FALSE
"pairwise.t.test","closure","","TRUE","FALSE","(x, g, p.adjust.method = p.adjust.methods, pool.sd = TRUE,     ...) ","ctest","NA","1.3.1","released",FALSE
"pairwise.table","closure","","TRUE","FALSE","(compare.levels, level.names, p.adjust.method) ","ctest","NA","1.3.1","released",FALSE
"pairwise.wilcox.test","closure","","TRUE","FALSE","(x, g, p.adjust.method = p.adjust.methods, ...) ","ctest","NA","1.3.1","released",FALSE
"power.prop.test","closure","","TRUE","FALSE","(n = NULL, p1 = NULL, p2 = NULL, sig.level = 0.05, power = NULL,     alternative = c(""two.sided"", ""one.sided"")) ","ctest","NA","1.3.1","released",FALSE
"power.t.test","closure","","TRUE","FALSE","(n = NULL, delta = NULL, sd = 1, sig.level = 0.05, power = NULL,     type = c(""two.sample"", ""one.sample"", ""paired""), alternative = c(""two.sided"",         ""one.sided"")) ","ctest","NA","1.3.1","released",FALSE
"print.pairwise.htest","closure","","TRUE","FALSE","(x) ","ctest","NA","1.3.1","released",FALSE
"print.power.htest","closure","","TRUE","FALSE","(x) ","ctest","NA","1.3.1","released",FALSE
"prop.test","closure","","TRUE","FALSE","(x, n, p = NULL, alternative = c(""two.sided"", ""less"",     ""greater""), conf.level = 0.95, correct = TRUE) ","ctest","NA","1.3.1","released",FALSE
"prop.trend.test","closure","","TRUE","FALSE","(x, n, score = 1:length(x)) ","ctest","NA","1.3.1","released",FALSE
"quade.test","closure","","TRUE","FALSE","(x, ...) ","ctest","NA","1.3.1","released",FALSE
"quade.test.default","closure","","TRUE","FALSE","(y, groups, blocks) ","ctest","NA","1.3.1","released",FALSE
"quade.test.formula","closure","","TRUE","FALSE","(formula, data, subset, na.action) ","ctest","NA","1.3.1","released",FALSE
"shapiro.test","closure","","TRUE","FALSE","(x) ","ctest","NA","1.3.1","released",FALSE
"t.test","closure","","TRUE","FALSE","(x, ...) ","ctest","NA","1.3.1","released",FALSE
"t.test.default","closure","","TRUE","FALSE","(x, y = NULL, alternative = c(""two.sided"", ""less"", ""greater""),     mu = 0, paired = FALSE, var.equal = FALSE, conf.level = 0.95) ","ctest","NA","1.3.1","released",FALSE
"t.test.formula","closure","","TRUE","FALSE","(formula, data, subset, na.action, ...) ","ctest","NA","1.3.1","released",FALSE
"var.test","closure","","TRUE","FALSE","(x, ...) ","ctest","NA","1.3.1","released",FALSE
"var.test.default","closure","","TRUE","FALSE","(x, y, ratio = 1, alternative = c(""two.sided"", ""less"",     ""greater""), conf.level = 0.95) ","ctest","NA","1.3.1","released",FALSE
"var.test.formula","closure","","TRUE","FALSE","(formula, data, subset, na.action, ...) ","ctest","NA","1.3.1","released",FALSE
"wilcox.test","closure","","TRUE","FALSE","(x, ...) ","ctest","NA","1.3.1","released",FALSE
"wilcox.test.default","closure","","TRUE","FALSE","(x, y = NULL, alternative = c(""two.sided"", ""less"", ""greater""),     mu = 0, paired = FALSE, exact = NULL, correct = TRUE, conf.int = FALSE,     conf.level = 0.95) ","ctest","NA","1.3.1","released",FALSE
"wilcox.test.formula","closure","","TRUE","FALSE","(formula, data, subset, na.action, ...) ","ctest","NA","1.3.1","released",FALSE
".First.lib","closure","","TRUE","FALSE","(lib, pkg) ","eda","NA","1.3.1","released", TRUE
"coef.tukeyline","closure","","TRUE","FALSE","(object, ...) ","eda","NA","1.3.1","released",FALSE
"fitted.tukeyline","closure","","TRUE","FALSE","(object, ...) ","eda","NA","1.3.1","released",FALSE
"line","closure","","TRUE","FALSE","(x, y = NULL) ","eda","NA","1.3.1","released",FALSE
"medpolish","closure","","TRUE","FALSE","(x, eps = 0.01, maxiter = 10, trace.iter = TRUE) ","eda","NA","1.3.1","released",FALSE
"plot.medpolish","closure","","TRUE","FALSE","(x, main = ""Tukey Additivity Plot"", ...) ","eda","NA","1.3.1","released",FALSE
"print.medpolish","closure","","TRUE","FALSE","(x, digits = getOption(""digits""), ...) ","eda","NA","1.3.1","released",FALSE
"print.tukeyline","closure","","TRUE","FALSE","(x, digits = max(3, getOption(""digits"") - 3), ...) ","eda","NA","1.3.1","released",FALSE
"print.tukeysmooth","closure","","TRUE","FALSE","(x, ...) ","eda","NA","1.3.1","released",FALSE
"residuals.tukeyline","closure","","TRUE","FALSE","(object, type = c(""working"", ""response"", ""deviance"",     ""pearson"", ""partial""), ...) ","eda","NA","1.3.1","released",FALSE
"smooth","closure","","TRUE","FALSE","(x, kind = c(""3RS3R"", ""3RSS"", ""3RSR"", ""3R"", ""3"", ""S""),     twiceit = FALSE, endrule = ""Tukey"", do.ends = FALSE) ","eda","NA","1.3.1","released",FALSE
"summary.tukeysmooth","closure","","TRUE","FALSE","(object, ...) ","eda","NA","1.3.1","released",FALSE
".First.lib","closure","","TRUE","FALSE","(lib, pkg) ","foreign","NA","1.3.1","released", TRUE
"SModeNames","character","","TRUE","FALSE","NA","foreign","NA","1.3.1","released",FALSE
"data.restore","closure","","TRUE","FALSE","(file, print = FALSE, verbose = FALSE, env = .GlobalEnv) ","foreign","NA","1.3.1","released",FALSE
"lookup.xport","closure","","TRUE","FALSE","(file) ","foreign","NA","1.3.1","released",FALSE
"read.S","closure","","TRUE","FALSE","(file) ","foreign","NA","1.3.1","released",FALSE
"read.dta","closure","","TRUE","FALSE","(file) ","foreign","NA","1.3.1","released",FALSE
"read.mtp","closure","","TRUE","FALSE","(file) ","foreign","NA","1.3.1","released",FALSE
"read.spss","closure","","TRUE","FALSE","(file) ","foreign","NA","1.3.1","released",FALSE
"read.xport","closure","","TRUE","FALSE","(file) ","foreign","NA","1.3.1","released",FALSE
"write.dta","closure","","TRUE","FALSE","(dataframe, file, version = 6) ","foreign","NA","1.3.1","released",FALSE
".First.lib","closure","","TRUE","FALSE","(lib, pkg) ","lqs","NA","1.3.1","released", TRUE
"cov.mcd","closure","","TRUE","FALSE","(...) ","lqs","NA","1.3.1","released",FALSE
"cov.mve","closure","","TRUE","FALSE","(...) ","lqs","NA","1.3.1","released",FALSE
"cov.rob","closure","","TRUE","FALSE","(x, cor = FALSE, quantile.used = floor((n + p + 1)/2),     method = c(""mve"", ""mcd"", ""classical""), nsamp = ""best"", seed) ","lqs","NA","1.3.1","released",FALSE
"lmsreg","closure","","TRUE","FALSE","(...) ","lqs","NA","1.3.1","released",FALSE
"lqs","closure","","TRUE","FALSE","(x, ...) ","lqs","NA","1.3.1","released",FALSE
"lqs.default","closure","","TRUE","FALSE","(x, y, intercept = TRUE, method = c(""lts"", ""lqs"", ""lms"",     ""S""), quantile, control = lqs.control(...), k0 = 1.548, seed,     ...) ","lqs","NA","1.3.1","released",FALSE
"lqs.formula","closure","","TRUE","FALSE","(formula, data, ..., method = c(""lts"", ""lqs"", ""lms"",     ""S"", ""model.frame""), subset, na.action = na.fail, model = TRUE,     x.ret = FALSE, y.ret = FALSE, contrasts = NULL) ","lqs","NA","1.3.1","released",FALSE
"ltsreg","closure","","TRUE","FALSE","(...) ","lqs","NA","1.3.1","released",FALSE
"predict.lqs","closure","","TRUE","FALSE","(object, newdata, ...) ","lqs","NA","1.3.1","released",FALSE
"print.lqs","closure","","TRUE","FALSE","(x, digits = max(3, getOption(""digits"") - 3), ...) ","lqs","NA","1.3.1","released",FALSE
".First.lib","closure","","TRUE","FALSE","(lib, pkg) ","mgcv","NA","1.3.1","released", TRUE
"GAMsetup","closure","","TRUE","FALSE","(G) ","mgcv","NA","1.3.1","released",FALSE
"QT","closure","","TRUE","FALSE","(A) ","mgcv","NA","1.3.1","released",FALSE
"SANtest","closure","","TRUE","FALSE","(n = 100, sig2 = -1) ","mgcv","NA","1.3.1","released",FALSE
"gam","closure","","TRUE","FALSE","(formula, family = gaussian(), data = list(), weights = NULL,     control = gam.control(), scale = 0) ","mgcv","NA","1.3.1","released",FALSE
"gam.control","closure","","TRUE","FALSE","(epsilon = 1e-04, maxit = 30, trace = FALSE) ","mgcv","NA","1.3.1","released",FALSE
"gam.fit","closure","","TRUE","FALSE","(G, start = NULL, etastart = NULL, mustart = NULL, family = gaussian(),     control = gam.control()) ","mgcv","NA","1.3.1","released",FALSE
"gam.parser","closure","","TRUE","FALSE","(formula) ","mgcv","NA","1.3.1","released",FALSE
"gam.setup","closure","","TRUE","FALSE","(formula, data = list(), gam.call, predict = TRUE, parent.level = 2,     nsdf = -1) ","mgcv","NA","1.3.1","released",FALSE
"mgcv","closure","","TRUE","FALSE","(M) ","mgcv","NA","1.3.1","released",FALSE
"plot.gam","closure","","TRUE","FALSE","(x, rug = TRUE, se = TRUE, pages = 0, scale = -1, n = 100,     ...) ","mgcv","NA","1.3.1","released",FALSE
"predict.gam","closure","","TRUE","FALSE","(object, newdata, type = ""link"", se.fit = F, plot.call = FALSE,     ...) ","mgcv","NA","1.3.1","released",FALSE
"print.gam","closure","","TRUE","FALSE","(x, ...) ","mgcv","NA","1.3.1","released",FALSE
".First.lib","closure","","TRUE","FALSE","(lib, pkg) ","modreg","NA","1.3.1","released", TRUE
"anova.loess","closure","","TRUE","FALSE","(object, ...) ","modreg","NA","1.3.1","released",FALSE
"ksmooth","closure","","TRUE","FALSE","(x, y, kernel = c(""box"", ""normal""), bandwidth = 0.5,     range.x = range(x), n.points = max(100, length(x)), x.points) ","modreg","NA","1.3.1","released",FALSE
"loess","closure","","TRUE","FALSE","(formula, data = NULL, weights, subset, na.action, model = FALSE,     span = 0.75, enp.target, degree = 2, parametric = FALSE,     drop.square = FALSE, normalize = TRUE, family = c(""gaussian"",         ""symmetric""), method = c(""loess"", ""model.frame""), control = loess.control(...),     ...) ","modreg","NA","1.3.1","released",FALSE
"loess.control","closure","","TRUE","FALSE","(surface = c(""interpolate"", ""direct""), statistics = c(""approximate"",     ""exact""), trace.hat = c(""exact"", ""approximate""), cell = 0.2,     iterations = 4, ...) ","modreg","NA","1.3.1","released",FALSE
"loess.smooth","closure","","TRUE","FALSE","(x, y, span = 2/3, degree = 1, family = c(""symmetric"",     ""gaussian""), evaluation = 50, ...) ","modreg","NA","1.3.1","released",FALSE
"plot.ppr","closure","","TRUE","FALSE","(fit, ask, type = ""o"", ...) ","modreg","NA","1.3.1","released",FALSE
"pointwise","closure","","TRUE","FALSE","(results, coverage) ","modreg","NA","1.3.1","released",FALSE
"ppr","closure","","TRUE","FALSE","(x, ...) ","modreg","NA","1.3.1","released",FALSE
"ppr.default","closure","","TRUE","FALSE","(x, y, weights = rep(1, n), ww = rep(1, q), nterms,     max.terms = nterms, optlevel = 2, sm.method = c(""supsmu"",         ""spline"", ""gcvspline""), bass = 0, span = 0, df = 5, gcvpen = 1) ","modreg","NA","1.3.1","released",FALSE
"ppr.formula","closure","","TRUE","FALSE","(formula, data = sys.parent(), weights, subset, na.action,     contrasts = NULL, ...) ","modreg","NA","1.3.1","released",FALSE
"predLoess","closure","","TRUE","FALSE","(y, x, newx, s, weights, robust, span, degree, normalize,     parametric, drop.square, surface, cell, family, kd, divisor,     se = FALSE) ","modreg","NA","1.3.1","released",FALSE
"predict.loess","closure","","TRUE","FALSE","(object, newdata = NULL, se = FALSE) ","modreg","NA","1.3.1","released",FALSE
"predict.ppr","closure","","TRUE","FALSE","(obj, newdata, ...) ","modreg","NA","1.3.1","released",FALSE
"predict.smooth.spline","closure","","TRUE","FALSE","(object, x, deriv = 0, ...) ","modreg","NA","1.3.1","released",FALSE
"predict.smooth.spline.fit","closure","","TRUE","FALSE","(object, x, deriv = 0, ...) ","modreg","NA","1.3.1","released",FALSE
"print.loess","closure","","TRUE","FALSE","(x, digits = max(3, getOption(""digits"") - 3), ...) ","modreg","NA","1.3.1","released",FALSE
"print.ppr","closure","","TRUE","FALSE","(x, ...) ","modreg","NA","1.3.1","released",FALSE
"print.smooth.spline","closure","","TRUE","FALSE","(x, digits = getOption(""digits""), ...) ","modreg","NA","1.3.1","released",FALSE
"print.summary.loess","closure","","TRUE","FALSE","(x, digits = max(3, getOption(""digits"") - 3), ...) ","modreg","NA","1.3.1","released",FALSE
"print.summary.ppr","closure","","TRUE","FALSE","(x, ...) ","modreg","NA","1.3.1","released",FALSE
"scatter.smooth","closure","","TRUE","FALSE","(x, y, span = 2/3, degree = 1, family = c(""symmetric"",     ""gaussian""), xlab = deparse(substitute(x)), ylab = deparse(substitute(y)),     ylim = range(y, prediction$y), evaluation = 50, ...) ","modreg","NA","1.3.1","released",FALSE
"simpleLoess","closure","","TRUE","FALSE","(y, x, weights, span = 0.75, degree = 2, parametric = FALSE,     drop.square = FALSE, normalize = TRUE, statistics = ""approximate"",     surface = ""interpolate"", cell = 0.2, iterations = 1, trace.hat = ""exact"") ","modreg","NA","1.3.1","released",FALSE
"smooth.spline","closure","","TRUE","FALSE","(x, y = NULL, w = NULL, df = 5, spar = 0, cv = FALSE,     all.knots = FALSE, df.offset = 0, penalty = 1) ","modreg","NA","1.3.1","released",FALSE
"summary.loess","closure","","TRUE","FALSE","(object, ...) ","modreg","NA","1.3.1","released",FALSE
"summary.ppr","closure","","TRUE","FALSE","(object, ...) ","modreg","NA","1.3.1","released",FALSE
"supsmu","closure","","TRUE","FALSE","(x, y, wt = rep(1, n), span = ""cv"", periodic = FALSE,     bass = 0) ","modreg","NA","1.3.1","released",FALSE
".First.lib","closure","","TRUE","FALSE","(lib, pkg) ","mva","NA","1.3.1","released", TRUE
"as.dendrogram","closure","","TRUE","FALSE","(object, ...) ","mva","NA","1.3.1","released",FALSE
"as.dendrogram.hclust","closure","","TRUE","FALSE","(object, ...) ","mva","NA","1.3.1","released",FALSE
"as.dist","closure","","TRUE","FALSE","(m, diag = FALSE, upper = FALSE) ","mva","NA","1.3.1","released",FALSE
"as.hclust","closure","","TRUE","FALSE","(x, ...) ","mva","NA","1.3.1","released",FALSE
"as.hclust.twins","closure","","TRUE","FALSE","(x) ","mva","NA","1.3.1","released",FALSE
"as.matrix.dist","closure","","TRUE","FALSE","(x) ","mva","NA","1.3.1","released",FALSE
"biplot","closure","","TRUE","FALSE","(x, ...) ","mva","NA","1.3.1","released",FALSE
"biplot.default","closure","","TRUE","FALSE","(x, y, var.axes = TRUE, col, cex = rep(par(""cex""), 2),     xlabs = NULL, ylabs = NULL, expand = 1, xlim = NULL, ylim = NULL,     arrow.len = 0.1, ...) ","mva","NA","1.3.1","released",FALSE
"biplot.princomp","closure","","TRUE","FALSE","(x, choices = 1:2, scale = 1, pc.biplot = FALSE, ...) ","mva","NA","1.3.1","released",FALSE
"cancor","closure","","TRUE","FALSE","(x, y, xcenter = TRUE, ycenter = TRUE) ","mva","NA","1.3.1","released",FALSE
"cmdscale","closure","","TRUE","FALSE","(d, k = 2, eig = FALSE) ","mva","NA","1.3.1","released",FALSE
"cut.dendrogram","closure","","TRUE","FALSE","(dobj, h) ","mva","NA","1.3.1","released",FALSE
"cutree","closure","","TRUE","FALSE","(tree, k = NULL, h = NULL) ","mva","NA","1.3.1","released",FALSE
"dist","closure","","TRUE","FALSE","(x, method = ""euclidean"", diag = FALSE, upper = FALSE) ","mva","NA","1.3.1","released",FALSE
"factanal","closure","","TRUE","FALSE","(x, factors, data = NULL, covmat = NULL, n.obs = NA,     subset, na.action, start = NULL, scores = c(""none"", ""regression"",         ""Bartlett""), rotation = ""varimax"", control = NULL, ...) ","mva","NA","1.3.1","released",FALSE
"factanal.fit.mle","closure","","TRUE","FALSE","(cmat, factors, start = NULL, lower = 0.005, control = NULL,     ...) ","mva","NA","1.3.1","released",FALSE
"format.dist","closure","","TRUE","FALSE","(x, ...) ","mva","NA","1.3.1","released",FALSE
"hclust","closure","","TRUE","FALSE","(d, method = ""complete"", members = NULL) ","mva","NA","1.3.1","released",FALSE
"identify.hclust","closure","","TRUE","FALSE","(HCOBJ, FUN = NULL, N = 20, MAXCLUSTER = 20, DEV.FUN = NULL,     ...) ","mva","NA","1.3.1","released",FALSE
"kmeans","closure","","TRUE","FALSE","(x, centers, iter.max = 10) ","mva","NA","1.3.1","released",FALSE
"loadings","closure","","TRUE","FALSE","(x) ","mva","NA","1.3.1","released",FALSE
"names.dist","closure","","TRUE","FALSE","(d) ","mva","NA","1.3.1","released",FALSE
"names<-.dist","closure","","TRUE","FALSE","(d, n) ","mva","NA","1.3.1","released",FALSE
"plot.dendrogram","closure","","TRUE","FALSE","(dobj, type = c(""rectangle"", ""triangle""), center = FALSE,     xlab = """", ylab = """", ...) ","mva","NA","1.3.1","released",FALSE
"plot.hclust","closure","","TRUE","FALSE","(tree, labels = NULL, hang = 0.1, axes = TRUE, frame.plot = FALSE,     ann = TRUE, main = ""Cluster Dendrogram"", sub = NULL, xlab = NULL,     ylab = ""Height"", ...) ","mva","NA","1.3.1","released",FALSE
"plot.prcomp","closure","","TRUE","FALSE","(x, main = deparse(substitute(x)), ...) ","mva","NA","1.3.1","released",FALSE
"plot.princomp","closure","","TRUE","FALSE","(x, main = deparse(substitute(x)), ...) ","mva","NA","1.3.1","released",FALSE
"plotNode","closure","","TRUE","FALSE","(x1, x2, subtree, type, center) ","mva","NA","1.3.1","released",FALSE
"plotNodeLimit","closure","","TRUE","FALSE","(x1, x2, subtree, center) ","mva","NA","1.3.1","released",FALSE
"prcomp","closure","","TRUE","FALSE","(x, retx = TRUE, center = TRUE, scale. = FALSE, tol = NULL) ","mva","NA","1.3.1","released",FALSE
"predict.princomp","closure","","TRUE","FALSE","(object, newdata, ...) ","mva","NA","1.3.1","released",FALSE
"princomp","closure","","TRUE","FALSE","(x, cor = FALSE, scores = TRUE, covmat = NULL, subset = rep(TRUE,     nrow(as.matrix(x)))) ","mva","NA","1.3.1","released",FALSE
"print.dist","closure","","TRUE","FALSE","(x, diag = NULL, upper = NULL, ...) ","mva","NA","1.3.1","released",FALSE
"print.factanal","closure","","TRUE","FALSE","(x, digits = 3, ...) ","mva","NA","1.3.1","released",FALSE
"print.hclust","closure","","TRUE","FALSE","(tree) ","mva","NA","1.3.1","released",FALSE
"print.loadings","closure","","TRUE","FALSE","(x, digits = 3, cutoff = 0.1, sort = FALSE, ...) ","mva","NA","1.3.1","released",FALSE
"print.prcomp","closure","","TRUE","FALSE","(x, print.x = FALSE, ...) ","mva","NA","1.3.1","released",FALSE
"print.princomp","closure","","TRUE","FALSE","(x, ...) ","mva","NA","1.3.1","released",FALSE
"print.summary.prcomp","closure","","TRUE","FALSE","(x, digits = min(3, getOption(""digits"") - 3), ...) ","mva","NA","1.3.1","released",FALSE
"promax","closure","","TRUE","FALSE","(x, m = 4) ","mva","NA","1.3.1","released",FALSE
"rect.hclust","closure","","TRUE","FALSE","(tree, k = NULL, which = NULL, x = NULL, h = NULL, border = 2,     cluster = NULL) ","mva","NA","1.3.1","released",FALSE
"screeplot","closure","","TRUE","FALSE","(x, npcs = min(10, length(x$sdev)), type = c(""barplot"",     ""lines""), main = deparse(substitute(x)), ...) ","mva","NA","1.3.1","released",FALSE
"summary.prcomp","closure","","TRUE","FALSE","(object) ","mva","NA","1.3.1","released",FALSE
"summary.princomp","closure","","TRUE","FALSE","(object, loadings = FALSE, cutoff = 0.1, digits = 3,     ...) ","mva","NA","1.3.1","released",FALSE
"varimax","closure","","TRUE","FALSE","(x, normalize = TRUE, eps = 1e-05) ","mva","NA","1.3.1","released",FALSE
".First.lib","closure","","TRUE","FALSE","(lib, pkg) ","nlme","NA","1.3.1","released", TRUE
"ACF","closure","","TRUE","FALSE","(object, maxLag, ...) ","nlme","NA","1.3.1","released",FALSE
"ACF.gls","closure","","TRUE","FALSE","(object, maxLag, resType = c(""pearson"", ""response"",     ""normalized""), form = ~1, na.action = na.fail, ...) ","nlme","NA","1.3.1","released",FALSE
"ACF.lme","closure","","TRUE","FALSE","(object, maxLag, resType = c(""pearson"", ""response"",     ""normalized""), ...) ","nlme","NA","1.3.1","released",FALSE
"AIC.gls","closure","","TRUE","FALSE","(object, ..., k = 2) ","nlme","NA","1.3.1","released",FALSE
"AIC.lmList","closure","","TRUE","FALSE","(object, ..., k = 2) ","nlme","NA","1.3.1","released",FALSE
"AIC.lme","closure","","TRUE","FALSE","(object, ..., k = 2) ","nlme","NA","1.3.1","released",FALSE
"BIC","closure","","TRUE","FALSE","(object, ...) ","nlme","NA","1.3.1","released",FALSE
"BIC.gls","closure","","TRUE","FALSE","(object, ...) ","nlme","NA","1.3.1","released",FALSE
"BIC.lm","closure","","TRUE","FALSE","(object, ...) ","nlme","NA","1.3.1","released",FALSE
"BIC.lmList","closure","","TRUE","FALSE","(object, ...) ","nlme","NA","1.3.1","released",FALSE
"BIC.lme","closure","","TRUE","FALSE","(object, ...) ","nlme","NA","1.3.1","released",FALSE
"BIC.logLik","closure","","TRUE","FALSE","(object) ","nlme","NA","1.3.1","released",FALSE
"BIC.nls","closure","","TRUE","FALSE","(object, ...) ","nlme","NA","1.3.1","released",FALSE
"Dim","closure","","TRUE","FALSE","(object, ...) ","nlme","NA","1.3.1","released",FALSE
"Dim.corSpatial","closure","","TRUE","FALSE","(object, groups) ","nlme","NA","1.3.1","released",FALSE
"Dim.corStruct","closure","","TRUE","FALSE","(object, groups) ","nlme","NA","1.3.1","released",FALSE
"Dim.default","closure","","TRUE","FALSE","(object) ","nlme","NA","1.3.1","released",FALSE
"Dim.pdCompSymm","closure","","TRUE","FALSE","(object) ","nlme","NA","1.3.1","released",FALSE
"Dim.pdDiag","closure","","TRUE","FALSE","(object) ","nlme","NA","1.3.1","released",FALSE
"Dim.pdIdent","closure","","TRUE","FALSE","(object) ","nlme","NA","1.3.1","released",FALSE
"Dim.pdMat","closure","","TRUE","FALSE","(object) ","nlme","NA","1.3.1","released",FALSE
"Dim.pdNatural","closure","","TRUE","FALSE","(object) ","nlme","NA","1.3.1","released",FALSE
"Dim.pdSymm","closure","","TRUE","FALSE","(object) ","nlme","NA","1.3.1","released",FALSE
"LDEsysMat","closure","","TRUE","FALSE","(pars, incidence) ","nlme","NA","1.3.1","released",FALSE
"MEEM","closure","","TRUE","FALSE","(object, conLin, niter = 0) ","nlme","NA","1.3.1","released",FALSE
"MEdecomp","closure","","TRUE","FALSE","(conLin) ","nlme","NA","1.3.1","released",FALSE
"MEdims","closure","","TRUE","FALSE","(groups, ncols) ","nlme","NA","1.3.1","released",FALSE
"MEestimate","closure","","TRUE","FALSE","(object, groups, conLin = attr(object, ""conLin"")) ","nlme","NA","1.3.1","released",FALSE
"Names","closure","","TRUE","FALSE","(object, ...) ","nlme","NA","1.3.1","released",FALSE
"Names.formula","closure","","TRUE","FALSE","(object, data = list(), exclude = c(""pi"", ""."")) ","nlme","NA","1.3.1","released",FALSE
"Names.listForm","closure","","TRUE","FALSE","(object, data = list(), exclude = c(""pi"", ""."")) ","nlme","NA","1.3.1","released",FALSE
"Names.pdBlocked","closure","","TRUE","FALSE","(object, asList = FALSE) ","nlme","NA","1.3.1","released",FALSE
"Names.pdMat","closure","","TRUE","FALSE","(object) ","nlme","NA","1.3.1","released",FALSE
"Names.reStruct","closure","","TRUE","FALSE","(object) ","nlme","NA","1.3.1","released",FALSE
"Names<-","closure","","TRUE","FALSE","(object, ..., value) ","nlme","NA","1.3.1","released",FALSE
"Names<-.pdBlocked","closure","","TRUE","FALSE","(object, ..., value) ","nlme","NA","1.3.1","released",FALSE
"Names<-.pdMat","closure","","TRUE","FALSE","(object, ..., value) ","nlme","NA","1.3.1","released",FALSE
"Names<-.reStruct","closure","","TRUE","FALSE","(object, ..., value) ","nlme","NA","1.3.1","released",FALSE
"VarCorr","closure","","TRUE","FALSE","(x, sigma = 1, rdig = 3) ","nlme","NA","1.3.1","released",FALSE
"VarCorr.lme","closure","","TRUE","FALSE","(x, sigma = 1, rdig = 3) ","nlme","NA","1.3.1","released",FALSE
"VarCorr.pdBlocked","closure","","TRUE","FALSE","(x, sigma = 1, rdig = 3) ","nlme","NA","1.3.1","released",FALSE
"VarCorr.pdMat","closure","","TRUE","FALSE","(x, sigma = 1, rdig = 3) ","nlme","NA","1.3.1","released",FALSE
"Variogram","closure","","TRUE","FALSE","(object, distance, ...) ","nlme","NA","1.3.1","released",FALSE
"Variogram.corExp","closure","","TRUE","FALSE","(object, distance = NULL, sig2 = 1, length.out = 50) ","nlme","NA","1.3.1","released",FALSE
"Variogram.corGaus","closure","","TRUE","FALSE","(object, distance = NULL, sig2 = 1, length.out = 50) ","nlme","NA","1.3.1","released",FALSE
"Variogram.corLin","closure","","TRUE","FALSE","(object, distance = NULL, sig2 = 1, length.out = 50) ","nlme","NA","1.3.1","released",FALSE
"Variogram.corRatio","closure","","TRUE","FALSE","(object, distance = NULL, sig2 = 1, length.out = 50) ","nlme","NA","1.3.1","released",FALSE
"Variogram.corSpatial","closure","","TRUE","FALSE","(object, distance = NULL, sig2 = 1, length.out = 50,     FUN) ","nlme","NA","1.3.1","released",FALSE
"Variogram.corSpher","closure","","TRUE","FALSE","(object, distance = NULL, sig2 = 1, length.out = 50) ","nlme","NA","1.3.1","released",FALSE
"Variogram.default","closure","","TRUE","FALSE","(object, distance) ","nlme","NA","1.3.1","released",FALSE
"Variogram.gls","closure","","TRUE","FALSE","(object, distance, form = ~1, resType = c(""pearson"",     ""response"", ""normalized""), data, na.action = na.fail, maxDist,     length.out = 50, collapse = c(""quantiles"", ""fixed"", ""none""),     nint = 20, breaks, robust = FALSE, metric = c(""euclidean"",         ""maximum"", ""manhattan"")) ","nlme","NA","1.3.1","released",FALSE
"Variogram.lme","closure","","TRUE","FALSE","(object, distance, form = ~1, resType = c(""pearson"",     ""response"", ""normalized""), data, na.action = na.fail, maxDist,     length.out = 50, collapse = c(""quantiles"", ""fixed"", ""none""),     nint = 20, breaks, robust = FALSE, metric = c(""euclidean"",         ""maximum"", ""manhattan"")) ","nlme","NA","1.3.1","released",FALSE
"[.groupedData","closure","","TRUE","FALSE","(x, i, j, drop = if (missing(i)) TRUE else length(cols) ==     1) ","nlme","NA","1.3.1","released",FALSE
"[.pdBlocked","closure","","TRUE","FALSE","(x, i, j, drop = TRUE) ","nlme","NA","1.3.1","released",FALSE
"[.pdMat","closure","","TRUE","FALSE","(x, i, j, drop = TRUE) ","nlme","NA","1.3.1","released",FALSE
"[.reStruct","closure","","TRUE","FALSE","(x, ...) ","nlme","NA","1.3.1","released",FALSE
"[<-.pdMat","closure","","TRUE","FALSE","(x, i, j, value) ","nlme","NA","1.3.1","released",FALSE
"allCoef","closure","","TRUE","FALSE","(..., extract = coef) ","nlme","NA","1.3.1","released",FALSE
"allVarsRec","closure","","TRUE","FALSE","(object) ","nlme","NA","1.3.1","released",FALSE
"anova.gls","closure","","TRUE","FALSE","(object, ..., test = TRUE, type = c(""sequential"", ""marginal""),     adjustSigma = TRUE, Terms, L, verbose = FALSE) ","nlme","NA","1.3.1","released",FALSE
"anova.lme","closure","","TRUE","FALSE","(object, ..., test = TRUE, type = c(""sequential"", ""marginal""),     adjustSigma = TRUE, Terms, L, verbose = FALSE) ","nlme","NA","1.3.1","released",FALSE
"as.data.frame.groupedData","closure","","TRUE","FALSE","(x, row.names = NULL, optional = FALSE) ","nlme","NA","1.3.1","released",FALSE
"as.matrix.corStruct","closure","","TRUE","FALSE","(x) ","nlme","NA","1.3.1","released",FALSE
"as.matrix.pdMat","closure","","TRUE","FALSE","(x) ","nlme","NA","1.3.1","released",FALSE
"as.matrix.reStruct","closure","","TRUE","FALSE","(object) ","nlme","NA","1.3.1","released",FALSE
"asOneFormula","closure","","TRUE","FALSE","(..., omit = c(""."", ""pi"")) ","nlme","NA","1.3.1","released",FALSE
"asTable","closure","","TRUE","FALSE","(object) ","nlme","NA","1.3.1","released",FALSE
"asTable.groupedData","closure","","TRUE","FALSE","(object) ","nlme","NA","1.3.1","released",FALSE
"augPred","closure","","TRUE","FALSE","(object, primary = NULL, minimum = min(primary), maximum = max(primary),     length.out = 51, ...) ","nlme","NA","1.3.1","released",FALSE
"augPred.gls","closure","","TRUE","FALSE","(object, primary = NULL, minimum = min(primary), maximum = max(primary),     length.out = 51, ...) ","nlme","NA","1.3.1","released",FALSE
"augPred.lmList","closure","","TRUE","FALSE","(object, primary = NULL, minimum = min(primary), maximum = max(primary),     length.out = 51, ...) ","nlme","NA","1.3.1","released",FALSE
"augPred.lme","closure","","TRUE","FALSE","(object, primary = NULL, minimum = min(primary), maximum = max(primary),     length.out = 51, level = Q, ...) ","nlme","NA","1.3.1","released",FALSE
"balancedGrouped","closure","","TRUE","FALSE","(form, data, labels = NULL, units = NULL) ","nlme","NA","1.3.1","released",FALSE
"coef.corAR1","closure","","TRUE","FALSE","(object, unconstrained = TRUE) ","nlme","NA","1.3.1","released",FALSE
"coef.corARMA","closure","","TRUE","FALSE","(object, unconstrained = TRUE) ","nlme","NA","1.3.1","released",FALSE
"coef.corCAR1","closure","","TRUE","FALSE","(object, unconstrained = TRUE) ","nlme","NA","1.3.1","released",FALSE
"coef.corCompSymm","closure","","TRUE","FALSE","(object, unconstrained = TRUE) ","nlme","NA","1.3.1","released",FALSE
"coef.corIdent","closure","","TRUE","FALSE","(object, unconstrained = TRUE) ","nlme","NA","1.3.1","released",FALSE
"coef.corLin","closure","","TRUE","FALSE","(object, unconstrained = TRUE) ","nlme","NA","1.3.1","released",FALSE
"coef.corNatural","closure","","TRUE","FALSE","(object, unconstrained = TRUE) ","nlme","NA","1.3.1","released",FALSE
"coef.corSpatial","closure","","TRUE","FALSE","(object, unconstrained = TRUE) ","nlme","NA","1.3.1","released",FALSE
"coef.corSpher","closure","","TRUE","FALSE","(object, unconstrained = TRUE) ","nlme","NA","1.3.1","released",FALSE
"coef.corStruct","closure","","TRUE","FALSE","(object, unconstrained = TRUE) ","nlme","NA","1.3.1","released",FALSE
"coef.corSymm","closure","","TRUE","FALSE","(object, unconstrained = TRUE) ","nlme","NA","1.3.1","released",FALSE
"coef.gls","closure","","TRUE","FALSE","(object, allCoef = FALSE) ","nlme","NA","1.3.1","released",FALSE
"coef.gnls","closure","","TRUE","FALSE","(object) ","nlme","NA","1.3.1","released",FALSE
"coef.lmList","closure","","TRUE","FALSE","(object, augFrame = FALSE, data = NULL, which = NULL,     FUN = mean, omitGroupingFactor = TRUE) ","nlme","NA","1.3.1","released",FALSE
"coef.lme","closure","","TRUE","FALSE","(object, augFrame = FALSE, level = Q, data, which = 1:ncol(data),     FUN = mean, omitGroupingFactor = TRUE, subset = NULL) ","nlme","NA","1.3.1","released",FALSE
"coef.modelStruct","closure","","TRUE","FALSE","(object, unconstrained = TRUE) ","nlme","NA","1.3.1","released",FALSE
"coef.pdBlocked","closure","","TRUE","FALSE","(object, unconstrained = TRUE) ","nlme","NA","1.3.1","released",FALSE
"coef.pdCompSymm","closure","","TRUE","FALSE","(object, unconstrained = TRUE) ","nlme","NA","1.3.1","released",FALSE
"coef.pdDiag","closure","","TRUE","FALSE","(object, unconstrained = TRUE) ","nlme","NA","1.3.1","released",FALSE
"coef.pdIdent","closure","","TRUE","FALSE","(object, unconstrained = TRUE) ","nlme","NA","1.3.1","released",FALSE
"coef.pdMat","closure","","TRUE","FALSE","(object, unconstrained = TRUE) ","nlme","NA","1.3.1","released",FALSE
"coef.pdNatural","closure","","TRUE","FALSE","(object, unconstrained = TRUE) ","nlme","NA","1.3.1","released",FALSE
"coef.pdSymm","closure","","TRUE","FALSE","(object, unconstrained = TRUE) ","nlme","NA","1.3.1","released",FALSE
"coef.reStruct","closure","","TRUE","FALSE","(object, unconstrained = TRUE) ","nlme","NA","1.3.1","released",FALSE
"coef.summary.nlsList","closure","","TRUE","FALSE","(object, ...) ","nlme","NA","1.3.1","released",FALSE
"coef.varComb","closure","","TRUE","FALSE","(object, unconstrained = TRUE, allCoef = FALSE) ","nlme","NA","1.3.1","released",FALSE
"coef.varConstPower","closure","","TRUE","FALSE","(object, unconstrained = TRUE, allCoef = FALSE) ","nlme","NA","1.3.1","released",FALSE
"coef.varExp","closure","","TRUE","FALSE","(object, unconstrained = TRUE, allCoef = FALSE) ","nlme","NA","1.3.1","released",FALSE
"coef.varFixed","closure","","TRUE","FALSE","(object, unconstrained, allCoef) ","nlme","NA","1.3.1","released",FALSE
"coef.varFunc","closure","","TRUE","FALSE","(object, unconstrained = TRUE, allCoef = FALSE) ","nlme","NA","1.3.1","released",FALSE
"coef.varIdent","closure","","TRUE","FALSE","(object, unconstrained = TRUE, allCoef = FALSE) ","nlme","NA","1.3.1","released",FALSE
"coef.varPower","closure","","TRUE","FALSE","(object, unconstrained = TRUE, allCoef = FALSE) ","nlme","NA","1.3.1","released",FALSE
"coef<-","closure","","TRUE","FALSE","(object, value) ","nlme","NA","1.3.1","released",FALSE
"coef<-.corAR1","closure","","TRUE","FALSE","(object, value) ","nlme","NA","1.3.1","released",FALSE
"coef<-.corARMA","closure","","TRUE","FALSE","(object, value) ","nlme","NA","1.3.1","released",FALSE
"coef<-.corCAR1","closure","","TRUE","FALSE","(object, value) ","nlme","NA","1.3.1","released",FALSE
"coef<-.corCompSymm","closure","","TRUE","FALSE","(object, value) ","nlme","NA","1.3.1","released",FALSE
"coef<-.corIdent","closure","","TRUE","FALSE","(object, value) ","nlme","NA","1.3.1","released",FALSE
"coef<-.corNatural","closure","","TRUE","FALSE","(object, value) ","nlme","NA","1.3.1","released",FALSE
"coef<-.corSpatial","closure","","TRUE","FALSE","(object, value) ","nlme","NA","1.3.1","released",FALSE
"coef<-.corStruct","closure","","TRUE","FALSE","(object, value) ","nlme","NA","1.3.1","released",FALSE
"coef<-.corSymm","closure","","TRUE","FALSE","(object, value) ","nlme","NA","1.3.1","released",FALSE
"coef<-.modelStruct","closure","","TRUE","FALSE","(object, value) ","nlme","NA","1.3.1","released",FALSE
"coef<-.pdBlocked","closure","","TRUE","FALSE","(object, value) ","nlme","NA","1.3.1","released",FALSE
"coef<-.pdMat","closure","","TRUE","FALSE","(object, value) ","nlme","NA","1.3.1","released",FALSE
"coef<-.reStruct","closure","","TRUE","FALSE","(object, value) ","nlme","NA","1.3.1","released",FALSE
"coef<-.varComb","closure","","TRUE","FALSE","(object, value) ","nlme","NA","1.3.1","released",FALSE
"coef<-.varConstPower","closure","","TRUE","FALSE","(object, value) ","nlme","NA","1.3.1","released",FALSE
"coef<-.varExp","closure","","TRUE","FALSE","(object, value) ","nlme","NA","1.3.1","released",FALSE
"coef<-.varFixed","closure","","TRUE","FALSE","(object, value) ","nlme","NA","1.3.1","released",FALSE
"coef<-.varIdent","closure","","TRUE","FALSE","(object, value) ","nlme","NA","1.3.1","released",FALSE
"coef<-.varPower","closure","","TRUE","FALSE","(object, value) ","nlme","NA","1.3.1","released",FALSE
"coefficients<-","closure","","TRUE","FALSE","(object, value) ","nlme","NA","1.3.1","released",FALSE
"collapse","closure","","TRUE","FALSE","(object, ...) ","nlme","NA","1.3.1","released",FALSE
"collapse.groupedData","closure","","TRUE","FALSE","(object, collapseLevel = Q, displayLevel = collapseLevel,     outer = NULL, inner = NULL, preserve = NULL, FUN = mean,     subset = NULL) ","nlme","NA","1.3.1","released",FALSE
"compareFits","closure","","TRUE","FALSE","(object1, object2, which = 1:ncol(object1)) ","nlme","NA","1.3.1","released",FALSE
"comparePred","closure","","TRUE","FALSE","(object1, object2, primary = NULL, minimum = min(primary),     maximum = max(primary), length.out = 51, level = NULL, ...) ","nlme","NA","1.3.1","released",FALSE
"comparePred.gls","closure","","TRUE","FALSE","(object1, object2, primary = NULL, minimum = min(primary),     maximum = max(primary), length.out = 51, level = NULL, ...) ","nlme","NA","1.3.1","released",FALSE
"comparePred.lmList","closure","","TRUE","FALSE","(object1, object2, primary = NULL, minimum = min(primary),     maximum = max(primary), length.out = 51, level = NULL, ...) ","nlme","NA","1.3.1","released",FALSE
"comparePred.lme","closure","","TRUE","FALSE","(object1, object2, primary = NULL, minimum = min(primary),     maximum = max(primary), length.out = 51, level = NULL, ...) ","nlme","NA","1.3.1","released",FALSE
"contr.SAS","closure","","TRUE","FALSE","(n, contrasts = TRUE) ","nlme","NA","1.3.1","released",FALSE
"corAR1","closure","","TRUE","FALSE","(value = 0, form = ~1, fixed = FALSE) ","nlme","NA","1.3.1","released",FALSE
"corARMA","closure","","TRUE","FALSE","(value = double(p + q), form = ~1, p = 0, q = 0, fixed = FALSE) ","nlme","NA","1.3.1","released",FALSE
"corCAR1","closure","","TRUE","FALSE","(value = 0.2, form = ~1, fixed = FALSE) ","nlme","NA","1.3.1","released",FALSE
"corCompSymm","closure","","TRUE","FALSE","(value = 0, form = ~1, fixed = FALSE) ","nlme","NA","1.3.1","released",FALSE
"corExp","closure","","TRUE","FALSE","(value = numeric(0), form = ~1, nugget = FALSE, metric = c(""euclidean"",     ""maximum"", ""manhattan""), fixed = FALSE) ","nlme","NA","1.3.1","released",FALSE
"corFactor","closure","","TRUE","FALSE","(object, ...) ","nlme","NA","1.3.1","released",FALSE
"corFactor.compSymm","closure","","TRUE","FALSE","(object) ","nlme","NA","1.3.1","released",FALSE
"corFactor.corAR1","closure","","TRUE","FALSE","(object) ","nlme","NA","1.3.1","released",FALSE
"corFactor.corARMA","closure","","TRUE","FALSE","(object) ","nlme","NA","1.3.1","released",FALSE
"corFactor.corCAR1","closure","","TRUE","FALSE","(object) ","nlme","NA","1.3.1","released",FALSE
"corFactor.corNatural","closure","","TRUE","FALSE","(object) ","nlme","NA","1.3.1","released",FALSE
"corFactor.corSpatial","closure","","TRUE","FALSE","(object) ","nlme","NA","1.3.1","released",FALSE
"corFactor.corStruct","closure","","TRUE","FALSE","(object) ","nlme","NA","1.3.1","released",FALSE
"corFactor.corSymm","closure","","TRUE","FALSE","(object) ","nlme","NA","1.3.1","released",FALSE
"corGaus","closure","","TRUE","FALSE","(value = numeric(0), form = ~1, nugget = FALSE, metric = c(""euclidean"",     ""maximum"", ""manhattan""), fixed = FALSE) ","nlme","NA","1.3.1","released",FALSE
"corIdent","closure","","TRUE","FALSE","(form = NULL) ","nlme","NA","1.3.1","released",FALSE
"corLin","closure","","TRUE","FALSE","(value = numeric(0), form = ~1, nugget = FALSE, metric = c(""euclidean"",     ""maximum"", ""manhattan""), fixed = FALSE) ","nlme","NA","1.3.1","released",FALSE
"corMatrix","closure","","TRUE","FALSE","(object, ...) ","nlme","NA","1.3.1","released",FALSE
"corMatrix.corAR1","closure","","TRUE","FALSE","(object, covariate = getCovariate(object), corr = TRUE) ","nlme","NA","1.3.1","released",FALSE
"corMatrix.corARMA","closure","","TRUE","FALSE","(object, covariate = getCovariate(object), corr = TRUE) ","nlme","NA","1.3.1","released",FALSE
"corMatrix.corCAR1","closure","","TRUE","FALSE","(object, covariate = getCovariate(object), corr = TRUE) ","nlme","NA","1.3.1","released",FALSE
"corMatrix.corCompSymm","closure","","TRUE","FALSE","(object, covariate = getCovariate(object), corr = TRUE) ","nlme","NA","1.3.1","released",FALSE
"corMatrix.corIdent","closure","","TRUE","FALSE","(object, covariate = getCovariate(object), corr) ","nlme","NA","1.3.1","released",FALSE
"corMatrix.corNatural","closure","","TRUE","FALSE","(object, covariate = getCovariate(object), corr = TRUE) ","nlme","NA","1.3.1","released",FALSE
"corMatrix.corSpatial","closure","","TRUE","FALSE","(object, covariate = getCovariate(object), corr = TRUE) ","nlme","NA","1.3.1","released",FALSE
"corMatrix.corStruct","closure","","TRUE","FALSE","(object, covariate = getCovariate(object), corr = TRUE) ","nlme","NA","1.3.1","released",FALSE
"corMatrix.corSymm","closure","","TRUE","FALSE","(object, covariate = getCovariate(object), corr = TRUE) ","nlme","NA","1.3.1","released",FALSE
"corMatrix.pdBlocked","closure","","TRUE","FALSE","(object) ","nlme","NA","1.3.1","released",FALSE
"corMatrix.pdCompSymm","closure","","TRUE","FALSE","(object) ","nlme","NA","1.3.1","released",FALSE
"corMatrix.pdDiag","closure","","TRUE","FALSE","(object) ","nlme","NA","1.3.1","released",FALSE
"corMatrix.pdIdent","closure","","TRUE","FALSE","(object) ","nlme","NA","1.3.1","released",FALSE
"corMatrix.pdMat","closure","","TRUE","FALSE","(object) ","nlme","NA","1.3.1","released",FALSE
"corMatrix.reStruct","closure","","TRUE","FALSE","(object) ","nlme","NA","1.3.1","released",FALSE
"corNatural","closure","","TRUE","FALSE","(value = numeric(0), form = ~1, fixed = FALSE) ","nlme","NA","1.3.1","released",FALSE
"corRatio","closure","","TRUE","FALSE","(value = numeric(0), form = ~1, nugget = FALSE, metric = c(""euclidean"",     ""maximum"", ""manhattan""), fixed = FALSE) ","nlme","NA","1.3.1","released",FALSE
"corSpatial","closure","","TRUE","FALSE","(value = numeric(0), form = ~1, nugget = FALSE, type = c(""spherical"",     ""exponential"", ""gaussian"", ""linear"", ""rational""), metric = c(""euclidean"",     ""maximum"", ""manhattan""), fixed = FALSE) ","nlme","NA","1.3.1","released",FALSE
"corSpher","closure","","TRUE","FALSE","(value = numeric(0), form = ~1, nugget = FALSE, metric = c(""euclidean"",     ""maximum"", ""manhattan""), fixed = FALSE) ","nlme","NA","1.3.1","released",FALSE
"corSymm","closure","","TRUE","FALSE","(value = numeric(0), form = ~1, fixed = FALSE) ","nlme","NA","1.3.1","released",FALSE
"covariate<-","closure","","TRUE","FALSE","(object, value) ","nlme","NA","1.3.1","released",FALSE
"covariate<-.varFunc","closure","","TRUE","FALSE","(object, value) ","nlme","NA","1.3.1","released",FALSE
"createConLin","closure","","TRUE","FALSE","(fixed, data = sys.frame(sys.parent()), random = pdSymm(eval(as.call(fixed[-2]))),     ...) ","nlme","NA","1.3.1","released",FALSE
"fdHess","closure","","TRUE","FALSE","(pars, fun, ..., .relStep = (.Machine$double.eps)^(1/3),     minAbsPar = 0) ","nlme","NA","1.3.1","released",FALSE
"fitted.gls","closure","","TRUE","FALSE","(object) ","nlme","NA","1.3.1","released",FALSE
"fitted.glsStruct","closure","","TRUE","FALSE","(object, glsFit = attr(object, ""glsFit"")) ","nlme","NA","1.3.1","released",FALSE
"fitted.gnlsStruct","closure","","TRUE","FALSE","(object) ","nlme","NA","1.3.1","released",FALSE
"fitted.lmList","closure","","TRUE","FALSE","(object, subset = NULL, asList = FALSE) ","nlme","NA","1.3.1","released",FALSE
"fitted.lme","closure","","TRUE","FALSE","(object, level = Q, asList = FALSE) ","nlme","NA","1.3.1","released",FALSE
"fitted.lmeStruct","closure","","TRUE","FALSE","(object, level = Q, conLin = attr(object, ""conLin""),     lmeFit = attr(object, ""lmeFit"")) ","nlme","NA","1.3.1","released",FALSE
"fitted.nlmeStruct","closure","","TRUE","FALSE","(object, level = Q, conLin = attr(object, ""conLin""),     ...) ","nlme","NA","1.3.1","released",FALSE
"fixed.effects","closure","","TRUE","FALSE","(object, ...) ","nlme","NA","1.3.1","released",FALSE
"fixef","closure","","TRUE","FALSE","(object, ...) ","nlme","NA","1.3.1","released",FALSE
"fixef.lmList","closure","","TRUE","FALSE","(object) ","nlme","NA","1.3.1","released",FALSE
"fixef.lme","closure","","TRUE","FALSE","(object) ","nlme","NA","1.3.1","released",FALSE
"formula.corStruct","closure","","TRUE","FALSE","(object) ","nlme","NA","1.3.1","released",FALSE
"formula.gls","closure","","TRUE","FALSE","(object) ","nlme","NA","1.3.1","released",FALSE
"formula.gnls","closure","","TRUE","FALSE","(object) ","nlme","NA","1.3.1","released",FALSE
"formula.groupedData","closure","","TRUE","FALSE","(object) ","nlme","NA","1.3.1","released",FALSE
"formula.lmList","closure","","TRUE","FALSE","(object) ","nlme","NA","1.3.1","released",FALSE
"formula.lme","closure","","TRUE","FALSE","(object) ","nlme","NA","1.3.1","released",FALSE
"formula.modelStruct","closure","","TRUE","FALSE","(object) ","nlme","NA","1.3.1","released",FALSE
"formula.nlme","closure","","TRUE","FALSE","(object) ","nlme","NA","1.3.1","released",FALSE
"formula.nlsList","closure","","TRUE","FALSE","(object) ","nlme","NA","1.3.1","released",FALSE
"formula.pdBlocked","closure","","TRUE","FALSE","(object, asList = TRUE) ","nlme","NA","1.3.1","released",FALSE
"formula.pdMat","closure","","TRUE","FALSE","(object, asList) ","nlme","NA","1.3.1","released",FALSE
"formula.reStruct","closure","","TRUE","FALSE","(object, asList = FALSE) ","nlme","NA","1.3.1","released",FALSE
"formula.varComb","closure","","TRUE","FALSE","(object) ","nlme","NA","1.3.1","released",FALSE
"formula.varFunc","closure","","TRUE","FALSE","(object) ","nlme","NA","1.3.1","released",FALSE
"gapply","closure","","TRUE","FALSE","(object, which, FUN, form = formula(object), level,     groups = getGroups(object, form, level), ...) ","nlme","NA","1.3.1","released",FALSE
"getCovariate","closure","","TRUE","FALSE","(object, form = formula(object), data) ","nlme","NA","1.3.1","released",FALSE
"getCovariate.corSpatial","closure","","TRUE","FALSE","(object, form = formula(object), data) ","nlme","NA","1.3.1","released",FALSE
"getCovariate.corStruct","closure","","TRUE","FALSE","(object, form = formula(object), data) ","nlme","NA","1.3.1","released",FALSE
"getCovariate.data.frame","closure","","TRUE","FALSE","(object, form = formula(object)) ","nlme","NA","1.3.1","released",FALSE
"getCovariate.varFunc","closure","","TRUE","FALSE","(object) ","nlme","NA","1.3.1","released",FALSE
"getCovariateFormula","closure","","TRUE","FALSE","(object) ","nlme","NA","1.3.1","released",FALSE
"getData","closure","","TRUE","FALSE","(object) ","nlme","NA","1.3.1","released",FALSE
"getData.gls","closure","","TRUE","FALSE","(object) ","nlme","NA","1.3.1","released",FALSE
"getData.gnls","closure","","TRUE","FALSE","(object) ","nlme","NA","1.3.1","released",FALSE
"getData.lmList","closure","","TRUE","FALSE","(object) ","nlme","NA","1.3.1","released",FALSE
"getData.lme","closure","","TRUE","FALSE","(object) ","nlme","NA","1.3.1","released",FALSE
"getData.nlme","closure","","TRUE","FALSE","(object) ","nlme","NA","1.3.1","released",FALSE
"getData.nls","closure","","TRUE","FALSE","(object) ","nlme","NA","1.3.1","released",FALSE
"getFixDF","closure","","TRUE","FALSE","(X, grps, ngrps, assign = attr(X, ""assign""), terms) ","nlme","NA","1.3.1","released",FALSE
"getGroups","closure","","TRUE","FALSE","(object, form = formula(object), level, data, sep = ""/"") ","nlme","NA","1.3.1","released",FALSE
"getGroups.corStruct","closure","","TRUE","FALSE","(object, form = formula(object), level, data, sep) ","nlme","NA","1.3.1","released",FALSE
"getGroups.data.frame","closure","","TRUE","FALSE","(object, form = formula(object), level, data, sep = ""/"") ","nlme","NA","1.3.1","released",FALSE
"getGroups.gls","closure","","TRUE","FALSE","(object, form, level, data, sep) ","nlme","NA","1.3.1","released",FALSE
"getGroups.lmList","closure","","TRUE","FALSE","(object, form, level, data, sep) ","nlme","NA","1.3.1","released",FALSE
"getGroups.lme","closure","","TRUE","FALSE","(object, form, level = Q, data, sep) ","nlme","NA","1.3.1","released",FALSE
"getGroups.varFunc","closure","","TRUE","FALSE","(object, form, level, data, sep) ","nlme","NA","1.3.1","released",FALSE
"getGroupsFormula","closure","","TRUE","FALSE","(object, asList = FALSE, sep = ""/"") ","nlme","NA","1.3.1","released",FALSE
"getGroupsFormula.default","closure","","TRUE","FALSE","(object, asList = FALSE, sep = ""/"") ","nlme","NA","1.3.1","released",FALSE
"getGroupsFormula.gls","closure","","TRUE","FALSE","(object, asList = FALSE, sep) ","nlme","NA","1.3.1","released",FALSE
"getGroupsFormula.lmList","closure","","TRUE","FALSE","(object, asList = FALSE, sep) ","nlme","NA","1.3.1","released",FALSE
"getGroupsFormula.lme","closure","","TRUE","FALSE","(object, asList = FALSE, sep) ","nlme","NA","1.3.1","released",FALSE
"getGroupsFormula.reStruct","closure","","TRUE","FALSE","(object, asList = FALSE, sep) ","nlme","NA","1.3.1","released",FALSE
"getParsGnls","closure","","TRUE","FALSE","(plist, pmap, beta, N) ","nlme","NA","1.3.1","released",FALSE
"getParsNlme","closure","","TRUE","FALSE","(plist, fmap, rmapRel, bmap, groups, beta, bvec, b,     level, N) ","nlme","NA","1.3.1","released",FALSE
"getResponse","closure","","TRUE","FALSE","(object, form = formula(object)) ","nlme","NA","1.3.1","released",FALSE
"getResponse.data.frame","closure","","TRUE","FALSE","(object, form = formula(object)) ","nlme","NA","1.3.1","released",FALSE
"getResponse.gls","closure","","TRUE","FALSE","(object, form) ","nlme","NA","1.3.1","released",FALSE
"getResponse.lmList","closure","","TRUE","FALSE","(object, form) ","nlme","NA","1.3.1","released",FALSE
"getResponse.lme","closure","","TRUE","FALSE","(object, form) ","nlme","NA","1.3.1","released",FALSE
"getResponseFormula","closure","","TRUE","FALSE","(object) ","nlme","NA","1.3.1","released",FALSE
"gls","closure","","TRUE","FALSE","(model, data = sys.frame(sys.parent()), correlation = NULL,     weights = NULL, subset, method = c(""REML"", ""ML""), na.action = na.fail,     control = list(), verbose = FALSE) ","nlme","NA","1.3.1","released",FALSE
"glsApVar","closure","","TRUE","FALSE","(glsSt, sigma, conLin = attr(glsSt, ""conLin""), .relStep = (.Machine$double.eps)^(1/3),     minAbsPar = 0, natural = TRUE) ","nlme","NA","1.3.1","released",FALSE
"glsControl","closure","","TRUE","FALSE","(maxIter = 50, msMaxIter = 50, tolerance = 1e-06, msTol = 1e-07,     msScale = lmeScale, msVerbose = FALSE, singular.ok = FALSE,     qrTol = .Machine$single.eps, returnObject = FALSE, apVar = TRUE,     .relStep = (.Machine$double.eps)^(1/3), nlmStepMax = 100,     minAbsParApVar = 0.05, natural = TRUE) ","nlme","NA","1.3.1","released",FALSE
"glsEstimate","closure","","TRUE","FALSE","(object, conLin = attr(object, ""conLin""), control = list(singular.ok = FALSE,     qrTol = .Machine$single.eps)) ","nlme","NA","1.3.1","released",FALSE
"glsStruct","closure","","TRUE","FALSE","(corStruct = NULL, varStruct = NULL) ","nlme","NA","1.3.1","released",FALSE
"gnls","closure","","TRUE","FALSE","(model, data = sys.frame(sys.parent()), params, start,     correlation = NULL, weights = NULL, subset, na.action = na.fail,     naPattern, control = list(), verbose = FALSE) ","nlme","NA","1.3.1","released",FALSE
"gnlsApVar","closure","","TRUE","FALSE","(gnlsSt, lsigma, conLin = attr(gnlsSt, ""conLin""), .relStep = (.Machine$double.eps)^(1/3),     minAbsPar = 0, natural = TRUE) ","nlme","NA","1.3.1","released",FALSE
"gnlsControl","closure","","TRUE","FALSE","(maxIter = 50, nlsMaxIter = 7, msMaxIter = 50, minScale = 0.001,     tolerance = 1e-06, nlsTol = 0.001, msTol = 1e-07, msScale = lmeScale,     returnObject = FALSE, msVerbose = FALSE, apVar = TRUE, .relStep = (.Machine$double.eps)^(1/3),     nlmStepMax = 100, minAbsParApVar = 0.05) ","nlme","NA","1.3.1","released",FALSE
"gnlsStruct","closure","","TRUE","FALSE","(corStruct = NULL, varStruct = NULL) ","nlme","NA","1.3.1","released",FALSE
"groupedData","closure","","TRUE","FALSE","(formula, data = sys.parent(1), order.groups = TRUE,     FUN = function(x) max(x, na.rm = TRUE), outer = NULL, inner = NULL,     labels = NULL, units = NULL) ","nlme","NA","1.3.1","released",FALSE
"gsummary","closure","","TRUE","FALSE","(object, FUN = function(x) mean(x, na.rm = TRUE), omitGroupingFactor = FALSE,     form = formula(object), level, groups = getGroups(object,         form, level), invariantsOnly = FALSE, ...) ","nlme","NA","1.3.1","released",FALSE
"initialize","closure","","TRUE","FALSE","(object, data, ...) ","nlme","NA","1.3.1","released",FALSE
"initialize.corAR1","closure","","TRUE","FALSE","(object, data, ...) ","nlme","NA","1.3.1","released",FALSE
"initialize.corARMA","closure","","TRUE","FALSE","(object, data, ...) ","nlme","NA","1.3.1","released",FALSE
"initialize.corCAR1","closure","","TRUE","FALSE","(object, data, ...) ","nlme","NA","1.3.1","released",FALSE
"initialize.corCompSymm","closure","","TRUE","FALSE","(object, data, ...) ","nlme","NA","1.3.1","released",FALSE
"initialize.corIdent","closure","","TRUE","FALSE","(object, data, ...) ","nlme","NA","1.3.1","released",FALSE
"initialize.corLin","closure","","TRUE","FALSE","(object, data, ...) ","nlme","NA","1.3.1","released",FALSE
"initialize.corNatural","closure","","TRUE","FALSE","(object, data, ...) ","nlme","NA","1.3.1","released",FALSE
"initialize.corSpatial","closure","","TRUE","FALSE","(object, data, ...) ","nlme","NA","1.3.1","released",FALSE
"initialize.corSpher","closure","","TRUE","FALSE","(object, data, ...) ","nlme","NA","1.3.1","released",FALSE
"initialize.corStruct","closure","","TRUE","FALSE","(object, data, ...) ","nlme","NA","1.3.1","released",FALSE
"initialize.corSymm","closure","","TRUE","FALSE","(object, data, ...) ","nlme","NA","1.3.1","released",FALSE
"initialize.glsStruct","closure","","TRUE","FALSE","(object, data, control = list(singular.ok = FALSE, qrTol = .Machine$single.eps)) ","nlme","NA","1.3.1","released",FALSE
"initialize.gnlsStruct","closure","","TRUE","FALSE","(object, data) ","nlme","NA","1.3.1","released",FALSE
"initialize.lmeStruct","closure","","TRUE","FALSE","(object, data, groups, conLin = attr(object, ""conLin""),     control = list(niterEM = 20, gradHess = TRUE)) ","nlme","NA","1.3.1","released",FALSE
"initialize.reStruct","closure","","TRUE","FALSE","(object, data, conLin, control = list(niterEM = 20)) ","nlme","NA","1.3.1","released",FALSE
"initialize.varComb","closure","","TRUE","FALSE","(object, data, ...) ","nlme","NA","1.3.1","released",FALSE
"initialize.varConstPower","closure","","TRUE","FALSE","(object, data, ...) ","nlme","NA","1.3.1","released",FALSE
"initialize.varExp","closure","","TRUE","FALSE","(object, data, ...) ","nlme","NA","1.3.1","released",FALSE
"initialize.varFixed","closure","","TRUE","FALSE","(object, data, ...) ","nlme","NA","1.3.1","released",FALSE
"initialize.varFunc","closure","","TRUE","FALSE","(object, data, ...) ","nlme","NA","1.3.1","released",FALSE
"initialize.varIdent","closure","","TRUE","FALSE","(object, data, ...) ","nlme","NA","1.3.1","released",FALSE
"initialize.varPower","closure","","TRUE","FALSE","(object, data, ...) ","nlme","NA","1.3.1","released",FALSE
"intervals","closure","","TRUE","FALSE","(object, level = 0.95, ...) ","nlme","NA","1.3.1","released",FALSE
"intervals.gls","closure","","TRUE","FALSE","(object, level = 0.95, which = c(""all"", ""var-cov"", ""coef"")) ","nlme","NA","1.3.1","released",FALSE
"intervals.lmList","closure","","TRUE","FALSE","(object, level = 0.95, pool = attr(object, ""pool"")) ","nlme","NA","1.3.1","released",FALSE
"intervals.lme","closure","","TRUE","FALSE","(object, level = 0.95, which = c(""all"", ""var-cov"", ""fixed"")) ","nlme","NA","1.3.1","released",FALSE
"isBalanced","closure","","TRUE","FALSE","(object, countOnly = FALSE, level) ","nlme","NA","1.3.1","released",FALSE
"isBalanced.groupedData","closure","","TRUE","FALSE","(object, countOnly = FALSE, level) ","nlme","NA","1.3.1","released",FALSE
"isInitialized","closure","","TRUE","FALSE","(object) ","nlme","NA","1.3.1","released",FALSE
"isInitialized.pdBlocked","closure","","TRUE","FALSE","(object) ","nlme","NA","1.3.1","released",FALSE
"isInitialized.pdMat","closure","","TRUE","FALSE","(object) ","nlme","NA","1.3.1","released",FALSE
"isInitialized.reStruct","closure","","TRUE","FALSE","(object) ","nlme","NA","1.3.1","released",FALSE
"lmList","closure","","TRUE","FALSE","(object, data, level, subset, na.action = na.fail, pool = TRUE) ","nlme","NA","1.3.1","released",FALSE
"lmList.formula","closure","","TRUE","FALSE","(object, data, level, subset, na.action = na.fail, pool = TRUE) ","nlme","NA","1.3.1","released",FALSE
"lmList.groupedData","closure","","TRUE","FALSE","(object, data, level, subset, na.action = na.fail, pool = TRUE) ","nlme","NA","1.3.1","released",FALSE
"lme","closure","","TRUE","FALSE","(fixed, data = sys.frame(sys.parent()), random, correlation = NULL,     weights = NULL, subset, method = c(""REML"", ""ML""), na.action = na.fail,     control = list()) ","nlme","NA","1.3.1","released",FALSE
"lme.formula","closure","","TRUE","FALSE","(fixed, data = sys.frame(sys.parent()), random = pdSymm(eval(as.call(fixed[-2]))),     correlation = NULL, weights = NULL, subset, method = c(""REML"",         ""ML""), na.action = na.fail, control = list()) ","nlme","NA","1.3.1","released",FALSE
"lme.groupedData","closure","","TRUE","FALSE","(fixed, data = sys.frame(sys.parent()), random, correlation = NULL,     weights = NULL, subset, method = c(""REML"", ""ML""), na.action = na.fail,     control = list()) ","nlme","NA","1.3.1","released",FALSE
"lme.lmList","closure","","TRUE","FALSE","(fixed, data = sys.frame(sys.parent()), random, correlation = NULL,     weights = NULL, subset, method = c(""REML"", ""ML""), na.action = na.fail,     control = list()) ","nlme","NA","1.3.1","released",FALSE
"lmeApVar","closure","","TRUE","FALSE","(lmeSt, sigma, conLin = attr(lmeSt, ""conLin""), .relStep = (.Machine$double.eps)^(1/3),     minAbsPar = 0, natural = TRUE) ","nlme","NA","1.3.1","released",FALSE
"lmeControl","closure","","TRUE","FALSE","(maxIter = 50, msMaxIter = 50, tolerance = 1e-06, niterEM = 25,     msTol = 1e-07, msScale = lmeScale, msVerbose = FALSE, returnObject = FALSE,     gradHess = TRUE, apVar = TRUE, .relStep = (.Machine$double.eps)^(1/3),     minAbsParApVar = 0.05, nlmStepMax = 100, natural = TRUE) ","nlme","NA","1.3.1","released",FALSE
"lmeScale","closure","","TRUE","FALSE","(start) ","nlme","NA","1.3.1","released",FALSE
"lmeStruct","closure","","TRUE","FALSE","(reStruct, corStruct = NULL, varStruct = NULL) ","nlme","NA","1.3.1","released",FALSE
"logDet","closure","","TRUE","FALSE","(object, ...) ","nlme","NA","1.3.1","released",FALSE
"logDet.corIdent","closure","","TRUE","FALSE","(object, covariate) ","nlme","NA","1.3.1","released",FALSE
"logDet.corStruct","closure","","TRUE","FALSE","(object, covariate = getCovariate(object)) ","nlme","NA","1.3.1","released",FALSE
"logDet.pdBlocked","closure","","TRUE","FALSE","(object) ","nlme","NA","1.3.1","released",FALSE
"logDet.pdCompSymm","closure","","TRUE","FALSE","(object) ","nlme","NA","1.3.1","released",FALSE
"logDet.pdDiag","closure","","TRUE","FALSE","(object) ","nlme","NA","1.3.1","released",FALSE
"logDet.pdIdent","closure","","TRUE","FALSE","(object) ","nlme","NA","1.3.1","released",FALSE
"logDet.pdMat","closure","","TRUE","FALSE","(object) ","nlme","NA","1.3.1","released",FALSE
"logDet.pdNatural","closure","","TRUE","FALSE","(object) ","nlme","NA","1.3.1","released",FALSE
"logDet.pdSymm","closure","","TRUE","FALSE","(object) ","nlme","NA","1.3.1","released",FALSE
"logDet.reStruct","closure","","TRUE","FALSE","(object) ","nlme","NA","1.3.1","released",FALSE
"logLik.corStruct","closure","","TRUE","FALSE","(object, data) ","nlme","NA","1.3.1","released",FALSE
"logLik.gls","closure","","TRUE","FALSE","(object, REML) ","nlme","NA","1.3.1","released",FALSE
"logLik.glsStruct","closure","","TRUE","FALSE","(object, Pars, conLin = attr(object, ""conLin"")) ","nlme","NA","1.3.1","released",FALSE
"logLik.gnls","closure","","TRUE","FALSE","(object, REML = FALSE) ","nlme","NA","1.3.1","released",FALSE
"logLik.gnlsStruct","closure","","TRUE","FALSE","(object, Pars, conLin = attr(object, ""conLin"")) ","nlme","NA","1.3.1","released",FALSE
"logLik.lmList","closure","","TRUE","FALSE","(object, REML = FALSE, pool = attr(object, ""pool"")) ","nlme","NA","1.3.1","released",FALSE
"logLik.lme","closure","","TRUE","FALSE","(object, REML) ","nlme","NA","1.3.1","released",FALSE
"logLik.lmeStruct","closure","","TRUE","FALSE","(object, Pars, conLin = attr(object, ""conLin"")) ","nlme","NA","1.3.1","released",FALSE
"logLik.lmeStructInt","closure","","TRUE","FALSE","(object, Pars, conLin = attr(object, ""conLin"")) ","nlme","NA","1.3.1","released",FALSE
"logLik.reStruct","closure","","TRUE","FALSE","(object, conLin) ","nlme","NA","1.3.1","released",FALSE
"logLik.varComb","closure","","TRUE","FALSE","(object) ","nlme","NA","1.3.1","released",FALSE
"logLik.varFunc","closure","","TRUE","FALSE","(object, data) ","nlme","NA","1.3.1","released",FALSE
"matrix<-","closure","","TRUE","FALSE","(object, value) ","nlme","NA","1.3.1","released",FALSE
"matrix<-.pdBlocked","closure","","TRUE","FALSE","(object, value) ","nlme","NA","1.3.1","released",FALSE
"matrix<-.pdMat","closure","","TRUE","FALSE","(object, value) ","nlme","NA","1.3.1","released",FALSE
"matrix<-.reStruct","closure","","TRUE","FALSE","(object, value) ","nlme","NA","1.3.1","released",FALSE
"model.matrix.reStruct","closure","","TRUE","FALSE","(object, data, contrast = NULL) ","nlme","NA","1.3.1","released",FALSE
"needUpdate","closure","","TRUE","FALSE","(object) ","nlme","NA","1.3.1","released",FALSE
"needUpdate.corStruct","closure","","TRUE","FALSE","(object) ","nlme","NA","1.3.1","released",FALSE
"needUpdate.default","closure","","TRUE","FALSE","(object) ","nlme","NA","1.3.1","released",FALSE
"needUpdate.modelStruct","closure","","TRUE","FALSE","(object) ","nlme","NA","1.3.1","released",FALSE
"needUpdate.reStruct","closure","","TRUE","FALSE","(object) ","nlme","NA","1.3.1","released",FALSE
"needUpdate.varComb","closure","","TRUE","FALSE","(object) ","nlme","NA","1.3.1","released",FALSE
"needUpdate.varIdent","closure","","TRUE","FALSE","(object) ","nlme","NA","1.3.1","released",FALSE
"nfGroupedData","closure","","TRUE","FALSE","(formula, data = sys.parent(1), order.groups = TRUE,     FUN = function(x) max(x, na.rm = TRUE), outer = NULL, inner = NULL,     labels = NULL, units = NULL) ","nlme","NA","1.3.1","released",FALSE
"nlme","closure","","TRUE","FALSE","(model, data = sys.frame(sys.parent()), fixed, random = fixed,     groups, start, correlation = NULL, weights = NULL, subset,     method = c(""ML"", ""REML""), na.action = na.fail, naPattern,     control = list(), verbose = FALSE) ","nlme","NA","1.3.1","released",FALSE
"nlme.formula","closure","","TRUE","FALSE","(model, data = sys.frame(sys.parent()), fixed, random,     groups, start, correlation = NULL, weights = NULL, subset,     method = c(""ML"", ""REML""), na.action = na.fail, naPattern,     control = list(), verbose = FALSE) ","nlme","NA","1.3.1","released",FALSE
"nlme.nlsList","closure","","TRUE","FALSE","(model, data = sys.frame(sys.parent()), fixed, random = fixed,     groups, start, correlation = NULL, weights = NULL, subset,     method = c(""ML"", ""REML""), na.action = na.fail, naPattern,     control = list(), verbose = FALSE) ","nlme","NA","1.3.1","released",FALSE
"nlmeControl","closure","","TRUE","FALSE","(maxIter = 50, pnlsMaxIter = 7, msMaxIter = 50, minScale = 0.001,     tolerance = 1e-05, niterEM = 25, pnlsTol = 0.001, msTol = 1e-06,     msScale = lmeScale, returnObject = FALSE, msVerbose = FALSE,     gradHess = TRUE, apVar = TRUE, .relStep = (.Machine$double.eps)^(1/3),     nlmStepMax = 100, minAbsParApVar = 0.05, natural = TRUE) ","nlme","NA","1.3.1","released",FALSE
"nlmeStruct","closure","","TRUE","FALSE","(reStruct, corStruct = NULL, varStruct = NULL) ","nlme","NA","1.3.1","released",FALSE
"nlsList","closure","","TRUE","FALSE","(model, data, start, control, level, subset, na.action = na.fail,     pool = TRUE) ","nlme","NA","1.3.1","released",FALSE
"nlsList.formula","closure","","TRUE","FALSE","(model, data, start = NULL, control, level, subset,     na.action = na.fail, pool = TRUE) ","nlme","NA","1.3.1","released",FALSE
"nlsList.selfStart","closure","","TRUE","FALSE","(model, data, start, control, level, subset, na.action = na.fail,     pool = TRUE) ","nlme","NA","1.3.1","released",FALSE
"nmGroupedData","closure","","TRUE","FALSE","(formula, data = sys.parent(1), order.groups = TRUE,     FUN = function(x) max(x, na.rm = TRUE), outer = NULL, inner = NULL,     labels = NULL, units = NULL) ","nlme","NA","1.3.1","released",FALSE
"nonlinModel","closure","","TRUE","FALSE","(modelExpression, env, paramNames = get("".parameters"",     envir = env)) ","nlme","NA","1.3.1","released",FALSE
"pairs.compareFits","closure","","TRUE","FALSE","(object, subset, key = TRUE, ...) ","nlme","NA","1.3.1","released",FALSE
"pairs.lmList","closure","","TRUE","FALSE","(object, form = ~coef(.), label, id = NULL, idLabels = NULL,     grid = FALSE, ...) ","nlme","NA","1.3.1","released",FALSE
"pairs.lme","closure","","TRUE","FALSE","(object, form = ~coef(.), label, id = NULL, idLabels = NULL,     grid = FALSE, ...) ","nlme","NA","1.3.1","released",FALSE
"pdBlocked","closure","","TRUE","FALSE","(value = numeric(0), form = NULL, nam = NULL, data = sys.frame(sys.parent()),     pdClass = ""pdSymm"") ","nlme","NA","1.3.1","released",FALSE
"pdCompSymm","closure","","TRUE","FALSE","(value = numeric(0), form = NULL, nam = NULL, data = sys.frame(sys.parent())) ","nlme","NA","1.3.1","released",FALSE
"pdConstruct","closure","","TRUE","FALSE","(object, value, form, nam, data, ...) ","nlme","NA","1.3.1","released",FALSE
"pdConstruct.pdBlocked","closure","","TRUE","FALSE","(object, value = numeric(0), form = formula(object,     TRUE), nam = Names(object, TRUE), data = sys.frame(sys.parent()),     pdClass = ""pdSymm"") ","nlme","NA","1.3.1","released",FALSE
"pdConstruct.pdCompSymm","closure","","TRUE","FALSE","(object, value = numeric(0), form = formula(object),     nam = Names(object), data = sys.frame(sys.parent())) ","nlme","NA","1.3.1","released",FALSE
"pdConstruct.pdDiag","closure","","TRUE","FALSE","(object, value = numeric(0), form = formula(object),     nam = Names(object), data = sys.frame(sys.parent())) ","nlme","NA","1.3.1","released",FALSE
"pdConstruct.pdIdent","closure","","TRUE","FALSE","(object, value = numeric(0), form = formula(object),     nam = Names(object), data = sys.frame(sys.parent())) ","nlme","NA","1.3.1","released",FALSE
"pdConstruct.pdLogChol","closure","","TRUE","FALSE","(object, value = numeric(0), form = formula(object),     nam = Names(object), data = sys.parent()) ","nlme","NA","1.3.1","released",FALSE
"pdConstruct.pdMat","closure","","TRUE","FALSE","(object, value = numeric(0), form = formula(object),     nam = Names(object), data = sys.frame(sys.parent())) ","nlme","NA","1.3.1","released",FALSE
"pdConstruct.pdNatural","closure","","TRUE","FALSE","(object, value = numeric(0), form = formula(object),     nam = Names(object), data = sys.frame(sys.parent())) ","nlme","NA","1.3.1","released",FALSE
"pdConstruct.pdSymm","closure","","TRUE","FALSE","(object, value = numeric(0), form = formula(object),     nam = Names(object), data = sys.frame(sys.parent())) ","nlme","NA","1.3.1","released",FALSE
"pdDiag","closure","","TRUE","FALSE","(value = numeric(0), form = NULL, nam = NULL, data = sys.frame(sys.parent())) ","nlme","NA","1.3.1","released",FALSE
"pdFactor","closure","","TRUE","FALSE","(object) ","nlme","NA","1.3.1","released",FALSE
"pdFactor.pdBlocked","closure","","TRUE","FALSE","(object) ","nlme","NA","1.3.1","released",FALSE
"pdFactor.pdCompSymm","closure","","TRUE","FALSE","(object) ","nlme","NA","1.3.1","released",FALSE
"pdFactor.pdDiag","closure","","TRUE","FALSE","(object) ","nlme","NA","1.3.1","released",FALSE
"pdFactor.pdIdent","closure","","TRUE","FALSE","(object) ","nlme","NA","1.3.1","released",FALSE
"pdFactor.pdLogChol","closure","","TRUE","FALSE","(object) ","nlme","NA","1.3.1","released",FALSE
"pdFactor.pdMat","closure","","TRUE","FALSE","(object) ","nlme","NA","1.3.1","released",FALSE
"pdFactor.pdNatural","closure","","TRUE","FALSE","(object) ","nlme","NA","1.3.1","released",FALSE
"pdFactor.pdSymm","closure","","TRUE","FALSE","(object) ","nlme","NA","1.3.1","released",FALSE
"pdFactor.reStruct","closure","","TRUE","FALSE","(object) ","nlme","NA","1.3.1","released",FALSE
"pdIdent","closure","","TRUE","FALSE","(value = numeric(0), form = NULL, nam = NULL, data = sys.frame(sys.parent())) ","nlme","NA","1.3.1","released",FALSE
"pdLogChol","closure","","TRUE","FALSE","(value = numeric(0), form = NULL, nam = NULL, data = sys.parent()) ","nlme","NA","1.3.1","released",FALSE
"pdMat","closure","","TRUE","FALSE","(value = numeric(0), form = NULL, nam = NULL, data = sys.frame(sys.parent()),     pdClass = ""pdSymm"") ","nlme","NA","1.3.1","released",FALSE
"pdMatrix","closure","","TRUE","FALSE","(object, factor = FALSE) ","nlme","NA","1.3.1","released",FALSE
"pdMatrix.pdBlocked","closure","","TRUE","FALSE","(object, factor = FALSE) ","nlme","NA","1.3.1","released",FALSE
"pdMatrix.pdCompSymm","closure","","TRUE","FALSE","(object, factor = FALSE) ","nlme","NA","1.3.1","released",FALSE
"pdMatrix.pdDiag","closure","","TRUE","FALSE","(object, factor = FALSE) ","nlme","NA","1.3.1","released",FALSE
"pdMatrix.pdIdent","closure","","TRUE","FALSE","(object, factor = FALSE) ","nlme","NA","1.3.1","released",FALSE
"pdMatrix.pdMat","closure","","TRUE","FALSE","(object, factor = FALSE) ","nlme","NA","1.3.1","released",FALSE
"pdMatrix.pdNatural","closure","","TRUE","FALSE","(object, factor = FALSE) ","nlme","NA","1.3.1","released",FALSE
"pdMatrix.pdSymm","closure","","TRUE","FALSE","(object, factor = FALSE) ","nlme","NA","1.3.1","released",FALSE
"pdMatrix.reStruct","closure","","TRUE","FALSE","(object, factor = FALSE) ","nlme","NA","1.3.1","released",FALSE
"pdNatural","closure","","TRUE","FALSE","(value = numeric(0), form = NULL, nam = NULL, data = sys.frame(sys.parent())) ","nlme","NA","1.3.1","released",FALSE
"pdSymm","closure","","TRUE","FALSE","(value = numeric(0), form = NULL, nam = NULL, data = parent.frame()) ","nlme","NA","1.3.1","released",FALSE
"phenoModel","closure","","TRUE","FALSE","(Subject, time, dose, lCl, lV) ","nlme","NA","1.3.1","released",FALSE
"plot.ACF","closure","","TRUE","FALSE","(object, alpha = 0, xlab = ""Lag"", ylab = ""Autocorrelation"",     grid = FALSE, ...) ","nlme","NA","1.3.1","released",FALSE
"plot.Variogram","closure","","TRUE","FALSE","(object, smooth, showModel, sigma = NULL, span = 0.6,     xlab = ""Distance"", ylab = ""Semivariogram"", type = ""p"", ylim,     grid = FALSE, ...) ","nlme","NA","1.3.1","released",FALSE
"plot.augPred","closure","","TRUE","FALSE","(x, key = TRUE, grid = FALSE, ...) ","nlme","NA","1.3.1","released",FALSE
"plot.compareFits","closure","","TRUE","FALSE","(object, subset, key = TRUE, mark = NULL, ...) ","nlme","NA","1.3.1","released",FALSE
"plot.gls","closure","","TRUE","FALSE","(object, form = resid(., type = ""pearson"") ~ fitted(.),     abline, id = NULL, idLabels = NULL, idResType = c(""pearson"",         ""normalized""), grid, ...) ","nlme","NA","1.3.1","released",FALSE
"plot.intervals.lmList","closure","","TRUE","FALSE","(object, ...) ","nlme","NA","1.3.1","released",FALSE
"plot.lmList","closure","","TRUE","FALSE","(object, form = resid(., type = ""pool"") ~ fitted(.),     abline, id = NULL, idLabels = NULL, grid, ...) ","nlme","NA","1.3.1","released",FALSE
"plot.lme","closure","","TRUE","FALSE","(object, form = resid(., type = ""pearson"") ~ fitted(.),     abline, id = NULL, idLabels = NULL, idResType = c(""pearson"",         ""normalized""), grid, ...) ","nlme","NA","1.3.1","released",FALSE
"plot.nffGroupedData","closure","","TRUE","FALSE","(x, outer = NULL, inner = NULL, innerGroups = NULL,     xlab = paste(attr(x, ""labels"")$y, attr(x, ""units"")$y), ylab = groupLabel,     strip = function(...) strip.default(..., style = 1), panel = function(x,         y) ","nlme","NA","1.3.1","released",FALSE
"plot.nfnGroupedData","closure","","TRUE","FALSE","(x, outer = NULL, inner = NULL, innerGroups = NULL,     xlab = paste(attr(x, ""labels"")$x, attr(x, ""units"")$x), ylab = paste(attr(x,         ""labels"")$y, attr(x, ""units"")$y), strip = function(...) strip.default(...,         style = 1), aspect = ""xy"", panel = function(x, y, ...) ","nlme","NA","1.3.1","released",FALSE
"plot.nls","closure","","TRUE","FALSE","(object, form = resid(., type = ""pearson"") ~ fitted(.),     abline, id = NULL, idLabels = NULL, idResType = c(""pearson"",         ""normalized""), grid, ...) ","nlme","NA","1.3.1","released",FALSE
"plot.nmGroupedData","closure","","TRUE","FALSE","(x, collapseLevel = Q, displayLevel = collapseLevel,     outer = NULL, inner = NULL, preserve = NULL, FUN = mean,     subset = NULL, key = TRUE, grid = TRUE, ...) ","nlme","NA","1.3.1","released",FALSE
"plot.pdMat","closure","","TRUE","FALSE","(x, nseg = 50, levels = 1, center = rep(0, length(stdDev)),     additional, ...) ","nlme","NA","1.3.1","released",FALSE
"plot.ranef.lmList","closure","","TRUE","FALSE","(object, form = NULL, grid = TRUE, control, ...) ","nlme","NA","1.3.1","released",FALSE
"plot.ranef.lme","closure","","TRUE","FALSE","(object, form = NULL, omitFixed = TRUE, level = Q, grid = TRUE,     control, ...) ","nlme","NA","1.3.1","released",FALSE
"plot.simulate.lme","closure","","TRUE","FALSE","(x, form = y ~ x | df * method, df = attr(x, ""df""),     weights, xlab = ""Empirical p-value"", ylab = ""Nominal p-value"",     xlim = c(0.037, 0.963), ylim = c(0.037, 0.963), aspect = 1,     strip = function(...) strip.default(..., style = 1), ...) ","nlme","NA","1.3.1","released",FALSE
"pooledSD","closure","","TRUE","FALSE","(object) ","nlme","NA","1.3.1","released",FALSE
"predict.gls","closure","","TRUE","FALSE","(object, newdata, na.action = na.fail) ","nlme","NA","1.3.1","released",FALSE
"predict.gnls","closure","","TRUE","FALSE","(object, newdata, na.action = na.fail, naPattern = NULL) ","nlme","NA","1.3.1","released",FALSE
"predict.lmList","closure","","TRUE","FALSE","(object, newdata, subset = NULL, pool = attr(object,     ""pool""), asList = FALSE, se.fit = FALSE) ","nlme","NA","1.3.1","released",FALSE
"predict.lme","closure","","TRUE","FALSE","(object, newdata, level = Q, asList = FALSE, na.action = na.fail) ","nlme","NA","1.3.1","released",FALSE
"predict.nlme","closure","","TRUE","FALSE","(object, newdata, level = Q, asList = FALSE, na.action = na.fail,     naPattern = NULL) ","nlme","NA","1.3.1","released",FALSE
"print.VarCorr.lme","closure","","TRUE","FALSE","(x, ...) ","nlme","NA","1.3.1","released",FALSE
"print.anova.lme","closure","","TRUE","FALSE","(x, verbose = attr(x, ""verbose"")) ","nlme","NA","1.3.1","released",FALSE
"print.compareFits","closure","","TRUE","FALSE","(x, ...) ","nlme","NA","1.3.1","released",FALSE
"print.corNatural","closure","","TRUE","FALSE","(x, ...) ","nlme","NA","1.3.1","released",FALSE
"print.corStruct","closure","","TRUE","FALSE","(x, ...) ","nlme","NA","1.3.1","released",FALSE
"print.corSymm","closure","","TRUE","FALSE","(x, ...) ","nlme","NA","1.3.1","released",FALSE
"print.correlation","closure","","TRUE","FALSE","(x, title = "" Correlation:"", rdig = 3, ...) ","nlme","NA","1.3.1","released",FALSE
"print.gls","closure","","TRUE","FALSE","(x, ...) ","nlme","NA","1.3.1","released",FALSE
"print.groupedData","closure","","TRUE","FALSE","(x, ...) ","nlme","NA","1.3.1","released",FALSE
"print.intervals.gls","closure","","TRUE","FALSE","(x, ...) ","nlme","NA","1.3.1","released",FALSE
"print.intervals.lmList","closure","","TRUE","FALSE","(x, ...) ","nlme","NA","1.3.1","released",FALSE
"print.intervals.lme","closure","","TRUE","FALSE","(x, ...) ","nlme","NA","1.3.1","released",FALSE
"print.lmList","closure","","TRUE","FALSE","(x, pool = attr(x, ""pool""), ...) ","nlme","NA","1.3.1","released",FALSE
"print.lme","closure","","TRUE","FALSE","(x, ...) ","nlme","NA","1.3.1","released",FALSE
"print.modelStruct","closure","","TRUE","FALSE","(x, ...) ","nlme","NA","1.3.1","released",FALSE
"print.pdMat","closure","","TRUE","FALSE","(x, ...) ","nlme","NA","1.3.1","released",FALSE
"print.ranef.lme","closure","","TRUE","FALSE","(x, ...) ","nlme","NA","1.3.1","released",FALSE
"print.reStruct","closure","","TRUE","FALSE","(x, sigma = 1, reEstimates, verbose = FALSE, ...) ","nlme","NA","1.3.1","released",FALSE
"print.simulate.lme","closure","","TRUE","FALSE","(x, ...) ","nlme","NA","1.3.1","released",FALSE
"print.summary.corNatural","closure","","TRUE","FALSE","(x, ...) ","nlme","NA","1.3.1","released",FALSE
"print.summary.corStruct","closure","","TRUE","FALSE","(x, ...) ","nlme","NA","1.3.1","released",FALSE
"print.summary.corSymm","closure","","TRUE","FALSE","(x, ...) ","nlme","NA","1.3.1","released",FALSE
"print.summary.gls","closure","","TRUE","FALSE","(x, verbose = FALSE, digits = .Options$digits, ...) ","nlme","NA","1.3.1","released",FALSE
"print.summary.lmList","closure","","TRUE","FALSE","(x, ...) ","nlme","NA","1.3.1","released",FALSE
"print.summary.lme","closure","","TRUE","FALSE","(x, verbose = FALSE, ...) ","nlme","NA","1.3.1","released",FALSE
"print.summary.modelStruct","closure","","TRUE","FALSE","(x, ...) ","nlme","NA","1.3.1","released",FALSE
"print.summary.pdMat","closure","","TRUE","FALSE","(x, sigma = 1, rdig = 3, Level = NULL, resid = FALSE,     ...) ","nlme","NA","1.3.1","released",FALSE
"print.summary.varComb","closure","","TRUE","FALSE","(x, ...) ","nlme","NA","1.3.1","released",FALSE
"print.summary.varFixed","closure","","TRUE","FALSE","(x, header = TRUE, ...) ","nlme","NA","1.3.1","released",FALSE
"print.summary.varFunc","closure","","TRUE","FALSE","(x, header = TRUE, ...) ","nlme","NA","1.3.1","released",FALSE
"print.varComb","closure","","TRUE","FALSE","(x) ","nlme","NA","1.3.1","released",FALSE
"print.varFunc","closure","","TRUE","FALSE","(x, ...) ","nlme","NA","1.3.1","released",FALSE
"pruneLevels","closure","","TRUE","FALSE","(object) ","nlme","NA","1.3.1","released",FALSE
"pruneLevels.factor","closure","","TRUE","FALSE","(object) ","nlme","NA","1.3.1","released",FALSE
"pruneLevels.ordered","closure","","TRUE","FALSE","(object) ","nlme","NA","1.3.1","released",FALSE
"qqnorm.gls","closure","","TRUE","FALSE","(object, form = ~resid(., type = ""p""), abline = NULL,     id = NULL, idLabels = NULL, grid = FALSE, ...) ","nlme","NA","1.3.1","released",FALSE
"qqnorm.lm","closure","","TRUE","FALSE","(object, form = ~resid(., type = ""p""), abline = NULL,     id = NULL, idLabels = NULL, grid = FALSE, ...) ","nlme","NA","1.3.1","released",FALSE
"qqnorm.lmList","closure","","TRUE","FALSE","(object, form = ~resid(., type = ""pooled""), abline = NULL,     id = NULL, idLabels = NULL, grid = FALSE, resType = ""pool"",     ...) ","nlme","NA","1.3.1","released",FALSE
"qqnorm.lme","closure","","TRUE","FALSE","(object, form = ~resid(., type = ""p""), abline = NULL,     id = NULL, idLabels = NULL, grid = FALSE, ...) ","nlme","NA","1.3.1","released",FALSE
"qqnorm.nls","closure","","TRUE","FALSE","(object, form = ~resid(., type = ""p""), abline = NULL,     id = NULL, idLabels = NULL, grid = FALSE, ...) ","nlme","NA","1.3.1","released",FALSE
"quinModel","closure","","TRUE","FALSE","(Subject, time, conc, dose, interval, lV, lKa, lCl) ","nlme","NA","1.3.1","released",FALSE
"random.effects","closure","","TRUE","FALSE","(object, ...) ","nlme","NA","1.3.1","released",FALSE
"ranef","closure","","TRUE","FALSE","(object, ...) ","nlme","NA","1.3.1","released",FALSE
"ranef.lmList","closure","","TRUE","FALSE","(object, augFrame = FALSE, data = NULL, which = NULL,     FUN = mean, standard = FALSE, omitGroupingFactor = TRUE) ","nlme","NA","1.3.1","released",FALSE
"ranef.lme","closure","","TRUE","FALSE","(object, augFrame = FALSE, level = 1:Q, data, which = 1:ncol(data),     FUN = mean, standard = FALSE, omitGroupingFactor = TRUE,     subset = NULL) ","nlme","NA","1.3.1","released",FALSE
"reStruct","closure","","TRUE","FALSE","(object, pdClass = ""pdLogChol"", REML = FALSE, data = sys.frame(sys.parent())) ","nlme","NA","1.3.1","released",FALSE
"recalc","closure","","TRUE","FALSE","(object, conLin, ...) ","nlme","NA","1.3.1","released",FALSE
"recalc.corAR1","closure","","TRUE","FALSE","(object, conLin) ","nlme","NA","1.3.1","released",FALSE
"recalc.corARMA","closure","","TRUE","FALSE","(object, conLin) ","nlme","NA","1.3.1","released",FALSE
"recalc.corCAR1","closure","","TRUE","FALSE","(object, conLin) ","nlme","NA","1.3.1","released",FALSE
"recalc.corCompSymm","closure","","TRUE","FALSE","(object, conLin) ","nlme","NA","1.3.1","released",FALSE
"recalc.corIdent","closure","","TRUE","FALSE","(object, conLin) ","nlme","NA","1.3.1","released",FALSE
"recalc.corNatural","closure","","TRUE","FALSE","(object, conLin) ","nlme","NA","1.3.1","released",FALSE
"recalc.corSpatial","closure","","TRUE","FALSE","(object, conLin) ","nlme","NA","1.3.1","released",FALSE
"recalc.corStruct","closure","","TRUE","FALSE","(object, conLin) ","nlme","NA","1.3.1","released",FALSE
"recalc.corSymm","closure","","TRUE","FALSE","(object, conLin) ","nlme","NA","1.3.1","released",FALSE
"recalc.modelStruct","closure","","TRUE","FALSE","(object, conLin = attr(object, ""conLin"")) ","nlme","NA","1.3.1","released",FALSE
"recalc.reStruct","closure","","TRUE","FALSE","(object, conLin) ","nlme","NA","1.3.1","released",FALSE
"recalc.varFunc","closure","","TRUE","FALSE","(object, conLin) ","nlme","NA","1.3.1","released",FALSE
"recalc.varIdent","closure","","TRUE","FALSE","(object, conLin) ","nlme","NA","1.3.1","released",FALSE
"residuals.gls","closure","","TRUE","FALSE","(object, type = c(""response"", ""pearson"", ""normalized"")) ","nlme","NA","1.3.1","released",FALSE
"residuals.glsStruct","closure","","TRUE","FALSE","(object, glsFit = attr(object, ""glsFit"")) ","nlme","NA","1.3.1","released",FALSE
"residuals.gnlsStruct","closure","","TRUE","FALSE","(object) ","nlme","NA","1.3.1","released",FALSE
"residuals.lmList","closure","","TRUE","FALSE","(object, type = c(""response"", ""pearson"", ""pooled.pearson""),     subset = NULL, asList = FALSE) ","nlme","NA","1.3.1","released",FALSE
"residuals.lme","closure","","TRUE","FALSE","(object, level = Q, type = c(""response"", ""pearson"",     ""normalized""), asList = FALSE) ","nlme","NA","1.3.1","released",FALSE
"residuals.lmeStruct","closure","","TRUE","FALSE","(object, level = Q, conLin = attr(object, ""conLin""),     lmeFit = attr(object, ""lmeFit"")) ","nlme","NA","1.3.1","released",FALSE
"residuals.nlmeStruct","closure","","TRUE","FALSE","(object, level = Q, conLin = attr(object, ""conLin""),     ...) ","nlme","NA","1.3.1","released",FALSE
"simulate.lme","closure","","TRUE","FALSE","(m1, m2, Random.seed, method = c(""REML"", ""ML""), nsim = 1000,     niterEM = c(40, 200), useGen = FALSE) ","nlme","NA","1.3.1","released",FALSE
"solve.pdBlocked","closure","","TRUE","FALSE","(a, b) ","nlme","NA","1.3.1","released",FALSE
"solve.pdDiag","closure","","TRUE","FALSE","(a, b) ","nlme","NA","1.3.1","released",FALSE
"solve.pdIdent","closure","","TRUE","FALSE","(a, b) ","nlme","NA","1.3.1","released",FALSE
"solve.pdLogChol","closure","","TRUE","FALSE","(a, b) ","nlme","NA","1.3.1","released",FALSE
"solve.pdMat","closure","","TRUE","FALSE","(a, b, tol) ","nlme","NA","1.3.1","released",FALSE
"solve.pdNatural","closure","","TRUE","FALSE","(a, b) ","nlme","NA","1.3.1","released",FALSE
"solve.pdSymm","closure","","TRUE","FALSE","(a, b) ","nlme","NA","1.3.1","released",FALSE
"solve.reStruct","closure","","TRUE","FALSE","(a, b, tol) ","nlme","NA","1.3.1","released",FALSE
"splitFormula","closure","","TRUE","FALSE","(form, sep = ""/"") ","nlme","NA","1.3.1","released",FALSE
"summary.corAR1","closure","","TRUE","FALSE","(object, structName = ""AR(1)"") ","nlme","NA","1.3.1","released",FALSE
"summary.corARMA","closure","","TRUE","FALSE","(object, structName = paste(""ARMA("", attr(object, ""p""),     "","", attr(object, ""q""), "")"", sep = """")) ","nlme","NA","1.3.1","released",FALSE
"summary.corCAR1","closure","","TRUE","FALSE","(object, structName = ""Continuous AR(1)"") ","nlme","NA","1.3.1","released",FALSE
"summary.corCompSymm","closure","","TRUE","FALSE","(object, structName = ""Compound symmetry"") ","nlme","NA","1.3.1","released",FALSE
"summary.corExp","closure","","TRUE","FALSE","(object, structName = ""Exponential spatial correlation"") ","nlme","NA","1.3.1","released",FALSE
"summary.corGaus","closure","","TRUE","FALSE","(object, structName = ""Gaussian spatial correlation"") ","nlme","NA","1.3.1","released",FALSE
"summary.corIdent","closure","","TRUE","FALSE","(object, structName = ""Independent"") ","nlme","NA","1.3.1","released",FALSE
"summary.corLin","closure","","TRUE","FALSE","(object, structName = ""Linear spatial correlation"") ","nlme","NA","1.3.1","released",FALSE
"summary.corNatural","closure","","TRUE","FALSE","(object, structName = ""General correlation, with natural parametrization"") ","nlme","NA","1.3.1","released",FALSE
"summary.corRatio","closure","","TRUE","FALSE","(object, structName = ""Rational quadratic spatial correlation"") ","nlme","NA","1.3.1","released",FALSE
"summary.corSpher","closure","","TRUE","FALSE","(object, structName = ""Spherical spatial correlation"") ","nlme","NA","1.3.1","released",FALSE
"summary.corStruct","closure","","TRUE","FALSE","(object, structName = class(object)[1]) ","nlme","NA","1.3.1","released",FALSE
"summary.corSymm","closure","","TRUE","FALSE","(object, structName = ""General correlation"") ","nlme","NA","1.3.1","released",FALSE
"summary.gls","closure","","TRUE","FALSE","(object, verbose = FALSE) ","nlme","NA","1.3.1","released",FALSE
"summary.lmList","closure","","TRUE","FALSE","(object, pool = attr(object, ""pool"")) ","nlme","NA","1.3.1","released",FALSE
"summary.lme","closure","","TRUE","FALSE","(object, adjustSigma = TRUE, verbose = FALSE) ","nlme","NA","1.3.1","released",FALSE
"summary.modelStruct","closure","","TRUE","FALSE","(object) ","nlme","NA","1.3.1","released",FALSE
"summary.nlsList","closure","","TRUE","FALSE","(object, ...) ","nlme","NA","1.3.1","released",FALSE
"summary.pdBlocked","closure","","TRUE","FALSE","(object, structName = ""Blocked"") ","nlme","NA","1.3.1","released",FALSE
"summary.pdCompSymm","closure","","TRUE","FALSE","(object, structName = ""Compound Symmetry"") ","nlme","NA","1.3.1","released",FALSE
"summary.pdDiag","closure","","TRUE","FALSE","(object, structName = ""Diagonal"") ","nlme","NA","1.3.1","released",FALSE
"summary.pdIdent","closure","","TRUE","FALSE","(object, structName = ""Multiple of an Identity"") ","nlme","NA","1.3.1","released",FALSE
"summary.pdLogChol","closure","","TRUE","FALSE","(object, structName = ""General positive-definite, Log-Cholesky parametrization"") ","nlme","NA","1.3.1","released",FALSE
"summary.pdMat","closure","","TRUE","FALSE","(object, structName = class(object)[1], noCorrelation = FALSE) ","nlme","NA","1.3.1","released",FALSE
"summary.pdNatural","closure","","TRUE","FALSE","(object, structName = ""General positive-definite, Natural parametrization"") ","nlme","NA","1.3.1","released",FALSE
"summary.pdSymm","closure","","TRUE","FALSE","(object, structName = ""General positive-definite"") ","nlme","NA","1.3.1","released",FALSE
"summary.reStruct","closure","","TRUE","FALSE","(object) ","nlme","NA","1.3.1","released",FALSE
"summary.varComb","closure","","TRUE","FALSE","(object, structName = ""Combination of variance functions:"") ","nlme","NA","1.3.1","released",FALSE
"summary.varConstPower","closure","","TRUE","FALSE","(object, structName = ""Constant plus power of variance covariate"") ","nlme","NA","1.3.1","released",FALSE
"summary.varExp","closure","","TRUE","FALSE","(object, structName = ""Exponential of variance covariate"") ","nlme","NA","1.3.1","released",FALSE
"summary.varFixed","closure","","TRUE","FALSE","(object, structName) ","nlme","NA","1.3.1","released",FALSE
"summary.varFunc","closure","","TRUE","FALSE","(object, structName = class(object)[1]) ","nlme","NA","1.3.1","released",FALSE
"summary.varIdent","closure","","TRUE","FALSE","(object, structName = if (is.null(formula(object))) ""Constant variance"" else ""Different standard deviations per stratum"") ","nlme","NA","1.3.1","released",FALSE
"summary.varPower","closure","","TRUE","FALSE","(object, structName = ""Power of variance covariate"") ","nlme","NA","1.3.1","released",FALSE
"update.corStruct","closure","","TRUE","FALSE","(object, data) ","nlme","NA","1.3.1","released",FALSE
"update.gls","closure","","TRUE","FALSE","(object, model, data, correlation, weights, subset,     method, na.action, control, verbose) ","nlme","NA","1.3.1","released",FALSE
"update.gnls","closure","","TRUE","FALSE","(object, model, data = sys.frame(sys.parent()), params,     start, correlation = NULL, weights = NULL, subset, na.action = na.fail,     naPattern, control = list(), verbose = FALSE) ","nlme","NA","1.3.1","released",FALSE
"update.groupedData","closure","","TRUE","FALSE","(object, formula, data, order.groups, FUN, outer, inner,     labels, units) ","nlme","NA","1.3.1","released",FALSE
"update.lmList","closure","","TRUE","FALSE","(object, formula, data, level, subset, na.action, pool) ","nlme","NA","1.3.1","released",FALSE
"update.lme","closure","","TRUE","FALSE","(object, fixed, data, random, correlation, weights,     subset, method, na.action, control) ","nlme","NA","1.3.1","released",FALSE
"update.modelStruct","closure","","TRUE","FALSE","(object, data) ","nlme","NA","1.3.1","released",FALSE
"update.nlme","closure","","TRUE","FALSE","(object, model, data, fixed, random, groups, start,     correlation, weights, subset, method, na.action, naPattern,     control, verbose) ","nlme","NA","1.3.1","released",FALSE
"update.nlsList","closure","","TRUE","FALSE","(object, model, data, start, control, level, subset,     na.action, pool) ","nlme","NA","1.3.1","released",FALSE
"update.reStruct","closure","","TRUE","FALSE","(object, data) ","nlme","NA","1.3.1","released",FALSE
"update.varComb","closure","","TRUE","FALSE","(object, data) ","nlme","NA","1.3.1","released",FALSE
"update.varConstPower","closure","","TRUE","FALSE","(object, data) ","nlme","NA","1.3.1","released",FALSE
"update.varExp","closure","","TRUE","FALSE","(object, data) ","nlme","NA","1.3.1","released",FALSE
"update.varFunc","closure","","TRUE","FALSE","(object, data) ","nlme","NA","1.3.1","released",FALSE
"update.varPower","closure","","TRUE","FALSE","(object, data) ","nlme","NA","1.3.1","released",FALSE
"varComb","closure","","TRUE","FALSE","(...) ","nlme","NA","1.3.1","released",FALSE
"varConstPower","closure","","TRUE","FALSE","(const = numeric(0), power = numeric(0), form = ~fitted(.),     fixed = NULL) ","nlme","NA","1.3.1","released",FALSE
"varExp","closure","","TRUE","FALSE","(value = numeric(0), form = ~fitted(.), fixed = NULL) ","nlme","NA","1.3.1","released",FALSE
"varFixed","closure","","TRUE","FALSE","(value = ~1) ","nlme","NA","1.3.1","released",FALSE
"varFunc","closure","","TRUE","FALSE","(object) ","nlme","NA","1.3.1","released",FALSE
"varIdent","closure","","TRUE","FALSE","(value = numeric(0), form = ~1, fixed = NULL) ","nlme","NA","1.3.1","released",FALSE
"varPower","closure","","TRUE","FALSE","(value = numeric(0), form = ~fitted(.), fixed = NULL) ","nlme","NA","1.3.1","released",FALSE
"varWeights","closure","","TRUE","FALSE","(object) ","nlme","NA","1.3.1","released",FALSE
"varWeights.glsStruct","closure","","TRUE","FALSE","(object) ","nlme","NA","1.3.1","released",FALSE
"varWeights.lmeStruct","closure","","TRUE","FALSE","(object) ","nlme","NA","1.3.1","released",FALSE
"varWeights.varComb","closure","","TRUE","FALSE","(object) ","nlme","NA","1.3.1","released",FALSE
"varWeights.varFunc","closure","","TRUE","FALSE","(object) ","nlme","NA","1.3.1","released",FALSE
".First.lib","closure","","TRUE","FALSE","(lib, pkg) ","nls","NA","1.3.1","released", TRUE
"AIC.nls","closure","","TRUE","FALSE","(object, ..., k = 2) ","nls","NA","1.3.1","released",FALSE
"NLSstAsymptotic","closure","","TRUE","FALSE","(xy) ","nls","NA","1.3.1","released",FALSE
"NLSstAsymptotic.sortedXyData","closure","","TRUE","FALSE","(xy) ","nls","NA","1.3.1","released",FALSE
"NLSstClosestX","closure","","TRUE","FALSE","(xy, yval) ","nls","NA","1.3.1","released",FALSE
"NLSstClosestX.sortedXyData","closure","","TRUE","FALSE","(xy, yval) ","nls","NA","1.3.1","released",FALSE
"NLSstLfAsymptote","closure","","TRUE","FALSE","(xy) ","nls","NA","1.3.1","released",FALSE
"NLSstLfAsymptote.sortedXyData","closure","","TRUE","FALSE","(xy) ","nls","NA","1.3.1","released",FALSE
"NLSstRtAsymptote","closure","","TRUE","FALSE","(xy) ","nls","NA","1.3.1","released",FALSE
"NLSstRtAsymptote.sortedXyData","closure","","TRUE","FALSE","(xy) ","nls","NA","1.3.1","released",FALSE
"SSasymp","closure","selfStart","TRUE","FALSE","(input, Asym, R0, lrc) ","nls","NA","1.3.1","released",FALSE
"SSasympOff","closure","selfStart","TRUE","FALSE","(input, Asym, lrc, c0) ","nls","NA","1.3.1","released",FALSE
"SSasympOrig","closure","selfStart","TRUE","FALSE","(input, Asym, lrc) ","nls","NA","1.3.1","released",FALSE
"SSbiexp","closure","selfStart","TRUE","FALSE","(input, A1, lrc1, A2, lrc2) ","nls","NA","1.3.1","released",FALSE
"SSfol","closure","selfStart","TRUE","FALSE","(Dose, input, lKe, lKa, lCl) ","nls","NA","1.3.1","released",FALSE
"SSfpl","closure","selfStart","TRUE","FALSE","(input, A, B, xmid, scal) ","nls","NA","1.3.1","released",FALSE
"SSgompertz","closure","selfStart","TRUE","FALSE","(x, Asym, b2, b3) ","nls","NA","1.3.1","released",FALSE
"SSlogis","closure","selfStart","TRUE","FALSE","(input, Asym, xmid, scal) ","nls","NA","1.3.1","released",FALSE
"SSmicmen","closure","selfStart","TRUE","FALSE","(input, Vm, K) ","nls","NA","1.3.1","released",FALSE
"SSweibull","closure","selfStart","TRUE","FALSE","(x, Asym, Drop, lrc, pwr) ","nls","NA","1.3.1","released",FALSE
"anova.nls","closure","","TRUE","FALSE","(object, ...) ","nls","NA","1.3.1","released",FALSE
"anovalist.nls","closure","","TRUE","FALSE","(object, ..., test = NULL) ","nls","NA","1.3.1","released",FALSE
"asOneSidedFormula","closure","","TRUE","FALSE","(object) ","nls","NA","1.3.1","released",FALSE
"clearNames","closure","","TRUE","FALSE","(object) ","nls","NA","1.3.1","released",FALSE
"coef.nls","closure","","TRUE","FALSE","(x, ...) ","nls","NA","1.3.1","released",FALSE
"deviance.nls","closure","","TRUE","FALSE","(object, ...) ","nls","NA","1.3.1","released",FALSE
"df.residual.nls","closure","","TRUE","FALSE","(object, ...) ","nls","NA","1.3.1","released",FALSE
"fitted.nls","closure","","TRUE","FALSE","(object, ...) ","nls","NA","1.3.1","released",FALSE
"formula.nls","closure","","TRUE","FALSE","(object) ","nls","NA","1.3.1","released",FALSE
"getInitial","closure","","TRUE","FALSE","(object, data, ...) ","nls","NA","1.3.1","released",FALSE
"getInitial.default","closure","","TRUE","FALSE","(object, data, mCall, LHS = NULL, ...) ","nls","NA","1.3.1","released",FALSE
"getInitial.formula","closure","","TRUE","FALSE","(object, data, ...) ","nls","NA","1.3.1","released",FALSE
"getInitial.selfStart","closure","","TRUE","FALSE","(object, data, mCall, LHS = NULL, ...) ","nls","NA","1.3.1","released",FALSE
"logLik.nls","closure","","TRUE","FALSE","(object, REML = FALSE) ","nls","NA","1.3.1","released",FALSE
"nls","closure","","TRUE","FALSE","(formula, data = parent.frame(), start, control, algorithm = ""default"",     trace = FALSE, subset, weights, na.action) ","nls","NA","1.3.1","released",FALSE
"nls.control","closure","","TRUE","FALSE","(maxiter = 50, tol = 1e-05, minFactor = 1/1024) ","nls","NA","1.3.1","released",FALSE
"nlsModel","closure","","TRUE","FALSE","(form, data, start) ","nls","NA","1.3.1","released",FALSE
"nlsModel.plinear","closure","","TRUE","FALSE","(form, data, start) ","nls","NA","1.3.1","released",FALSE
"numericDeriv","closure","","TRUE","FALSE","(expr, theta, rho = parent.frame()) ","nls","NA","1.3.1","released",FALSE
"plot.profile.nls","closure","","TRUE","FALSE","(x, levels, conf = c(99, 95, 90, 80, 50)/100, nseg = 50,     absVal = TRUE, ...) ","nls","NA","1.3.1","released",FALSE
"predict.nls","closure","","TRUE","FALSE","(object, newdata, se.fit = FALSE, scale = NULL, df = Inf,     interval = c(""none"", ""confidence"", ""prediction""), level = 0.95,     ...) ","nls","NA","1.3.1","released",FALSE
"print.nls","closure","","TRUE","FALSE","(x, ...) ","nls","NA","1.3.1","released",FALSE
"print.summary.nls","closure","","TRUE","FALSE","(x, digits = max(3, getOption(""digits"") - 3), symbolic.cor = p >     4, signif.stars = getOption(""show.signif.stars""), ...) ","nls","NA","1.3.1","released",FALSE
"profile.nls","closure","","TRUE","FALSE","(fitted, which = 1:npar, maxpts = 100, alphamax = 0.01,     delta.t = cutoff/5) ","nls","NA","1.3.1","released",FALSE
"profiler","closure","","TRUE","FALSE","(fitted, ...) ","nls","NA","1.3.1","released",FALSE
"profiler.nls","closure","","TRUE","FALSE","(fitted, ...) ","nls","NA","1.3.1","released",FALSE
"residuals.nls","closure","","TRUE","FALSE","(object, type = c(""response"", ""pearson""), ...) ","nls","NA","1.3.1","released",FALSE
"selfStart","closure","","TRUE","FALSE","(model, initial, parameters, template) ","nls","NA","1.3.1","released",FALSE
"selfStart.default","closure","","TRUE","FALSE","(model, initial, parameters, template) ","nls","NA","1.3.1","released",FALSE
"selfStart.formula","closure","","TRUE","FALSE","(model, initial, parameters, template = NULL) ","nls","NA","1.3.1","released",FALSE
"setNames","closure","","TRUE","FALSE","(object, nm) ","nls","NA","1.3.1","released",FALSE
"sortedXyData","closure","","TRUE","FALSE","(x, y, data) ","nls","NA","1.3.1","released",FALSE
"sortedXyData.default","closure","","TRUE","FALSE","(x, y, data) ","nls","NA","1.3.1","released",FALSE
"summary.nls","closure","","TRUE","FALSE","(object, ...) ","nls","NA","1.3.1","released",FALSE
"weights.nls","closure","","TRUE","FALSE","(object, ...) ","nls","NA","1.3.1","released",FALSE
".First.lib","closure","","TRUE","FALSE","(lib, pkg) ","nnet","NA","1.3.1","released", TRUE
"add.net","closure","","TRUE","FALSE","(net, from, to) ","nnet","NA","1.3.1","released",FALSE
"add1.multinom","closure","","TRUE","FALSE","(object, scope, sorted = TRUE, trace = FALSE, ...) ","nnet","NA","1.3.1","released",FALSE
"anova.multinom","closure","","TRUE","FALSE","(object, ..., test = c(""Chisq"", ""none"")) ","nnet","NA","1.3.1","released",FALSE
"class.ind","closure","","TRUE","FALSE","(cl) ","nnet","NA","1.3.1","released",FALSE
"coef.multinom","closure","","TRUE","FALSE","(object, ...) ","nnet","NA","1.3.1","released",FALSE
"coef.nnet","closure","","TRUE","FALSE","(object, ...) ","nnet","NA","1.3.1","released",FALSE
"drop1.multinom","closure","","TRUE","FALSE","(object, scope, sorted = TRUE, trace = FALSE, ...) ","nnet","NA","1.3.1","released",FALSE
"eval.nn","closure","","TRUE","FALSE","(wts) ","nnet","NA","1.3.1","released",FALSE
"extractAIC.multinom","closure","","TRUE","FALSE","(fit, scale, k = 2, ...) ","nnet","NA","1.3.1","released",FALSE
"multinom","closure","","TRUE","FALSE","(formula, data = parent.frame(), weights, subset, na.action,     contrasts = NULL, Hess = FALSE, summ = 0, censored = FALSE,     ...) ","nnet","NA","1.3.1","released",FALSE
"nnet","closure","","TRUE","FALSE","(object, ...) ","nnet","NA","1.3.1","released",FALSE
"nnet.Hess","closure","","TRUE","FALSE","(net, x, y, weights) ","nnet","NA","1.3.1","released",FALSE
"nnet.default","closure","","TRUE","FALSE","(x, y, weights, size, Wts, mask = rep(TRUE, length(wts)),     linout = FALSE, entropy = FALSE, softmax = FALSE, censored = FALSE,     skip = FALSE, rang = 0.7, decay = 0, maxit = 100, Hess = FALSE,     trace = TRUE, MaxNWts = 1000, abstol = 1e-04, reltol = 1e-08,     ...) ","nnet","NA","1.3.1","released",FALSE
"nnet.formula","closure","","TRUE","FALSE","(formula, data = NULL, weights, ..., subset, na.action = na.fail,     contrasts = NULL) ","nnet","NA","1.3.1","released",FALSE
"norm.net","closure","","TRUE","FALSE","(net) ","nnet","NA","1.3.1","released",FALSE
"predict.multinom","closure","","TRUE","FALSE","(object, newdata, type = c(""class"", ""probs""), ...) ","nnet","NA","1.3.1","released",FALSE
"predict.nnet","closure","","TRUE","FALSE","(object, newdata, type = c(""raw"", ""class""), ...) ","nnet","NA","1.3.1","released",FALSE
"print.multinom","closure","","TRUE","FALSE","(x, ...) ","nnet","NA","1.3.1","released",FALSE
"print.nnet","closure","","TRUE","FALSE","(x, ...) ","nnet","NA","1.3.1","released",FALSE
"print.summary.multinom","closure","","TRUE","FALSE","(x, digits = x$digits, ...) ","nnet","NA","1.3.1","released",FALSE
"print.summary.nnet","closure","","TRUE","FALSE","(x, ...) ","nnet","NA","1.3.1","released",FALSE
"residuals.nnet","closure","","TRUE","FALSE","(object, ...) ","nnet","NA","1.3.1","released",FALSE
"summary.multinom","closure","","TRUE","FALSE","(object, correlation = TRUE, digits = options()$digits,     Wald.ratios = FALSE, ...) ","nnet","NA","1.3.1","released",FALSE
"summary.nnet","closure","","TRUE","FALSE","(object, ...) ","nnet","NA","1.3.1","released",FALSE
"vcov.multinom","closure","","TRUE","FALSE","(object) ","nnet","NA","1.3.1","released",FALSE
"which.is.max","closure","","TRUE","FALSE","(x) ","nnet","NA","1.3.1","released",FALSE
".First.lib","closure","","TRUE","FALSE","(lib, pkg) ","rpart","NA","1.3.1","released", TRUE
"formatg","closure","","TRUE","FALSE","(x, digits = unlist(options(""digits"")), format = paste(""%."",     digits, ""g"", sep = """")) ","rpart","NA","1.3.1","released",FALSE
"is.Surv","closure","","TRUE","FALSE","(x) ","rpart","NA","1.3.1","released",FALSE
"labels.rpart","closure","","TRUE","FALSE","(object, digits = 4, minlength = 1, pretty, collapse = TRUE,     ...) ","rpart","NA","1.3.1","released",FALSE
"meanvar","closure","","TRUE","FALSE","(tree, ...) ","rpart","NA","1.3.1","released",FALSE
"meanvar.rpart","closure","","TRUE","FALSE","(tree, xlab = ""ave(y)"", ylab = ""ave(deviance)"", ...) ","rpart","NA","1.3.1","released",FALSE
"model.frame.rpart","closure","","TRUE","FALSE","(formula, ...) ","rpart","NA","1.3.1","released",FALSE
"na.rpart","closure","","TRUE","FALSE","(x) ","rpart","NA","1.3.1","released",FALSE
"path.rpart","closure","","TRUE","FALSE","(tree, nodes, pretty = 0, print.it = TRUE) ","rpart","NA","1.3.1","released",FALSE
"plot.rpart","closure","","TRUE","FALSE","(x, uniform = FALSE, branch = 1, compress = FALSE, nspace,     margin = 0, minbranch = 0.3, ...) ","rpart","NA","1.3.1","released",FALSE
"plotcp","closure","","TRUE","FALSE","(x, minline = TRUE, lty = 3, col = 1, upper = c(""size"",     ""splits"", ""none""), ...) ","rpart","NA","1.3.1","released",FALSE
"post","closure","","TRUE","FALSE","(tree, ...) ","rpart","NA","1.3.1","released",FALSE
"post.rpart","closure","","TRUE","FALSE","(tree, title., filename = paste(deparse(substitute(tree)),     "".ps"", sep = """"), digits = getOption(""digits"") - 3, pretty = TRUE,     use.n = TRUE, horizontal = TRUE, ...) ","rpart","NA","1.3.1","released",FALSE
"pred.rpart","closure","","TRUE","FALSE","(fit, x) ","rpart","NA","1.3.1","released",FALSE
"predict.rpart","closure","","TRUE","FALSE","(object, newdata = list(), type = c(""vector"", ""prob"",     ""class"", ""matrix""), ...) ","rpart","NA","1.3.1","released",FALSE
"print.rpart","closure","","TRUE","FALSE","(x, minlength = 0, spaces = 2, cp, digits = getOption(""digits""),     ...) ","rpart","NA","1.3.1","released",FALSE
"printcp","closure","","TRUE","FALSE","(x, digits = getOption(""digits"") - 2) ","rpart","NA","1.3.1","released",FALSE
"prune","closure","","TRUE","FALSE","(tree, ...) ","rpart","NA","1.3.1","released",FALSE
"prune.rpart","closure","","TRUE","FALSE","(tree, cp, ...) ","rpart","NA","1.3.1","released",FALSE
"residuals.rpart","closure","","TRUE","FALSE","(object, type = c(""usual"", ""pearson"", ""deviance""), ...) ","rpart","NA","1.3.1","released",FALSE
"rpart","closure","","TRUE","FALSE","(formula, data = NULL, weights, subset, na.action = na.rpart,     method, model = FALSE, x = FALSE, y = TRUE, parms, control,     cost, ...) ","rpart","NA","1.3.1","released",FALSE
"rpart.anova","closure","","TRUE","FALSE","(y, offset, parms, wt) ","rpart","NA","1.3.1","released",FALSE
"rpart.branch","closure","","TRUE","FALSE","(x, y, node, branch) ","rpart","NA","1.3.1","released",FALSE
"rpart.class","closure","","TRUE","FALSE","(y, offset, parms, wt) ","rpart","NA","1.3.1","released",FALSE
"rpart.control","closure","","TRUE","FALSE","(minsplit = 20, minbucket = round(minsplit/3), cp = 0.01,     maxcompete = 4, maxsurrogate = 5, usesurrogate = 2, xval = 10,     surrogatestyle = 0, maxdepth = 30, ...) ","rpart","NA","1.3.1","released",FALSE
"rpart.exp","closure","","TRUE","FALSE","(y, offset, parms, wt) ","rpart","NA","1.3.1","released",FALSE
"rpart.matrix","closure","","TRUE","FALSE","(frame) ","rpart","NA","1.3.1","released",FALSE
"rpart.poisson","closure","","TRUE","FALSE","(y, offset, parms, wt) ","rpart","NA","1.3.1","released",FALSE
"rpartcallback","closure","","TRUE","FALSE","(mlist, nobs, init) ","rpart","NA","1.3.1","released",FALSE
"rpartco","closure","","TRUE","FALSE","(tree, parms = paste("".rpart.parms"", dev.cur(), sep = ""."")) ","rpart","NA","1.3.1","released",FALSE
"rpconvert","closure","","TRUE","FALSE","(x) ","rpart","NA","1.3.1","released",FALSE
"rsq.rpart","closure","","TRUE","FALSE","(x) ","rpart","NA","1.3.1","released",FALSE
"snip.rpart","closure","","TRUE","FALSE","(x, toss) ","rpart","NA","1.3.1","released",FALSE
"snip.rpart.mouse","closure","","TRUE","FALSE","(tree, parms = paste("".rpart.parms"", dev.cur(), sep = ""."")) ","rpart","NA","1.3.1","released",FALSE
"string.bounding.box","closure","","TRUE","FALSE","(s) ","rpart","NA","1.3.1","released",FALSE
"summary.rpart","closure","","TRUE","FALSE","(object, cp = 0, digits = getOption(""digits""), file,     ...) ","rpart","NA","1.3.1","released",FALSE
"text.rpart","closure","","TRUE","FALSE","(x, splits = TRUE, label = ""yval"", FUN = text, all = FALSE,     pretty = NULL, digits = getOption(""digits"") - 3, use.n = FALSE,     fancy = FALSE, fwidth = 0.8, fheight = 0.8, ...) ","rpart","NA","1.3.1","released",FALSE
"tree.depth","closure","","TRUE","FALSE","(nodes) ","rpart","NA","1.3.1","released",FALSE
"xpred.rpart","closure","","TRUE","FALSE","(fit, xval = 10, cp) ","rpart","NA","1.3.1","released",FALSE
".First.lib","closure","","TRUE","FALSE","(lib, pkg) ","spatial","NA","1.3.1","released", TRUE
".sp.lib.name","character","","TRUE","FALSE","NA","spatial","NA","1.3.1","released", TRUE
".spfmat","closure","","TRUE","FALSE","(x, y, np) ","spatial","NA","1.3.1","released", TRUE
".trval","closure","","TRUE","FALSE","(obj, x, y) ","spatial","NA","1.3.1","released", TRUE
"Kaver","closure","","TRUE","FALSE","(fs, nsim, ...) ","spatial","NA","1.3.1","released",FALSE
"Kenvl","closure","","TRUE","FALSE","(fs, nsim, ...) ","spatial","NA","1.3.1","released",FALSE
"Kfn","closure","","TRUE","FALSE","(pp, fs, k = 100) ","spatial","NA","1.3.1","released",FALSE
"Psim","closure","","TRUE","FALSE","(n) ","spatial","NA","1.3.1","released",FALSE
"SSI","closure","","TRUE","FALSE","(n, r) ","spatial","NA","1.3.1","released",FALSE
"Strauss","closure","","TRUE","FALSE","(n, c = 0, r) ","spatial","NA","1.3.1","released",FALSE
"anova.trls","closure","","TRUE","FALSE","(object, ...) ","spatial","NA","1.3.1","released",FALSE
"anovalist.trls","closure","","TRUE","FALSE","(object, ...) ","spatial","NA","1.3.1","released",FALSE
"correlogram","closure","","TRUE","FALSE","(krig, nint, plotit = TRUE, ...) ","spatial","NA","1.3.1","released",FALSE
"deviance.trls","closure","","TRUE","FALSE","(object, ...) ","spatial","NA","1.3.1","released",FALSE
"df.residual.trls","closure","","TRUE","FALSE","(object, ...) ","spatial","NA","1.3.1","released",FALSE
"expcov","closure","","TRUE","FALSE","(r, d, alpha = 0, se = 1) ","spatial","NA","1.3.1","released",FALSE
"extractAIC.trls","closure","","TRUE","FALSE","(fit, scale, k = 2, ...) ","spatial","NA","1.3.1","released",FALSE
"fitted.trls","closure","","TRUE","FALSE","(object, ...) ","spatial","NA","1.3.1","released",FALSE
"gaucov","closure","","TRUE","FALSE","(r, d, alpha = 0, se = 1) ","spatial","NA","1.3.1","released",FALSE
"plot.trls","closure","","TRUE","FALSE","(x, border = ""red"", col = NA, pch = 4, cex = 0.6, add = FALSE,     div = 8, ...) ","spatial","NA","1.3.1","released",FALSE
"ppgetregion","closure","","TRUE","FALSE","() ","spatial","NA","1.3.1","released",FALSE
"ppinit","closure","","TRUE","FALSE","(file) ","spatial","NA","1.3.1","released",FALSE
"pplik","closure","","TRUE","FALSE","(pp, R, ng = 50, trace = FALSE) ","spatial","NA","1.3.1","released",FALSE
"ppregion","closure","","TRUE","FALSE","(xl = 0, xu = 1, yl = 0, yu = 1) ","spatial","NA","1.3.1","released",FALSE
"predict.trls","closure","","TRUE","FALSE","(object, x, y, ...) ","spatial","NA","1.3.1","released",FALSE
"prmat","closure","","TRUE","FALSE","(obj, xl, xu, yl, yu, n) ","spatial","NA","1.3.1","released",FALSE
"residuals.trls","closure","","TRUE","FALSE","(object, ...) ","spatial","NA","1.3.1","released",FALSE
"semat","closure","","TRUE","FALSE","(obj, xl, xu, yl, yu, n, se) ","spatial","NA","1.3.1","released",FALSE
"sphercov","closure","","TRUE","FALSE","(r, d, alpha = 0, se = 1, D = 2) ","spatial","NA","1.3.1","released",FALSE
"summary.trls","closure","","TRUE","FALSE","(object, digits = max(3, getOption(""digits"") - 3), ...) ","spatial","NA","1.3.1","released",FALSE
"surf.gls","closure","","TRUE","FALSE","(np, covmod, x, y, z, nx = 1000, ...) ","spatial","NA","1.3.1","released",FALSE
"surf.ls","closure","","TRUE","FALSE","(np, x, y, z) ","spatial","NA","1.3.1","released",FALSE
"trls.influence","closure","","TRUE","FALSE","(object) ","spatial","NA","1.3.1","released",FALSE
"trmat","closure","","TRUE","FALSE","(obj, xl, xu, yl, yu, n) ","spatial","NA","1.3.1","released",FALSE
"variogram","closure","","TRUE","FALSE","(krig, nint, plotit = TRUE, ...) ","spatial","NA","1.3.1","released",FALSE
".First.lib","closure","","TRUE","FALSE","(lib, pkg) ","splines","NA","1.3.1","released", TRUE
"as.data.frame.xyVector","closure","","TRUE","FALSE","(object) ","splines","NA","1.3.1","released",FALSE
"as.polySpline","closure","","TRUE","FALSE","(object, ...) ","splines","NA","1.3.1","released",FALSE
"asVector","closure","","TRUE","FALSE","(object) ","splines","NA","1.3.1","released",FALSE
"asVector.xyVector","closure","","TRUE","FALSE","(object) ","splines","NA","1.3.1","released",FALSE
"backSpline","closure","","TRUE","FALSE","(object) ","splines","NA","1.3.1","released",FALSE
"backSpline.nbSpline","closure","","TRUE","FALSE","(object) ","splines","NA","1.3.1","released",FALSE
"backSpline.npolySpline","closure","","TRUE","FALSE","(object) ","splines","NA","1.3.1","released",FALSE
"bs","closure","","TRUE","FALSE","(x, df = NULL, knots = NULL, degree = 3, intercept = FALSE,     Boundary.knots = range(x)) ","splines","NA","1.3.1","released",FALSE
"interpSpline","closure","","TRUE","FALSE","(obj1, obj2, bSpline = FALSE, period = NULL, na.action = na.fail) ","splines","NA","1.3.1","released",FALSE
"interpSpline.default","closure","","TRUE","FALSE","(obj1, obj2, bSpline = FALSE, period = NULL, na.action = na.fail) ","splines","NA","1.3.1","released",FALSE
"interpSpline.formula","closure","","TRUE","FALSE","(obj1, obj2, bSpline = FALSE, period = NULL, na.action = na.fail) ","splines","NA","1.3.1","released",FALSE
"ns","closure","","TRUE","FALSE","(x, df = NULL, knots = NULL, intercept = FALSE, Boundary.knots = range(x)) ","splines","NA","1.3.1","released",FALSE
"periodicSpline","closure","","TRUE","FALSE","(obj1, obj2, knots, period = 2 * pi, ord = 4) ","splines","NA","1.3.1","released",FALSE
"periodicSpline.default","closure","","TRUE","FALSE","(obj1, obj2, knots, period = 2 * pi, ord = 4) ","splines","NA","1.3.1","released",FALSE
"periodicSpline.formula","closure","","TRUE","FALSE","(obj1, obj2, knots, period = 2 * pi, ord = 4) ","splines","NA","1.3.1","released",FALSE
"plot.spline","closure","","TRUE","FALSE","(x, ...) ","splines","NA","1.3.1","released",FALSE
"plot.xyVector","closure","","TRUE","FALSE","(x, ...) ","splines","NA","1.3.1","released",FALSE
"polySpline","closure","","TRUE","FALSE","(object, ...) ","splines","NA","1.3.1","released",FALSE
"polySpline.bSpline","closure","","TRUE","FALSE","(object, ...) ","splines","NA","1.3.1","released",FALSE
"polySpline.nbSpline","closure","","TRUE","FALSE","(object, ...) ","splines","NA","1.3.1","released",FALSE
"polySpline.pbSpline","closure","","TRUE","FALSE","(object, ...) ","splines","NA","1.3.1","released",FALSE
"polySpline.polySpline","closure","","TRUE","FALSE","(object, ...) ","splines","NA","1.3.1","released",FALSE
"predict.bSpline","closure","","TRUE","FALSE","(object, x, nseg = 50, deriv = 0) ","splines","NA","1.3.1","released",FALSE
"predict.bs","closure","","TRUE","FALSE","(object, newx, ...) ","splines","NA","1.3.1","released",FALSE
"predict.nbSpline","closure","","TRUE","FALSE","(object, x, nseg = 50, deriv = 0) ","splines","NA","1.3.1","released",FALSE
"predict.npolySpline","closure","","TRUE","FALSE","(object, x, nseg = 50, deriv = 0) ","splines","NA","1.3.1","released",FALSE
"predict.ns","closure","","TRUE","FALSE","(object, newx, ...) ","splines","NA","1.3.1","released",FALSE
"predict.pbSpline","closure","","TRUE","FALSE","(object, x, nseg = 50, deriv = 0) ","splines","NA","1.3.1","released",FALSE
"predict.polySpline","closure","","TRUE","FALSE","(object, x, nseg = 50, deriv = 0) ","splines","NA","1.3.1","released",FALSE
"predict.ppolySpline","closure","","TRUE","FALSE","(object, x, nseg = 50, deriv = 0) ","splines","NA","1.3.1","released",FALSE
"print.bSpline","closure","","TRUE","FALSE","(x, ...) ","splines","NA","1.3.1","released",FALSE
"print.polySpline","closure","","TRUE","FALSE","(x, ...) ","splines","NA","1.3.1","released",FALSE
"print.ppolySpline","closure","","TRUE","FALSE","(x, ...) ","splines","NA","1.3.1","released",FALSE
"spline.des","closure","","TRUE","FALSE","(knots, x, ord = 4, derivs = integer(length(x))) ","splines","NA","1.3.1","released",FALSE
"splineDesign","closure","","TRUE","FALSE","(knots, x, ord = 4, derivs = integer(nx)) ","splines","NA","1.3.1","released",FALSE
"splineKnots","closure","","TRUE","FALSE","(object) ","splines","NA","1.3.1","released",FALSE
"splineKnots.spline","closure","","TRUE","FALSE","(object) ","splines","NA","1.3.1","released",FALSE
"splineOrder","closure","","TRUE","FALSE","(object) ","splines","NA","1.3.1","released",FALSE
"splineOrder.bSpline","closure","","TRUE","FALSE","(object) ","splines","NA","1.3.1","released",FALSE
"splineOrder.polySpline","closure","","TRUE","FALSE","(object) ","splines","NA","1.3.1","released",FALSE
"xyVector","closure","","TRUE","FALSE","(x, y) ","splines","NA","1.3.1","released",FALSE
"ecdf","closure","","TRUE","FALSE","(x) ","stepfun","NA","1.3.1","released",FALSE
"is.stepfun","closure","","TRUE","FALSE","(x) ","stepfun","NA","1.3.1","released",FALSE
"knots","closure","","TRUE","FALSE","(Fn, ...) ","stepfun","NA","1.3.1","released",FALSE
"knots.stepfun","closure","","TRUE","FALSE","(Fn, ...) ","stepfun","NA","1.3.1","released",FALSE
"plot.ecdf","closure","","TRUE","FALSE","(..., verticals = FALSE, col.01line = ""gray70"") ","stepfun","NA","1.3.1","released",FALSE
"plot.stepfun","closure","","TRUE","FALSE","(Fn, xval, xlim, xlab = ""x"", ylab = ""f(x)"", main = NULL,     add = FALSE, verticals = TRUE, do.points = TRUE, pch = par(""pch""),     col.points = par(""col""), cex.points = par(""cex""), col.hor = par(""col""),     col.vert = par(""col""), lty = par(""lty""), lwd = par(""lwd""),     ...) ","stepfun","NA","1.3.1","released",FALSE
"print.ecdf","closure","","TRUE","FALSE","(Fn, digits = options(""digits"")[[1]] - 2, ...) ","stepfun","NA","1.3.1","released",FALSE
"print.stepfun","closure","","TRUE","FALSE","(Fn, digits = getOption(""digits"") - 2, ...) ","stepfun","NA","1.3.1","released",FALSE
"stepfun","closure","","TRUE","FALSE","(x, y, f = 0, ties = ""ordered"") ","stepfun","NA","1.3.1","released",FALSE
"summary.ecdf","closure","","TRUE","FALSE","(Fn, ...) ","stepfun","NA","1.3.1","released",FALSE
"summary.stepfun","closure","","TRUE","FALSE","(Fn) ","stepfun","NA","1.3.1","released",FALSE
".First.lib","closure","","TRUE","FALSE","(lib, pkg) ","survival","NA","1.3.1","released", TRUE
"Math.Surv","closure","","TRUE","FALSE","(...) ","survival","NA","1.3.1","released",FALSE
"Math.date","closure","","TRUE","FALSE","(...) ","survival","NA","1.3.1","released",FALSE
"Math.ratetable","closure","","TRUE","FALSE","(x, ...) ","survival","NA","1.3.1","released",FALSE
"Ops.Surv","closure","","TRUE","FALSE","(...) ","survival","NA","1.3.1","released",FALSE
"Ops.date","closure","","TRUE","FALSE","(e1, e2) ","survival","NA","1.3.1","released",FALSE
"Ops.ratetable","closure","","TRUE","FALSE","(e1, e2) ","survival","NA","1.3.1","released",FALSE
"Summary.Surv","closure","","TRUE","FALSE","(...) ","survival","NA","1.3.1","released",FALSE
"Summary.date","closure","","TRUE","FALSE","(..., na.rm = FALSE) ","survival","NA","1.3.1","released",FALSE
"Surv","closure","","TRUE","FALSE","(time, time2, event, type = c(""right"", ""left"", ""interval"",     ""counting"", ""interval2""), origin = 0) ","survival","NA","1.3.1","released",FALSE
"[.Surv","closure","","TRUE","FALSE","(x, i, j, drop = F) ","survival","NA","1.3.1","released",FALSE
"[.cox.zph","closure","","TRUE","FALSE","(x, ..., drop = F) ","survival","NA","1.3.1","released",FALSE
"[.coxph.penalty","closure","","TRUE","FALSE","(x, ..., drop = F) ","survival","NA","1.3.1","released",FALSE
"[.date","closure","","TRUE","FALSE","(x, ..., drop = TRUE) ","survival","NA","1.3.1","released",FALSE
"[.ratetable","closure","","TRUE","FALSE","(x, ..., drop = T) ","survival","NA","1.3.1","released",FALSE
"[.ratetable2","closure","","TRUE","FALSE","(x, rows, cols, drop = F) ","survival","NA","1.3.1","released",FALSE
"[.survfit","closure","","TRUE","FALSE","(fit, ..., drop = FALSE) ","survival","NA","1.3.1","released",FALSE
"[.tcut","closure","","TRUE","FALSE","(x, ..., drop = F) ","survival","NA","1.3.1","released",FALSE
"[.terms","closure","","TRUE","FALSE","(termobj, i) ","survival","NA","1.3.1","released",FALSE
"[[.date","closure","","TRUE","FALSE","(x, ..., drop = TRUE) ","survival","NA","1.3.1","released",FALSE
"agexact.fit","closure","","TRUE","FALSE","(x, y, strata, offset, init, control, weights, method,     rownames) ","survival","NA","1.3.1","released",FALSE
"agreg.fit","closure","","TRUE","FALSE","(x, y, strata, offset, init, control, weights, method,     rownames) ","survival","NA","1.3.1","released",FALSE
"anova.survreg","closure","","TRUE","FALSE","(object, ..., test = c(""Chisq"", ""none"")) ","survival","NA","1.3.1","released",FALSE
"anova.survreglist","closure","","TRUE","FALSE","(object, ..., test = c(""Chisq"", ""none"")) ","survival","NA","1.3.1","released",FALSE
"as.character.Surv","closure","","TRUE","FALSE","(xx) ","survival","NA","1.3.1","released",FALSE
"as.character.date","closure","","TRUE","FALSE","(x) ","survival","NA","1.3.1","released",FALSE
"as.data.frame.Surv","closure","","TRUE","FALSE","(x, row.names = NULL, optional = FALSE) ","survival","NA","1.3.1","released",FALSE
"as.data.frame.date","closure","","TRUE","FALSE","(x, row.names = NULL, optional = FALSE) ","survival","NA","1.3.1","released",FALSE
"as.data.frame.difftime","closure","","TRUE","FALSE","(x, row.names = NULL, optional = FALSE) ","survival","NA","1.3.1","released",FALSE
"as.date","closure","","TRUE","FALSE","(x, order = ""mdy"", ...) ","survival","NA","1.3.1","released",FALSE
"as.matrix.ratetable","closure","","TRUE","FALSE","(x) ","survival","NA","1.3.1","released",FALSE
"as.vector.date","closure","","TRUE","FALSE","(x, type = ""any"") ","survival","NA","1.3.1","released",FALSE
"attrassign","closure","","TRUE","FALSE","(object, ...) ","survival","NA","1.3.1","released",FALSE
"attrassign.default","closure","","TRUE","FALSE","(mmat, tt) ","survival","NA","1.3.1","released",FALSE
"attrassign.lm","closure","","TRUE","FALSE","(lmobj) ","survival","NA","1.3.1","released",FALSE
"basehaz","closure","","TRUE","FALSE","(fit, centered = TRUE) ","survival","NA","1.3.1","released",FALSE
"clogit","closure","","TRUE","FALSE","(formula, data, method = c(""exact"", ""approximate""),     na.action = getOption(""na.action""), subset = NULL) ","survival","NA","1.3.1","released",FALSE
"cluster","closure","","TRUE","FALSE","(x) ","survival","NA","1.3.1","released",FALSE
"cox.zph","closure","","TRUE","FALSE","(fit, transform = ""km"", global = T) ","survival","NA","1.3.1","released",FALSE
"coxpenal.df","closure","","TRUE","FALSE","(hmat, hinv, fdiag, assign.list, ptype, nvar, pen1,     pen2, sparse) ","survival","NA","1.3.1","released",FALSE
"coxpenal.fit","closure","","TRUE","FALSE","(x, y, strata, offset, init, control, weights, method,     rownames, pcols, pattr, assign) ","survival","NA","1.3.1","released",FALSE
"coxph","closure","","TRUE","FALSE","(formula = formula(data), data = sys.frame(sys.parent()),     weights, subset, na.action, init, control, method = c(""efron"",         ""breslow"", ""exact""), singular.ok = T, robust = F, model = F,     x = F, y = T, ...) ","survival","NA","1.3.1","released",FALSE
"coxph.control","closure","","TRUE","FALSE","(eps = 1e-04, toler.chol = .Machine$double.eps^0.75,     iter.max = 10, toler.inf = sqrt(eps), outer.max = 10) ","survival","NA","1.3.1","released",FALSE
"coxph.detail","closure","","TRUE","FALSE","(object) ","survival","NA","1.3.1","released",FALSE
"coxph.fit","closure","","TRUE","FALSE","(x, y, strata, offset, init, control, weights, method,     rownames) ","survival","NA","1.3.1","released",FALSE
"coxph.getdata","closure","","TRUE","FALSE","(fit, y = T, x = T, stratax = T, offset = F) ","survival","NA","1.3.1","released",FALSE
"coxph.wtest","closure","","TRUE","FALSE","(var, b, toler.chol = 1e-09) ","survival","NA","1.3.1","released",FALSE
"date.ddmmmyy","closure","","TRUE","FALSE","(sdate) ","survival","NA","1.3.1","released",FALSE
"date.mdy","closure","","TRUE","FALSE","(sdate, weekday = FALSE) ","survival","NA","1.3.1","released",FALSE
"date.mmddyy","closure","","TRUE","FALSE","(sdate, sep = ""/"") ","survival","NA","1.3.1","released",FALSE
"date.mmddyyyy","closure","","TRUE","FALSE","(sdate, sep = ""/"") ","survival","NA","1.3.1","released",FALSE
"format.Surv","closure","","TRUE","FALSE","(x, ...) ","survival","NA","1.3.1","released",FALSE
"frailty","closure","","TRUE","FALSE","(x, distribution = ""gamma"", ...) ","survival","NA","1.3.1","released",FALSE
"frailty.brent","closure","","TRUE","FALSE","(x, y, lower, upper) ","survival","NA","1.3.1","released",FALSE
"frailty.controlaic","closure","","TRUE","FALSE","(parms, iter, old, n, df, loglik) ","survival","NA","1.3.1","released",FALSE
"frailty.controldf","closure","","TRUE","FALSE","(parms, iter, old, df) ","survival","NA","1.3.1","released",FALSE
"frailty.controlgam","closure","","TRUE","FALSE","(opt, iter, old, group, status, loglik) ","survival","NA","1.3.1","released",FALSE
"frailty.controlgauss","closure","","TRUE","FALSE","(opt, iter, old, fcoef, trH, loglik) ","survival","NA","1.3.1","released",FALSE
"frailty.gamma","closure","","TRUE","FALSE","(x, sparse = (nclass > 5), theta, df, eps = 1e-05, method = c(""em"",     ""aic"", ""df"", ""fixed""), ...) ","survival","NA","1.3.1","released",FALSE
"frailty.gammacon","closure","","TRUE","FALSE","(d, nu) ","survival","NA","1.3.1","released",FALSE
"frailty.gaussian","closure","","TRUE","FALSE","(x, sparse = (nclass > 5), theta, df, method = c(""reml"",     ""aic"", ""df"", ""fixed""), ...) ","survival","NA","1.3.1","released",FALSE
"frailty.t","closure","","TRUE","FALSE","(x, sparse = (nclass > 5), theta, df, eps = 1e-05, tdf = 5,     method = c(""aic"", ""df"", ""fixed""), ...) ","survival","NA","1.3.1","released",FALSE
"is.Surv","closure","","TRUE","FALSE","(x) ","survival","NA","1.3.1","released",FALSE
"is.category","closure","","TRUE","FALSE","(x) ","survival","NA","1.3.1","released",FALSE
"is.date","closure","","TRUE","FALSE","(x) ","survival","NA","1.3.1","released",FALSE
"is.na.Surv","closure","","TRUE","FALSE","(x) ","survival","NA","1.3.1","released",FALSE
"is.na.coxph.penalty","closure","","TRUE","FALSE","(x) ","survival","NA","1.3.1","released",FALSE
"is.na.date","closure","","TRUE","FALSE","(x) ","survival","NA","1.3.1","released",FALSE
"is.na.ratetable","closure","","TRUE","FALSE","(x) ","survival","NA","1.3.1","released",FALSE
"is.na.ratetable2","closure","","TRUE","FALSE","(x) ","survival","NA","1.3.1","released",FALSE
"is.ratetable","closure","","TRUE","FALSE","(x, verbose = F) ","survival","NA","1.3.1","released",FALSE
"labels.survreg","closure","","TRUE","FALSE","(x, ...) ","survival","NA","1.3.1","released",FALSE
"lines.survfit","closure","","TRUE","FALSE","(x, type = ""s"", mark = 3, col = 1, lty = 1, lwd = 1,     mark.time = T, xscale = 1, firstx = 0, firsty = 1, xmax,     fun, conf.int = F, ...) ","survival","NA","1.3.1","released",FALSE
"match.ratetable","closure","","TRUE","FALSE","(R, ratetable) ","survival","NA","1.3.1","released",FALSE
"mdy.date","closure","","TRUE","FALSE","(month, day, year, nineteen = TRUE, fillday = FALSE,     fillmonth = FALSE) ","survival","NA","1.3.1","released",FALSE
"model.frame.coxph","closure","","TRUE","FALSE","(object, ...) ","survival","NA","1.3.1","released",FALSE
"model.frame.survreg","closure","","TRUE","FALSE","(object, ...) ","survival","NA","1.3.1","released",FALSE
"model.newframe","closure","","TRUE","FALSE","(object, newdata, safe = F, response = F, ...) ","survival","NA","1.3.1","released",FALSE
"plot.cox.zph","closure","","TRUE","FALSE","(x, resid = T, se = T, df = 4, nsmo = 40, var, ...) ","survival","NA","1.3.1","released",FALSE
"plot.date","closure","","TRUE","FALSE","(x, y, ..., axes, xaxt, xlab, ylab, xlim = range(x,     na.rm = TRUE), ylim = range(y, na.rm = TRUE)) ","survival","NA","1.3.1","released",FALSE
"plot.survfit","closure","","TRUE","FALSE","(x, conf.int, mark.time = T, mark = 3, col = 1, lty = 1,     lwd = 1, cex = 1, log = F, xscale = 1, yscale = 1, firstx = 0,     firsty = 1, xmax, ymin = 0, fun, xlab = """", ylab = """", xaxs = ""S"",     legend.text = NULL, legend.pos = 0, legend.bty = ""n"", ...) ","survival","NA","1.3.1","released",FALSE
"points.survfit","closure","","TRUE","FALSE","(object, ...) ","survival","NA","1.3.1","released",FALSE
"predict.coxph","closure","","TRUE","FALSE","(object, newdata, type = c(""lp"", ""risk"", ""expected"",     ""terms""), se.fit = F, terms = names(object$assign), collapse,     safe = F, ...) ","survival","NA","1.3.1","released",FALSE
"predict.coxph.penal","closure","","TRUE","FALSE","(object, newdata, type = c(""lp"", ""risk"", ""expected"",     ""terms""), se.fit = FALSE, terms = names(object$assign), collapse,     safe = FALSE, ...) ","survival","NA","1.3.1","released",FALSE
"predict.survreg","closure","","TRUE","FALSE","(object, newdata, type = c(""response"", ""link"", ""lp"",     ""linear"", ""terms"", ""quantile"", ""uquantile""), se.fit = F,     terms = NULL, p = c(0.1, 0.9)) ","survival","NA","1.3.1","released",FALSE
"predict.survreg.penal","closure","","TRUE","FALSE","(object, ...) ","survival","NA","1.3.1","released",FALSE
"print.Surv","closure","","TRUE","FALSE","(xx, quote = F, ...) ","survival","NA","1.3.1","released",FALSE
"print.cox.zph","closure","","TRUE","FALSE","(x, digits = max(options()$digits - 4, 3)) ","survival","NA","1.3.1","released",FALSE
"print.coxph","closure","","TRUE","FALSE","(x, digits = max(options()$digits - 4, 3), ...) ","survival","NA","1.3.1","released",FALSE
"print.coxph.null","closure","","TRUE","FALSE","(x, digits = max(options()$digits - 4, 3), ...) ","survival","NA","1.3.1","released",FALSE
"print.coxph.penal","closure","","TRUE","FALSE","(x, terms = F, maxlabel = 25, digits = max(options()$digits -     4, 3), ...) ","survival","NA","1.3.1","released",FALSE
"print.date","closure","","TRUE","FALSE","(x, quote, prefix) ","survival","NA","1.3.1","released",FALSE
"print.ratetable","closure","","TRUE","FALSE","(x, ...) ","survival","NA","1.3.1","released",FALSE
"print.summary.survfit","closure","","TRUE","FALSE","(x, digits = max(options()$digits - 4, 3), ...) ","survival","NA","1.3.1","released",FALSE
"print.summary.survreg","closure","","TRUE","FALSE","(x, digits = max(options()$digits - 4, 3), ...) ","survival","NA","1.3.1","released",FALSE
"print.survdiff","closure","","TRUE","FALSE","(x, digits = max(options()$digits - 4, 3), ...) ","survival","NA","1.3.1","released",FALSE
"print.survexp","closure","","TRUE","FALSE","(x, scale = 1, digits = max(options()$digits - 4, 3),     naprint = F, ...) ","survival","NA","1.3.1","released",FALSE
"print.survfit","closure","","TRUE","FALSE","(x, scale = 1, digits = max(options()$digits - 4, 3),     print.n = getOption(""survfit.print.n""), ...) ","survival","NA","1.3.1","released",FALSE
"print.survreg","closure","","TRUE","FALSE","(x, ...) ","survival","NA","1.3.1","released",FALSE
"print.survreg.penal","closure","","TRUE","FALSE","(x, terms = F, maxlabel = 25, digits = max(options()$digits -     4, 3), ...) ","survival","NA","1.3.1","released",FALSE
"pspline","closure","","TRUE","FALSE","(x, df = 4, theta, nterm = 2.5 * df, degree = 3, eps = 0.1,     method, ...) ","survival","NA","1.3.1","released",FALSE
"pyears","closure","","TRUE","FALSE","(formula = formula(data), data = sys.frame(sys.parent()),     weights, subset, na.action, ratetable = survexp.us, scale = 365.25,     expect = c(""event"", ""pyears""), model = F, x = F, y = F) ","survival","NA","1.3.1","released",FALSE
"ratetable","closure","","TRUE","FALSE","(...) ","survival","NA","1.3.1","released",FALSE
"residuals.coxph","closure","","TRUE","FALSE","(object, type = c(""martingale"", ""deviance"", ""score"",     ""schoenfeld"", ""dfbeta"", ""dfbetas"", ""scaledsch"", ""partial""),     collapse = F, weighted = F) ","survival","NA","1.3.1","released",FALSE
"residuals.coxph.null","closure","","TRUE","FALSE","(object, type = c(""martingale"", ""deviance"", ""score"",     ""schoenfeld""), ...) ","survival","NA","1.3.1","released",FALSE
"residuals.coxph.penal","closure","","TRUE","FALSE","(object, type = c(""martingale"", ""deviance"", ""score"",     ""schoenfeld"", ""dfbeta"", ""dfbetas"", ""scaledsch"", ""partial""),     collapse = F, weighted = F) ","survival","NA","1.3.1","released",FALSE
"residuals.survreg","closure","","TRUE","FALSE","(object, type = c(""response"", ""deviance"", ""dfbeta"",     ""dfbetas"", ""working"", ""ldcase"", ""ldresp"", ""ldshape"", ""matrix""),     rsigma = T, collapse = F, weighted = F) ","survival","NA","1.3.1","released",FALSE
"residuals.survreg.penal","closure","","TRUE","FALSE","(object, ...) ","survival","NA","1.3.1","released",FALSE
"ridge","closure","","TRUE","FALSE","(..., theta, df = nvar/2, eps = 0.1, scale = T) ","survival","NA","1.3.1","released",FALSE
"strata","closure","","TRUE","FALSE","(..., na.group = F, shortlabel = F) ","survival","NA","1.3.1","released",FALSE
"summary.coxph","closure","","TRUE","FALSE","(cox, table = TRUE, coef = TRUE, conf.int = 0.95, scale = 1,     digits = max(options()$digits - 4, 3)) ","survival","NA","1.3.1","released",FALSE
"summary.coxph.penal","closure","","TRUE","FALSE","(object, conf.int = 0.95, scale = 1, terms = F, maxlabel = 25,     digits = max(options()$digits - 4, 3)) ","survival","NA","1.3.1","released",FALSE
"summary.date","closure","","TRUE","FALSE","(object, ...) ","survival","NA","1.3.1","released",FALSE
"summary.ratetable","closure","","TRUE","FALSE","(rtable, ...) ","survival","NA","1.3.1","released",FALSE
"summary.survfit","closure","","TRUE","FALSE","(fit, times, censored = F, scale = 1, extend = F, ...) ","survival","NA","1.3.1","released",FALSE
"summary.survreg","closure","","TRUE","FALSE","(object, correlation = FALSE) ","survival","NA","1.3.1","released",FALSE
"survdiff","closure","","TRUE","FALSE","(formula, data, subset, na.action, rho = 0) ","survival","NA","1.3.1","released",FALSE
"survdiff.fit","closure","","TRUE","FALSE","(y, x, strat, rho = 0) ","survival","NA","1.3.1","released",FALSE
"survexp","closure","","TRUE","FALSE","(formula = formula(data), data = parent.frame(), weights,     subset, na.action, times, cohort = T, conditional = F, ratetable = survexp.us,     scale = 1, npoints, se.fit, model = F, x = F, y = F) ","survival","NA","1.3.1","released",FALSE
"survexp.cfit","closure","","TRUE","FALSE","(x, y, death, individual, cox, se.fit, method) ","survival","NA","1.3.1","released",FALSE
"survexp.fit","closure","","TRUE","FALSE","(x, y, times, death, ratetable) ","survival","NA","1.3.1","released",FALSE
"survfit","closure","","TRUE","FALSE","(formula, data, weights, subset, na.action, ...) ","survival","NA","1.3.1","released",FALSE
"survfit.coxph","closure","","TRUE","FALSE","(object, newdata, se.fit = T, conf.int = 0.95, individual = F,     type, vartype, conf.type = c(""log"", ""log-log"", ""plain"", ""none""),     call = match.call()) ","survival","NA","1.3.1","released",FALSE
"survfit.coxph.null","closure","","TRUE","FALSE","(object, newdata, se.fit = T, conf.int = 0.95, individual = F,     type, vartype, conf.type = c(""log"", ""log-log"", ""plain"", ""none""),     ...) ","survival","NA","1.3.1","released",FALSE
"survfit.km","closure","","TRUE","FALSE","(x, y, casewt = rep(1, n), type = c(""kaplan-meier"",     ""fleming-harrington"", ""fh2""), error = c(""greenwood"", ""tsiatis""),     se.fit = T, conf.int = 0.95, conf.type = c(""log"", ""log-log"",         ""plain"", ""none""), conf.lower = c(""usual"", ""peto"", ""modified""),     new.start) ","survival","NA","1.3.1","released",FALSE
"survobrien","closure","","TRUE","FALSE","(formula, data = sys.frame(sys.parent())) ","survival","NA","1.3.1","released",FALSE
"survpenal.fit","closure","","TRUE","FALSE","(x, y, weights, offset, init, controlvals, dist, scale = 0,     nstrat = 1, strata, pcols, pattr, assign, parms = NULL) ","survival","NA","1.3.1","released",FALSE
"survreg","closure","","TRUE","FALSE","(formula = formula(data), data = parent.frame(), weights,     subset, na.action, dist = ""weibull"", init = NULL, scale = 0,     control = survreg.control(), parms = NULL, model = FALSE,     x = FALSE, y = TRUE, ...) ","survival","NA","1.3.1","released",FALSE
"survreg.control","closure","","TRUE","FALSE","(maxiter = 30, rel.tolerance = 1e-05, failure = 1, toler.chol = 1e-10,     iter.max, debug = 0, outer.max = 10) ","survival","NA","1.3.1","released",FALSE
"survreg.distributions","list","","TRUE","FALSE","NA","survival","NA","1.3.1","released",FALSE
"survreg.fit","closure","","TRUE","FALSE","(x, y, weights, offset, init, controlvals, dist, scale = 0,     nstrat = 1, strata, parms = NULL) ","survival","NA","1.3.1","released",FALSE
"survreg.old","closure","","TRUE","FALSE","(formula, data = sys.frame(sys.parent()), ..., link = ""log"",     dist = c(""extreme"", ""logistic"", ""gaussian"", ""exponential"",         ""rayleigh"", ""weibull""), fixed = list()) ","survival","NA","1.3.1","released",FALSE
"tcut","closure","","TRUE","FALSE","(x, breaks, labels, scale = 1) ","survival","NA","1.3.1","released",FALSE
"untangle.specials","closure","","TRUE","FALSE","(tt, special, order = 1) ","survival","NA","1.3.1","released",FALSE
"$.tclvar","closure","","TRUE","FALSE","(x, name) ","tcltk","NA","1.3.1","released",FALSE
"$<-.tclvar","closure","","TRUE","FALSE","(x, name, value) ","tcltk","NA","1.3.1","released",FALSE
".First.lib","closure","","TRUE","FALSE","(lib, pkg) ","tcltk","NA","1.3.1","released", TRUE
".Last.lib","closure","","TRUE","FALSE","(libpath) ","tcltk","NA","1.3.1","released", TRUE
".Tcl","closure","","TRUE","FALSE","(...) ","tcltk","NA","1.3.1","released", TRUE
".Tcl.args","closure","","TRUE","FALSE","(...) ","tcltk","NA","1.3.1","released", TRUE
".Tcl.callback","closure","","TRUE","FALSE","(...) ","tcltk","NA","1.3.1","released", TRUE
".Tk.ID","closure","","TRUE","FALSE","(win) ","tcltk","NA","1.3.1","released", TRUE
".Tk.newwin","closure","","TRUE","FALSE","(ID) ","tcltk","NA","1.3.1","released", TRUE
".Tk.subwin","closure","","TRUE","FALSE","(parent) ","tcltk","NA","1.3.1","released", TRUE
".TkRoot","list","tkwin","TRUE","FALSE","NA","tcltk","NA","1.3.1","released", TRUE
"addTclPath","closure","","TRUE","FALSE","(path = ""."") ","tcltk","NA","1.3.1","released",FALSE
"is.tkwin","closure","","TRUE","FALSE","(x) ","tcltk","NA","1.3.1","released",FALSE
"tclRequire","closure","","TRUE","FALSE","(package, warn = TRUE) ","tcltk","NA","1.3.1","released",FALSE
"tclvar","list","tclvar","TRUE","FALSE","NA","tcltk","NA","1.3.1","released",FALSE
"tkXselection.clear","closure","","TRUE","FALSE","(...) ","tcltk","NA","1.3.1","released",FALSE
"tkXselection.get","closure","","TRUE","FALSE","(...) ","tcltk","NA","1.3.1","released",FALSE
"tkXselection.handle","closure","","TRUE","FALSE","(...) ","tcltk","NA","1.3.1","released",FALSE
"tkXselection.own","closure","","TRUE","FALSE","(...) ","tcltk","NA","1.3.1","released",FALSE
"tkactivate","closure","","TRUE","FALSE","(widget, ...) ","tcltk","NA","1.3.1","released",FALSE
"tkadd","closure","","TRUE","FALSE","(widget, ...) ","tcltk","NA","1.3.1","released",FALSE
"tkaddtag","closure","","TRUE","FALSE","(widget, ...) ","tcltk","NA","1.3.1","released",FALSE
"tkbbox","closure","","TRUE","FALSE","(widget, ...) ","tcltk","NA","1.3.1","released",FALSE
"tkbell","closure","","TRUE","FALSE","(...) ","tcltk","NA","1.3.1","released",FALSE
"tkbind","closure","","TRUE","FALSE","(...) ","tcltk","NA","1.3.1","released",FALSE
"tkbindtags","closure","","TRUE","FALSE","(...) ","tcltk","NA","1.3.1","released",FALSE
"tkbutton","closure","","TRUE","FALSE","(parent, ...) ","tcltk","NA","1.3.1","released",FALSE
"tkcanvas","closure","","TRUE","FALSE","(parent, ...) ","tcltk","NA","1.3.1","released",FALSE
"tkcanvasx","closure","","TRUE","FALSE","(widget, ...) ","tcltk","NA","1.3.1","released",FALSE
"tkcanvasy","closure","","TRUE","FALSE","(widget, ...) ","tcltk","NA","1.3.1","released",FALSE
"tkcget","closure","","TRUE","FALSE","(widget, ...) ","tcltk","NA","1.3.1","released",FALSE
"tkcheckbutton","closure","","TRUE","FALSE","(parent, ...) ","tcltk","NA","1.3.1","released",FALSE
"tkclipboard.append","closure","","TRUE","FALSE","(...) ","tcltk","NA","1.3.1","released",FALSE
"tkclipboard.clear","closure","","TRUE","FALSE","(...) ","tcltk","NA","1.3.1","released",FALSE
"tkcmd","closure","","TRUE","FALSE","(...) ","tcltk","NA","1.3.1","released",FALSE
"tkcompare","closure","","TRUE","FALSE","(widget, ...) ","tcltk","NA","1.3.1","released",FALSE
"tkconfigure","closure","","TRUE","FALSE","(widget, ...) ","tcltk","NA","1.3.1","released",FALSE
"tkcoords","closure","","TRUE","FALSE","(widget, ...) ","tcltk","NA","1.3.1","released",FALSE
"tkcreate","closure","","TRUE","FALSE","(widget, ...) ","tcltk","NA","1.3.1","released",FALSE
"tkcurselection","closure","","TRUE","FALSE","(widget, ...) ","tcltk","NA","1.3.1","released",FALSE
"tkdchars","closure","","TRUE","FALSE","(widget, ...) ","tcltk","NA","1.3.1","released",FALSE
"tkdebug","closure","","TRUE","FALSE","(widget, ...) ","tcltk","NA","1.3.1","released",FALSE
"tkdelete","closure","","TRUE","FALSE","(widget, ...) ","tcltk","NA","1.3.1","released",FALSE
"tkdelta","closure","","TRUE","FALSE","(widget, ...) ","tcltk","NA","1.3.1","released",FALSE
"tkdeselect","closure","","TRUE","FALSE","(widget, ...) ","tcltk","NA","1.3.1","released",FALSE
"tkdestroy","closure","","TRUE","FALSE","(win) ","tcltk","NA","1.3.1","released",FALSE
"tkdlineinfo","closure","","TRUE","FALSE","(widget, ...) ","tcltk","NA","1.3.1","released",FALSE
"tkdtag","closure","","TRUE","FALSE","(widget, ...) ","tcltk","NA","1.3.1","released",FALSE
"tkdump","closure","","TRUE","FALSE","(widget, ...) ","tcltk","NA","1.3.1","released",FALSE
"tkentry","closure","","TRUE","FALSE","(parent, ...) ","tcltk","NA","1.3.1","released",FALSE
"tkentrycget","closure","","TRUE","FALSE","(widget, ...) ","tcltk","NA","1.3.1","released",FALSE
"tkentryconfigure","closure","","TRUE","FALSE","(widget, ...) ","tcltk","NA","1.3.1","released",FALSE
"tkevent.add","closure","","TRUE","FALSE","(...) ","tcltk","NA","1.3.1","released",FALSE
"tkevent.delete","closure","","TRUE","FALSE","(...) ","tcltk","NA","1.3.1","released",FALSE
"tkevent.generate","closure","","TRUE","FALSE","(...) ","tcltk","NA","1.3.1","released",FALSE
"tkevent.info","closure","","TRUE","FALSE","(...) ","tcltk","NA","1.3.1","released",FALSE
"tkfind","closure","","TRUE","FALSE","(widget, ...) ","tcltk","NA","1.3.1","released",FALSE
"tkflash","closure","","TRUE","FALSE","(widget, ...) ","tcltk","NA","1.3.1","released",FALSE
"tkfocus","closure","","TRUE","FALSE","(...) ","tcltk","NA","1.3.1","released",FALSE
"tkfont.actual","closure","","TRUE","FALSE","(...) ","tcltk","NA","1.3.1","released",FALSE
"tkfont.configure","closure","","TRUE","FALSE","(...) ","tcltk","NA","1.3.1","released",FALSE
"tkfont.create","closure","","TRUE","FALSE","(...) ","tcltk","NA","1.3.1","released",FALSE
"tkfont.delete","closure","","TRUE","FALSE","(...) ","tcltk","NA","1.3.1","released",FALSE
"tkfont.families","closure","","TRUE","FALSE","(...) ","tcltk","NA","1.3.1","released",FALSE
"tkfont.measure","closure","","TRUE","FALSE","(...) ","tcltk","NA","1.3.1","released",FALSE
"tkfont.metrics","closure","","TRUE","FALSE","(...) ","tcltk","NA","1.3.1","released",FALSE
"tkfont.names","closure","","TRUE","FALSE","(...) ","tcltk","NA","1.3.1","released",FALSE
"tkfraction","closure","","TRUE","FALSE","(widget, ...) ","tcltk","NA","1.3.1","released",FALSE
"tkframe","closure","","TRUE","FALSE","(parent, ...) ","tcltk","NA","1.3.1","released",FALSE
"tkget","closure","","TRUE","FALSE","(widget, ...) ","tcltk","NA","1.3.1","released",FALSE
"tkgettags","closure","","TRUE","FALSE","(widget, ...) ","tcltk","NA","1.3.1","released",FALSE
"tkgrab","closure","","TRUE","FALSE","(...) ","tcltk","NA","1.3.1","released",FALSE
"tkgrab.current","closure","","TRUE","FALSE","(...) ","tcltk","NA","1.3.1","released",FALSE
"tkgrab.release","closure","","TRUE","FALSE","(...) ","tcltk","NA","1.3.1","released",FALSE
"tkgrab.set","closure","","TRUE","FALSE","(...) ","tcltk","NA","1.3.1","released",FALSE
"tkgrab.status","closure","","TRUE","FALSE","(...) ","tcltk","NA","1.3.1","released",FALSE
"tkgrid","closure","","TRUE","FALSE","(...) ","tcltk","NA","1.3.1","released",FALSE
"tkgrid.bbox","closure","","TRUE","FALSE","(...) ","tcltk","NA","1.3.1","released",FALSE
"tkgrid.columnconfigure","closure","","TRUE","FALSE","(...) ","tcltk","NA","1.3.1","released",FALSE
"tkgrid.configure","closure","","TRUE","FALSE","(...) ","tcltk","NA","1.3.1","released",FALSE
"tkgrid.forget","closure","","TRUE","FALSE","(...) ","tcltk","NA","1.3.1","released",FALSE
"tkgrid.info","closure","","TRUE","FALSE","(...) ","tcltk","NA","1.3.1","released",FALSE
"tkgrid.location","closure","","TRUE","FALSE","(...) ","tcltk","NA","1.3.1","released",FALSE
"tkgrid.propagate","closure","","TRUE","FALSE","(...) ","tcltk","NA","1.3.1","released",FALSE
"tkgrid.remove","closure","","TRUE","FALSE","(...) ","tcltk","NA","1.3.1","released",FALSE
"tkgrid.rowconfigure","closure","","TRUE","FALSE","(...) ","tcltk","NA","1.3.1","released",FALSE
"tkgrid.size","closure","","TRUE","FALSE","(...) ","tcltk","NA","1.3.1","released",FALSE
"tkgrid.slaves","closure","","TRUE","FALSE","(...) ","tcltk","NA","1.3.1","released",FALSE
"tkicursor","closure","","TRUE","FALSE","(widget, ...) ","tcltk","NA","1.3.1","released",FALSE
"tkidentify","closure","","TRUE","FALSE","(widget, ...) ","tcltk","NA","1.3.1","released",FALSE
"tkimage.cget","closure","","TRUE","FALSE","(widget, ...) ","tcltk","NA","1.3.1","released",FALSE
"tkimage.configure","closure","","TRUE","FALSE","(widget, ...) ","tcltk","NA","1.3.1","released",FALSE
"tkimage.create","closure","","TRUE","FALSE","(widget, ...) ","tcltk","NA","1.3.1","released",FALSE
"tkimage.names","closure","","TRUE","FALSE","(widget, ...) ","tcltk","NA","1.3.1","released",FALSE
"tkindex","closure","","TRUE","FALSE","(widget, ...) ","tcltk","NA","1.3.1","released",FALSE
"tkinsert","closure","","TRUE","FALSE","(widget, ...) ","tcltk","NA","1.3.1","released",FALSE
"tkinvoke","closure","","TRUE","FALSE","(widget, ...) ","tcltk","NA","1.3.1","released",FALSE
"tkitembind","closure","","TRUE","FALSE","(widget, ...) ","tcltk","NA","1.3.1","released",FALSE
"tkitemcget","closure","","TRUE","FALSE","(widget, ...) ","tcltk","NA","1.3.1","released",FALSE
"tkitemconfigure","closure","","TRUE","FALSE","(widget, ...) ","tcltk","NA","1.3.1","released",FALSE
"tkitemfocus","closure","","TRUE","FALSE","(widget, ...) ","tcltk","NA","1.3.1","released",FALSE
"tkitemlower","closure","","TRUE","FALSE","(widget, ...) ","tcltk","NA","1.3.1","released",FALSE
"tkitemraise","closure","","TRUE","FALSE","(widget, ...) ","tcltk","NA","1.3.1","released",FALSE
"tkitemscale","closure","","TRUE","FALSE","(widget, ...) ","tcltk","NA","1.3.1","released",FALSE
"tklabel","closure","","TRUE","FALSE","(parent, ...) ","tcltk","NA","1.3.1","released",FALSE
"tklistbox","closure","","TRUE","FALSE","(parent, ...) ","tcltk","NA","1.3.1","released",FALSE
"tklower","closure","","TRUE","FALSE","(...) ","tcltk","NA","1.3.1","released",FALSE
"tkmark.gravity","closure","","TRUE","FALSE","(widget, ...) ","tcltk","NA","1.3.1","released",FALSE
"tkmark.names","closure","","TRUE","FALSE","(widget, ...) ","tcltk","NA","1.3.1","released",FALSE
"tkmark.next","closure","","TRUE","FALSE","(widget, ...) ","tcltk","NA","1.3.1","released",FALSE
"tkmark.previous","closure","","TRUE","FALSE","(widget, ...) ","tcltk","NA","1.3.1","released",FALSE
"tkmark.set","closure","","TRUE","FALSE","(widget, ...) ","tcltk","NA","1.3.1","released",FALSE
"tkmark.unset","closure","","TRUE","FALSE","(widget, ...) ","tcltk","NA","1.3.1","released",FALSE
"tkmenu","closure","","TRUE","FALSE","(parent, ...) ","tcltk","NA","1.3.1","released",FALSE
"tkmenubutton","closure","","TRUE","FALSE","(parent, ...) ","tcltk","NA","1.3.1","released",FALSE
"tkmessage","closure","","TRUE","FALSE","(parent, ...) ","tcltk","NA","1.3.1","released",FALSE
"tkmove","closure","","TRUE","FALSE","(widget, ...) ","tcltk","NA","1.3.1","released",FALSE
"tknearest","closure","","TRUE","FALSE","(widget, ...) ","tcltk","NA","1.3.1","released",FALSE
"tkpack","closure","","TRUE","FALSE","(...) ","tcltk","NA","1.3.1","released",FALSE
"tkpack.configure","closure","","TRUE","FALSE","(...) ","tcltk","NA","1.3.1","released",FALSE
"tkpack.forget","closure","","TRUE","FALSE","(...) ","tcltk","NA","1.3.1","released",FALSE
"tkpack.info","closure","","TRUE","FALSE","(...) ","tcltk","NA","1.3.1","released",FALSE
"tkpack.propagate","closure","","TRUE","FALSE","(...) ","tcltk","NA","1.3.1","released",FALSE
"tkpack.slaves","closure","","TRUE","FALSE","(...) ","tcltk","NA","1.3.1","released",FALSE
"tkpager","closure","","TRUE","FALSE","(file, header, title, delete.file) ","tcltk","NA","1.3.1","released",FALSE
"tkplace","closure","","TRUE","FALSE","(...) ","tcltk","NA","1.3.1","released",FALSE
"tkplace.configure","closure","","TRUE","FALSE","(...) ","tcltk","NA","1.3.1","released",FALSE
"tkplace.forget","closure","","TRUE","FALSE","(...) ","tcltk","NA","1.3.1","released",FALSE
"tkplace.info","closure","","TRUE","FALSE","(...) ","tcltk","NA","1.3.1","released",FALSE
"tkplace.slaves","closure","","TRUE","FALSE","(...) ","tcltk","NA","1.3.1","released",FALSE
"tkpost","closure","","TRUE","FALSE","(widget, ...) ","tcltk","NA","1.3.1","released",FALSE
"tkpostcascade","closure","","TRUE","FALSE","(widget, ...) ","tcltk","NA","1.3.1","released",FALSE
"tkpostscript","closure","","TRUE","FALSE","(widget, ...) ","tcltk","NA","1.3.1","released",FALSE
"tkradiobutton","closure","","TRUE","FALSE","(parent, ...) ","tcltk","NA","1.3.1","released",FALSE
"tkraise","closure","","TRUE","FALSE","(...) ","tcltk","NA","1.3.1","released",FALSE
"tkscale","closure","","TRUE","FALSE","(parent, ...) ","tcltk","NA","1.3.1","released",FALSE
"tkscan.dragto","closure","","TRUE","FALSE","(widget, ...) ","tcltk","NA","1.3.1","released",FALSE
"tkscan.mark","closure","","TRUE","FALSE","(widget, ...) ","tcltk","NA","1.3.1","released",FALSE
"tkscrollbar","closure","","TRUE","FALSE","(parent, ...) ","tcltk","NA","1.3.1","released",FALSE
"tksearch","closure","","TRUE","FALSE","(widget, ...) ","tcltk","NA","1.3.1","released",FALSE
"tksee","closure","","TRUE","FALSE","(widget, ...) ","tcltk","NA","1.3.1","released",FALSE
"tkselect","closure","","TRUE","FALSE","(widget, ...) ","tcltk","NA","1.3.1","released",FALSE
"tkselection.adjust","closure","","TRUE","FALSE","(widget, ...) ","tcltk","NA","1.3.1","released",FALSE
"tkselection.anchor","closure","","TRUE","FALSE","(widget, ...) ","tcltk","NA","1.3.1","released",FALSE
"tkselection.clear","closure","","TRUE","FALSE","(widget, ...) ","tcltk","NA","1.3.1","released",FALSE
"tkselection.from","closure","","TRUE","FALSE","(widget, ...) ","tcltk","NA","1.3.1","released",FALSE
"tkselection.includes","closure","","TRUE","FALSE","(widget, ...) ","tcltk","NA","1.3.1","released",FALSE
"tkselection.present","closure","","TRUE","FALSE","(widget, ...) ","tcltk","NA","1.3.1","released",FALSE
"tkselection.range","closure","","TRUE","FALSE","(widget, ...) ","tcltk","NA","1.3.1","released",FALSE
"tkselection.set","closure","","TRUE","FALSE","(widget, ...) ","tcltk","NA","1.3.1","released",FALSE
"tkselection.to","closure","","TRUE","FALSE","(widget, ...) ","tcltk","NA","1.3.1","released",FALSE
"tkset","closure","","TRUE","FALSE","(widget, ...) ","tcltk","NA","1.3.1","released",FALSE
"tksize","closure","","TRUE","FALSE","(widget, ...) ","tcltk","NA","1.3.1","released",FALSE
"tktag.add","closure","","TRUE","FALSE","(widget, ...) ","tcltk","NA","1.3.1","released",FALSE
"tktag.bind","closure","","TRUE","FALSE","(widget, ...) ","tcltk","NA","1.3.1","released",FALSE
"tktag.cget","closure","","TRUE","FALSE","(widget, ...) ","tcltk","NA","1.3.1","released",FALSE
"tktag.configure","closure","","TRUE","FALSE","(widget, ...) ","tcltk","NA","1.3.1","released",FALSE
"tktag.delete","closure","","TRUE","FALSE","(widget, ...) ","tcltk","NA","1.3.1","released",FALSE
"tktag.lower","closure","","TRUE","FALSE","(widget, ...) ","tcltk","NA","1.3.1","released",FALSE
"tktag.names","closure","","TRUE","FALSE","(widget, ...) ","tcltk","NA","1.3.1","released",FALSE
"tktag.nextrange","closure","","TRUE","FALSE","(widget, ...) ","tcltk","NA","1.3.1","released",FALSE
"tktag.prevrange","closure","","TRUE","FALSE","(widget, ...) ","tcltk","NA","1.3.1","released",FALSE
"tktag.raise","closure","","TRUE","FALSE","(widget, ...) ","tcltk","NA","1.3.1","released",FALSE
"tktag.ranges","closure","","TRUE","FALSE","(widget, ...) ","tcltk","NA","1.3.1","released",FALSE
"tktag.remove","closure","","TRUE","FALSE","(widget, ...) ","tcltk","NA","1.3.1","released",FALSE
"tktext","closure","","TRUE","FALSE","(parent, ...) ","tcltk","NA","1.3.1","released",FALSE
"tktitle","closure","","TRUE","FALSE","(x) ","tcltk","NA","1.3.1","released",FALSE
"tktitle<-","closure","","TRUE","FALSE","(x, value) ","tcltk","NA","1.3.1","released",FALSE
"tktoggle","closure","","TRUE","FALSE","(widget, ...) ","tcltk","NA","1.3.1","released",FALSE
"tktoplevel","closure","","TRUE","FALSE","(parent = .TkRoot, ...) ","tcltk","NA","1.3.1","released",FALSE
"tktype","closure","","TRUE","FALSE","(widget, ...) ","tcltk","NA","1.3.1","released",FALSE
"tkunpost","closure","","TRUE","FALSE","(widget, ...) ","tcltk","NA","1.3.1","released",FALSE
"tkwait.variable","closure","","TRUE","FALSE","(...) ","tcltk","NA","1.3.1","released",FALSE
"tkwait.visibility","closure","","TRUE","FALSE","(...) ","tcltk","NA","1.3.1","released",FALSE
"tkwait.window","closure","","TRUE","FALSE","(...) ","tcltk","NA","1.3.1","released",FALSE
"tkwidget","closure","","TRUE","FALSE","(parent, type, ...) ","tcltk","NA","1.3.1","released",FALSE
"tkwindow.cget","closure","","TRUE","FALSE","(widget, ...) ","tcltk","NA","1.3.1","released",FALSE
"tkwindow.configure","closure","","TRUE","FALSE","(widget, ...) ","tcltk","NA","1.3.1","released",FALSE
"tkwindow.create","closure","","TRUE","FALSE","(widget, ...) ","tcltk","NA","1.3.1","released",FALSE
"tkwindow.names","closure","","TRUE","FALSE","(widget, ...) ","tcltk","NA","1.3.1","released",FALSE
"tkwinfo","closure","","TRUE","FALSE","(...) ","tcltk","NA","1.3.1","released",FALSE
"tkwm.aspect","closure","","TRUE","FALSE","(...) ","tcltk","NA","1.3.1","released",FALSE
"tkwm.client","closure","","TRUE","FALSE","(...) ","tcltk","NA","1.3.1","released",FALSE
"tkwm.colormapwindows","closure","","TRUE","FALSE","(...) ","tcltk","NA","1.3.1","released",FALSE
"tkwm.command","closure","","TRUE","FALSE","(...) ","tcltk","NA","1.3.1","released",FALSE
"tkwm.deiconify","closure","","TRUE","FALSE","(...) ","tcltk","NA","1.3.1","released",FALSE
"tkwm.focusmodel","closure","","TRUE","FALSE","(...) ","tcltk","NA","1.3.1","released",FALSE
"tkwm.frame","closure","","TRUE","FALSE","(...) ","tcltk","NA","1.3.1","released",FALSE
"tkwm.geometry","closure","","TRUE","FALSE","(...) ","tcltk","NA","1.3.1","released",FALSE
"tkwm.grid","closure","","TRUE","FALSE","(...) ","tcltk","NA","1.3.1","released",FALSE
"tkwm.group","closure","","TRUE","FALSE","(...) ","tcltk","NA","1.3.1","released",FALSE
"tkwm.iconbitmap","closure","","TRUE","FALSE","(...) ","tcltk","NA","1.3.1","released",FALSE
"tkwm.iconify","closure","","TRUE","FALSE","(...) ","tcltk","NA","1.3.1","released",FALSE
"tkwm.iconmask","closure","","TRUE","FALSE","(...) ","tcltk","NA","1.3.1","released",FALSE
"tkwm.iconname","closure","","TRUE","FALSE","(...) ","tcltk","NA","1.3.1","released",FALSE
"tkwm.iconposition","closure","","TRUE","FALSE","(...) ","tcltk","NA","1.3.1","released",FALSE
"tkwm.iconwindow","closure","","TRUE","FALSE","(...) ","tcltk","NA","1.3.1","released",FALSE
"tkwm.maxsize","closure","","TRUE","FALSE","(...) ","tcltk","NA","1.3.1","released",FALSE
"tkwm.minsize","closure","","TRUE","FALSE","(...) ","tcltk","NA","1.3.1","released",FALSE
"tkwm.overrideredirect","closure","","TRUE","FALSE","(...) ","tcltk","NA","1.3.1","released",FALSE
"tkwm.positionfrom","closure","","TRUE","FALSE","(...) ","tcltk","NA","1.3.1","released",FALSE
"tkwm.protocol","closure","","TRUE","FALSE","(...) ","tcltk","NA","1.3.1","released",FALSE
"tkwm.resizable","closure","","TRUE","FALSE","(...) ","tcltk","NA","1.3.1","released",FALSE
"tkwm.sizefrom","closure","","TRUE","FALSE","(...) ","tcltk","NA","1.3.1","released",FALSE
"tkwm.state","closure","","TRUE","FALSE","(...) ","tcltk","NA","1.3.1","released",FALSE
"tkwm.title","closure","","TRUE","FALSE","(...) ","tcltk","NA","1.3.1","released",FALSE
"tkwm.transient","closure","","TRUE","FALSE","(...) ","tcltk","NA","1.3.1","released",FALSE
"tkwm.withdraw","closure","","TRUE","FALSE","(...) ","tcltk","NA","1.3.1","released",FALSE
"tkxview","closure","","TRUE","FALSE","(widget, ...) ","tcltk","NA","1.3.1","released",FALSE
"tkxview.moveto","closure","","TRUE","FALSE","(widget, ...) ","tcltk","NA","1.3.1","released",FALSE
"tkxview.scroll","closure","","TRUE","FALSE","(widget, ...) ","tcltk","NA","1.3.1","released",FALSE
"tkyposition","closure","","TRUE","FALSE","(widget, ...) ","tcltk","NA","1.3.1","released",FALSE
"tkyview","closure","","TRUE","FALSE","(widget, ...) ","tcltk","NA","1.3.1","released",FALSE
"tkyview.moveto","closure","","TRUE","FALSE","(widget, ...) ","tcltk","NA","1.3.1","released",FALSE
"tkyview.scroll","closure","","TRUE","FALSE","(widget, ...) ","tcltk","NA","1.3.1","released",FALSE
".First.lib","closure","","TRUE","FALSE","(lib, pkg) ","ts","NA","1.3.1","released", TRUE
"Box.test","closure","","TRUE","FALSE","(x, lag = 1, type = c(""Box-Pierce"", ""Ljung-Box"")) ","ts","NA","1.3.1","released",FALSE
"Ops.ts","closure","","TRUE","FALSE","(e1, e2) ","ts","NA","1.3.1","released",FALSE
"PP.test","closure","","TRUE","FALSE","(x, lshort = TRUE) ","ts","NA","1.3.1","released",FALSE
"[.tskernel","closure","","TRUE","FALSE","(k, i) ","ts","NA","1.3.1","released",FALSE
"acf","closure","","TRUE","FALSE","(x, lag.max = NULL, type = c(""correlation"", ""covariance"",     ""partial""), plot = TRUE, na.action = na.fail, demean = TRUE,     ...) ","ts","NA","1.3.1","released",FALSE
"ar","closure","","TRUE","FALSE","(x, aic = TRUE, order.max = NULL, method = c(""yule-walker"",     ""burg"", ""ols"", ""mle"", ""yw"", ), na.action = na.fail, series = deparse(substitute(x)),     ...) ","ts","NA","1.3.1","released",FALSE
"ar.burg","closure","","TRUE","FALSE","(x, ...) ","ts","NA","1.3.1","released",FALSE
"ar.burg.default","closure","","TRUE","FALSE","(x, aic = TRUE, order.max = NULL, na.action = na.fail,     demean = TRUE, series = NULL, var.method = 1, ...) ","ts","NA","1.3.1","released",FALSE
"ar.burg.mts","closure","","TRUE","FALSE","(x, aic = TRUE, order.max = NULL, na.action = na.fail,     demean = TRUE, series = NULL, var.method = 1, ...) ","ts","NA","1.3.1","released",FALSE
"ar.mle","closure","","TRUE","FALSE","(x, aic = TRUE, order.max = NULL, na.action = na.fail,     demean = TRUE, series = NULL, ...) ","ts","NA","1.3.1","released",FALSE
"ar.ols","closure","","TRUE","FALSE","(x, aic = TRUE, order.max = NULL, na.action = na.fail,     demean = TRUE, intercept = demean, series = NULL, ...) ","ts","NA","1.3.1","released",FALSE
"ar.yw","closure","","TRUE","FALSE","(x, ...) ","ts","NA","1.3.1","released",FALSE
"ar.yw.default","closure","","TRUE","FALSE","(x, aic = TRUE, order.max = NULL, na.action = na.fail,     demean = TRUE, series = NULL, ...) ","ts","NA","1.3.1","released",FALSE
"ar.yw.mts","closure","","TRUE","FALSE","(x, aic = TRUE, order.max = NULL, na.action = na.fail,     demean = TRUE, series = NULL, var.method = 1, ...) ","ts","NA","1.3.1","released",FALSE
"arima0","closure","","TRUE","FALSE","(x, order = c(0, 0, 0), seasonal = list(order = c(0,     0, 0), period = NA), xreg = NULL, include.mean = TRUE, na.action = na.fail,     delta = 0.01, transform.pars = 2) ","ts","NA","1.3.1","released",FALSE
"arima0.diag","closure","","TRUE","FALSE","(fit, gof.lag = 10) ","ts","NA","1.3.1","released",FALSE
"arma0f","closure","","TRUE","FALSE","(p) ","ts","NA","1.3.1","released",FALSE
"bandwidth.kernel","closure","","TRUE","FALSE","(k) ","ts","NA","1.3.1","released",FALSE
"cbind.ts","closure","","TRUE","FALSE","(..., dframe = FALSE, union = TRUE) ","ts","NA","1.3.1","released",FALSE
"ccf","closure","","TRUE","FALSE","(x, y, lag.max = NULL, type = c(""correlation"", ""covariance""),     plot = TRUE, na.action = na.fail, ...) ","ts","NA","1.3.1","released",FALSE
"cpgram","closure","","TRUE","FALSE","(ts, taper = 0.1, main = paste(""Series: "", deparse(substitute(ts))),     ci.col = ""blue"") ","ts","NA","1.3.1","released",FALSE
"df.kernel","closure","","TRUE","FALSE","(k) ","ts","NA","1.3.1","released",FALSE
"diff.ts","closure","","TRUE","FALSE","(x, lag = 1, differences = 1) ","ts","NA","1.3.1","released",FALSE
"diffinv","closure","","TRUE","FALSE","(x, ...) ","ts","NA","1.3.1","released",FALSE
"diffinv.default","closure","","TRUE","FALSE","(x, lag = 1, differences = 1, xi = rep(0, lag * differences *     dim(as.matrix(x))[2])) ","ts","NA","1.3.1","released",FALSE
"diffinv.ts","closure","","TRUE","FALSE","(x, lag = 1, differences = 1, xi = rep(0, lag * differences *     NCOL(x))) ","ts","NA","1.3.1","released",FALSE
"diffinv.vector","closure","","TRUE","FALSE","(x, lag = 1, differences = 1, xi = rep(0, lag * differences)) ","ts","NA","1.3.1","released",FALSE
"embed","closure","","TRUE","FALSE","(x, dimension = 1) ","ts","NA","1.3.1","released",FALSE
"filter","closure","","TRUE","FALSE","(x, filter, method = c(""convolution"", ""recursive""),     sides = 2, circular = FALSE, init = NULL) ","ts","NA","1.3.1","released",FALSE
"is.mts","closure","","TRUE","FALSE","(x) ","ts","NA","1.3.1","released",FALSE
"is.tskernel","closure","","TRUE","FALSE","(k) ","ts","NA","1.3.1","released",FALSE
"kernapply","closure","","TRUE","FALSE","(x, ...) ","ts","NA","1.3.1","released",FALSE
"kernapply.default","closure","","TRUE","FALSE","(x, k, circular = FALSE) ","ts","NA","1.3.1","released",FALSE
"kernapply.ts","closure","","TRUE","FALSE","(x, k, circular = FALSE) ","ts","NA","1.3.1","released",FALSE
"kernapply.tskernel","closure","","TRUE","FALSE","(k1, k2) ","ts","NA","1.3.1","released",FALSE
"kernapply.vector","closure","","TRUE","FALSE","(x, k, circular = FALSE) ","ts","NA","1.3.1","released",FALSE
"kernel","closure","","TRUE","FALSE","(coef, m = length(coef) + 1, r, name = ""unknown"") ","ts","NA","1.3.1","released",FALSE
"lag","closure","","TRUE","FALSE","(x, ...) ","ts","NA","1.3.1","released",FALSE
"lag.default","closure","","TRUE","FALSE","(x, k = 1) ","ts","NA","1.3.1","released",FALSE
"lag.plot","closure","","TRUE","FALSE","(x, lags = 1, layout = NULL, set.lags = 1:lags, main = NULL,     asp = 1, font.main = par(""font.main""), cex.main = par(""cex.main""),     diag = TRUE, diag.col = ""gray"", type = ""p"", oma = NULL, ask = NULL,     do.lines = n <= 150, labels = do.lines, ...) ","ts","NA","1.3.1","released",FALSE
"na.contiguous","closure","","TRUE","FALSE","(frame) ","ts","NA","1.3.1","released",FALSE
"na.omit.ts","closure","","TRUE","FALSE","(frame) ","ts","NA","1.3.1","released",FALSE
"pacf","closure","","TRUE","FALSE","(x, lag.max, plot, na.action, ...) ","ts","NA","1.3.1","released",FALSE
"pacf.default","closure","","TRUE","FALSE","(x, lag.max = NULL, plot = TRUE, na.action = na.fail,     ...) ","ts","NA","1.3.1","released",FALSE
"pacf.mts","closure","","TRUE","FALSE","(x, lag.max = NULL, plot = TRUE, na.action = na.fail,     ...) ","ts","NA","1.3.1","released",FALSE
"plot.acf","closure","","TRUE","FALSE","(x, ci = 0.95, type = ""h"", xlab = ""Lag"", ylab = NULL,     ylim = NULL, main = NULL, ci.col = ""blue"", ci.type = c(""white"",         ""ma""), max.mfrow = 6, ask = Npgs > 1 && dev.interactive(),     mar = if (nser > 2) c(3, 2, 2, 0.8) else par(""mar""), oma = if (nser >         2) c(1, 1.2, 1, 1) else par(""oma""), mgp = if (nser >         2) c(1.5, 0.6, 0) else par(""mgp""), cex.main = if (nser >         2) 1 else par(""cex.main""), verbose = getOption(""verbose""),     ...) ","ts","NA","1.3.1","released",FALSE
"plot.spec","closure","","TRUE","FALSE","(x, add = FALSE, ci = 0.95, log = c(""yes"", ""dB"", ""no""),     xlab = ""frequency"", ylab = NULL, type = ""l"", ci.col = ""blue"",     main = NULL, sub = NULL, plot.type = c(""marginal"", ""coherency"",         ""phase""), ...) ","ts","NA","1.3.1","released",FALSE
"plot.spec.coherency","closure","","TRUE","FALSE","(x, ci = 0.95, xlab = ""frequency"", ylab = ""squared coherency"",     ylim = c(0, 1), type = ""l"", main = NULL, ci.lty = 3, ci.col = ""blue"",     ...) ","ts","NA","1.3.1","released",FALSE
"plot.spec.phase","closure","","TRUE","FALSE","(x, ci = 0.95, xlab = ""frequency"", ylab = ""phase"", ylim = c(-pi,     pi), type = ""l"", main = NULL, ci.lty = 3, ci.col = ""blue"",     ...) ","ts","NA","1.3.1","released",FALSE
"plot.stl","closure","","TRUE","FALSE","(x, labels = colnames(X), set.pars = list(mar = c(0,     6, 0, 6), oma = c(6, 0, 4, 0), tck = -0.01, mfrow = c(nplot,     1)), main = NULL, range.bars = TRUE, ...) ","ts","NA","1.3.1","released",FALSE
"plot.tskernel","closure","","TRUE","FALSE","(k) ","ts","NA","1.3.1","released",FALSE
"predict.ar","closure","","TRUE","FALSE","(object, newdata, n.ahead = 1, se.fit = TRUE, ...) ","ts","NA","1.3.1","released",FALSE
"predict.arima0","closure","","TRUE","FALSE","(object, n.ahead = 1, newxreg = NULL, se.fit = TRUE) ","ts","NA","1.3.1","released",FALSE
"print.ar","closure","","TRUE","FALSE","(x, digits = max(3, getOption(""digits"") - 3), ...) ","ts","NA","1.3.1","released",FALSE
"print.arima0","closure","","TRUE","FALSE","(x, digits = max(3, getOption(""digits"") - 3), se = TRUE,     ...) ","ts","NA","1.3.1","released",FALSE
"print.stl","closure","","TRUE","FALSE","(x, ...) ","ts","NA","1.3.1","released",FALSE
"print.tskernel","closure","","TRUE","FALSE","(k, digits = max(3, getOption(""digits"") - 3)) ","ts","NA","1.3.1","released",FALSE
"spec.ar","closure","","TRUE","FALSE","(x, n.freq, order = NULL, plot = TRUE, na.action = na.fail,     method = ""yule-walker"", ...) ","ts","NA","1.3.1","released",FALSE
"spec.pgram","closure","","TRUE","FALSE","(x, spans = NULL, kernel = NULL, taper = 0.1, pad = 0,     fast = TRUE, demean = FALSE, detrend = TRUE, plot = TRUE,     na.action = na.fail, ...) ","ts","NA","1.3.1","released",FALSE
"spec.taper","closure","","TRUE","FALSE","(x, p = 0.1) ","ts","NA","1.3.1","released",FALSE
"spectrum","closure","","TRUE","FALSE","(..., method = c(""pgram"", ""ar"")) ","ts","NA","1.3.1","released",FALSE
"stl","closure","","TRUE","FALSE","(x, s.window, s.degree = 0, t.window = NULL, t.degree = 1,     l.window = nextodd(period), l.degree = t.degree, s.jump = ceiling(s.window/10),     t.jump = ceiling(t.window/10), l.jump = ceiling(l.window/10),     robust = FALSE, inner = if (robust) 1 else 2, outer = if (robust) 15 else 0,     na.action = na.fail) ","ts","NA","1.3.1","released",FALSE
"summary.stl","closure","","TRUE","FALSE","(x, digits = getOption(""digits""), ...) ","ts","NA","1.3.1","released",FALSE
"toeplitz","closure","","TRUE","FALSE","(x) ","ts","NA","1.3.1","released",FALSE
"ts.intersect","closure","","TRUE","FALSE","(..., dframe = FALSE) ","ts","NA","1.3.1","released",FALSE
"ts.plot","closure","","TRUE","FALSE","(..., gpars = list()) ","ts","NA","1.3.1","released",FALSE
"ts.union","closure","","TRUE","FALSE","(..., dframe = FALSE, union = TRUE) ","ts","NA","1.3.1","released",FALSE
