"name","type","class","exported","S4generic","args","package","priority","Rversion","status","hidden"
".First.lib","closure","function","TRUE","FALSE","(lib, pkg) ","KernSmooth","NA","1.5.0","released", TRUE
"bkde","closure","function","TRUE","FALSE","(x, kernel = ""normal"", canonical = FALSE, bandwidth,     gridsize = 401, range.x, truncate = TRUE) ","KernSmooth","NA","1.5.0","released",FALSE
"bkde2D","closure","function","TRUE","FALSE","(x, bandwidth, gridsize = c(51, 51), range.x, truncate = TRUE) ","KernSmooth","NA","1.5.0","released",FALSE
"bkfe","closure","function","TRUE","FALSE","(x, drv, bandwidth, gridsize = 401, range.x, binned = FALSE,     truncate = TRUE) ","KernSmooth","NA","1.5.0","released",FALSE
"blkest","closure","function","TRUE","FALSE","(x, y, Nval, q) ","KernSmooth","NA","1.5.0","released",FALSE
"cpblock","closure","function","TRUE","FALSE","(X, Y, Nmax, q) ","KernSmooth","NA","1.5.0","released",FALSE
"dpih","closure","function","TRUE","FALSE","(x, scalest = ""minim"", level = 2, gridsize = 401, range.x = range(x),     truncate = TRUE) ","KernSmooth","NA","1.5.0","released",FALSE
"dpik","closure","function","TRUE","FALSE","(x, scalest = ""minim"", level = 2, kernel = ""normal"",     canonical = FALSE, gridsize = 401, range.x = range(x), truncate = TRUE) ","KernSmooth","NA","1.5.0","released",FALSE
"dpill","closure","function","TRUE","FALSE","(x, y, blockmax = 5, divisor = 20, trim = 0.01, proptrun = 0.05,     gridsize = 401, range.x = range(x), truncate = TRUE) ","KernSmooth","NA","1.5.0","released",FALSE
"linbin","closure","function","TRUE","FALSE","(X, gpoints, truncate = TRUE) ","KernSmooth","NA","1.5.0","released",FALSE
"linbin2D","closure","function","TRUE","FALSE","(X, gpoints1, gpoints2) ","KernSmooth","NA","1.5.0","released",FALSE
"locpoly","closure","function","TRUE","FALSE","(x, y, drv = 0, degree, kernel = ""normal"", bandwidth,     gridsize = 401, bwdisc = 25, range.x, binned = FALSE, truncate = TRUE) ","KernSmooth","NA","1.5.0","released",FALSE
"rlbin","closure","function","TRUE","FALSE","(X, Y, gpoints, truncate = TRUE) ","KernSmooth","NA","1.5.0","released",FALSE
"sdiag","closure","function","TRUE","FALSE","(x, drv = 0, degree = 1, kernel = ""normal"", bandwidth,     gridsize = 401, bwdisc = 25, range.x, binned = FALSE, truncate = TRUE) ","KernSmooth","NA","1.5.0","released",FALSE
"sstdiag","closure","function","TRUE","FALSE","(x, drv = 0, degree = 1, kernel = ""normal"", bandwidth,     gridsize = 401, bwdisc = 25, range.x, binned = FALSE, truncate = TRUE) ","KernSmooth","NA","1.5.0","released",FALSE
".First.lib","closure","function","TRUE","FALSE","(lib, pkg) ","MASS","NA","1.5.0","released", TRUE
".rat","closure","function","TRUE","FALSE","(x, cycles = 10, max.denominator = 2000) ","MASS","NA","1.5.0","released", TRUE
"Math.fractions","closure","function","TRUE","FALSE","(x, ...) ","MASS","NA","1.5.0","released",FALSE
"Null","closure","function","TRUE","FALSE","(M) ","MASS","NA","1.5.0","released",FALSE
"Ops.fractions","closure","function","TRUE","FALSE","(e1, e2) ","MASS","NA","1.5.0","released",FALSE
"Shepard","closure","function","TRUE","FALSE","(d, x) ","MASS","NA","1.5.0","released",FALSE
"Summary.fractions","closure","function","TRUE","FALSE","(x, ...) ","MASS","NA","1.5.0","released",FALSE
"[.fractions","closure","function","TRUE","FALSE","(x, ...) ","MASS","NA","1.5.0","released",FALSE
"[<-.fractions","closure","function","TRUE","FALSE","(x, ..., value) ","MASS","NA","1.5.0","released",FALSE
"addterm","closure","function","TRUE","FALSE","(object, ...) ","MASS","NA","1.5.0","released",FALSE
"addterm.default","closure","function","TRUE","FALSE","(object, scope, scale = 0, test = c(""none"", ""Chisq""),     k = 2, sorted = FALSE, trace = FALSE, ...) ","MASS","NA","1.5.0","released",FALSE
"addterm.glm","closure","function","TRUE","FALSE","(object, scope, scale = 0, test = c(""none"", ""Chisq"",     ""F""), k = 2, sorted = FALSE, trace = FALSE, ...) ","MASS","NA","1.5.0","released",FALSE
"addterm.lm","closure","function","TRUE","FALSE","(object, scope, scale = 0, test = c(""none"", ""Chisq"",     ""F""), k = 2, sorted = FALSE, ...) ","MASS","NA","1.5.0","released",FALSE
"addterm.mlm","closure","function","TRUE","FALSE","(object, ...) ","MASS","NA","1.5.0","released",FALSE
"addterm.negbin","closure","function","TRUE","FALSE","(object, ...) ","MASS","NA","1.5.0","released",FALSE
"addterm.survreg","closure","function","TRUE","FALSE","(object, ...) ","MASS","NA","1.5.0","released",FALSE
"anova.loglm","closure","function","TRUE","FALSE","(object, ..., test = c(""Chisq"", ""chisq"", ""LR"")) ","MASS","NA","1.5.0","released",FALSE
"anova.negbin","closure","function","TRUE","FALSE","(object, ..., test = ""Chisq"") ","MASS","NA","1.5.0","released",FALSE
"area","closure","function","TRUE","FALSE","(f, a, b, ..., fa = f(a, ...), fb = f(b, ...), limit = 10,     eps = 1e-05) ","MASS","NA","1.5.0","released",FALSE
"as.character.fractions","closure","function","TRUE","FALSE","(x) ","MASS","NA","1.5.0","released",FALSE
"as.fractions","closure","function","TRUE","FALSE","(x) ","MASS","NA","1.5.0","released",FALSE
"bandwidth.nrd","closure","function","TRUE","FALSE","(x) ","MASS","NA","1.5.0","released",FALSE
"bcv","closure","function","TRUE","FALSE","(x, nb = 1000, lower = 0.1 * hmax, upper = hmax) ","MASS","NA","1.5.0","released",FALSE
"biplot.bdr","closure","function","TRUE","FALSE","(obs, bivars, col, cex = rep(par(""cex""), 2), olab = NULL,     vlab = NULL, xlim = NULL, ylim = NULL, ...) ","MASS","NA","1.5.0","released",FALSE
"biplot.correspondence","closure","function","TRUE","FALSE","(obj, type = c(""symmetric"", ""rows"", ""columns""), ...) ","MASS","NA","1.5.0","released",FALSE
"boxcox","closure","function","TRUE","FALSE","(object, ...) ","MASS","NA","1.5.0","released",FALSE
"boxcox.default","closure","function","TRUE","FALSE","(object, lambda = seq(-2, 2, 1/10), plotit = length(dev.list()) >     0, interp = (plotit && (m < 100)), eps = 1/50, xlab = ""lambda"",     ylab = ""log-Likelihood"", ...) ","MASS","NA","1.5.0","released",FALSE
"boxcox.formula","closure","function","TRUE","FALSE","(object, lambda = seq(-2, 2, 1/10), plotit = length(dev.list()) >     0, interp = (plotit && (m < 100)), eps = 1/50, xlab = ""lambda"",     ylab = ""log-Likelihood"", ...) ","MASS","NA","1.5.0","released",FALSE
"boxcox.lm","closure","function","TRUE","FALSE","(object, lambda = seq(-2, 2, 1/10), plotit = length(dev.list()) >     0, interp = (plotit && (m < 100)), eps = 1/50, xlab = ""lambda"",     ylab = ""log-Likelihood"", ...) ","MASS","NA","1.5.0","released",FALSE
"coef.fitdistr","closure","function","TRUE","FALSE","(object, ...) ","MASS","NA","1.5.0","released",FALSE
"coef.lda","closure","function","TRUE","FALSE","(object, ...) ","MASS","NA","1.5.0","released",FALSE
"coef.loglm","closure","function","TRUE","FALSE","(object, ...) ","MASS","NA","1.5.0","released",FALSE
"con2tr","closure","function","TRUE","FALSE","(obj) ","MASS","NA","1.5.0","released",FALSE
"confint","closure","function","TRUE","FALSE","(object, parm, level = 0.95, ...) ","MASS","NA","1.5.0","released",FALSE
"confint.glm","closure","function","TRUE","FALSE","(object, parm, level = 0.95, trace = FALSE, ...) ","MASS","NA","1.5.0","released",FALSE
"confint.lm","closure","function","TRUE","FALSE","(object, parm, level = 0.95, ...) ","MASS","NA","1.5.0","released",FALSE
"confint.nls","closure","function","TRUE","FALSE","(object, parm = seq(along = pnames), level = 0.95, ...) ","MASS","NA","1.5.0","released",FALSE
"confint.profile.glm","closure","function","TRUE","FALSE","(object, parm = seq(along = pnames), level = 0.95, ...) ","MASS","NA","1.5.0","released",FALSE
"confint.profile.nls","closure","function","TRUE","FALSE","(object, parm = seq(along = pnames), level = 0.95, ...) ","MASS","NA","1.5.0","released",FALSE
"contr.sdif","closure","function","TRUE","FALSE","(n, contrasts = TRUE) ","MASS","NA","1.5.0","released",FALSE
"corresp","closure","function","TRUE","FALSE","(x, ...) ","MASS","NA","1.5.0","released",FALSE
"corresp.crosstabs","closure","function","TRUE","FALSE","(x, ...) ","MASS","NA","1.5.0","released",FALSE
"corresp.data.frame","closure","function","TRUE","FALSE","(x, ...) ","MASS","NA","1.5.0","released",FALSE
"corresp.default","closure","function","TRUE","FALSE","(x, ...) ","MASS","NA","1.5.0","released",FALSE
"corresp.factor","closure","function","TRUE","FALSE","(x, y, ...) ","MASS","NA","1.5.0","released",FALSE
"corresp.formula","closure","function","TRUE","FALSE","(formula, data = parent.frame(), ...) ","MASS","NA","1.5.0","released",FALSE
"corresp.matrix","closure","function","TRUE","FALSE","(x, nf = 1, ...) ","MASS","NA","1.5.0","released",FALSE
"cov.trob","closure","function","TRUE","FALSE","(x, wt = rep(1, n), cor = FALSE, center = TRUE, nu = 5,     maxit = 25, tol = 0.01) ","MASS","NA","1.5.0","released",FALSE
"denumerate","closure","function","TRUE","FALSE","(x) ","MASS","NA","1.5.0","released",FALSE
"denumerate.formula","closure","function","TRUE","FALSE","(x) ","MASS","NA","1.5.0","released",FALSE
"dose.p","closure","function","TRUE","FALSE","(obj, cf = 1:2, p = 0.5) ","MASS","NA","1.5.0","released",FALSE
"dropterm","closure","function","TRUE","FALSE","(object, ...) ","MASS","NA","1.5.0","released",FALSE
"dropterm.default","closure","function","TRUE","FALSE","(object, scope, scale = 0, test = c(""none"", ""Chisq""),     k = 2, sorted = FALSE, trace = FALSE, ...) ","MASS","NA","1.5.0","released",FALSE
"dropterm.glm","closure","function","TRUE","FALSE","(object, scope, scale = 0, test = c(""none"", ""Chisq"",     ""F""), k = 2, sorted = FALSE, trace = FALSE, ...) ","MASS","NA","1.5.0","released",FALSE
"dropterm.lm","closure","function","TRUE","FALSE","(object, scope = drop.scope(object), scale = 0, test = c(""none"",     ""Chisq"", ""F""), k = 2, sorted = FALSE, ...) ","MASS","NA","1.5.0","released",FALSE
"dropterm.mlm","closure","function","TRUE","FALSE","(object, ...) ","MASS","NA","1.5.0","released",FALSE
"dropterm.negbin","closure","function","TRUE","FALSE","(object, ...) ","MASS","NA","1.5.0","released",FALSE
"dropterm.survreg","closure","function","TRUE","FALSE","(object, ...) ","MASS","NA","1.5.0","released",FALSE
"enlist","closure","function","TRUE","FALSE","(vec) ","MASS","NA","1.5.0","released",FALSE
"eqscplot","closure","function","TRUE","FALSE","(x, y, ratio = 1, tol = 0.04, uin, xlim = range(x[is.finite(x)]),     ylim = range(y[is.finite(y)]), xlab, ylab, ...) ","MASS","NA","1.5.0","released",FALSE
"extractAIC.loglm","closure","function","TRUE","FALSE","(fit, scale, k = 2, ...) ","MASS","NA","1.5.0","released",FALSE
"extractAIC.polr","closure","function","TRUE","FALSE","(fit, scale = 0, k = 2, ...) ","MASS","NA","1.5.0","released",FALSE
"family.negbin","closure","function","TRUE","FALSE","(object, ...) ","MASS","NA","1.5.0","released",FALSE
"fbeta","closure","function","TRUE","FALSE","(x, alpha, beta) ","MASS","NA","1.5.0","released",FALSE
"fitdistr","closure","function","TRUE","FALSE","(x, densfun, start, ...) ","MASS","NA","1.5.0","released",FALSE
"fitted.loglm","closure","function","TRUE","FALSE","(object, ...) ","MASS","NA","1.5.0","released",FALSE
"fractions","closure","function","TRUE","FALSE","(x, ...) ","MASS","NA","1.5.0","released",FALSE
"frequency.polygon","closure","function","TRUE","FALSE","(x, nclass = nclass.freq(x), xlab = """", ylab = """", ...) ","MASS","NA","1.5.0","released",FALSE
"gamma.dispersion","closure","function","TRUE","FALSE","(object, ...) ","MASS","NA","1.5.0","released",FALSE
"gamma.shape","closure","function","TRUE","FALSE","(object, ...) ","MASS","NA","1.5.0","released",FALSE
"gamma.shape.glm","closure","function","TRUE","FALSE","(object, it.lim = 10, eps.max = .Machine$double.eps^0.25,     verbose = FALSE, ...) ","MASS","NA","1.5.0","released",FALSE
"ginv","closure","function","TRUE","FALSE","(X, tol = sqrt(.Machine$double.eps)) ","MASS","NA","1.5.0","released",FALSE
"glm.convert","closure","function","TRUE","FALSE","(object) ","MASS","NA","1.5.0","released",FALSE
"glm.nb","closure","function","TRUE","FALSE","(formula = formula(data), data = parent.frame(), weights,     subset, na.action, start = eta, control = glm.control(...),     method = ""glm.fit"", model = TRUE, x = FALSE, y = TRUE, contrasts = NULL,     ..., init.theta, link = log) ","MASS","NA","1.5.0","released",FALSE
"glmmPQL","closure","function","TRUE","FALSE","(fixed, random, family, data, correlation, weights,     control, niter = 10, verbose = TRUE, ...) ","MASS","NA","1.5.0","released",FALSE
"hist.FD","closure","function","TRUE","FALSE","(x, prob = TRUE, xlab = deparse(substitute(x)), ...) ","MASS","NA","1.5.0","released",FALSE
"hist.scott","closure","function","TRUE","FALSE","(x, prob = TRUE, xlab = deparse(substitute(x)), ...) ","MASS","NA","1.5.0","released",FALSE
"huber","closure","function","TRUE","FALSE","(y, k = 1.5, tol = 1e-06) ","MASS","NA","1.5.0","released",FALSE
"hubers","closure","function","TRUE","FALSE","(y, k = 1.5, mu, s, initmu = median(y), tol = 1e-06) ","MASS","NA","1.5.0","released",FALSE
"is.fractions","closure","function","TRUE","FALSE","(f) ","MASS","NA","1.5.0","released",FALSE
"isoMDS","closure","function","TRUE","FALSE","(d, y = cmdscale(d, k), k = 2, maxit = 50, trace = TRUE) ","MASS","NA","1.5.0","released",FALSE
"kde2d","closure","function","TRUE","FALSE","(x, y, h, n = 25, lims = c(range(x), range(y))) ","MASS","NA","1.5.0","released",FALSE
"lda","closure","function","TRUE","FALSE","(x, ...) ","MASS","NA","1.5.0","released",FALSE
"lda.data.frame","closure","function","TRUE","FALSE","(x, ...) ","MASS","NA","1.5.0","released",FALSE
"lda.default","closure","function","TRUE","FALSE","(x, grouping, prior = proportions, tol = 1e-04, method = c(""moment"",     ""mle"", ""mve"", ""t""), CV = FALSE, nu = 5, ...) ","MASS","NA","1.5.0","released",FALSE
"lda.formula","closure","function","TRUE","FALSE","(formula, data = NULL, ..., subset, na.action = na.fail) ","MASS","NA","1.5.0","released",FALSE
"lda.matrix","closure","function","TRUE","FALSE","(x, grouping, ..., subset, na.action = na.fail) ","MASS","NA","1.5.0","released",FALSE
"ldahist","closure","function","TRUE","FALSE","(data, g, nbins = 25, h, x0 = -h/1000, breaks, xlim = range(breaks),     ymax = 0, width, type = c(""histogram"", ""density"", ""both""),     sep = (type != ""density""), col = 5, xlab = deparse(substitute(data)),     bty = ""n"", ...) ","MASS","NA","1.5.0","released",FALSE
"lm.gls","closure","function","TRUE","FALSE","(formula, data, W, subset, na.action, inverse = FALSE,     method = ""qr"", model = FALSE, x = FALSE, y = FALSE, contrasts = NULL,     ...) ","MASS","NA","1.5.0","released",FALSE
"lm.ridge","closure","function","TRUE","FALSE","(formula, data, subset, na.action, lambda = 0, model = FALSE,     x = FALSE, y = FALSE, contrasts = NULL, ...) ","MASS","NA","1.5.0","released",FALSE
"lmwork","closure","function","TRUE","FALSE","(object) ","MASS","NA","1.5.0","released",FALSE
"loglm","closure","function","TRUE","FALSE","(formula, data = parent.frame(), subset, na.action,     ...) ","MASS","NA","1.5.0","released",FALSE
"loglm1","closure","function","TRUE","FALSE","(formula, data, ...) ","MASS","NA","1.5.0","released",FALSE
"loglm1.data.frame","closure","function","TRUE","FALSE","(formula, data, ...) ","MASS","NA","1.5.0","released",FALSE
"loglm1.default","closure","function","TRUE","FALSE","(formula, data, start = rep(1, length(data)), fitted = FALSE,     keep.frequencies = fitted, param = TRUE, eps = 1/10, iter = 40,     print = FALSE, ...) ","MASS","NA","1.5.0","released",FALSE
"loglm1.xtabs","closure","function","TRUE","FALSE","(formula, data, ...) ","MASS","NA","1.5.0","released",FALSE
"logtrans","closure","function","TRUE","FALSE","(object, ...) ","MASS","NA","1.5.0","released",FALSE
"logtrans.default","closure","function","TRUE","FALSE","(object, ..., alpha = seq(0.5, 6, by = 0.25) - min(y),     plotit = length(dev.list()) > 0, interp = (plotit && (m <         100)), xlab = ""alpha"", ylab = ""log Likelihood"") ","MASS","NA","1.5.0","released",FALSE
"logtrans.formula","closure","function","TRUE","FALSE","(object, data = NULL, ...) ","MASS","NA","1.5.0","released",FALSE
"logtrans.lm","closure","function","TRUE","FALSE","(object, ...) ","MASS","NA","1.5.0","released",FALSE
"mca","closure","function","TRUE","FALSE","(df, nf = 2, abbrev = FALSE) ","MASS","NA","1.5.0","released",FALSE
"model.frame.lda","closure","function","TRUE","FALSE","(formula, data = NULL, na.action = NULL, ...) ","MASS","NA","1.5.0","released",FALSE
"model.frame.polr","closure","function","TRUE","FALSE","(formula, data, na.action, ...) ","MASS","NA","1.5.0","released",FALSE
"model.frame.qda","closure","function","TRUE","FALSE","(formula, data = NULL, na.action = NULL, ...) ","MASS","NA","1.5.0","released",FALSE
"mvrnorm","closure","function","TRUE","FALSE","(n = 1, mu, Sigma, tol = 1e-06, empirical = FALSE) ","MASS","NA","1.5.0","released",FALSE
"nclass.freq","closure","function","TRUE","FALSE","(x) ","MASS","NA","1.5.0","released",FALSE
"neg.bin","closure","function","TRUE","FALSE","(theta = stop(""theta must be given"")) ","MASS","NA","1.5.0","released",FALSE
"negative.binomial","closure","function","TRUE","FALSE","(theta = stop(""theta must be specified""), link = ""log"") ","MASS","NA","1.5.0","released",FALSE
"negexp.SSival","closure","function","TRUE","FALSE","(mCall, data, LHS) ","MASS","NA","1.5.0","released",FALSE
"pairs.lda","closure","function","TRUE","FALSE","(x, labels = colnames(x), panel = panel.lda, dimen,     abbrev = FALSE, ..., cex = 0.7, type = c(""std"", ""trellis"")) ","MASS","NA","1.5.0","released",FALSE
"pairs.profile","closure","function","TRUE","FALSE","(x, colours = 2:3, ...) ","MASS","NA","1.5.0","released",FALSE
"parcoord","closure","function","TRUE","FALSE","(x, col = 1, lty = 1, ...) ","MASS","NA","1.5.0","released",FALSE
"plot.correspondence","closure","function","TRUE","FALSE","(x, scale = 1, ...) ","MASS","NA","1.5.0","released",FALSE
"plot.lda","closure","function","TRUE","FALSE","(x, panel = panel.lda, ..., cex = 0.7, dimen, abbrev = FALSE,     xlab = ""LD1"", ylab = ""LD2"") ","MASS","NA","1.5.0","released",FALSE
"plot.mca","closure","function","TRUE","FALSE","(x, rows = TRUE, col, cex = par(""cex""), ...) ","MASS","NA","1.5.0","released",FALSE
"plot.profile","closure","function","TRUE","FALSE","(x, nseg, ...) ","MASS","NA","1.5.0","released",FALSE
"plot.ridgelm","closure","function","TRUE","FALSE","(x, ...) ","MASS","NA","1.5.0","released",FALSE
"polr","closure","function","TRUE","FALSE","(formula, data = NULL, weights, start, ..., subset,     na.action = na.fail, contrasts = NULL, Hess = FALSE) ","MASS","NA","1.5.0","released",FALSE
"predict.lda","closure","function","TRUE","FALSE","(object, newdata, prior = object$prior, dimen, method = c(""plug-in"",     ""predictive"", ""debiased""), ...) ","MASS","NA","1.5.0","released",FALSE
"predict.mca","closure","function","TRUE","FALSE","(object, newdata, type = c(""row"", ""factor""), ...) ","MASS","NA","1.5.0","released",FALSE
"predict.polr","closure","function","TRUE","FALSE","(object, newdata, type = c(""class"", ""probs""), ...) ","MASS","NA","1.5.0","released",FALSE
"predict.qda","closure","function","TRUE","FALSE","(object, newdata, prior = object$prior, method = c(""plug-in"",     ""predictive"", ""debiased"", ""looCV""), ...) ","MASS","NA","1.5.0","released",FALSE
"print.Anova","closure","function","TRUE","FALSE","(x, ...) ","MASS","NA","1.5.0","released",FALSE
"print.abbrev","closure","function","TRUE","FALSE","(x, ...) ","MASS","NA","1.5.0","released",FALSE
"print.anova.loglm","closure","function","TRUE","FALSE","(x, ...) ","MASS","NA","1.5.0","released",FALSE
"print.correspondence","closure","function","TRUE","FALSE","(x, ...) ","MASS","NA","1.5.0","released",FALSE
"print.fitdistr","closure","function","TRUE","FALSE","(x, digits = getOption(""digits""), ...) ","MASS","NA","1.5.0","released",FALSE
"print.fractions","closure","function","TRUE","FALSE","(x, ...) ","MASS","NA","1.5.0","released",FALSE
"print.gamma.shape","closure","function","TRUE","FALSE","(x, ...) ","MASS","NA","1.5.0","released",FALSE
"print.glm.dose","closure","function","TRUE","FALSE","(x, ...) ","MASS","NA","1.5.0","released",FALSE
"print.lda","closure","function","TRUE","FALSE","(x, ...) ","MASS","NA","1.5.0","released",FALSE
"print.loglm","closure","function","TRUE","FALSE","(x, ...) ","MASS","NA","1.5.0","released",FALSE
"print.mca","closure","function","TRUE","FALSE","(x, ...) ","MASS","NA","1.5.0","released",FALSE
"print.polr","closure","function","TRUE","FALSE","(x, ...) ","MASS","NA","1.5.0","released",FALSE
"print.qda","closure","function","TRUE","FALSE","(x, ...) ","MASS","NA","1.5.0","released",FALSE
"print.ridgelm","closure","function","TRUE","FALSE","(x, ...) ","MASS","NA","1.5.0","released",FALSE
"print.rlm","closure","function","TRUE","FALSE","(x, ...) ","MASS","NA","1.5.0","released",FALSE
"print.rms.curv","closure","function","TRUE","FALSE","(x, ...) ","MASS","NA","1.5.0","released",FALSE
"print.summary.loglm","closure","function","TRUE","FALSE","(x, ...) ","MASS","NA","1.5.0","released",FALSE
"print.summary.negbin","closure","function","TRUE","FALSE","(x, ...) ","MASS","NA","1.5.0","released",FALSE
"print.summary.polr","closure","function","TRUE","FALSE","(x, digits = x$digits, ...) ","MASS","NA","1.5.0","released",FALSE
"print.summary.rlm","closure","function","TRUE","FALSE","(x, digits = max(3, .Options$digits - 3), ...) ","MASS","NA","1.5.0","released",FALSE
"profile.glm","closure","function","TRUE","FALSE","(fitted, which = 1:p, alpha = 0.01, maxsteps = 10, del = zmax/5,     trace = FALSE, ...) ","MASS","NA","1.5.0","released",FALSE
"psi.bisquare","closure","function","TRUE","FALSE","(u, c = 4.685, deriv = 0) ","MASS","NA","1.5.0","released",FALSE
"psi.hampel","closure","function","TRUE","FALSE","(u, a = 2, b = 4, c = 8, deriv = 0) ","MASS","NA","1.5.0","released",FALSE
"psi.huber","closure","function","TRUE","FALSE","(u, k = 1.345, deriv = 0) ","MASS","NA","1.5.0","released",FALSE
"qda","closure","function","TRUE","FALSE","(x, ...) ","MASS","NA","1.5.0","released",FALSE
"qda.data.frame","closure","function","TRUE","FALSE","(x, ...) ","MASS","NA","1.5.0","released",FALSE
"qda.default","closure","function","TRUE","FALSE","(x, grouping, prior = proportions, method = c(""moment"",     ""mle"", ""mve"", ""t""), CV = FALSE, nu = 5, ...) ","MASS","NA","1.5.0","released",FALSE
"qda.formula","closure","function","TRUE","FALSE","(formula, data = NULL, ..., subset, na.action = na.fail) ","MASS","NA","1.5.0","released",FALSE
"qda.matrix","closure","function","TRUE","FALSE","(x, grouping, ..., subset, na.action = na.fail) ","MASS","NA","1.5.0","released",FALSE
"rational","closure","function","TRUE","FALSE","(x, ...) ","MASS","NA","1.5.0","released",FALSE
"renumerate","closure","function","TRUE","FALSE","(x) ","MASS","NA","1.5.0","released",FALSE
"renumerate.formula","closure","function","TRUE","FALSE","(x) ","MASS","NA","1.5.0","released",FALSE
"residuals.loglm","closure","function","TRUE","FALSE","(object, type = c(""deviance"", ""pearson"", ""response""),     ...) ","MASS","NA","1.5.0","released",FALSE
"rlm","closure","function","TRUE","FALSE","(x, ...) ","MASS","NA","1.5.0","released",FALSE
"rlm.default","closure","function","TRUE","FALSE","(x, y, weights, ..., w = rep(1, nrow(x)), init = ""ls"",     psi = psi.huber, scale.est = c(""MAD"", ""Huber"", ""proposal 2""),     k2 = 1.345, method = c(""M"", ""MM""), wt.method = c(""case"",         ""inv.var""), maxit = 20, acc = 1e-04, test.vec = ""resid"") ","MASS","NA","1.5.0","released",FALSE
"rlm.formula","closure","function","TRUE","FALSE","(x, data = NULL, weights, ..., subset, na.action = na.fail,     method = c(""M"", ""MM"", ""model.frame""), wt.method = c(""case"",         ""inv.var""), model = TRUE, x.ret = TRUE, y.ret = FALSE,     contrasts = NULL) ","MASS","NA","1.5.0","released",FALSE
"rms.curv","closure","function","TRUE","FALSE","(obj) ","MASS","NA","1.5.0","released",FALSE
"rnegbin","closure","function","TRUE","FALSE","(n, mu = n, theta = stop(""theta must be given"")) ","MASS","NA","1.5.0","released",FALSE
"sammon","closure","function","TRUE","FALSE","(d, y = cmdscale(d, k), k = 2, niter = 100, trace = TRUE,     magic = 0.2, tol = 1e-04) ","MASS","NA","1.5.0","released",FALSE
"select","closure","function","TRUE","FALSE","(obj) ","MASS","NA","1.5.0","released",FALSE
"select.ridgelm","closure","function","TRUE","FALSE","(obj) ","MASS","NA","1.5.0","released",FALSE
"stdres","closure","function","TRUE","FALSE","(object) ","MASS","NA","1.5.0","released",FALSE
"stepAIC","closure","function","TRUE","FALSE","(object, scope, scale = 0, direction = c(""both"", ""backward"",     ""forward""), trace = 1, keep = NULL, steps = 1000, use.start = FALSE,     k = 2, ...) ","MASS","NA","1.5.0","released",FALSE
"studres","closure","function","TRUE","FALSE","(object) ","MASS","NA","1.5.0","released",FALSE
"summary.loglm","closure","function","TRUE","FALSE","(object, fitted = FALSE, ...) ","MASS","NA","1.5.0","released",FALSE
"summary.negbin","closure","function","TRUE","FALSE","(object, dispersion = 1, correlation = TRUE, ...) ","MASS","NA","1.5.0","released",FALSE
"summary.polr","closure","function","TRUE","FALSE","(object, digits = max(3, .Options$digits - 3), correlation = FALSE,     ...) ","MASS","NA","1.5.0","released",FALSE
"summary.rlm","closure","function","TRUE","FALSE","(object, method = c(""XtX"", ""XtWX""), correlation = TRUE,     ...) ","MASS","NA","1.5.0","released",FALSE
"t.fractions","closure","function","TRUE","FALSE","(x) ","MASS","NA","1.5.0","released",FALSE
"theta.md","closure","function","TRUE","FALSE","(y, u, dfr, limit = 20, eps = .Machine$double.eps^0.25) ","MASS","NA","1.5.0","released",FALSE
"theta.ml","closure","function","TRUE","FALSE","(y, mu, n = length(y), limit = 10, eps = .Machine$double.eps^0.25,     trace = FALSE) ","MASS","NA","1.5.0","released",FALSE
"theta.mm","closure","function","TRUE","FALSE","(y, u, dfr, limit = 10, eps = .Machine$double.eps^0.25) ","MASS","NA","1.5.0","released",FALSE
"truehist","closure","function","TRUE","FALSE","(data, nbins = ""Scott"", h, x0 = -h/1000, breaks, prob = TRUE,     xlim = range(breaks), ymax = max(est), col = 5, xlab = deparse(substitute(data)),     bty = ""n"", ...) ","MASS","NA","1.5.0","released",FALSE
"ucv","closure","function","TRUE","FALSE","(x, nb = 1000, lower = 0.1 * hmax, upper = hmax) ","MASS","NA","1.5.0","released",FALSE
"update.loglm","closure","function","TRUE","FALSE","(object, formula, ...) ","MASS","NA","1.5.0","released",FALSE
"vcov","closure","function","TRUE","FALSE","(object, ...) ","MASS","NA","1.5.0","released",FALSE
"vcov.glm","closure","function","TRUE","FALSE","(object, ...) ","MASS","NA","1.5.0","released",FALSE
"vcov.lm","closure","function","TRUE","FALSE","(object, ...) ","MASS","NA","1.5.0","released",FALSE
"vcov.nls","closure","function","TRUE","FALSE","(object, ...) ","MASS","NA","1.5.0","released",FALSE
"vcov.polr","closure","function","TRUE","FALSE","(object, ...) ","MASS","NA","1.5.0","released",FALSE
"width.SJ","closure","function","TRUE","FALSE","(x, nb = 1000, lower = 0.1 * hmax, upper = hmax, method = c(""ste"",     ""dpi"")) ","MASS","NA","1.5.0","released",FALSE
"write.matrix","closure","function","TRUE","FALSE","(x, file = """", sep = "" "", blocksize) ","MASS","NA","1.5.0","released",FALSE
"!","builtin","function","TRUE","NA","","base","NA","1.5.0","released",FALSE
"!=","builtin","function","TRUE","NA","","base","NA","1.5.0","released",FALSE
"$","special","function","TRUE","NA","","base","NA","1.5.0","released",FALSE
"$<-","special","function","TRUE","NA","","base","NA","1.5.0","released",FALSE
"%%","builtin","function","TRUE","NA","","base","NA","1.5.0","released",FALSE
"%*%","builtin","function","TRUE","NA","","base","NA","1.5.0","released",FALSE
"%/%","builtin","function","TRUE","NA","","base","NA","1.5.0","released",FALSE
"%in%","closure","function","TRUE","FALSE","(x, table) ","base","NA","1.5.0","released",FALSE
"%o%","closure","function","TRUE","FALSE","(X, Y, FUN = ""*"", ...) ","base","NA","1.5.0","released",FALSE
"%x%","closure","function","TRUE","FALSE","(X, Y, FUN = ""*"", make.dimnames = FALSE, ...) ","base","NA","1.5.0","released",FALSE
"&","builtin","function","TRUE","NA","","base","NA","1.5.0","released",FALSE
"&&","special","function","TRUE","NA","","base","NA","1.5.0","released",FALSE
"(","builtin","function","TRUE","NA","","base","NA","1.5.0","released",FALSE
"*","builtin","function","TRUE","NA","","base","NA","1.5.0","released",FALSE
"+","builtin","function","TRUE","NA","","base","NA","1.5.0","released",FALSE
"+.POSIXt","closure","function","TRUE","FALSE","(e1, e2) ","base","NA","1.5.0","released",FALSE
"-","builtin","function","TRUE","NA","","base","NA","1.5.0","released",FALSE
"-.POSIXct","closure","function","TRUE","FALSE","(e1, e2) ","base","NA","1.5.0","released",FALSE
"-.POSIXlt","closure","function","TRUE","FALSE","(e1, e2) ","base","NA","1.5.0","released",FALSE
"-.POSIXt","closure","function","TRUE","FALSE","(e1, e2) ","base","NA","1.5.0","released",FALSE
".Alias","closure","function","TRUE","FALSE","(...) ","base","NA","1.5.0","released", TRUE
".AutoloadEnv","environment","environment","TRUE","FALSE","NA","base","NA","1.5.0","released", TRUE
".BaseNamespaceEnv","environment","environment","TRUE","FALSE","NA","base","NA","1.5.0","released", TRUE
".C","builtin","function","TRUE","NA","","base","NA","1.5.0","released", TRUE
".Call","builtin","function","TRUE","NA","","base","NA","1.5.0","released", TRUE
".Call.graphics","builtin","function","TRUE","NA","","base","NA","1.5.0","released", TRUE
".Defunct","closure","function","TRUE","FALSE","() ","base","NA","1.5.0","released", TRUE
".Deprecated","closure","function","TRUE","FALSE","(new) ","base","NA","1.5.0","released", TRUE
".Device","character","character","TRUE","FALSE","NA","base","NA","1.5.0","released", TRUE
".Devices","pairlist","pairlist","TRUE","FALSE","NA","base","NA","1.5.0","released", TRUE
".Dyn.libs","character","character","TRUE","FALSE","NA","base","NA","1.5.0","released", TRUE
".External","builtin","function","TRUE","NA","","base","NA","1.5.0","released", TRUE
".External.graphics","builtin","function","TRUE","NA","","base","NA","1.5.0","released", TRUE
".First","closure","function","TRUE","FALSE","() ","base","NA","1.5.0","released", TRUE
".Fortran","builtin","function","TRUE","NA","","base","NA","1.5.0","released", TRUE
".GlobalEnv","environment","environment","TRUE","FALSE","NA","base","NA","1.5.0","released", TRUE
".Internal","special","function","TRUE","NA","","base","NA","1.5.0","released", TRUE
".Last.value","NULL","NULL","TRUE","FALSE","NA","base","NA","1.5.0","released", TRUE
".Library","character","character","TRUE","FALSE","NA","base","NA","1.5.0","released", TRUE
".Machine","list","list","TRUE","FALSE","NA","base","NA","1.5.0","released", TRUE
".NotYetImplemented","closure","function","TRUE","FALSE","() ","base","NA","1.5.0","released", TRUE
".NotYetUsed","closure","function","TRUE","FALSE","(arg, error = TRUE) ","base","NA","1.5.0","released", TRUE
".Options","pairlist","pairlist","TRUE","FALSE","NA","base","NA","1.5.0","released", TRUE
".Pars","character","character","TRUE","FALSE","NA","base","NA","1.5.0","released", TRUE
".Platform","list","list","TRUE","FALSE","NA","base","NA","1.5.0","released", TRUE
".PostScript.Options","list","list","TRUE","FALSE","NA","base","NA","1.5.0","released", TRUE
".Primitive","builtin","function","TRUE","NA","","base","NA","1.5.0","released", TRUE
".Script","closure","function","TRUE","FALSE","(interpreter, script, args, ...) ","base","NA","1.5.0","released", TRUE
".cbind.ts","closure","function","TRUE","FALSE","(sers, nmsers, dframe = FALSE, union = TRUE) ","base","NA","1.5.0","released", TRUE
".find.package","closure","function","TRUE","FALSE","(package, lib.loc = NULL, use.attached, quiet = FALSE,     verbose = getOption(""verbose"")) ","base","NA","1.5.0","released", TRUE
".leap.seconds","double","POSIXt/POSIXct","TRUE","FALSE","NA","base","NA","1.5.0","released", TRUE
".lib.loc","character","character","TRUE","FALSE","NA","base","NA","1.5.0","released", TRUE
".libPaths","closure","function","TRUE","FALSE","(new) ","base","NA","1.5.0","released", TRUE
".packages","closure","function","TRUE","FALSE","(all.available = FALSE, lib.loc = NULL) ","base","NA","1.5.0","released", TRUE
".path.package","closure","function","TRUE","FALSE","(package = .packages(), quiet = FALSE) ","base","NA","1.5.0","released", TRUE
".primTrace","builtin","function","TRUE","NA","","base","NA","1.5.0","released", TRUE
".primUntrace","builtin","function","TRUE","NA","","base","NA","1.5.0","released", TRUE
".ps.prolog","character","character","TRUE","FALSE","NA","base","NA","1.5.0","released", TRUE
"/","builtin","function","TRUE","NA","","base","NA","1.5.0","released",FALSE
":","builtin","function","TRUE","NA","","base","NA","1.5.0","released",FALSE
"<","builtin","function","TRUE","NA","","base","NA","1.5.0","released",FALSE
"<-","special","function","TRUE","NA","","base","NA","1.5.0","released",FALSE
"<<-","special","function","TRUE","NA","","base","NA","1.5.0","released",FALSE
"<=","builtin","function","TRUE","NA","","base","NA","1.5.0","released",FALSE
"=","special","function","TRUE","NA","","base","NA","1.5.0","released",FALSE
"==","builtin","function","TRUE","NA","","base","NA","1.5.0","released",FALSE
">","builtin","function","TRUE","NA","","base","NA","1.5.0","released",FALSE
">=","builtin","function","TRUE","NA","","base","NA","1.5.0","released",FALSE
"?","closure","function","TRUE","FALSE","(e1, e2) ","base","NA","1.5.0","released",FALSE
"@","special","function","TRUE","NA","","base","NA","1.5.0","released",FALSE
"@<-","special","function","TRUE","NA","","base","NA","1.5.0","released",FALSE
"AIC","closure","function","TRUE","FALSE","(object, ..., k = 2) ","base","NA","1.5.0","released",FALSE
"AIC.default","closure","function","TRUE","FALSE","(object, ..., k = 2) ","base","NA","1.5.0","released",FALSE
"AIC.lm","closure","function","TRUE","FALSE","(object, ..., k = 2) ","base","NA","1.5.0","released",FALSE
"AIC.logLik","closure","function","TRUE","FALSE","(object, ..., k = 2) ","base","NA","1.5.0","released",FALSE
"Arg","builtin","function","TRUE","NA","","base","NA","1.5.0","released",FALSE
"C","closure","function","TRUE","FALSE","(object, contr, how.many, ...) ","base","NA","1.5.0","released",FALSE
"CRAN.packages","closure","function","TRUE","FALSE","(CRAN = getOption(""CRAN""), method, contriburl = contrib.url(CRAN)) ","base","NA","1.5.0","released",FALSE
"Conj","builtin","function","TRUE","NA","","base","NA","1.5.0","released",FALSE
"D","closure","function","TRUE","FALSE","(expr, name) ","base","NA","1.5.0","released",FALSE
"F","logical","logical","TRUE","FALSE","NA","base","NA","1.5.0","released",FALSE
"GNOME","closure","function","TRUE","FALSE","(display = """", width = 7, height = 7, pointsize = 12) ","base","NA","1.5.0","released",FALSE
"GTK","closure","function","TRUE","FALSE","(display = """", width = 7, height = 7, pointsize = 12) ","base","NA","1.5.0","released",FALSE
"Gamma","closure","function","TRUE","FALSE","(link = ""inverse"") ","base","NA","1.5.0","released",FALSE
"Hershey","list","list","TRUE","FALSE","NA","base","NA","1.5.0","released",FALSE
"I","closure","function","TRUE","FALSE","(x) ","base","NA","1.5.0","released",FALSE
"IQR","closure","function","TRUE","FALSE","(x, na.rm = FALSE) ","base","NA","1.5.0","released",FALSE
"ISOLatin1","integer","integer","TRUE","FALSE","NA","base","NA","1.5.0","released",FALSE
"ISOdate","closure","function","TRUE","FALSE","(year, month, day, hour = 12, min = 0, sec = 0, tz = ""GMT"") ","base","NA","1.5.0","released",FALSE
"ISOdatetime","closure","function","TRUE","FALSE","(year, month, day, hour, min, sec, tz = """") ","base","NA","1.5.0","released",FALSE
"Im","builtin","function","TRUE","NA","","base","NA","1.5.0","released",FALSE
"LETTERS","character","character","TRUE","FALSE","NA","base","NA","1.5.0","released",FALSE
"La.eigen","closure","function","TRUE","FALSE","(x, symmetric, only.values = FALSE, method = c(""dsyevr"",     ""dsyev"")) ","base","NA","1.5.0","released",FALSE
"La.svd","closure","function","TRUE","FALSE","(x, nu = min(n, p), nv = min(n, p), method = c(""dgesdd"",     ""dgesvd"")) ","base","NA","1.5.0","released",FALSE
"MacRoman","integer","integer","TRUE","FALSE","NA","base","NA","1.5.0","released",FALSE
"Machine","closure","function","TRUE","FALSE","() ","base","NA","1.5.0","released",FALSE
"Math.POSIXt","closure","function","TRUE","FALSE","(x, ...) ","base","NA","1.5.0","released",FALSE
"Math.data.frame","closure","function","TRUE","FALSE","(x, ...) ","base","NA","1.5.0","released",FALSE
"Math.factor","closure","function","TRUE","FALSE","(x, ...) ","base","NA","1.5.0","released",FALSE
"Mod","builtin","function","TRUE","NA","","base","NA","1.5.0","released",FALSE
"NCOL","closure","function","TRUE","FALSE","(x) ","base","NA","1.5.0","released",FALSE
"NROW","closure","function","TRUE","FALSE","(x) ","base","NA","1.5.0","released",FALSE
"NextMethod","closure","function","TRUE","FALSE","(generic = NULL, object = NULL, ...) ","base","NA","1.5.0","released",FALSE
"Ops.POSIXct","closure","function","TRUE","FALSE","(e1, e2) ","base","NA","1.5.0","released",FALSE
"Ops.POSIXlt","closure","function","TRUE","FALSE","(e1, e2) ","base","NA","1.5.0","released",FALSE
"Ops.POSIXt","closure","function","TRUE","FALSE","(e1, e2) ","base","NA","1.5.0","released",FALSE
"Ops.data.frame","closure","function","TRUE","FALSE","(e1, e2 = NULL) ","base","NA","1.5.0","released",FALSE
"Ops.factor","closure","function","TRUE","FALSE","(e1, e2) ","base","NA","1.5.0","released",FALSE
"Ops.ordered","closure","function","TRUE","FALSE","(e1, e2) ","base","NA","1.5.0","released",FALSE
"Ops.ts","closure","function","TRUE","FALSE","(e1, e2) ","base","NA","1.5.0","released",FALSE
"Platform","closure","function","TRUE","FALSE","() ","base","NA","1.5.0","released",FALSE
"R.Version","closure","function","TRUE","FALSE","() ","base","NA","1.5.0","released",FALSE
"R.home","closure","function","TRUE","FALSE","() ","base","NA","1.5.0","released",FALSE
"R.version","list","simple.list","TRUE","FALSE","NA","base","NA","1.5.0","released",FALSE
"R.version.string","character","character","TRUE","FALSE","NA","base","NA","1.5.0","released",FALSE
"RNGkind","closure","function","TRUE","FALSE","(kind = NULL, normal.kind = NULL) ","base","NA","1.5.0","released",FALSE
"Re","builtin","function","TRUE","NA","","base","NA","1.5.0","released",FALSE
"Recall","closure","function","TRUE","FALSE","(...) ","base","NA","1.5.0","released",FALSE
"Rprof","closure","function","TRUE","FALSE","(filename = ""Rprof.out"", append = FALSE, interval = 0.02) ","base","NA","1.5.0","released",FALSE
"Summary.POSIXct","closure","function","TRUE","FALSE","(x, ...) ","base","NA","1.5.0","released",FALSE
"Summary.POSIXlt","closure","function","TRUE","FALSE","(x, ...) ","base","NA","1.5.0","released",FALSE
"Summary.data.frame","closure","function","TRUE","FALSE","(x, ...) ","base","NA","1.5.0","released",FALSE
"Summary.factor","closure","function","TRUE","FALSE","(x, ...) ","base","NA","1.5.0","released",FALSE
"Sys.getenv","closure","function","TRUE","FALSE","(x) ","base","NA","1.5.0","released",FALSE
"Sys.getlocale","closure","function","TRUE","FALSE","(category = ""LC_ALL"") ","base","NA","1.5.0","released",FALSE
"Sys.info","closure","function","TRUE","FALSE","() ","base","NA","1.5.0","released",FALSE
"Sys.localeconv","closure","function","TRUE","FALSE","() ","base","NA","1.5.0","released",FALSE
"Sys.putenv","closure","function","TRUE","FALSE","(...) ","base","NA","1.5.0","released",FALSE
"Sys.setlocale","closure","function","TRUE","FALSE","(category = ""LC_ALL"", locale = """") ","base","NA","1.5.0","released",FALSE
"Sys.sleep","closure","function","TRUE","FALSE","(time) ","base","NA","1.5.0","released",FALSE
"Sys.time","closure","function","TRUE","FALSE","() ","base","NA","1.5.0","released",FALSE
"Sys.timezone","closure","function","TRUE","FALSE","() ","base","NA","1.5.0","released",FALSE
"T","logical","logical","TRUE","FALSE","NA","base","NA","1.5.0","released",FALSE
"TukeyHSD","closure","function","TRUE","FALSE","(x, which = seq(along = tabs), ordered = FALSE, conf.level = 0.95,     ...) ","base","NA","1.5.0","released",FALSE
"TukeyHSD.aov","closure","function","TRUE","FALSE","(x, which = seq(along = tabs), ordered = FALSE, conf.level = 0.95,     ...) ","base","NA","1.5.0","released",FALSE
"UseMethod","special","function","TRUE","NA","","base","NA","1.5.0","released",FALSE
"Version","closure","function","TRUE","FALSE","() ","base","NA","1.5.0","released",FALSE
"WinAnsi","integer","integer","TRUE","FALSE","NA","base","NA","1.5.0","released",FALSE
"X11","closure","function","TRUE","FALSE","(display = """", width = 7, height = 7, pointsize = 12,     gamma = 1, colortype = getOption(""X11colortype""), maxcubesize = 256,     canvas = ""white"") ","base","NA","1.5.0","released",FALSE
"[","special","function","TRUE","NA","","base","NA","1.5.0","released",FALSE
"[.AsIs","closure","function","TRUE","FALSE","(x, i, ...) ","base","NA","1.5.0","released",FALSE
"[.POSIXct","closure","function","TRUE","FALSE","(x, ..., drop = TRUE) ","base","NA","1.5.0","released",FALSE
"[.POSIXlt","closure","function","TRUE","FALSE","(x, ..., drop = TRUE) ","base","NA","1.5.0","released",FALSE
"[.data.frame","closure","function","TRUE","FALSE","(x, i, j, drop = if (missing(i)) TRUE else length(cols) ==     1) ","base","NA","1.5.0","released",FALSE
"[.factor","closure","function","TRUE","FALSE","(x, i, drop = FALSE) ","base","NA","1.5.0","released",FALSE
"[.formula","closure","function","TRUE","FALSE","(x, i) ","base","NA","1.5.0","released",FALSE
"[.noquote","closure","function","TRUE","FALSE","(x, ...) ","base","NA","1.5.0","released",FALSE
"[.ts","closure","function","TRUE","FALSE","(x, i, j, drop = TRUE) ","base","NA","1.5.0","released",FALSE
"[<-","special","function","TRUE","NA","","base","NA","1.5.0","released",FALSE
"[<-.POSIXct","closure","function","TRUE","FALSE","(x, ..., value) ","base","NA","1.5.0","released",FALSE
"[<-.POSIXlt","closure","function","TRUE","FALSE","(x, i, value) ","base","NA","1.5.0","released",FALSE
"[<-.data.frame","closure","function","TRUE","FALSE","(x, i, j, value) ","base","NA","1.5.0","released",FALSE
"[<-.factor","closure","function","TRUE","FALSE","(x, i, value) ","base","NA","1.5.0","released",FALSE
"[[","special","function","TRUE","NA","","base","NA","1.5.0","released",FALSE
"[[.POSIXct","closure","function","TRUE","FALSE","(x, ..., drop = TRUE) ","base","NA","1.5.0","released",FALSE
"[[.data.frame","closure","function","TRUE","FALSE","(x, ...) ","base","NA","1.5.0","released",FALSE
"[[<-","special","function","TRUE","NA","","base","NA","1.5.0","released",FALSE
"[[<-.data.frame","closure","function","TRUE","FALSE","(x, i, j, value) ","base","NA","1.5.0","released",FALSE
"^","builtin","function","TRUE","NA","","base","NA","1.5.0","released",FALSE
"abbreviate","closure","function","TRUE","FALSE","(names.arg, minlength = 4, use.classes = TRUE, dot = FALSE) ","base","NA","1.5.0","released",FALSE
"abline","closure","function","TRUE","FALSE","(a = NULL, b = NULL, h = NULL, v = NULL, reg = NULL,     coef = NULL, untf = FALSE, col = par(""col""), lty = par(""lty""),     lwd = NULL, ...) ","base","NA","1.5.0","released",FALSE
"abs","builtin","function","TRUE","NA","","base","NA","1.5.0","released",FALSE
"acos","builtin","function","TRUE","NA","","base","NA","1.5.0","released",FALSE
"acosh","builtin","function","TRUE","NA","","base","NA","1.5.0","released",FALSE
"add.scope","closure","function","TRUE","FALSE","(terms1, terms2) ","base","NA","1.5.0","released",FALSE
"add1","closure","function","TRUE","FALSE","(object, scope, ...) ","base","NA","1.5.0","released",FALSE
"add1.default","closure","function","TRUE","FALSE","(object, scope, scale = 0, test = c(""none"", ""Chisq""),     k = 2, trace = FALSE, ...) ","base","NA","1.5.0","released",FALSE
"add1.glm","closure","function","TRUE","FALSE","(object, scope, scale = 0, test = c(""none"", ""Chisq"",     ""F""), x = NULL, k = 2, ...) ","base","NA","1.5.0","released",FALSE
"add1.lm","closure","function","TRUE","FALSE","(object, scope, scale = 0, test = c(""none"", ""Chisq"",     ""F""), x = NULL, k = 2, ...) ","base","NA","1.5.0","released",FALSE
"add1.mlm","closure","function","TRUE","FALSE","(object, scope, ...) ","base","NA","1.5.0","released",FALSE
"addTaskCallback","closure","function","TRUE","FALSE","(f, data = NULL, name = character(0)) ","base","NA","1.5.0","released",FALSE
"aggregate","closure","function","TRUE","FALSE","(x, ...) ","base","NA","1.5.0","released",FALSE
"aggregate.data.frame","closure","function","TRUE","FALSE","(x, by, FUN, ...) ","base","NA","1.5.0","released",FALSE
"aggregate.default","closure","function","TRUE","FALSE","(x, ...) ","base","NA","1.5.0","released",FALSE
"aggregate.ts","closure","function","TRUE","FALSE","(x, nfrequency = 1, FUN = sum, ndeltat = 1, ts.eps = getOption(""ts.eps""),     ...) ","base","NA","1.5.0","released",FALSE
"alias","closure","function","TRUE","FALSE","(object, ...) ","base","NA","1.5.0","released",FALSE
"alias.formula","closure","function","TRUE","FALSE","(object, data, ...) ","base","NA","1.5.0","released",FALSE
"alias.lm","closure","function","TRUE","FALSE","(object, complete = TRUE, partial = FALSE, partial.pattern = FALSE,     ...) ","base","NA","1.5.0","released",FALSE
"alist","closure","function","TRUE","FALSE","(...) ","base","NA","1.5.0","released",FALSE
"all","closure","function","TRUE","FALSE","(..., na.rm = FALSE) ","base","NA","1.5.0","released",FALSE
"all.equal","closure","function","TRUE","FALSE","(target, current, ...) ","base","NA","1.5.0","released",FALSE
"all.equal.POSIXct","closure","function","TRUE","FALSE","(target, current, ..., scale = 1) ","base","NA","1.5.0","released",FALSE
"all.equal.character","closure","function","TRUE","FALSE","(target, current, ...) ","base","NA","1.5.0","released",FALSE
"all.equal.default","closure","function","TRUE","FALSE","(target, current, ...) ","base","NA","1.5.0","released",FALSE
"all.equal.factor","closure","function","TRUE","FALSE","(target, current, ...) ","base","NA","1.5.0","released",FALSE
"all.equal.formula","closure","function","TRUE","FALSE","(target, current, ...) ","base","NA","1.5.0","released",FALSE
"all.equal.language","closure","function","TRUE","FALSE","(target, current, ...) ","base","NA","1.5.0","released",FALSE
"all.equal.list","closure","function","TRUE","FALSE","(target, current, ...) ","base","NA","1.5.0","released",FALSE
"all.equal.numeric","closure","function","TRUE","FALSE","(target, current, tolerance = .Machine$double.eps^0.5,     scale = NULL, ...) ","base","NA","1.5.0","released",FALSE
"all.names","closure","function","TRUE","FALSE","(expr, functions = TRUE, max.names = 200, unique = FALSE) ","base","NA","1.5.0","released",FALSE
"all.vars","closure","function","TRUE","FALSE","(expr, functions = FALSE, max.names = 200, unique = TRUE) ","base","NA","1.5.0","released",FALSE
"anova","closure","function","TRUE","FALSE","(object, ...) ","base","NA","1.5.0","released",FALSE
"anova.glm","closure","function","TRUE","FALSE","(object, ..., dispersion = NULL, test = NULL) ","base","NA","1.5.0","released",FALSE
"anova.glm.null","closure","function","TRUE","FALSE","(object, ..., test = NULL, na.action = na.omit) ","base","NA","1.5.0","released",FALSE
"anova.glmlist","closure","function","TRUE","FALSE","(object, ..., dispersion = NULL, test = NULL) ","base","NA","1.5.0","released",FALSE
"anova.lm","closure","function","TRUE","FALSE","(object, ...) ","base","NA","1.5.0","released",FALSE
"anova.lm.null","closure","function","TRUE","FALSE","(object, ...) ","base","NA","1.5.0","released",FALSE
"anova.lmlist","closure","function","TRUE","FALSE","(object, ..., scale = 0, test = ""F"") ","base","NA","1.5.0","released",FALSE
"anova.mlm","closure","function","TRUE","FALSE","(object, ...) ","base","NA","1.5.0","released",FALSE
"anovalist.lm","closure","function","TRUE","FALSE","(object, ..., test = NULL) ","base","NA","1.5.0","released",FALSE
"any","closure","function","TRUE","FALSE","(..., na.rm = FALSE) ","base","NA","1.5.0","released",FALSE
"aov","closure","function","TRUE","FALSE","(formula, data = NULL, projections = FALSE, qr = TRUE,     contrasts = NULL, ...) ","base","NA","1.5.0","released",FALSE
"aperm","closure","function","TRUE","FALSE","(a, perm, resize = TRUE) ","base","NA","1.5.0","released",FALSE
"append","closure","function","TRUE","FALSE","(x, values, after = length(x)) ","base","NA","1.5.0","released",FALSE
"apply","closure","function","TRUE","FALSE","(X, MARGIN, FUN, ...) ","base","NA","1.5.0","released",FALSE
"approx","closure","function","TRUE","FALSE","(x, y = NULL, xout, method = ""linear"", n = 50, yleft,     yright, rule = 1, f = 0, ties = mean) ","base","NA","1.5.0","released",FALSE
"approxfun","closure","function","TRUE","FALSE","(x, y = NULL, method = ""linear"", yleft, yright, rule = 1,     f = 0, ties = mean) ","base","NA","1.5.0","released",FALSE
"apropos","closure","function","TRUE","FALSE","(what, where = FALSE, mode = ""any"") ","base","NA","1.5.0","released",FALSE
"args","closure","function","TRUE","FALSE","(name) ","base","NA","1.5.0","released",FALSE
"array","closure","function","TRUE","FALSE","(data = NA, dim = length(data), dimnames = NULL) ","base","NA","1.5.0","released",FALSE
"arrows","closure","function","TRUE","FALSE","(x0, y0, x1, y1, length = 0.25, angle = 30, code = 2,     col = par(""fg""), lty = NULL, lwd = par(""lwd""), xpd = NULL) ","base","NA","1.5.0","released",FALSE
"as.POSIXct","closure","function","TRUE","FALSE","(x, tz = """") ","base","NA","1.5.0","released",FALSE
"as.POSIXct.POSIXlt","closure","function","TRUE","FALSE","(x, tz = """") ","base","NA","1.5.0","released",FALSE
"as.POSIXct.date","closure","function","TRUE","FALSE","(x, ...) ","base","NA","1.5.0","released",FALSE
"as.POSIXct.dates","closure","function","TRUE","FALSE","(x, ...) ","base","NA","1.5.0","released",FALSE
"as.POSIXct.default","closure","function","TRUE","FALSE","(x, tz = """") ","base","NA","1.5.0","released",FALSE
"as.POSIXlt","closure","function","TRUE","FALSE","(x, tz = """") ","base","NA","1.5.0","released",FALSE
"as.array","closure","function","TRUE","FALSE","(x) ","base","NA","1.5.0","released",FALSE
"as.call","builtin","function","TRUE","NA","","base","NA","1.5.0","released",FALSE
"as.character","special","function","TRUE","NA","","base","NA","1.5.0","released",FALSE
"as.character.POSIXt","closure","function","TRUE","FALSE","(x, ...) ","base","NA","1.5.0","released",FALSE
"as.character.default","closure","function","TRUE","FALSE","(x, ...) ","base","NA","1.5.0","released",FALSE
"as.character.factor","closure","function","TRUE","FALSE","(x, ...) ","base","NA","1.5.0","released",FALSE
"as.character.octmode","closure","function","TRUE","FALSE","(x, ...) ","base","NA","1.5.0","released",FALSE
"as.complex","closure","function","TRUE","FALSE","(x, ...) ","base","NA","1.5.0","released",FALSE
"as.complex.default","closure","function","TRUE","FALSE","(x, ...) ","base","NA","1.5.0","released",FALSE
"as.data.frame","closure","function","TRUE","FALSE","(x, row.names = NULL, optional = FALSE) ","base","NA","1.5.0","released",FALSE
"as.data.frame.AsIs","closure","function","TRUE","FALSE","(x, row.names = NULL, optional = FALSE) ","base","NA","1.5.0","released",FALSE
"as.data.frame.POSIXct","closure","function","TRUE","FALSE","(x, row.names = NULL, optional = FALSE) ","base","NA","1.5.0","released",FALSE
"as.data.frame.POSIXlt","closure","function","TRUE","FALSE","(x, row.names = NULL, optional = FALSE) ","base","NA","1.5.0","released",FALSE
"as.data.frame.character","closure","function","TRUE","FALSE","(x, row.names = NULL, optional = FALSE) ","base","NA","1.5.0","released",FALSE
"as.data.frame.complex","closure","function","TRUE","FALSE","(x, row.names = NULL, optional = FALSE) ","base","NA","1.5.0","released",FALSE
"as.data.frame.data.frame","closure","function","TRUE","FALSE","(x, row.names = NULL, optional = FALSE) ","base","NA","1.5.0","released",FALSE
"as.data.frame.default","closure","function","TRUE","FALSE","(x, row.names = NULL, optional = FALSE) ","base","NA","1.5.0","released",FALSE
"as.data.frame.factor","closure","function","TRUE","FALSE","(x, row.names = NULL, optional = FALSE) ","base","NA","1.5.0","released",FALSE
"as.data.frame.integer","closure","function","TRUE","FALSE","(x, row.names = NULL, optional = FALSE) ","base","NA","1.5.0","released",FALSE
"as.data.frame.list","closure","function","TRUE","FALSE","(x, row.names = NULL, optional = FALSE) ","base","NA","1.5.0","released",FALSE
"as.data.frame.logLik","closure","function","TRUE","FALSE","(x, row.names = NULL, optional = FALSE) ","base","NA","1.5.0","released",FALSE
"as.data.frame.logical","closure","function","TRUE","FALSE","(x, row.names = NULL, optional = FALSE) ","base","NA","1.5.0","released",FALSE
"as.data.frame.matrix","closure","function","TRUE","FALSE","(x, row.names = NULL, optional = FALSE) ","base","NA","1.5.0","released",FALSE
"as.data.frame.model.matrix","closure","function","TRUE","FALSE","(x, row.names = NULL, optional = FALSE) ","base","NA","1.5.0","released",FALSE
"as.data.frame.numeric","closure","function","TRUE","FALSE","(x, row.names = NULL, optional = FALSE) ","base","NA","1.5.0","released",FALSE
"as.data.frame.ordered","closure","function","TRUE","FALSE","(x, row.names = NULL, optional = FALSE) ","base","NA","1.5.0","released",FALSE
"as.data.frame.table","closure","function","TRUE","FALSE","(x, row.names = NULL, optional = FALSE, ...) ","base","NA","1.5.0","released",FALSE
"as.data.frame.ts","closure","function","TRUE","FALSE","(x, row.names = NULL, optional = FALSE) ","base","NA","1.5.0","released",FALSE
"as.data.frame.vector","closure","function","TRUE","FALSE","(x, row.names = NULL, optional = FALSE) ","base","NA","1.5.0","released",FALSE
"as.double","closure","function","TRUE","FALSE","(x, ...) ","base","NA","1.5.0","released",FALSE
"as.double.default","closure","function","TRUE","FALSE","(x, ...) ","base","NA","1.5.0","released",FALSE
"as.environment","builtin","function","TRUE","NA","","base","NA","1.5.0","released",FALSE
"as.expression","closure","function","TRUE","FALSE","(x, ...) ","base","NA","1.5.0","released",FALSE
"as.expression.default","closure","function","TRUE","FALSE","(x, ...) ","base","NA","1.5.0","released",FALSE
"as.factor","closure","function","TRUE","FALSE","(x) ","base","NA","1.5.0","released",FALSE
"as.formula","closure","function","TRUE","FALSE","(object, env = parent.frame()) ","base","NA","1.5.0","released",FALSE
"as.function","closure","function","TRUE","FALSE","(x, ...) ","base","NA","1.5.0","released",FALSE
"as.function.default","closure","function","TRUE","FALSE","(x, envir = parent.frame(), ...) ","base","NA","1.5.0","released",FALSE
"as.integer","closure","function","TRUE","FALSE","(x, ...) ","base","NA","1.5.0","released",FALSE
"as.integer.default","closure","function","TRUE","FALSE","(x, ...) ","base","NA","1.5.0","released",FALSE
"as.list","closure","function","TRUE","FALSE","(x, ...) ","base","NA","1.5.0","released",FALSE
"as.list.data.frame","closure","function","TRUE","FALSE","(x, ...) ","base","NA","1.5.0","released",FALSE
"as.list.default","closure","function","TRUE","FALSE","(x, ...) ","base","NA","1.5.0","released",FALSE
"as.logical","closure","function","TRUE","FALSE","(x, ...) ","base","NA","1.5.0","released",FALSE
"as.logical.default","closure","function","TRUE","FALSE","(x, ...) ","base","NA","1.5.0","released",FALSE
"as.matrix","closure","function","TRUE","FALSE","(x) ","base","NA","1.5.0","released",FALSE
"as.matrix.POSIXlt","closure","function","TRUE","FALSE","(x) ","base","NA","1.5.0","released",FALSE
"as.matrix.data.frame","closure","function","TRUE","FALSE","(x) ","base","NA","1.5.0","released",FALSE
"as.matrix.default","closure","function","TRUE","FALSE","(x) ","base","NA","1.5.0","released",FALSE
"as.matrix.noquote","closure","function","TRUE","FALSE","(x) ","base","NA","1.5.0","released",FALSE
"as.name","closure","function","TRUE","FALSE","(x) ","base","NA","1.5.0","released",FALSE
"as.null","closure","function","TRUE","FALSE","(x, ...) ","base","NA","1.5.0","released",FALSE
"as.null.default","closure","function","TRUE","FALSE","(x, ...) ","base","NA","1.5.0","released",FALSE
"as.numeric","closure","function","TRUE","FALSE","(x, ...) ","base","NA","1.5.0","released",FALSE
"as.ordered","closure","function","TRUE","FALSE","(x) ","base","NA","1.5.0","released",FALSE
"as.pairlist","closure","function","TRUE","FALSE","(x) ","base","NA","1.5.0","released",FALSE
"as.qr","closure","function","TRUE","FALSE","(x) ","base","NA","1.5.0","released",FALSE
"as.real","closure","function","TRUE","FALSE","(x, ...) ","base","NA","1.5.0","released",FALSE
"as.single","closure","function","TRUE","FALSE","(x, ...) ","base","NA","1.5.0","released",FALSE
"as.single.default","closure","function","TRUE","FALSE","(x, ...) ","base","NA","1.5.0","released",FALSE
"as.symbol","closure","function","TRUE","FALSE","(x) ","base","NA","1.5.0","released",FALSE
"as.table","closure","function","TRUE","FALSE","(x, ...) ","base","NA","1.5.0","released",FALSE
"as.table.default","closure","function","TRUE","FALSE","(x, ...) ","base","NA","1.5.0","released",FALSE
"as.table.ftable","closure","function","TRUE","FALSE","(x, ...) ","base","NA","1.5.0","released",FALSE
"as.ts","closure","function","TRUE","FALSE","(x) ","base","NA","1.5.0","released",FALSE
"as.vector","closure","function","TRUE","FALSE","(x, mode = ""any"") ","base","NA","1.5.0","released",FALSE
"as.vector.factor","closure","function","TRUE","FALSE","(x, type = ""any"") ","base","NA","1.5.0","released",FALSE
"asin","builtin","function","TRUE","NA","","base","NA","1.5.0","released",FALSE
"asinh","builtin","function","TRUE","NA","","base","NA","1.5.0","released",FALSE
"assign","closure","function","TRUE","FALSE","(x, value, pos = -1, envir = as.environment(pos), inherits = FALSE,     immediate = TRUE) ","base","NA","1.5.0","released",FALSE
"assocplot","closure","function","TRUE","FALSE","(x, col = c(""black"", ""red""), space = 0.3, main = NULL,     xlab = NULL, ylab = NULL) ","base","NA","1.5.0","released",FALSE
"atan","builtin","function","TRUE","NA","","base","NA","1.5.0","released",FALSE
"atan2","closure","function","TRUE","FALSE","(y, x) ","base","NA","1.5.0","released",FALSE
"atanh","builtin","function","TRUE","NA","","base","NA","1.5.0","released",FALSE
"attach","closure","function","TRUE","FALSE","(what, pos = 2, name = deparse(substitute(what))) ","base","NA","1.5.0","released",FALSE
"attr","builtin","function","TRUE","NA","","base","NA","1.5.0","released",FALSE
"attr.all.equal","closure","function","TRUE","FALSE","(target, current, ...) ","base","NA","1.5.0","released",FALSE
"attr<-","special","function","TRUE","NA","","base","NA","1.5.0","released",FALSE
"attributes","builtin","function","TRUE","NA","","base","NA","1.5.0","released",FALSE
"attributes<-","builtin","function","TRUE","NA","","base","NA","1.5.0","released",FALSE
"autoload","closure","function","TRUE","FALSE","(name, package, ...) ","base","NA","1.5.0","released",FALSE
"autoloader","closure","function","TRUE","FALSE","(name, package, ...) ","base","NA","1.5.0","released",FALSE
"ave","closure","function","TRUE","FALSE","(x, ..., FUN = mean) ","base","NA","1.5.0","released",FALSE
"axis","closure","function","TRUE","FALSE","(side, at = NULL, labels = TRUE, tick = TRUE, line = 0,     pos = NA, outer = FALSE, font = NA, vfont = NULL, ...) ","base","NA","1.5.0","released",FALSE
"axis.POSIXct","closure","function","TRUE","FALSE","(side, x, at, format, ...) ","base","NA","1.5.0","released",FALSE
"backsolve","closure","function","TRUE","FALSE","(r, x, k = ncol(r), upper.tri = TRUE, transpose = FALSE) ","base","NA","1.5.0","released",FALSE
"barplot","closure","function","TRUE","FALSE","(height, ...) ","base","NA","1.5.0","released",FALSE
"barplot.default","closure","function","TRUE","FALSE","(height, width = 1, space = NULL, names.arg = NULL,     legend.text = NULL, beside = FALSE, horiz = FALSE, density = NULL,     angle = 45, col = heat.colors(NR), border = par(""fg""), main = NULL,     sub = NULL, xlab = NULL, ylab = NULL, xlim = NULL, ylim = NULL,     xpd = TRUE, axes = TRUE, axisnames = TRUE, cex.axis = par(""cex.axis""),     cex.names = par(""cex.axis""), inside = TRUE, plot = TRUE,     ...) ","base","NA","1.5.0","released",FALSE
"basename","closure","function","TRUE","FALSE","(path) ","base","NA","1.5.0","released",FALSE
"besselI","closure","function","TRUE","FALSE","(x, nu, expon.scaled = FALSE) ","base","NA","1.5.0","released",FALSE
"besselJ","closure","function","TRUE","FALSE","(x, nu) ","base","NA","1.5.0","released",FALSE
"besselK","closure","function","TRUE","FALSE","(x, nu, expon.scaled = FALSE) ","base","NA","1.5.0","released",FALSE
"besselY","closure","function","TRUE","FALSE","(x, nu) ","base","NA","1.5.0","released",FALSE
"beta","closure","function","TRUE","FALSE","(a, b) ","base","NA","1.5.0","released",FALSE
"bindingIsActive","closure","function","TRUE","FALSE","(sym, env) ","base","NA","1.5.0","released",FALSE
"bindingIsLocked","closure","function","TRUE","FALSE","(sym, env) ","base","NA","1.5.0","released",FALSE
"binomial","closure","function","TRUE","FALSE","(link = ""logit"") ","base","NA","1.5.0","released",FALSE
"bitmap","closure","function","TRUE","FALSE","(file, type = ""png256"", height = 6, width = 6, res = 72,     pointsize, ...) ","base","NA","1.5.0","released",FALSE
"body","closure","function","TRUE","FALSE","(fun = sys.function(sys.parent())) ","base","NA","1.5.0","released",FALSE
"body<-","closure","function","TRUE","FALSE","(f, value, envir = parent.frame()) ","base","NA","1.5.0","released",FALSE
"box","closure","function","TRUE","FALSE","(which = ""plot"", lty = ""solid"", ...) ","base","NA","1.5.0","released",FALSE
"boxplot","closure","function","TRUE","FALSE","(x, ...) ","base","NA","1.5.0","released",FALSE
"boxplot.default","closure","function","TRUE","FALSE","(x, ..., range = 1.5, width = NULL, varwidth = FALSE,     notch = FALSE, outline = TRUE, names, boxwex = 0.8, plot = TRUE,     border = par(""fg""), col = NULL, log = """", pars = NULL, horizontal = FALSE,     add = FALSE, at = NULL) ","base","NA","1.5.0","released",FALSE
"boxplot.formula","closure","function","TRUE","FALSE","(formula, data = NULL, ..., subset) ","base","NA","1.5.0","released",FALSE
"boxplot.stats","closure","function","TRUE","FALSE","(x, coef = 1.5, do.conf = TRUE, do.out = TRUE) ","base","NA","1.5.0","released",FALSE
"break","special","function","TRUE","NA","","base","NA","1.5.0","released",FALSE
"browser","special","function","TRUE","NA","","base","NA","1.5.0","released",FALSE
"bug.report","closure","function","TRUE","FALSE","(subject = """", ccaddress = Sys.getenv(""USER""), method = getOption(""mailer""),     address = ""r-bugs@r-project.org"", file = ""R.bug.report"") ","base","NA","1.5.0","released",FALSE
"builtins","closure","function","TRUE","FALSE","(internal = FALSE) ","base","NA","1.5.0","released",FALSE
"bw.SJ","closure","function","TRUE","FALSE","(x, nb = 1000, lower = 0.1 * hmax, upper = hmax, method = c(""ste"",     ""dpi"")) ","base","NA","1.5.0","released",FALSE
"bw.bcv","closure","function","TRUE","FALSE","(x, nb = 1000, lower = 0.1 * hmax, upper = hmax) ","base","NA","1.5.0","released",FALSE
"bw.nrd","closure","function","TRUE","FALSE","(x) ","base","NA","1.5.0","released",FALSE
"bw.nrd0","closure","function","TRUE","FALSE","(x) ","base","NA","1.5.0","released",FALSE
"bw.ucv","closure","function","TRUE","FALSE","(x, nb = 1000, lower = 0.1 * hmax, upper = hmax) ","base","NA","1.5.0","released",FALSE
"bxp","closure","function","TRUE","FALSE","(z, notch = FALSE, width = NULL, varwidth = FALSE, outline = TRUE,     notch.frac = 0.5, boxwex = 0.8, border = par(""fg""), col = NULL,     log = """", pars = NULL, frame.plot = axes, horizontal = FALSE,     add = FALSE, at = NULL, show.names = NULL, ...) ","base","NA","1.5.0","released",FALSE
"by","closure","function","TRUE","FALSE","(data, INDICES, FUN, ...) ","base","NA","1.5.0","released",FALSE
"by.data.frame","closure","function","TRUE","FALSE","(data, INDICES, FUN, ...) ","base","NA","1.5.0","released",FALSE
"by.default","closure","function","TRUE","FALSE","(data, INDICES, FUN, ...) ","base","NA","1.5.0","released",FALSE
"bzfile","closure","function","TRUE","FALSE","(description, open = """", encoding = getOption(""encoding"")) ","base","NA","1.5.0","released",FALSE
"c","special","function","TRUE","NA","","base","NA","1.5.0","released",FALSE
"c.POSIXct","closure","function","TRUE","FALSE","(..., recursive = FALSE) ","base","NA","1.5.0","released",FALSE
"c.POSIXlt","closure","function","TRUE","FALSE","(..., recursive = FALSE) ","base","NA","1.5.0","released",FALSE
"call","special","function","TRUE","NA","","base","NA","1.5.0","released",FALSE
"capabilities","closure","function","TRUE","FALSE","(what = NULL) ","base","NA","1.5.0","released",FALSE
"case.names","closure","function","TRUE","FALSE","(object, ...) ","base","NA","1.5.0","released",FALSE
"case.names.default","closure","function","TRUE","FALSE","(object, ...) ","base","NA","1.5.0","released",FALSE
"case.names.lm","closure","function","TRUE","FALSE","(object, full = FALSE, ...) ","base","NA","1.5.0","released",FALSE
"casefold","closure","function","TRUE","FALSE","(x, upper = FALSE) ","base","NA","1.5.0","released",FALSE
"cat","closure","function","TRUE","FALSE","(..., file = """", sep = "" "", fill = FALSE, labels = NULL,     append = FALSE) ","base","NA","1.5.0","released",FALSE
"category","closure","function","TRUE","FALSE","(...) ","base","NA","1.5.0","released",FALSE
"cbind","closure","function","TRUE","FALSE","(..., deparse.level = 1) ","base","NA","1.5.0","released",FALSE
"cbind.data.frame","closure","function","TRUE","FALSE","(..., deparse.level = 1) ","base","NA","1.5.0","released",FALSE
"cbind.ts","closure","function","TRUE","FALSE","(..., deparse.level = 1) ","base","NA","1.5.0","released",FALSE
"ceiling","builtin","function","TRUE","NA","","base","NA","1.5.0","released",FALSE
"char.expand","closure","function","TRUE","FALSE","(input, target, nomatch = stop(""no match"")) ","base","NA","1.5.0","released",FALSE
"character","closure","function","TRUE","FALSE","(length = 0) ","base","NA","1.5.0","released",FALSE
"charmatch","closure","function","TRUE","FALSE","(x, table, nomatch = NA) ","base","NA","1.5.0","released",FALSE
"chartr","closure","function","TRUE","FALSE","(old, new, x) ","base","NA","1.5.0","released",FALSE
"check.options","closure","function","TRUE","FALSE","(new, name.opt, reset = FALSE, assign.opt = FALSE, envir = .GlobalEnv,     check.attributes = c(""mode"", ""length""), override.check = FALSE) ","base","NA","1.5.0","released",FALSE
"chol","closure","function","TRUE","FALSE","(x, pivot = FALSE) ","base","NA","1.5.0","released",FALSE
"chol2inv","closure","function","TRUE","FALSE","(x, size = ncol(x)) ","base","NA","1.5.0","released",FALSE
"choose","closure","function","TRUE","FALSE","(n, k) ","base","NA","1.5.0","released",FALSE
"chull","closure","function","TRUE","FALSE","(x, y = NULL) ","base","NA","1.5.0","released",FALSE
"class","builtin","function","TRUE","NA","","base","NA","1.5.0","released",FALSE
"class<-","builtin","function","TRUE","NA","","base","NA","1.5.0","released",FALSE
"close","closure","function","TRUE","FALSE","(con, ...) ","base","NA","1.5.0","released",FALSE
"close.connection","closure","function","TRUE","FALSE","(con, type = ""rw"", ...) ","base","NA","1.5.0","released",FALSE
"close.screen","closure","function","TRUE","FALSE","(n, all.screens = FALSE) ","base","NA","1.5.0","released",FALSE
"close.socket","closure","function","TRUE","FALSE","(socket, ...) ","base","NA","1.5.0","released",FALSE
"closeAllConnections","closure","function","TRUE","FALSE","() ","base","NA","1.5.0","released",FALSE
"cm","closure","function","TRUE","FALSE","(x) ","base","NA","1.5.0","released",FALSE
"cm.colors","closure","function","TRUE","FALSE","(n) ","base","NA","1.5.0","released",FALSE
"co.intervals","closure","function","TRUE","FALSE","(x, number = 6, overlap = 0.5) ","base","NA","1.5.0","released",FALSE
"codes","closure","function","TRUE","FALSE","(x, ...) ","base","NA","1.5.0","released",FALSE
"codes.factor","closure","function","TRUE","FALSE","(x, ...) ","base","NA","1.5.0","released",FALSE
"codes.ordered","closure","function","TRUE","FALSE","(x, ...) ","base","NA","1.5.0","released",FALSE
"codes<-","closure","function","TRUE","FALSE","(x, value, ...) ","base","NA","1.5.0","released",FALSE
"coef","closure","function","TRUE","FALSE","(object, ...) ","base","NA","1.5.0","released",FALSE
"coef.aov","closure","function","TRUE","FALSE","(object, ...) ","base","NA","1.5.0","released",FALSE
"coef.default","closure","function","TRUE","FALSE","(object, ...) ","base","NA","1.5.0","released",FALSE
"coef.glm","closure","function","TRUE","FALSE","(object, ...) ","base","NA","1.5.0","released",FALSE
"coef.listof","closure","function","TRUE","FALSE","(object, ...) ","base","NA","1.5.0","released",FALSE
"coef.lm","closure","function","TRUE","FALSE","(object, ...) ","base","NA","1.5.0","released",FALSE
"coefficients","closure","function","TRUE","FALSE","(object, ...) ","base","NA","1.5.0","released",FALSE
"col","closure","function","TRUE","FALSE","(x, as.factor = FALSE) ","base","NA","1.5.0","released",FALSE
"col2rgb","closure","function","TRUE","FALSE","(col) ","base","NA","1.5.0","released",FALSE
"colMeans","closure","function","TRUE","FALSE","(x, na.rm = FALSE, dims = 1) ","base","NA","1.5.0","released",FALSE
"colSums","closure","function","TRUE","FALSE","(x, na.rm = FALSE, dims = 1) ","base","NA","1.5.0","released",FALSE
"colnames","closure","function","TRUE","FALSE","(x, do.NULL = TRUE, prefix = ""col"") ","base","NA","1.5.0","released",FALSE
"colnames<-","closure","function","TRUE","FALSE","(x, value) ","base","NA","1.5.0","released",FALSE
"colors","closure","function","TRUE","FALSE","() ","base","NA","1.5.0","released",FALSE
"colours","closure","function","TRUE","FALSE","() ","base","NA","1.5.0","released",FALSE
"commandArgs","closure","function","TRUE","FALSE","() ","base","NA","1.5.0","released",FALSE
"comment","closure","function","TRUE","FALSE","(x) ","base","NA","1.5.0","released",FALSE
"comment<-","closure","function","TRUE","FALSE","(x, value) ","base","NA","1.5.0","released",FALSE
"compareVersion","closure","function","TRUE","FALSE","(a, b) ","base","NA","1.5.0","released",FALSE
"complete.cases","closure","function","TRUE","FALSE","(...) ","base","NA","1.5.0","released",FALSE
"complex","closure","function","TRUE","FALSE","(length.out = 0, real = numeric(), imaginary = numeric(),     modulus = 1, argument = 0) ","base","NA","1.5.0","released",FALSE
"conflicts","closure","function","TRUE","FALSE","(where = search(), detail = FALSE) ","base","NA","1.5.0","released",FALSE
"contour","closure","function","TRUE","FALSE","(x, ...) ","base","NA","1.5.0","released",FALSE
"contour.default","closure","function","TRUE","FALSE","(x = seq(0, 1, len = nrow(z)), y = seq(0, 1, len = ncol(z)),     z, nlevels = 10, levels = pretty(zlim, nlevels), labels = NULL,     xlim = range(x, finite = TRUE), ylim = range(y, finite = TRUE),     zlim = range(z, finite = TRUE), labcex = 0.6, drawlabels = TRUE,     method = ""flattest"", vfont = c(""sans serif"", ""plain""), axes = TRUE,     frame.plot = axes, col = par(""fg""), lty = par(""lty""), lwd = par(""lwd""),     add = FALSE, ...) ","base","NA","1.5.0","released",FALSE
"contr.helmert","closure","function","TRUE","FALSE","(n, contrasts = TRUE) ","base","NA","1.5.0","released",FALSE
"contr.poly","closure","function","TRUE","FALSE","(n, contrasts = TRUE) ","base","NA","1.5.0","released",FALSE
"contr.sum","closure","function","TRUE","FALSE","(n, contrasts = TRUE) ","base","NA","1.5.0","released",FALSE
"contr.treatment","closure","function","TRUE","FALSE","(n, base = 1, contrasts = TRUE) ","base","NA","1.5.0","released",FALSE
"contrasts","closure","function","TRUE","FALSE","(x, contrasts = TRUE) ","base","NA","1.5.0","released",FALSE
"contrasts<-","closure","function","TRUE","FALSE","(x, how.many, value) ","base","NA","1.5.0","released",FALSE
"contrib.url","closure","function","TRUE","FALSE","(CRAN) ","base","NA","1.5.0","released",FALSE
"contributors","closure","function","TRUE","FALSE","() ","base","NA","1.5.0","released",FALSE
"convolve","closure","function","TRUE","FALSE","(x, y, conj = TRUE, type = c(""circular"", ""open"", ""filter"")) ","base","NA","1.5.0","released",FALSE
"cooks.distance","closure","function","TRUE","FALSE","(lm.obj, infl = lm.influence(lm.obj), res = weighted.residuals(lm.obj),     sd = sqrt(deviance(lm.obj)/df.residual(lm.obj))) ","base","NA","1.5.0","released",FALSE
"coplot","closure","function","TRUE","FALSE","(formula, data, given.values, panel = points, rows,     columns, show.given = TRUE, col = par(""fg""), pch = par(""pch""),     bar.bg = c(num = gray(0.8), fac = gray(0.95)), xlab = c(x.name,         paste(""Given :"", a.name)), ylab = c(y.name, paste(""Given :"",         b.name)), subscripts = FALSE, axlabels = function(f) abbreviate(levels(f)),     number = 6, overlap = 0.5, xlim, ylim, ...) ","base","NA","1.5.0","released",FALSE
"cor","closure","function","TRUE","FALSE","(x, y = NULL, use = ""all.obs"") ","base","NA","1.5.0","released",FALSE
"cos","builtin","function","TRUE","NA","","base","NA","1.5.0","released",FALSE
"cosh","builtin","function","TRUE","NA","","base","NA","1.5.0","released",FALSE
"count.fields","closure","function","TRUE","FALSE","(file, sep = """", quote = ""\""'"", skip = 0, blank.lines.skip = TRUE,     comment.char = ""#"") ","base","NA","1.5.0","released",FALSE
"cov","closure","function","TRUE","FALSE","(x, y = NULL, use = ""all.obs"") ","base","NA","1.5.0","released",FALSE
"cov.wt","closure","function","TRUE","FALSE","(x, wt = rep(1/nrow(x), nrow(x)), cor = FALSE, center = TRUE) ","base","NA","1.5.0","released",FALSE
"covratio","closure","function","TRUE","FALSE","(lm.obj, infl = lm.influence(lm.obj), res = weighted.residuals(lm.obj)) ","base","NA","1.5.0","released",FALSE
"crossprod","closure","function","TRUE","FALSE","(x, y = NULL) ","base","NA","1.5.0","released",FALSE
"cummax","builtin","function","TRUE","NA","","base","NA","1.5.0","released",FALSE
"cummin","builtin","function","TRUE","NA","","base","NA","1.5.0","released",FALSE
"cumprod","builtin","function","TRUE","NA","","base","NA","1.5.0","released",FALSE
"cumsum","builtin","function","TRUE","NA","","base","NA","1.5.0","released",FALSE
"curve","closure","function","TRUE","FALSE","(expr, from, to, n = 101, add = FALSE, type = ""l"", ylab = NULL,     log = NULL, xlim = NULL, ...) ","base","NA","1.5.0","released",FALSE
"cut","closure","function","TRUE","FALSE","(x, ...) ","base","NA","1.5.0","released",FALSE
"cut.POSIXt","closure","function","TRUE","FALSE","(x, breaks, labels = NULL, start.on.monday = TRUE, ...) ","base","NA","1.5.0","released",FALSE
"cut.default","closure","function","TRUE","FALSE","(x, breaks, labels = NULL, include.lowest = FALSE, right = TRUE,     dig.lab = 3, ...) ","base","NA","1.5.0","released",FALSE
"cycle","closure","function","TRUE","FALSE","(x, ...) ","base","NA","1.5.0","released",FALSE
"cycle.default","closure","function","TRUE","FALSE","(x, ...) ","base","NA","1.5.0","released",FALSE
"cycle.ts","closure","function","TRUE","FALSE","(x, ...) ","base","NA","1.5.0","released",FALSE
"data","closure","function","TRUE","FALSE","(..., list = character(0), package = .packages(), lib.loc = NULL,     verbose = getOption(""verbose"")) ","base","NA","1.5.0","released",FALSE
"data.class","closure","function","TRUE","FALSE","(x) ","base","NA","1.5.0","released",FALSE
"data.entry","closure","function","TRUE","FALSE","(..., Modes = NULL, Names = NULL) ","base","NA","1.5.0","released",FALSE
"data.frame","closure","function","TRUE","FALSE","(..., row.names = NULL, check.rows = FALSE, check.names = TRUE) ","base","NA","1.5.0","released",FALSE
"data.matrix","closure","function","TRUE","FALSE","(frame) ","base","NA","1.5.0","released",FALSE
"dataClass","builtin","function","TRUE","NA","","base","NA","1.5.0","released",FALSE
"dataentry","closure","function","TRUE","FALSE","(data, modes) ","base","NA","1.5.0","released",FALSE
"date","closure","function","TRUE","FALSE","() ","base","NA","1.5.0","released",FALSE
"dbeta","closure","function","TRUE","FALSE","(x, shape1, shape2, ncp = 0, log = FALSE) ","base","NA","1.5.0","released",FALSE
"dbinom","closure","function","TRUE","FALSE","(x, size, prob, log = FALSE) ","base","NA","1.5.0","released",FALSE
"dcauchy","closure","function","TRUE","FALSE","(x, location = 0, scale = 1, log = FALSE) ","base","NA","1.5.0","released",FALSE
"dchisq","closure","function","TRUE","FALSE","(x, df, ncp = 0, log = FALSE) ","base","NA","1.5.0","released",FALSE
"de","closure","function","TRUE","FALSE","(..., Modes = list(), Names = NULL) ","base","NA","1.5.0","released",FALSE
"de.ncols","closure","function","TRUE","FALSE","(inlist) ","base","NA","1.5.0","released",FALSE
"de.restore","closure","function","TRUE","FALSE","(inlist, ncols, coltypes, argnames, args) ","base","NA","1.5.0","released",FALSE
"de.setup","closure","function","TRUE","FALSE","(ilist, list.names, incols) ","base","NA","1.5.0","released",FALSE
"debug","builtin","function","TRUE","NA","","base","NA","1.5.0","released",FALSE
"debugger","closure","function","TRUE","FALSE","(dump = last.dump) ","base","NA","1.5.0","released",FALSE
"delay","closure","function","TRUE","FALSE","(x, env = .GlobalEnv) ","base","NA","1.5.0","released",FALSE
"delete.response","closure","function","TRUE","FALSE","(termobj) ","base","NA","1.5.0","released",FALSE
"deltat","closure","function","TRUE","FALSE","(x, ...) ","base","NA","1.5.0","released",FALSE
"deltat.default","closure","function","TRUE","FALSE","(x, ...) ","base","NA","1.5.0","released",FALSE
"demo","closure","function","TRUE","FALSE","(topic, device = getOption(""device""), package = .packages(),     lib.loc = NULL, character.only = FALSE, verbose = getOption(""verbose"")) ","base","NA","1.5.0","released",FALSE
"density","closure","function","TRUE","FALSE","(x, bw = ""nrd0"", adjust = 1, kernel = c(""gaussian"",     ""epanechnikov"", ""rectangular"", ""triangular"", ""biweight"",     ""cosine"", ""optcosine""), window = kernel, width, give.Rkern = FALSE,     n = 512, from, to, cut = 3, na.rm = FALSE) ","base","NA","1.5.0","released",FALSE
"deparse","closure","function","TRUE","FALSE","(expr, width.cutoff = 60) ","base","NA","1.5.0","released",FALSE
"deriv","closure","function","TRUE","FALSE","(expr, ...) ","base","NA","1.5.0","released",FALSE
"deriv.default","closure","function","TRUE","FALSE","(expr, namevec, function.arg = NULL, tag = "".expr"",     hessian = FALSE, ...) ","base","NA","1.5.0","released",FALSE
"deriv.formula","closure","function","TRUE","FALSE","(expr, namevec, function.arg = NULL, tag = "".expr"",     hessian = FALSE, ...) ","base","NA","1.5.0","released",FALSE
"deriv3","closure","function","TRUE","FALSE","(expr, ...) ","base","NA","1.5.0","released",FALSE
"deriv3.default","closure","function","TRUE","FALSE","(expr, namevec, function.arg = NULL, tag = "".expr"",     hessian = TRUE, ...) ","base","NA","1.5.0","released",FALSE
"deriv3.formula","closure","function","TRUE","FALSE","(expr, namevec, function.arg = NULL, tag = "".expr"",     hessian = TRUE, ...) ","base","NA","1.5.0","released",FALSE
"det","closure","function","TRUE","FALSE","(x, method = c(""qr"", ""eigenvalues""), tol = 1e-07) ","base","NA","1.5.0","released",FALSE
"detach","closure","function","TRUE","FALSE","(name, pos = 2) ","base","NA","1.5.0","released",FALSE
"dev.control","closure","function","TRUE","FALSE","(displaylist) ","base","NA","1.5.0","released",FALSE
"dev.copy","closure","function","TRUE","FALSE","(device, ..., which = dev.next()) ","base","NA","1.5.0","released",FALSE
"dev.copy2eps","closure","function","TRUE","FALSE","(...) ","base","NA","1.5.0","released",FALSE
"dev.cur","closure","function","TRUE","FALSE","() ","base","NA","1.5.0","released",FALSE
"dev.interactive","closure","function","TRUE","FALSE","() ","base","NA","1.5.0","released",FALSE
"dev.list","closure","function","TRUE","FALSE","() ","base","NA","1.5.0","released",FALSE
"dev.next","closure","function","TRUE","FALSE","(which = dev.cur()) ","base","NA","1.5.0","released",FALSE
"dev.off","closure","function","TRUE","FALSE","(which = dev.cur()) ","base","NA","1.5.0","released",FALSE
"dev.prev","closure","function","TRUE","FALSE","(which = dev.cur()) ","base","NA","1.5.0","released",FALSE
"dev.print","closure","function","TRUE","FALSE","(device = postscript, ...) ","base","NA","1.5.0","released",FALSE
"dev.set","closure","function","TRUE","FALSE","(which = dev.next()) ","base","NA","1.5.0","released",FALSE
"dev2bitmap","closure","function","TRUE","FALSE","(file, type = ""png256"", height = 6, width = 6, res = 72,     pointsize, ...) ","base","NA","1.5.0","released",FALSE
"deviance","closure","function","TRUE","FALSE","(object, ...) ","base","NA","1.5.0","released",FALSE
"deviance.default","closure","function","TRUE","FALSE","(object, ...) ","base","NA","1.5.0","released",FALSE
"deviance.glm","closure","function","TRUE","FALSE","(object, ...) ","base","NA","1.5.0","released",FALSE
"deviance.lm","closure","function","TRUE","FALSE","(object, ...) ","base","NA","1.5.0","released",FALSE
"deviance.mlm","closure","function","TRUE","FALSE","(object, ...) ","base","NA","1.5.0","released",FALSE
"dexp","closure","function","TRUE","FALSE","(x, rate = 1, log = FALSE) ","base","NA","1.5.0","released",FALSE
"df","closure","function","TRUE","FALSE","(x, df1, df2, log = FALSE) ","base","NA","1.5.0","released",FALSE
"df.residual","closure","function","TRUE","FALSE","(object, ...) ","base","NA","1.5.0","released",FALSE
"df.residual.default","closure","function","TRUE","FALSE","(object, ...) ","base","NA","1.5.0","released",FALSE
"dfbetas","closure","function","TRUE","FALSE","(lm.obj, infl = lm.influence(lm.obj)) ","base","NA","1.5.0","released",FALSE
"dffits","closure","function","TRUE","FALSE","(lm.obj, infl = lm.influence(lm.obj), res = weighted.residuals(lm.obj)) ","base","NA","1.5.0","released",FALSE
"dgamma","closure","function","TRUE","FALSE","(x, shape, rate = 1, scale = 1/rate, log = FALSE) ","base","NA","1.5.0","released",FALSE
"dgeom","closure","function","TRUE","FALSE","(x, prob, log = FALSE) ","base","NA","1.5.0","released",FALSE
"dget","closure","function","TRUE","FALSE","(file) ","base","NA","1.5.0","released",FALSE
"dhyper","closure","function","TRUE","FALSE","(x, m, n, k, log = FALSE) ","base","NA","1.5.0","released",FALSE
"diag","closure","function","TRUE","FALSE","(x = 1, nrow, ncol = n) ","base","NA","1.5.0","released",FALSE
"diag<-","closure","function","TRUE","FALSE","(x, value) ","base","NA","1.5.0","released",FALSE
"diff","closure","function","TRUE","FALSE","(x, ...) ","base","NA","1.5.0","released",FALSE
"diff.default","closure","function","TRUE","FALSE","(x, lag = 1, differences = 1, ...) ","base","NA","1.5.0","released",FALSE
"diff.ts","closure","function","TRUE","FALSE","(x, lag = 1, differences = 1, ...) ","base","NA","1.5.0","released",FALSE
"difftime","closure","function","TRUE","FALSE","(time1, time2, tz = """", units = c(""auto"", ""secs"", ""mins"",     ""hours"", ""days"", ""weeks"")) ","base","NA","1.5.0","released",FALSE
"digamma","closure","function","TRUE","FALSE","(x) ","base","NA","1.5.0","released",FALSE
"dim","special","function","TRUE","NA","","base","NA","1.5.0","released",FALSE
"dim.data.frame","closure","function","TRUE","FALSE","(x) ","base","NA","1.5.0","released",FALSE
"dim<-","special","function","TRUE","NA","","base","NA","1.5.0","released",FALSE
"dimnames","special","function","TRUE","NA","","base","NA","1.5.0","released",FALSE
"dimnames.data.frame","closure","function","TRUE","FALSE","(x) ","base","NA","1.5.0","released",FALSE
"dimnames<-","special","function","TRUE","NA","","base","NA","1.5.0","released",FALSE
"dimnames<-.data.frame","closure","function","TRUE","FALSE","(x, value) ","base","NA","1.5.0","released",FALSE
"dir","closure","function","TRUE","FALSE","(path = ""."", pattern = NULL, all.files = FALSE, full.names = FALSE) ","base","NA","1.5.0","released",FALSE
"dir.create","closure","function","TRUE","FALSE","(path) ","base","NA","1.5.0","released",FALSE
"dirname","closure","function","TRUE","FALSE","(path) ","base","NA","1.5.0","released",FALSE
"dlnorm","closure","function","TRUE","FALSE","(x, meanlog = 0, sdlog = 1, log = FALSE) ","base","NA","1.5.0","released",FALSE
"dlogis","closure","function","TRUE","FALSE","(x, location = 0, scale = 1, log = FALSE) ","base","NA","1.5.0","released",FALSE
"dnbinom","closure","function","TRUE","FALSE","(x, size, prob, mu, log = FALSE) ","base","NA","1.5.0","released",FALSE
"dnorm","closure","function","TRUE","FALSE","(x, mean = 0, sd = 1, log = FALSE) ","base","NA","1.5.0","released",FALSE
"do.call","closure","function","TRUE","FALSE","(what, args) ","base","NA","1.5.0","released",FALSE
"dotchart","closure","function","TRUE","FALSE","(x, labels = NULL, groups = NULL, gdata = NULL, cex = par(""cex""),     pch = 21, gpch = 21, bg = par(""bg""), color = par(""fg""), gcolor = par(""fg""),     lcolor = ""gray"", main = NULL, xlab = NULL, ylab = NULL, ...) ","base","NA","1.5.0","released",FALSE
"double","closure","function","TRUE","FALSE","(length = 0) ","base","NA","1.5.0","released",FALSE
"download.file","closure","function","TRUE","FALSE","(url, destfile, method, quiet = FALSE, mode = ""w"", cacheOK = TRUE) ","base","NA","1.5.0","released",FALSE
"download.packages","closure","function","TRUE","FALSE","(pkgs, destdir, available = NULL, CRAN = getOption(""CRAN""),     contriburl = contrib.url(CRAN), method) ","base","NA","1.5.0","released",FALSE
"dpois","closure","function","TRUE","FALSE","(x, lambda, log = FALSE) ","base","NA","1.5.0","released",FALSE
"dput","closure","function","TRUE","FALSE","(x, file = """") ","base","NA","1.5.0","released",FALSE
"drop","closure","function","TRUE","FALSE","(x) ","base","NA","1.5.0","released",FALSE
"drop.scope","closure","function","TRUE","FALSE","(terms1, terms2) ","base","NA","1.5.0","released",FALSE
"drop.terms","closure","function","TRUE","FALSE","(termobj, dropx = NULL, keep.response = FALSE) ","base","NA","1.5.0","released",FALSE
"drop1","closure","function","TRUE","FALSE","(object, scope, ...) ","base","NA","1.5.0","released",FALSE
"drop1.default","closure","function","TRUE","FALSE","(object, scope, scale = 0, test = c(""none"", ""Chisq""),     k = 2, trace = FALSE, ...) ","base","NA","1.5.0","released",FALSE
"drop1.glm","closure","function","TRUE","FALSE","(object, scope, scale = 0, test = c(""none"", ""Chisq"",     ""F""), k = 2, ...) ","base","NA","1.5.0","released",FALSE
"drop1.lm","closure","function","TRUE","FALSE","(object, scope, scale = 0, all.cols = TRUE, test = c(""none"",     ""Chisq"", ""F""), k = 2, ...) ","base","NA","1.5.0","released",FALSE
"drop1.mlm","closure","function","TRUE","FALSE","(object, scope, ...) ","base","NA","1.5.0","released",FALSE
"dsignrank","closure","function","TRUE","FALSE","(x, n, log = FALSE) ","base","NA","1.5.0","released",FALSE
"dt","closure","function","TRUE","FALSE","(x, df, log = FALSE) ","base","NA","1.5.0","released",FALSE
"dummy.coef","closure","function","TRUE","FALSE","(object, ...) ","base","NA","1.5.0","released",FALSE
"dummy.coef.aovlist","closure","function","TRUE","FALSE","(object, use.na = FALSE, ...) ","base","NA","1.5.0","released",FALSE
"dummy.coef.lm","closure","function","TRUE","FALSE","(object, use.na = FALSE, ...) ","base","NA","1.5.0","released",FALSE
"dump","closure","function","TRUE","FALSE","(list, file = ""dumpdata.R"", append = FALSE) ","base","NA","1.5.0","released",FALSE
"dump.frames","closure","function","TRUE","FALSE","(dumpto = ""last.dump"", to.file = FALSE) ","base","NA","1.5.0","released",FALSE
"dunif","closure","function","TRUE","FALSE","(x, min = 0, max = 1, log = FALSE) ","base","NA","1.5.0","released",FALSE
"duplicated","closure","function","TRUE","FALSE","(x, incomparables = FALSE) ","base","NA","1.5.0","released",FALSE
"duplicated.data.frame","closure","function","TRUE","FALSE","(x, incomparables = FALSE) ","base","NA","1.5.0","released",FALSE
"duplicated.default","closure","function","TRUE","FALSE","(x, incomparables = FALSE) ","base","NA","1.5.0","released",FALSE
"dweibull","closure","function","TRUE","FALSE","(x, shape, scale = 1, log = FALSE) ","base","NA","1.5.0","released",FALSE
"dwilcox","closure","function","TRUE","FALSE","(x, m, n, log = FALSE) ","base","NA","1.5.0","released",FALSE
"dyn.load","closure","function","TRUE","FALSE","(x, local = TRUE, now = TRUE) ","base","NA","1.5.0","released",FALSE
"dyn.unload","closure","function","TRUE","FALSE","(x) ","base","NA","1.5.0","released",FALSE
"edit","closure","function","TRUE","FALSE","(name, ...) ","base","NA","1.5.0","released",FALSE
"edit.data.frame","closure","function","TRUE","FALSE","(name, factor.mode = c(""character"", ""numeric""), edit.row.names = any(row.names(name) !=     1:nrow(name)), ...) ","base","NA","1.5.0","released",FALSE
"edit.default","closure","function","TRUE","FALSE","(name = NULL, file = """", editor = getOption(""editor""),     ...) ","base","NA","1.5.0","released",FALSE
"edit.matrix","closure","function","TRUE","FALSE","(name, edit.row.names = any(rownames(name) != 1:nrow(name)),     ...) ","base","NA","1.5.0","released",FALSE
"eff.aovlist","closure","function","TRUE","FALSE","(aovlist) ","base","NA","1.5.0","released",FALSE
"effects","closure","function","TRUE","FALSE","(object, ...) ","base","NA","1.5.0","released",FALSE
"effects.glm","closure","function","TRUE","FALSE","(object, ...) ","base","NA","1.5.0","released",FALSE
"effects.lm","closure","function","TRUE","FALSE","(object, set.sign = FALSE, ...) ","base","NA","1.5.0","released",FALSE
"eigen","closure","function","TRUE","FALSE","(x, symmetric, only.values = FALSE) ","base","NA","1.5.0","released",FALSE
"emacs","closure","function","TRUE","FALSE","(name = NULL, file = """") ","base","NA","1.5.0","released",FALSE
"end","closure","function","TRUE","FALSE","(x, ...) ","base","NA","1.5.0","released",FALSE
"end.default","closure","function","TRUE","FALSE","(x, ...) ","base","NA","1.5.0","released",FALSE
"environment","closure","function","TRUE","FALSE","(fun = NULL) ","base","NA","1.5.0","released",FALSE
"environment<-","builtin","function","TRUE","NA","","base","NA","1.5.0","released",FALSE
"environmentIsLocked","closure","function","TRUE","FALSE","(env) ","base","NA","1.5.0","released",FALSE
"erase.screen","closure","function","TRUE","FALSE","(n = .split.cur.screen) ","base","NA","1.5.0","released",FALSE
"eval","closure","function","TRUE","FALSE","(expr, envir = parent.frame(), enclos = if (is.list(envir) ||     is.pairlist(envir)) parent.frame()) ","base","NA","1.5.0","released",FALSE
"eval.parent","closure","function","TRUE","FALSE","(expr, n = 1) ","base","NA","1.5.0","released",FALSE
"evalq","closure","function","TRUE","FALSE","(expr, envir, enclos) ","base","NA","1.5.0","released",FALSE
"example","closure","function","TRUE","FALSE","(topic, package = .packages(), lib.loc = NULL, echo = TRUE,     verbose = getOption(""verbose""), prompt.echo = paste(abbreviate(topic,         6), ""> "", sep = """")) ","base","NA","1.5.0","released",FALSE
"exists","closure","function","TRUE","FALSE","(x, where = -1, envir = if (missing(frame)) as.environment(where) else sys.frame(frame),     frame, mode = ""any"", inherits = TRUE) ","base","NA","1.5.0","released",FALSE
"exp","builtin","function","TRUE","NA","","base","NA","1.5.0","released",FALSE
"expand.grid","closure","function","TRUE","FALSE","(...) ","base","NA","1.5.0","released",FALSE
"expand.model.frame","closure","function","TRUE","FALSE","(model, extras, envir = environment(formula(model)),     na.expand = FALSE) ","base","NA","1.5.0","released",FALSE
"expm1","closure","function","TRUE","FALSE","(x) ","base","NA","1.5.0","released",FALSE
"expression","special","function","TRUE","NA","","base","NA","1.5.0","released",FALSE
"extractAIC","closure","function","TRUE","FALSE","(fit, scale, k = 2, ...) ","base","NA","1.5.0","released",FALSE
"extractAIC.aov","closure","function","TRUE","FALSE","(fit, scale = 0, k = 2, ...) ","base","NA","1.5.0","released",FALSE
"extractAIC.coxph","closure","function","TRUE","FALSE","(fit, scale, k = 2, ...) ","base","NA","1.5.0","released",FALSE
"extractAIC.glm","closure","function","TRUE","FALSE","(fit, scale = 0, k = 2, ...) ","base","NA","1.5.0","released",FALSE
"extractAIC.lm","closure","function","TRUE","FALSE","(fit, scale = 0, k = 2, ...) ","base","NA","1.5.0","released",FALSE
"extractAIC.negbin","closure","function","TRUE","FALSE","(fit, scale, k = 2, ...) ","base","NA","1.5.0","released",FALSE
"extractAIC.survreg","closure","function","TRUE","FALSE","(fit, scale, k = 2, ...) ","base","NA","1.5.0","released",FALSE
"factor","closure","function","TRUE","FALSE","(x, levels = sort(unique(x), na.last = TRUE), labels = levels,     exclude = NA, ordered = is.ordered(x)) ","base","NA","1.5.0","released",FALSE
"factor.scope","closure","function","TRUE","FALSE","(factor, scope) ","base","NA","1.5.0","released",FALSE
"family","closure","function","TRUE","FALSE","(object, ...) ","base","NA","1.5.0","released",FALSE
"family.glm","closure","function","TRUE","FALSE","(object, ...) ","base","NA","1.5.0","released",FALSE
"family.lm","closure","function","TRUE","FALSE","(object, ...) ","base","NA","1.5.0","released",FALSE
"fft","closure","function","TRUE","FALSE","(z, inverse = FALSE) ","base","NA","1.5.0","released",FALSE
"fifo","closure","function","TRUE","FALSE","(description = """", open = """", blocking = FALSE, encoding = getOption(""encoding"")) ","base","NA","1.5.0","released",FALSE
"file","closure","function","TRUE","FALSE","(description = """", open = """", blocking = TRUE, encoding = getOption(""encoding"")) ","base","NA","1.5.0","released",FALSE
"file.access","closure","function","TRUE","FALSE","(names, mode = 0) ","base","NA","1.5.0","released",FALSE
"file.append","closure","function","TRUE","FALSE","(file1, file2) ","base","NA","1.5.0","released",FALSE
"file.choose","closure","function","TRUE","FALSE","(new = FALSE) ","base","NA","1.5.0","released",FALSE
"file.copy","closure","function","TRUE","FALSE","(from, to, overwrite = FALSE) ","base","NA","1.5.0","released",FALSE
"file.create","closure","function","TRUE","FALSE","(...) ","base","NA","1.5.0","released",FALSE
"file.exists","closure","function","TRUE","FALSE","(...) ","base","NA","1.5.0","released",FALSE
"file.info","closure","function","TRUE","FALSE","(...) ","base","NA","1.5.0","released",FALSE
"file.path","closure","function","TRUE","FALSE","(..., fsep = .Platform$file.sep) ","base","NA","1.5.0","released",FALSE
"file.remove","closure","function","TRUE","FALSE","(...) ","base","NA","1.5.0","released",FALSE
"file.rename","closure","function","TRUE","FALSE","(from, to) ","base","NA","1.5.0","released",FALSE
"file.show","closure","function","TRUE","FALSE","(..., header = rep("""", nfiles), title = ""R Information"",     delete.file = FALSE, pager = getOption(""pager"")) ","base","NA","1.5.0","released",FALSE
"filled.contour","closure","function","TRUE","FALSE","(x = seq(0, 1, len = nrow(z)), y = seq(0, 1, len = ncol(z)),     z, xlim = range(x, finite = TRUE), ylim = range(y, finite = TRUE),     zlim = range(z, finite = TRUE), levels = pretty(zlim, nlevels),     nlevels = 20, color.palette = cm.colors, col = color.palette(length(levels) -         1), plot.title, plot.axes, key.title, key.axes, asp = NA,     xaxs = ""i"", yaxs = ""i"", las = 1, axes = TRUE, ...) ","base","NA","1.5.0","released",FALSE
"find","closure","function","TRUE","FALSE","(what, mode = ""any"", numeric. = FALSE, simple.words = TRUE) ","base","NA","1.5.0","released",FALSE
"findInterval","closure","function","TRUE","FALSE","(x, vec, rightmost.closed = FALSE, all.inside = FALSE) ","base","NA","1.5.0","released",FALSE
"fitted","closure","function","TRUE","FALSE","(object, ...) ","base","NA","1.5.0","released",FALSE
"fitted.default","closure","function","TRUE","FALSE","(object, ...) ","base","NA","1.5.0","released",FALSE
"fitted.glm","closure","function","TRUE","FALSE","(object, ...) ","base","NA","1.5.0","released",FALSE
"fitted.lm","closure","function","TRUE","FALSE","(object, ...) ","base","NA","1.5.0","released",FALSE
"fitted.values","closure","function","TRUE","FALSE","(object, ...) ","base","NA","1.5.0","released",FALSE
"fivenum","closure","function","TRUE","FALSE","(x, na.rm = TRUE) ","base","NA","1.5.0","released",FALSE
"fix","closure","function","TRUE","FALSE","(x, ...) ","base","NA","1.5.0","released",FALSE
"floor","builtin","function","TRUE","NA","","base","NA","1.5.0","released",FALSE
"for","special","function","TRUE","NA","","base","NA","1.5.0","released",FALSE
"formals","closure","function","TRUE","FALSE","(fun = sys.function(sys.parent())) ","base","NA","1.5.0","released",FALSE
"formals<-","closure","function","TRUE","FALSE","(f, value, envir = parent.frame()) ","base","NA","1.5.0","released",FALSE
"format","closure","function","TRUE","FALSE","(x, ...) ","base","NA","1.5.0","released",FALSE
"format.AsIs","closure","function","TRUE","FALSE","(x, width = 12, ...) ","base","NA","1.5.0","released",FALSE
"format.POSIXct","closure","function","TRUE","FALSE","(x, format = """", tz = """", usetz = FALSE, ...) ","base","NA","1.5.0","released",FALSE
"format.POSIXlt","closure","function","TRUE","FALSE","(x, format = """", usetz = FALSE, ...) ","base","NA","1.5.0","released",FALSE
"format.char","closure","function","TRUE","FALSE","(x, width = NULL, flag = ""-"") ","base","NA","1.5.0","released",FALSE
"format.data.frame","closure","function","TRUE","FALSE","(x, ..., justify = ""none"") ","base","NA","1.5.0","released",FALSE
"format.default","closure","function","TRUE","FALSE","(x, trim = FALSE, digits = NULL, nsmall = 0, justify = c(""left"",     ""right"", ""none""), big.mark = """", big.interval = 3, small.mark = """",     small.interval = 5, decimal.mark = ""."", ...) ","base","NA","1.5.0","released",FALSE
"format.factor","closure","function","TRUE","FALSE","(x, ...) ","base","NA","1.5.0","released",FALSE
"format.info","closure","function","TRUE","FALSE","(x) ","base","NA","1.5.0","released",FALSE
"format.octmode","closure","function","TRUE","FALSE","(x, ...) ","base","NA","1.5.0","released",FALSE
"format.pval","closure","function","TRUE","FALSE","(pv, digits = max(1, getOption(""digits"") - 2), eps = .Machine$double.eps,     na.form = ""NA"") ","base","NA","1.5.0","released",FALSE
"formatC","closure","function","TRUE","FALSE","(x, digits = NULL, width = NULL, format = NULL, flag = """",     mode = NULL, big.mark = """", big.interval = 3, small.mark = """",     small.interval = 5, decimal.mark = ""."") ","base","NA","1.5.0","released",FALSE
"formatDL","closure","function","TRUE","FALSE","(x, y, style = c(""table"", ""list""), width = 0.9 * getOption(""width""),     indent = NULL) ","base","NA","1.5.0","released",FALSE
"formula","closure","function","TRUE","FALSE","(x, ...) ","base","NA","1.5.0","released",FALSE
"formula.data.frame","closure","function","TRUE","FALSE","(x, ...) ","base","NA","1.5.0","released",FALSE
"formula.default","closure","function","TRUE","FALSE","(x, env = parent.frame(), ...) ","base","NA","1.5.0","released",FALSE
"formula.formula","closure","function","TRUE","FALSE","(x, ...) ","base","NA","1.5.0","released",FALSE
"formula.lm","closure","function","TRUE","FALSE","(x, ...) ","base","NA","1.5.0","released",FALSE
"formula.terms","closure","function","TRUE","FALSE","(x, ...) ","base","NA","1.5.0","released",FALSE
"forwardsolve","closure","function","TRUE","FALSE","(l, x, k = ncol(l), upper.tri = FALSE, transpose = FALSE) ","base","NA","1.5.0","released",FALSE
"fourfoldplot","closure","function","TRUE","FALSE","(x, color = c(""#99CCFF"", ""#6699CC""), conf.level = 0.95,     std = c(""margins"", ""ind.max"", ""all.max""), margin = c(1, 2),     space = 0.2, main = NULL, mfrow = NULL, mfcol = NULL) ","base","NA","1.5.0","released",FALSE
"frame","closure","function","TRUE","FALSE","() ","base","NA","1.5.0","released",FALSE
"frequency","closure","function","TRUE","FALSE","(x, ...) ","base","NA","1.5.0","released",FALSE
"frequency.default","closure","function","TRUE","FALSE","(x, ...) ","base","NA","1.5.0","released",FALSE
"ftable","closure","function","TRUE","FALSE","(x, ...) ","base","NA","1.5.0","released",FALSE
"ftable.default","closure","function","TRUE","FALSE","(..., exclude = c(NA, NaN), row.vars = NULL, col.vars = NULL) ","base","NA","1.5.0","released",FALSE
"ftable.formula","closure","function","TRUE","FALSE","(formula, data = NULL, subset, na.action, ...) ","base","NA","1.5.0","released",FALSE
"function","special","function","TRUE","NA","","base","NA","1.5.0","released",FALSE
"gamma","closure","function","TRUE","FALSE","(x) ","base","NA","1.5.0","released",FALSE
"gammaCody","closure","function","TRUE","FALSE","(x) ","base","NA","1.5.0","released",FALSE
"gaussian","closure","function","TRUE","FALSE","(link = ""identity"") ","base","NA","1.5.0","released",FALSE
"gc","closure","function","TRUE","FALSE","(verbose = getOption(""verbose"")) ","base","NA","1.5.0","released",FALSE
"gc.time","builtin","function","TRUE","NA","","base","NA","1.5.0","released",FALSE
"gcinfo","closure","function","TRUE","FALSE","(verbose) ","base","NA","1.5.0","released",FALSE
"gctorture","closure","function","TRUE","FALSE","(on = TRUE) ","base","NA","1.5.0","released",FALSE
"get","closure","function","TRUE","FALSE","(x, pos = -1, envir = as.environment(pos), mode = ""any"",     inherits = TRUE) ","base","NA","1.5.0","released",FALSE
"getAllConnections","closure","function","TRUE","FALSE","() ","base","NA","1.5.0","released",FALSE
"getCConverterDescriptions","closure","function","TRUE","FALSE","() ","base","NA","1.5.0","released",FALSE
"getCConverterStatus","closure","function","TRUE","FALSE","() ","base","NA","1.5.0","released",FALSE
"getConnection","closure","function","TRUE","FALSE","(what) ","base","NA","1.5.0","released",FALSE
"getNativeSymbolInfo","closure","function","TRUE","FALSE","(name, PACKAGE) ","base","NA","1.5.0","released",FALSE
"getNumCConverters","closure","function","TRUE","FALSE","() ","base","NA","1.5.0","released",FALSE
"getOption","closure","function","TRUE","FALSE","(x) ","base","NA","1.5.0","released",FALSE
"getTaskCallbackNames","closure","function","TRUE","FALSE","() ","base","NA","1.5.0","released",FALSE
"getenv","closure","function","TRUE","FALSE","(...) ","base","NA","1.5.0","released",FALSE
"geterrmessage","closure","function","TRUE","FALSE","() ","base","NA","1.5.0","released",FALSE
"getwd","closure","function","TRUE","FALSE","() ","base","NA","1.5.0","released",FALSE
"gl","closure","function","TRUE","FALSE","(n, k, length = n * k, labels = 1:n, ordered = FALSE) ","base","NA","1.5.0","released",FALSE
"glm","closure","function","TRUE","FALSE","(formula, family = gaussian, data = list(), weights = NULL,     subset = NULL, na.action = na.fail, start = NULL, offset = NULL,     control = glm.control(...), model = TRUE, method = ""glm.fit"",     x = FALSE, y = TRUE, contrasts = NULL, ...) ","base","NA","1.5.0","released",FALSE
"glm.control","closure","function","TRUE","FALSE","(epsilon = 1e-04, maxit = 10, trace = FALSE) ","base","NA","1.5.0","released",FALSE
"glm.fit","closure","function","TRUE","FALSE","(x, y, weights = rep(1, nobs), start = NULL, etastart = NULL,     mustart = NULL, offset = rep(0, nobs), family = gaussian(),     control = glm.control(), intercept = TRUE) ","base","NA","1.5.0","released",FALSE
"glm.fit.null","closure","function","TRUE","FALSE","(x, y, weights = rep(1, nobs), start = NULL, etastart = NULL,     mustart = NULL, offset = rep(0, nobs), family = gaussian(),     control = glm.control(), intercept = FALSE) ","base","NA","1.5.0","released",FALSE
"globalenv","builtin","function","TRUE","NA","","base","NA","1.5.0","released",FALSE
"gnome","closure","function","TRUE","FALSE","(display = """", width = 7, height = 7, pointsize = 12) ","base","NA","1.5.0","released",FALSE
"graphics.off","closure","function","TRUE","FALSE","() ","base","NA","1.5.0","released",FALSE
"gray","closure","function","TRUE","FALSE","(level) ","base","NA","1.5.0","released",FALSE
"grep","closure","function","TRUE","FALSE","(pattern, x, ignore.case = FALSE, extended = TRUE, value = FALSE) ","base","NA","1.5.0","released",FALSE
"grey","closure","function","TRUE","FALSE","(level) ","base","NA","1.5.0","released",FALSE
"grid","closure","function","TRUE","FALSE","(nx = NULL, ny = NULL, col = ""lightgray"", lty = ""dotted"") ","base","NA","1.5.0","released",FALSE
"gsub","closure","function","TRUE","FALSE","(pattern, replacement, x, ignore.case = FALSE, extended = TRUE) ","base","NA","1.5.0","released",FALSE
"gtk","closure","function","TRUE","FALSE","(display = """", width = 7, height = 7, pointsize = 12) ","base","NA","1.5.0","released",FALSE
"gzfile","closure","function","TRUE","FALSE","(description, open = """", encoding = getOption(""encoding""),     compression = 6) ","base","NA","1.5.0","released",FALSE
"hasTsp","closure","function","TRUE","FALSE","(x) ","base","NA","1.5.0","released",FALSE
"hat","closure","function","TRUE","FALSE","(x, intercept = TRUE) ","base","NA","1.5.0","released",FALSE
"heat.colors","closure","function","TRUE","FALSE","(n) ","base","NA","1.5.0","released",FALSE
"help","closure","function","TRUE","FALSE","(topic, offline = FALSE, package = .packages(), lib.loc = NULL,     verbose = getOption(""verbose""), try.all.packages = getOption(""help.try.all.packages""),     htmlhelp = getOption(""htmlhelp""), pager = getOption(""pager"")) ","base","NA","1.5.0","released",FALSE
"help.search","closure","function","TRUE","FALSE","(pattern, fields = c(""alias"", ""title""), apropos, keyword,     whatis, ignore.case = TRUE, package = NULL, lib.loc = NULL,     help.db = getOption(""help.db""), verbose = getOption(""verbose""),     rebuild = FALSE) ","base","NA","1.5.0","released",FALSE
"help.start","closure","function","TRUE","FALSE","(gui = ""irrelevant"", browser = getOption(""browser""),     remote = NULL) ","base","NA","1.5.0","released",FALSE
"hist","closure","function","TRUE","FALSE","(x, ...) ","base","NA","1.5.0","released",FALSE
"hist.POSIXt","closure","function","TRUE","FALSE","(x, breaks, ..., xlab = deparse(substitute(x)), axes = TRUE,     plot = TRUE, freq = FALSE, start.on.monday = TRUE, format) ","base","NA","1.5.0","released",FALSE
"hist.default","closure","function","TRUE","FALSE","(x, breaks = ""Sturges"", freq = NULL, probability = !freq,     include.lowest = TRUE, right = TRUE, density = NULL, angle = 45,     col = NULL, border = NULL, main = paste(""Histogram of"", xname),     xlim = range(breaks), ylim = NULL, xlab = xname, ylab, axes = TRUE,     plot = TRUE, labels = FALSE, nclass = NULL, ...) ","base","NA","1.5.0","released",FALSE
"history","closure","function","TRUE","FALSE","(max.show = 25, reverse = FALSE) ","base","NA","1.5.0","released",FALSE
"hsv","closure","function","TRUE","FALSE","(h = 1, s = 1, v = 1, gamma = 1) ","base","NA","1.5.0","released",FALSE
"httpclient","closure","function","TRUE","FALSE","(...) ","base","NA","1.5.0","released",FALSE
"identical","closure","function","TRUE","FALSE","(x, y) ","base","NA","1.5.0","released",FALSE
"identify","closure","function","TRUE","FALSE","(x, ...) ","base","NA","1.5.0","released",FALSE
"identify.default","closure","function","TRUE","FALSE","(x, y = NULL, labels = seq(along = x), pos = FALSE,     n = length(x), plot = TRUE, offset = 0.5, ...) ","base","NA","1.5.0","released",FALSE
"if","special","function","TRUE","NA","","base","NA","1.5.0","released",FALSE
"ifelse","closure","function","TRUE","FALSE","(test, yes, no) ","base","NA","1.5.0","released",FALSE
"image","closure","function","TRUE","FALSE","(x, ...) ","base","NA","1.5.0","released",FALSE
"image.default","closure","function","TRUE","FALSE","(x = seq(0, 1, len = nrow(z)), y = seq(0, 1, len = ncol(z)),     z, zlim = range(z[is.finite(z)]), xlim = range(x[is.finite(x)]),     ylim = range(y[is.finite(y)]), col = heat.colors(12), add = FALSE,     xaxs = ""i"", yaxs = ""i"", xlab, ylab, breaks, oldstyle = FALSE,     ...) ","base","NA","1.5.0","released",FALSE
"index.search","closure","function","TRUE","FALSE","(topic, path, file = ""AnIndex"", type = ""help"") ","base","NA","1.5.0","released",FALSE
"influence.measures","closure","function","TRUE","FALSE","(lm.obj) ","base","NA","1.5.0","released",FALSE
"inherits","closure","function","TRUE","FALSE","(x, what, which = FALSE) ","base","NA","1.5.0","released",FALSE
"install.packages","closure","function","TRUE","FALSE","(pkgs, lib, CRAN = getOption(""CRAN""), contriburl = contrib.url(CRAN),     method, available = NULL, destdir = NULL) ","base","NA","1.5.0","released",FALSE
"installed.packages","closure","function","TRUE","FALSE","(lib.loc = NULL) ","base","NA","1.5.0","released",FALSE
"integer","closure","function","TRUE","FALSE","(length = 0) ","base","NA","1.5.0","released",FALSE
"integrate","closure","function","TRUE","FALSE","(f, lower, upper, subdivisions = 100, rel.tol = .Machine$double.eps^0.25,     abs.tol = rel.tol, stop.on.error = TRUE, keep.xy = FALSE,     aux = NULL, ...) ","base","NA","1.5.0","released",FALSE
"interaction","closure","function","TRUE","FALSE","(..., drop = FALSE) ","base","NA","1.5.0","released",FALSE
"interaction.plot","closure","function","TRUE","FALSE","(x.factor, trace.factor, response, fun = mean, type = c(""l"",     ""p""), legend = TRUE, trace.label = deparse(substitute(trace.factor)),     fixed = FALSE, xlab = deparse(substitute(x.factor)), ylab = ylabel,     ylim = range(cells, na.rm = TRUE), lty = nc:1, col = 1, pch = c(1:9,         0, letters), ...) ","base","NA","1.5.0","released",FALSE
"interactive","special","function","TRUE","NA","","base","NA","1.5.0","released",FALSE
"intersect","closure","function","TRUE","FALSE","(x, y) ","base","NA","1.5.0","released",FALSE
"inverse.gaussian","closure","function","TRUE","FALSE","(link = ""1/mu^2"") ","base","NA","1.5.0","released",FALSE
"inverse.rle","closure","function","TRUE","FALSE","(x, ...) ","base","NA","1.5.0","released",FALSE
"invisible","builtin","function","TRUE","NA","","base","NA","1.5.0","released",FALSE
"is.R","closure","function","TRUE","FALSE","() ","base","NA","1.5.0","released",FALSE
"is.array","builtin","function","TRUE","NA","","base","NA","1.5.0","released",FALSE
"is.atomic","builtin","function","TRUE","NA","","base","NA","1.5.0","released",FALSE
"is.call","builtin","function","TRUE","NA","","base","NA","1.5.0","released",FALSE
"is.character","builtin","function","TRUE","NA","","base","NA","1.5.0","released",FALSE
"is.complex","builtin","function","TRUE","NA","","base","NA","1.5.0","released",FALSE
"is.data.frame","closure","function","TRUE","FALSE","(x) ","base","NA","1.5.0","released",FALSE
"is.double","builtin","function","TRUE","NA","","base","NA","1.5.0","released",FALSE
"is.element","closure","function","TRUE","FALSE","(el, set) ","base","NA","1.5.0","released",FALSE
"is.empty.model","closure","function","TRUE","FALSE","(x) ","base","NA","1.5.0","released",FALSE
"is.environment","builtin","function","TRUE","NA","","base","NA","1.5.0","released",FALSE
"is.expression","builtin","function","TRUE","NA","","base","NA","1.5.0","released",FALSE
"is.factor","closure","function","TRUE","FALSE","(x) ","base","NA","1.5.0","released",FALSE
"is.finite","builtin","function","TRUE","NA","","base","NA","1.5.0","released",FALSE
"is.function","builtin","function","TRUE","NA","","base","NA","1.5.0","released",FALSE
"is.infinite","builtin","function","TRUE","NA","","base","NA","1.5.0","released",FALSE
"is.integer","builtin","function","TRUE","NA","","base","NA","1.5.0","released",FALSE
"is.language","builtin","function","TRUE","NA","","base","NA","1.5.0","released",FALSE
"is.list","builtin","function","TRUE","NA","","base","NA","1.5.0","released",FALSE
"is.loaded","builtin","function","TRUE","NA","","base","NA","1.5.0","released",FALSE
"is.logical","builtin","function","TRUE","NA","","base","NA","1.5.0","released",FALSE
"is.matrix","builtin","function","TRUE","NA","","base","NA","1.5.0","released",FALSE
"is.mts","closure","function","TRUE","FALSE","(x) ","base","NA","1.5.0","released",FALSE
"is.na","builtin","function","TRUE","NA","","base","NA","1.5.0","released",FALSE
"is.na.POSIXlt","closure","function","TRUE","FALSE","(x) ","base","NA","1.5.0","released",FALSE
"is.na.data.frame","closure","function","TRUE","FALSE","(x) ","base","NA","1.5.0","released",FALSE
"is.na<-","closure","function","TRUE","FALSE","(x, value) ","base","NA","1.5.0","released",FALSE
"is.na<-.default","closure","function","TRUE","FALSE","(x, value) ","base","NA","1.5.0","released",FALSE
"is.na<-.factor","closure","function","TRUE","FALSE","(x, value) ","base","NA","1.5.0","released",FALSE
"is.name","builtin","function","TRUE","NA","","base","NA","1.5.0","released",FALSE
"is.nan","builtin","function","TRUE","NA","","base","NA","1.5.0","released",FALSE
"is.null","builtin","function","TRUE","NA","","base","NA","1.5.0","released",FALSE
"is.numeric","builtin","function","TRUE","NA","","base","NA","1.5.0","released",FALSE
"is.object","builtin","function","TRUE","NA","","base","NA","1.5.0","released",FALSE
"is.ordered","closure","function","TRUE","FALSE","(x) ","base","NA","1.5.0","released",FALSE
"is.pairlist","builtin","function","TRUE","NA","","base","NA","1.5.0","released",FALSE
"is.qr","closure","function","TRUE","FALSE","(x) ","base","NA","1.5.0","released",FALSE
"is.real","builtin","function","TRUE","NA","","base","NA","1.5.0","released",FALSE
"is.recursive","builtin","function","TRUE","NA","","base","NA","1.5.0","released",FALSE
"is.single","builtin","function","TRUE","NA","","base","NA","1.5.0","released",FALSE
"is.symbol","builtin","function","TRUE","NA","","base","NA","1.5.0","released",FALSE
"is.table","closure","function","TRUE","FALSE","(x) ","base","NA","1.5.0","released",FALSE
"is.ts","closure","function","TRUE","FALSE","(x) ","base","NA","1.5.0","released",FALSE
"is.unsorted","closure","function","TRUE","FALSE","(x, na.rm = FALSE) ","base","NA","1.5.0","released",FALSE
"is.vector","closure","function","TRUE","FALSE","(x, mode = ""any"") ","base","NA","1.5.0","released",FALSE
"isIncomplete","closure","function","TRUE","FALSE","(con) ","base","NA","1.5.0","released",FALSE
"isOpen","closure","function","TRUE","FALSE","(con, rw = """") ","base","NA","1.5.0","released",FALSE
"isSeekable","closure","function","TRUE","FALSE","(con) ","base","NA","1.5.0","released",FALSE
"jitter","closure","function","TRUE","FALSE","(x, factor = 1, amount = NULL) ","base","NA","1.5.0","released",FALSE
"jpeg","closure","function","TRUE","FALSE","(filename = ""Rplot.jpeg"", width = 480, height = 480,     pointsize = 12, quality = 75, gamma = 1, colortype = getOption(""X11colortype""),     maxcubesize = 256, bg = ""white"") ","base","NA","1.5.0","released",FALSE
"julian","closure","function","TRUE","FALSE","(x, ...) ","base","NA","1.5.0","released",FALSE
"julian.POSIXt","closure","function","TRUE","FALSE","(x, origin = as.POSIXct(""1970-01-01"", tz = ""GMT""), ...) ","base","NA","1.5.0","released",FALSE
"kappa","closure","function","TRUE","FALSE","(z, ...) ","base","NA","1.5.0","released",FALSE
"kappa.default","closure","function","TRUE","FALSE","(z, exact = FALSE, ...) ","base","NA","1.5.0","released",FALSE
"kappa.lm","closure","function","TRUE","FALSE","(z, ...) ","base","NA","1.5.0","released",FALSE
"kappa.qr","closure","function","TRUE","FALSE","(z, ...) ","base","NA","1.5.0","released",FALSE
"kappa.tri","closure","function","TRUE","FALSE","(z, exact = FALSE, ...) ","base","NA","1.5.0","released",FALSE
"kronecker","closure","function","TRUE","FALSE","(X, Y, FUN = ""*"", make.dimnames = FALSE, ...) ","base","NA","1.5.0","released",FALSE
"labels","closure","function","TRUE","FALSE","(object, ...) ","base","NA","1.5.0","released",FALSE
"labels.default","closure","function","TRUE","FALSE","(object, ...) ","base","NA","1.5.0","released",FALSE
"labels.lm","closure","function","TRUE","FALSE","(object, ...) ","base","NA","1.5.0","released",FALSE
"labels.terms","closure","function","TRUE","FALSE","(object, ...) ","base","NA","1.5.0","released",FALSE
"lapply","closure","function","TRUE","FALSE","(X, FUN, ...) ","base","NA","1.5.0","released",FALSE
"layout","closure","function","TRUE","FALSE","(mat, widths = rep(1, dim(mat)[2]), heights = rep(1,     dim(mat)[1]), respect = FALSE) ","base","NA","1.5.0","released",FALSE
"layout.show","closure","function","TRUE","FALSE","(n = 1) ","base","NA","1.5.0","released",FALSE
"lbeta","closure","function","TRUE","FALSE","(a, b) ","base","NA","1.5.0","released",FALSE
"lchoose","closure","function","TRUE","FALSE","(n, k) ","base","NA","1.5.0","released",FALSE
"lcm","closure","function","TRUE","FALSE","(x) ","base","NA","1.5.0","released",FALSE
"legend","closure","function","TRUE","FALSE","(x, y, legend, fill, col = ""black"", lty, lwd, pch, angle = NULL,     density = NULL, bty = ""o"", bg = par(""bg""), pt.bg = NA, cex = 1,     xjust = 0, yjust = 1, x.intersp = 1, y.intersp = 1, adj = 0,     text.width = NULL, merge = do.lines && has.pch, trace = FALSE,     ncol = 1, horiz = FALSE) ","base","NA","1.5.0","released",FALSE
"length","builtin","function","TRUE","NA","","base","NA","1.5.0","released",FALSE
"length<-","builtin","function","TRUE","NA","","base","NA","1.5.0","released",FALSE
"letters","character","character","TRUE","FALSE","NA","base","NA","1.5.0","released",FALSE
"levels","closure","function","TRUE","FALSE","(x) ","base","NA","1.5.0","released",FALSE
"levels<-","closure","function","TRUE","FALSE","(x, value) ","base","NA","1.5.0","released",FALSE
"levels<-.default","closure","function","TRUE","FALSE","(x, value) ","base","NA","1.5.0","released",FALSE
"levels<-.factor","closure","function","TRUE","FALSE","(x, value) ","base","NA","1.5.0","released",FALSE
"lgamma","closure","function","TRUE","FALSE","(x) ","base","NA","1.5.0","released",FALSE
"library","closure","function","TRUE","FALSE","(package, help, lib.loc = NULL, character.only = FALSE,     logical.return = FALSE, warn.conflicts = TRUE, keep.source = getOption(""keep.source.pkgs""),     verbose = getOption(""verbose"")) ","base","NA","1.5.0","released",FALSE
"library.dynam","closure","function","TRUE","FALSE","(chname, package = .packages(), lib.loc = NULL, verbose = getOption(""verbose""),     file.ext = .Platform$dynlib.ext, ...) ","base","NA","1.5.0","released",FALSE
"licence","closure","function","TRUE","FALSE","() ","base","NA","1.5.0","released",FALSE
"license","closure","function","TRUE","FALSE","() ","base","NA","1.5.0","released",FALSE
"limitedLabels","closure","function","TRUE","FALSE","(value, maxwidth = options()$width) ","base","NA","1.5.0","released",FALSE
"lines","closure","function","TRUE","FALSE","(x, ...) ","base","NA","1.5.0","released",FALSE
"lines.default","closure","function","TRUE","FALSE","(x, y = NULL, type = ""l"", col = par(""col""), lty = par(""lty""),     ...) ","base","NA","1.5.0","released",FALSE
"lines.formula","closure","function","TRUE","FALSE","(formula, data = parent.frame(), ..., subset) ","base","NA","1.5.0","released",FALSE
"lines.histogram","closure","function","TRUE","FALSE","(x, ...) ","base","NA","1.5.0","released",FALSE
"lines.ts","closure","function","TRUE","FALSE","(x, ...) ","base","NA","1.5.0","released",FALSE
"list","builtin","function","TRUE","NA","","base","NA","1.5.0","released",FALSE
"list.files","closure","function","TRUE","FALSE","(path = ""."", pattern = NULL, all.files = FALSE, full.names = FALSE) ","base","NA","1.5.0","released",FALSE
"lm","closure","function","TRUE","FALSE","(formula, data = list(), subset, weights, na.action,     method = ""qr"", model = TRUE, x = FALSE, y = FALSE, qr = TRUE,     singular.ok = TRUE, contrasts = NULL, offset = NULL, ...) ","base","NA","1.5.0","released",FALSE
"lm.fit","closure","function","TRUE","FALSE","(x, y, offset = NULL, method = ""qr"", tol = 1e-07, ...) ","base","NA","1.5.0","released",FALSE
"lm.fit.null","closure","function","TRUE","FALSE","(x, y, method = ""qr"", tol = 1e-07, ...) ","base","NA","1.5.0","released",FALSE
"lm.influence","closure","function","TRUE","FALSE","(lm.obj) ","base","NA","1.5.0","released",FALSE
"lm.wfit","closure","function","TRUE","FALSE","(x, y, w, offset = NULL, method = ""qr"", tol = 1e-07,     ...) ","base","NA","1.5.0","released",FALSE
"lm.wfit.null","closure","function","TRUE","FALSE","(x, y, w, method = ""qr"", tol = 1e-07, ...) ","base","NA","1.5.0","released",FALSE
"load","closure","function","TRUE","FALSE","(file, envir = parent.frame()) ","base","NA","1.5.0","released",FALSE
"loadhistory","closure","function","TRUE","FALSE","(file = "".Rhistory"") ","base","NA","1.5.0","released",FALSE
"local","closure","function","TRUE","FALSE","(expr, envir = new.env()) ","base","NA","1.5.0","released",FALSE
"locator","closure","function","TRUE","FALSE","(n = 512, type = ""n"", ...) ","base","NA","1.5.0","released",FALSE
"lockBinding","closure","function","TRUE","FALSE","(sym, env) ","base","NA","1.5.0","released",FALSE
"lockEnvironment","closure","function","TRUE","FALSE","(env, bindings = FALSE) ","base","NA","1.5.0","released",FALSE
"log","closure","function","TRUE","FALSE","(x, base = exp(1)) ","base","NA","1.5.0","released",FALSE
"log10","closure","function","TRUE","FALSE","(x) ","base","NA","1.5.0","released",FALSE
"log1p","closure","function","TRUE","FALSE","(x) ","base","NA","1.5.0","released",FALSE
"log2","closure","function","TRUE","FALSE","(x) ","base","NA","1.5.0","released",FALSE
"logLik","closure","function","TRUE","FALSE","(object, ...) ","base","NA","1.5.0","released",FALSE
"logLik.glm","closure","function","TRUE","FALSE","(object, ...) ","base","NA","1.5.0","released",FALSE
"logLik.lm","closure","function","TRUE","FALSE","(object, REML = FALSE, ...) ","base","NA","1.5.0","released",FALSE
"logb","closure","function","TRUE","FALSE","(x, base = exp(1)) ","base","NA","1.5.0","released",FALSE
"logical","closure","function","TRUE","FALSE","(length = 0) ","base","NA","1.5.0","released",FALSE
"loglin","closure","function","TRUE","FALSE","(table, margin, start = rep(1, length(table)), fit = FALSE,     eps = 0.1, iter = 20, param = FALSE, print = TRUE) ","base","NA","1.5.0","released",FALSE
"lower.tri","closure","function","TRUE","FALSE","(x, diag = FALSE) ","base","NA","1.5.0","released",FALSE
"lowess","closure","function","TRUE","FALSE","(x, y = NULL, f = 2/3, iter = 3, delta = 0.01 * diff(range(xy$x[o]))) ","base","NA","1.5.0","released",FALSE
"ls","closure","function","TRUE","FALSE","(name, pos = -1, envir = as.environment(pos), all.names = FALSE,     pattern) ","base","NA","1.5.0","released",FALSE
"ls.diag","closure","function","TRUE","FALSE","(ls.out) ","base","NA","1.5.0","released",FALSE
"ls.print","closure","function","TRUE","FALSE","(ls.out, digits = 4, print.it = TRUE) ","base","NA","1.5.0","released",FALSE
"ls.str","closure","function","TRUE","FALSE","(pos = 1, pattern, ..., mode = ""any"", max.level = 1,     give.attr = FALSE) ","base","NA","1.5.0","released",FALSE
"lsf.str","closure","function","TRUE","FALSE","(pos = 1, pattern, ...) ","base","NA","1.5.0","released",FALSE
"lsfit","closure","function","TRUE","FALSE","(x, y, wt = NULL, intercept = TRUE, tolerance = 1e-07,     yname = NULL) ","base","NA","1.5.0","released",FALSE
"machine","closure","function","TRUE","FALSE","() ","base","NA","1.5.0","released",FALSE
"mad","closure","function","TRUE","FALSE","(x, center = median(x), constant = 1.4826, na.rm = FALSE,     low = FALSE, high = FALSE) ","base","NA","1.5.0","released",FALSE
"mahalanobis","closure","function","TRUE","FALSE","(x, center, cov, inverted = FALSE, tol.inv = 1e-07) ","base","NA","1.5.0","released",FALSE
"make.link","closure","function","TRUE","FALSE","(link) ","base","NA","1.5.0","released",FALSE
"make.names","closure","function","TRUE","FALSE","(names, unique = FALSE) ","base","NA","1.5.0","released",FALSE
"make.socket","closure","function","TRUE","FALSE","(host = ""localhost"", port, fail = TRUE, server = FALSE) ","base","NA","1.5.0","released",FALSE
"make.tables.aovproj","closure","function","TRUE","FALSE","(proj.cols, mf.cols, prjs, mf, fun = ""mean"", prt = FALSE,     ...) ","base","NA","1.5.0","released",FALSE
"make.tables.aovprojlist","closure","function","TRUE","FALSE","(proj.cols, strata.cols, model.cols, projections, model,     eff, fun = ""mean"", prt = FALSE, ...) ","base","NA","1.5.0","released",FALSE
"makeActiveBinding","closure","function","TRUE","FALSE","(sym, fun, env) ","base","NA","1.5.0","released",FALSE
"makepredictcall","closure","function","TRUE","FALSE","(var, call) ","base","NA","1.5.0","released",FALSE
"makepredictcall.default","closure","function","TRUE","FALSE","(var, call) ","base","NA","1.5.0","released",FALSE
"makepredictcall.poly","closure","function","TRUE","FALSE","(var, call) ","base","NA","1.5.0","released",FALSE
"manova","closure","function","TRUE","FALSE","(...) ","base","NA","1.5.0","released",FALSE
"margin.table","closure","function","TRUE","FALSE","(x, margin = NULL) ","base","NA","1.5.0","released",FALSE
"mat.or.vec","closure","function","TRUE","FALSE","(nr, nc) ","base","NA","1.5.0","released",FALSE
"match","closure","function","TRUE","FALSE","(x, table, nomatch = NA, incomparables = FALSE) ","base","NA","1.5.0","released",FALSE
"match.arg","closure","function","TRUE","FALSE","(arg, choices) ","base","NA","1.5.0","released",FALSE
"match.call","closure","function","TRUE","FALSE","(definition = NULL, call = sys.call(sys.parent()), expand.dots = TRUE) ","base","NA","1.5.0","released",FALSE
"match.fun","closure","function","TRUE","FALSE","(FUN, descend = TRUE) ","base","NA","1.5.0","released",FALSE
"matlines","closure","function","TRUE","FALSE","(x, y, type = ""l"", lty = 1:5, lwd = 1, pch = NULL, col = 1:6,     ...) ","base","NA","1.5.0","released",FALSE
"matplot","closure","function","TRUE","FALSE","(x, y, type = ""p"", lty = 1:5, lwd = 1, pch = NULL, col = 1:6,     cex = NULL, xlab = NULL, ylab = NULL, xlim = NULL, ylim = NULL,     ..., add = FALSE, verbose = getOption(""verbose"")) ","base","NA","1.5.0","released",FALSE
"matpoints","closure","function","TRUE","FALSE","(x, y, type = ""p"", lty = 1:5, lwd = 1, pch = NULL, col = 1:6,     ...) ","base","NA","1.5.0","released",FALSE
"matrix","closure","function","TRUE","FALSE","(data = NA, nrow = 1, ncol = 1, byrow = FALSE, dimnames = NULL) ","base","NA","1.5.0","released",FALSE
"max","closure","function","TRUE","FALSE","(..., na.rm = FALSE) ","base","NA","1.5.0","released",FALSE
"max.col","closure","function","TRUE","FALSE","(m) ","base","NA","1.5.0","released",FALSE
"mean","closure","function","TRUE","FALSE","(x, ...) ","base","NA","1.5.0","released",FALSE
"mean.POSIXct","closure","function","TRUE","FALSE","(x, ...) ","base","NA","1.5.0","released",FALSE
"mean.POSIXlt","closure","function","TRUE","FALSE","(x, ...) ","base","NA","1.5.0","released",FALSE
"mean.data.frame","closure","function","TRUE","FALSE","(x, ...) ","base","NA","1.5.0","released",FALSE
"mean.default","closure","function","TRUE","FALSE","(x, trim = 0, na.rm = FALSE, ...) ","base","NA","1.5.0","released",FALSE
"median","closure","function","TRUE","FALSE","(x, na.rm = FALSE) ","base","NA","1.5.0","released",FALSE
"mem.limits","closure","function","TRUE","FALSE","(nsize = NA, vsize = NA) ","base","NA","1.5.0","released",FALSE
"memory.profile","closure","function","TRUE","FALSE","() ","base","NA","1.5.0","released",FALSE
"menu","closure","function","TRUE","FALSE","(choices, graphics = FALSE, title = """") ","base","NA","1.5.0","released",FALSE
"merge","closure","function","TRUE","FALSE","(x, y, ...) ","base","NA","1.5.0","released",FALSE
"merge.data.frame","closure","function","TRUE","FALSE","(x, y, by = intersect(names(x), names(y)), by.x = by,     by.y = by, all = FALSE, all.x = all, all.y = all, sort = TRUE,     suffixes = c("".x"", "".y""), ...) ","base","NA","1.5.0","released",FALSE
"merge.default","closure","function","TRUE","FALSE","(x, y, ...) ","base","NA","1.5.0","released",FALSE
"methods","closure","function","TRUE","FALSE","(generic.function, class) ","base","NA","1.5.0","released",FALSE
"min","closure","function","TRUE","FALSE","(..., na.rm = FALSE) ","base","NA","1.5.0","released",FALSE
"missing","special","function","TRUE","NA","","base","NA","1.5.0","released",FALSE
"mode","closure","function","TRUE","FALSE","(x) ","base","NA","1.5.0","released",FALSE
"mode<-","closure","function","TRUE","FALSE","(x, value) ","base","NA","1.5.0","released",FALSE
"model.extract","closure","function","TRUE","FALSE","(frame, component) ","base","NA","1.5.0","released",FALSE
"model.frame","closure","function","TRUE","FALSE","(formula, ...) ","base","NA","1.5.0","released",FALSE
"model.frame.aovlist","closure","function","TRUE","FALSE","(formula, data = NULL, ...) ","base","NA","1.5.0","released",FALSE
"model.frame.default","closure","function","TRUE","FALSE","(formula, data = NULL, subset = NULL, na.action = na.fail,     drop.unused.levels = FALSE, xlev = NULL, ...) ","base","NA","1.5.0","released",FALSE
"model.frame.glm","closure","function","TRUE","FALSE","(formula, data, na.action, ...) ","base","NA","1.5.0","released",FALSE
"model.frame.lm","closure","function","TRUE","FALSE","(formula, data, na.action, ...) ","base","NA","1.5.0","released",FALSE
"model.matrix","closure","function","TRUE","FALSE","(object, ...) ","base","NA","1.5.0","released",FALSE
"model.matrix.default","closure","function","TRUE","FALSE","(object, data = environment(object), contrasts.arg = NULL,     xlev = NULL, ...) ","base","NA","1.5.0","released",FALSE
"model.matrix.glm.null","closure","function","TRUE","FALSE","(object, ...) ","base","NA","1.5.0","released",FALSE
"model.matrix.lm","closure","function","TRUE","FALSE","(object, ...) ","base","NA","1.5.0","released",FALSE
"model.matrix.lm.null","closure","function","TRUE","FALSE","(object, ...) ","base","NA","1.5.0","released",FALSE
"model.offset","closure","function","TRUE","FALSE","(x) ","base","NA","1.5.0","released",FALSE
"model.response","closure","function","TRUE","FALSE","(data, type = ""any"") ","base","NA","1.5.0","released",FALSE
"model.tables","closure","function","TRUE","FALSE","(x, ...) ","base","NA","1.5.0","released",FALSE
"model.tables.aov","closure","function","TRUE","FALSE","(x, type = ""effects"", se = FALSE, cterms, ...) ","base","NA","1.5.0","released",FALSE
"model.tables.aovlist","closure","function","TRUE","FALSE","(x, type = ""effects"", se = FALSE, ...) ","base","NA","1.5.0","released",FALSE
"model.weights","closure","function","TRUE","FALSE","(x) ","base","NA","1.5.0","released",FALSE
"month.abb","character","character","TRUE","FALSE","NA","base","NA","1.5.0","released",FALSE
"month.name","character","character","TRUE","FALSE","NA","base","NA","1.5.0","released",FALSE
"months","closure","function","TRUE","FALSE","(x, abbreviate) ","base","NA","1.5.0","released",FALSE
"months.POSIXt","closure","function","TRUE","FALSE","(x, abbreviate = FALSE) ","base","NA","1.5.0","released",FALSE
"mosaicplot","closure","function","TRUE","FALSE","(x, ...) ","base","NA","1.5.0","released",FALSE
"mosaicplot.default","closure","function","TRUE","FALSE","(x, main = NULL, xlab = NULL, ylab = NULL, sort = NULL,     off = NULL, dir = NULL, color = FALSE, shade = FALSE, margin = NULL,     type = c(""pearson"", ""deviance"", ""FT""), ...) ","base","NA","1.5.0","released",FALSE
"mosaicplot.formula","closure","function","TRUE","FALSE","(formula, data = NULL, ..., subset) ","base","NA","1.5.0","released",FALSE
"mostattributes<-","closure","function","TRUE","FALSE","(obj, value) ","base","NA","1.5.0","released",FALSE
"mtext","closure","function","TRUE","FALSE","(text, side = 3, line = 0, outer = FALSE, at = NA, adj = NA,     cex = NA, col = NA, font = NA, vfont = NULL, ...) ","base","NA","1.5.0","released",FALSE
"mvfft","closure","function","TRUE","FALSE","(z, inverse = FALSE) ","base","NA","1.5.0","released",FALSE
"n2mfrow","closure","function","TRUE","FALSE","(nr.plots) ","base","NA","1.5.0","released",FALSE
"na.action","closure","function","TRUE","FALSE","(object, ...) ","base","NA","1.5.0","released",FALSE
"na.action.default","closure","function","TRUE","FALSE","(object, ...) ","base","NA","1.5.0","released",FALSE
"na.exclude","closure","function","TRUE","FALSE","(object, ...) ","base","NA","1.5.0","released",FALSE
"na.exclude.data.frame","closure","function","TRUE","FALSE","(object, ...) ","base","NA","1.5.0","released",FALSE
"na.exclude.default","closure","function","TRUE","FALSE","(object, ...) ","base","NA","1.5.0","released",FALSE
"na.fail","closure","function","TRUE","FALSE","(object, ...) ","base","NA","1.5.0","released",FALSE
"na.fail.default","closure","function","TRUE","FALSE","(object, ...) ","base","NA","1.5.0","released",FALSE
"na.omit","closure","function","TRUE","FALSE","(object, ...) ","base","NA","1.5.0","released",FALSE
"na.omit.data.frame","closure","function","TRUE","FALSE","(object, ...) ","base","NA","1.5.0","released",FALSE
"na.omit.default","closure","function","TRUE","FALSE","(object, ...) ","base","NA","1.5.0","released",FALSE
"na.omit.ts","closure","function","TRUE","FALSE","(object, ...) ","base","NA","1.5.0","released",FALSE
"na.pass","closure","function","TRUE","FALSE","(object, ...) ","base","NA","1.5.0","released",FALSE
"names","closure","function","TRUE","FALSE","(x) ","base","NA","1.5.0","released",FALSE
"names.default","closure","function","TRUE","FALSE","(x) ","base","NA","1.5.0","released",FALSE
"names<-","closure","function","TRUE","FALSE","(x, value) ","base","NA","1.5.0","released",FALSE
"names<-.default","closure","function","TRUE","FALSE","(x, value) ","base","NA","1.5.0","released",FALSE
"napredict","closure","function","TRUE","FALSE","(omit, x, ...) ","base","NA","1.5.0","released",FALSE
"napredict.default","closure","function","TRUE","FALSE","(omit, x, ...) ","base","NA","1.5.0","released",FALSE
"napredict.exclude","closure","function","TRUE","FALSE","(omit, x, ...) ","base","NA","1.5.0","released",FALSE
"naprint","closure","function","TRUE","FALSE","(x, ...) ","base","NA","1.5.0","released",FALSE
"naprint.default","closure","function","TRUE","FALSE","(x, ...) ","base","NA","1.5.0","released",FALSE
"naprint.exclude","closure","function","TRUE","FALSE","(x, ...) ","base","NA","1.5.0","released",FALSE
"naprint.omit","closure","function","TRUE","FALSE","(x, ...) ","base","NA","1.5.0","released",FALSE
"naresid","closure","function","TRUE","FALSE","(omit, x, ...) ","base","NA","1.5.0","released",FALSE
"naresid.default","closure","function","TRUE","FALSE","(omit, x, ...) ","base","NA","1.5.0","released",FALSE
"naresid.exclude","closure","function","TRUE","FALSE","(omit, x, ...) ","base","NA","1.5.0","released",FALSE
"nargs","special","function","TRUE","NA","","base","NA","1.5.0","released",FALSE
"native.enc","integer","integer","TRUE","FALSE","NA","base","NA","1.5.0","released",FALSE
"nchar","closure","function","TRUE","FALSE","(x) ","base","NA","1.5.0","released",FALSE
"nclass.FD","closure","function","TRUE","FALSE","(x) ","base","NA","1.5.0","released",FALSE
"nclass.Sturges","closure","function","TRUE","FALSE","(x) ","base","NA","1.5.0","released",FALSE
"nclass.scott","closure","function","TRUE","FALSE","(x) ","base","NA","1.5.0","released",FALSE
"ncol","closure","function","TRUE","FALSE","(x) ","base","NA","1.5.0","released",FALSE
"new.env","closure","function","TRUE","FALSE","(hash = FALSE, parent = parent.frame()) ","base","NA","1.5.0","released",FALSE
"newestVersion","closure","function","TRUE","FALSE","(x) ","base","NA","1.5.0","released",FALSE
"next","special","function","TRUE","NA","","base","NA","1.5.0","released",FALSE
"nextn","closure","function","TRUE","FALSE","(n, factors = c(2, 3, 5)) ","base","NA","1.5.0","released",FALSE
"nlevels","closure","function","TRUE","FALSE","(x) ","base","NA","1.5.0","released",FALSE
"nlm","closure","function","TRUE","FALSE","(f, p, hessian = FALSE, typsize = rep(1, length(p)),     fscale = 1, print.level = 0, ndigit = 12, gradtol = 1e-06,     stepmax = max(1000 * sqrt(sum((p/typsize)^2)), 1000), steptol = 1e-06,     iterlim = 100, check.analyticals = TRUE, ...) ","base","NA","1.5.0","released",FALSE
"noquote","closure","function","TRUE","FALSE","(obj) ","base","NA","1.5.0","released",FALSE
"nrow","closure","function","TRUE","FALSE","(x) ","base","NA","1.5.0","released",FALSE
"nsl","closure","function","TRUE","FALSE","(hostname) ","base","NA","1.5.0","released",FALSE
"numeric","closure","function","TRUE","FALSE","(length = 0) ","base","NA","1.5.0","released",FALSE
"objWithClass","builtin","function","TRUE","NA","","base","NA","1.5.0","released",FALSE
"object.size","closure","function","TRUE","FALSE","(x) ","base","NA","1.5.0","released",FALSE
"objects","closure","function","TRUE","FALSE","(name, pos = -1, envir = as.environment(pos), all.names = FALSE,     pattern) ","base","NA","1.5.0","released",FALSE
"offset","closure","function","TRUE","FALSE","(object) ","base","NA","1.5.0","released",FALSE
"old.packages","closure","function","TRUE","FALSE","(lib.loc = NULL, CRAN = getOption(""CRAN""), contriburl = contrib.url(CRAN),     method, available = NULL) ","base","NA","1.5.0","released",FALSE
"on.exit","special","function","TRUE","NA","","base","NA","1.5.0","released",FALSE
"open","closure","function","TRUE","FALSE","(con, ...) ","base","NA","1.5.0","released",FALSE
"open.connection","closure","function","TRUE","FALSE","(con, open = ""r"", blocking = TRUE, ...) ","base","NA","1.5.0","released",FALSE
"optim","closure","function","TRUE","FALSE","(par, fn, gr = NULL, method = c(""Nelder-Mead"", ""BFGS"",     ""CG"", ""L-BFGS-B"", ""SANN""), lower = -Inf, upper = Inf, control = list(),     hessian = FALSE, ...) ","base","NA","1.5.0","released",FALSE
"optimise","closure","function","TRUE","FALSE","(f, interval, lower = min(interval), upper = max(interval),     maximum = FALSE, tol = .Machine$double.eps^0.25, ...) ","base","NA","1.5.0","released",FALSE
"optimize","closure","function","TRUE","FALSE","(f, interval, lower = min(interval), upper = max(interval),     maximum = FALSE, tol = .Machine$double.eps^0.25, ...) ","base","NA","1.5.0","released",FALSE
"options","closure","function","TRUE","FALSE","(...) ","base","NA","1.5.0","released",FALSE
"order","closure","function","TRUE","FALSE","(..., na.last = TRUE, decreasing = FALSE) ","base","NA","1.5.0","released",FALSE
"ordered","closure","function","TRUE","FALSE","(x, ...) ","base","NA","1.5.0","released",FALSE
"outer","closure","function","TRUE","FALSE","(X, Y, FUN = ""*"", ...) ","base","NA","1.5.0","released",FALSE
"p.adjust","closure","function","TRUE","FALSE","(p, method = p.adjust.methods, n = length(p)) ","base","NA","1.5.0","released",FALSE
"p.adjust.methods","character","character","TRUE","FALSE","NA","base","NA","1.5.0","released",FALSE
"package.contents","closure","function","TRUE","FALSE","(pkg, lib.loc = NULL) ","base","NA","1.5.0","released",FALSE
"package.dependencies","closure","function","TRUE","FALSE","(x, check = FALSE) ","base","NA","1.5.0","released",FALSE
"package.description","closure","function","TRUE","FALSE","(pkg, lib.loc = NULL, fields = NULL) ","base","NA","1.5.0","released",FALSE
"package.skeleton","closure","function","TRUE","FALSE","(name = ""anRpackage"", list, environment = .GlobalEnv,     path = ""."", force = FALSE) ","base","NA","1.5.0","released",FALSE
"packageStatus","closure","function","TRUE","FALSE","(lib.loc = NULL, repositories = getOption(""repositories"")) ","base","NA","1.5.0","released",FALSE
"page","closure","function","TRUE","FALSE","(x, method = c(""dput"", ""print""), ...) ","base","NA","1.5.0","released",FALSE
"pairlist","closure","function","TRUE","FALSE","(...) ","base","NA","1.5.0","released",FALSE
"pairs","closure","function","TRUE","FALSE","(x, ...) ","base","NA","1.5.0","released",FALSE
"pairs.default","closure","function","TRUE","FALSE","(x, labels, panel = points, ..., main = NULL, oma = NULL,     font.main = par(""font.main""), cex.main = par(""cex.main""),     lower.panel = panel, upper.panel = panel, diag.panel = NULL,     text.panel = textPanel, label.pos = 0.5 + has.diag/3, cex.labels = NULL,     font.labels = 1, row1attop = TRUE, gap = 1) ","base","NA","1.5.0","released",FALSE
"pairs.formula","closure","function","TRUE","FALSE","(formula, data = NULL, ..., subset) ","base","NA","1.5.0","released",FALSE
"palette","closure","function","TRUE","FALSE","(value) ","base","NA","1.5.0","released",FALSE
"panel.smooth","closure","function","TRUE","FALSE","(x, y, col = par(""col""), bg = NA, pch = par(""pch""),     cex = 1, col.smooth = ""red"", span = 2/3, iter = 3, ...) ","base","NA","1.5.0","released",FALSE
"par","closure","function","TRUE","FALSE","(..., no.readonly = FALSE) ","base","NA","1.5.0","released",FALSE
"parent.env","closure","function","TRUE","FALSE","(env) ","base","NA","1.5.0","released",FALSE
"parent.env<-","closure","function","TRUE","FALSE","(env, value) ","base","NA","1.5.0","released",FALSE
"parent.frame","closure","function","TRUE","FALSE","(n = 1) ","base","NA","1.5.0","released",FALSE
"parse","closure","function","TRUE","FALSE","(file = """", n = NULL, text = NULL, prompt = ""?"", white = FALSE) ","base","NA","1.5.0","released",FALSE
"parse.dcf","closure","function","TRUE","FALSE","(...) ","base","NA","1.5.0","released",FALSE
"paste","closure","function","TRUE","FALSE","(..., sep = "" "", collapse = NULL) ","base","NA","1.5.0","released",FALSE
"path.expand","closure","function","TRUE","FALSE","(path) ","base","NA","1.5.0","released",FALSE
"pbeta","closure","function","TRUE","FALSE","(q, shape1, shape2, ncp = 0, lower.tail = TRUE, log.p = FALSE) ","base","NA","1.5.0","released",FALSE
"pbinom","closure","function","TRUE","FALSE","(q, size, prob, lower.tail = TRUE, log.p = FALSE) ","base","NA","1.5.0","released",FALSE
"pbirthday","closure","function","TRUE","FALSE","(n, classes = 365, coincident = 2) ","base","NA","1.5.0","released",FALSE
"pcauchy","closure","function","TRUE","FALSE","(q, location = 0, scale = 1, lower.tail = TRUE, log.p = FALSE) ","base","NA","1.5.0","released",FALSE
"pchisq","closure","function","TRUE","FALSE","(q, df, ncp = 0, lower.tail = TRUE, log.p = FALSE) ","base","NA","1.5.0","released",FALSE
"pdf","closure","function","TRUE","FALSE","(file = ifelse(onefile, ""Rplots.pdf"", ""Rplot%03d.pdf""),     width = 6, height = 6, onefile = TRUE, ...) ","base","NA","1.5.0","released",FALSE
"pentagamma","closure","function","TRUE","FALSE","(x) ","base","NA","1.5.0","released",FALSE
"persp","closure","function","TRUE","FALSE","(x, ...) ","base","NA","1.5.0","released",FALSE
"persp.default","closure","function","TRUE","FALSE","(x = seq(0, 1, len = nrow(z)), y = seq(0, 1, len = ncol(z)),     z, xlim = range(x), ylim = range(y), zlim = range(z, na.rm = TRUE),     xlab = NULL, ylab = NULL, zlab = NULL, main = NULL, sub = NULL,     theta = 0, phi = 15, r = sqrt(3), d = 1, scale = TRUE, expand = 1,     col = ""white"", border = NULL, ltheta = -135, lphi = 0, shade = NA,     box = TRUE, axes = TRUE, nticks = 5, ticktype = ""simple"",     ...) ","base","NA","1.5.0","released",FALSE
"pexp","closure","function","TRUE","FALSE","(q, rate = 1, lower.tail = TRUE, log.p = FALSE) ","base","NA","1.5.0","released",FALSE
"pf","closure","function","TRUE","FALSE","(q, df1, df2, ncp = 0, lower.tail = TRUE, log.p = FALSE) ","base","NA","1.5.0","released",FALSE
"pgamma","closure","function","TRUE","FALSE","(q, shape, rate = 1, scale = 1/rate, lower.tail = TRUE,     log.p = FALSE) ","base","NA","1.5.0","released",FALSE
"pgeom","closure","function","TRUE","FALSE","(q, prob, lower.tail = TRUE, log.p = FALSE) ","base","NA","1.5.0","released",FALSE
"phyper","closure","function","TRUE","FALSE","(q, m, n, k, lower.tail = TRUE, log.p = FALSE) ","base","NA","1.5.0","released",FALSE
"pi","double","numeric","TRUE","FALSE","NA","base","NA","1.5.0","released",FALSE
"pico","closure","function","TRUE","FALSE","(name = NULL, file = """") ","base","NA","1.5.0","released",FALSE
"pictex","closure","function","TRUE","FALSE","(file = ""Rplots.tex"", width = 5, height = 4, debug = FALSE,     bg = ""white"", fg = ""black"") ","base","NA","1.5.0","released",FALSE
"pie","closure","function","TRUE","FALSE","(x, labels = names(x), edges = 200, radius = 0.8, density = NULL,     angle = 45, col = NULL, main = NULL, ...) ","base","NA","1.5.0","released",FALSE
"piechart","closure","function","TRUE","FALSE","(x, labels = names(x), edges = 200, radius = 0.8, density = NULL,     angle = 45, col = NULL, main = NULL, ...) ","base","NA","1.5.0","released",FALSE
"pipe","closure","function","TRUE","FALSE","(description, open = """", encoding = getOption(""encoding"")) ","base","NA","1.5.0","released",FALSE
"plnorm","closure","function","TRUE","FALSE","(q, meanlog = 0, sdlog = 1, lower.tail = TRUE, log.p = FALSE) ","base","NA","1.5.0","released",FALSE
"plogis","closure","function","TRUE","FALSE","(q, location = 0, scale = 1, lower.tail = TRUE, log.p = FALSE) ","base","NA","1.5.0","released",FALSE
"plot","closure","function","TRUE","FALSE","(x, ...) ","base","NA","1.5.0","released",FALSE
"plot.POSIXct","closure","function","TRUE","FALSE","(x, y, xlab = """", xaxt = par(""xaxt""), ...) ","base","NA","1.5.0","released",FALSE
"plot.POSIXlt","closure","function","TRUE","FALSE","(x, y, xlab = """", xaxt = par(""xaxt""), ...) ","base","NA","1.5.0","released",FALSE
"plot.TukeyHSD","closure","function","TRUE","FALSE","(x, ...) ","base","NA","1.5.0","released",FALSE
"plot.data.frame","closure","function","TRUE","FALSE","(x, ...) ","base","NA","1.5.0","released",FALSE
"plot.default","closure","function","TRUE","FALSE","(x, y = NULL, type = ""p"", xlim = NULL, ylim = NULL,     log = """", main = NULL, sub = NULL, xlab = NULL, ylab = NULL,     ann = par(""ann""), axes = TRUE, frame.plot = axes, panel.first = NULL,     panel.last = NULL, col = par(""col""), bg = NA, pch = par(""pch""),     cex = 1, lty = par(""lty""), lab = par(""lab""), lwd = par(""lwd""),     asp = NA, ...) ","base","NA","1.5.0","released",FALSE
"plot.density","closure","function","TRUE","FALSE","(x, main = NULL, xlab = NULL, ylab = ""Density"", type = ""l"",     zero.line = TRUE, ...) ","base","NA","1.5.0","released",FALSE
"plot.factor","closure","function","TRUE","FALSE","(x, y, legend.text = levels(y), ...) ","base","NA","1.5.0","released",FALSE
"plot.formula","closure","function","TRUE","FALSE","(formula, data = parent.frame(), ..., subset, ylab = varnames[response],     ask = TRUE) ","base","NA","1.5.0","released",FALSE
"plot.function","closure","function","TRUE","FALSE","(x, from = 0, to = 1, xlim = NULL, ...) ","base","NA","1.5.0","released",FALSE
"plot.histogram","closure","function","TRUE","FALSE","(x, freq = equidist, density = NULL, angle = 45, col = NULL,     border = par(""fg""), lty = NULL, main = paste(""Histogram of"",         x$xname), xlim = range(x$breaks), ylim = NULL, xlab = x$xname,     ylab, axes = TRUE, labels = FALSE, add = FALSE, ...) ","base","NA","1.5.0","released",FALSE
"plot.lm","closure","function","TRUE","FALSE","(x, which = 1:4, caption = c(""Residuals vs Fitted"",     ""Normal Q-Q plot"", ""Scale-Location plot"", ""Cook's distance plot""),     panel = points, sub.caption = deparse(x$call), main = """",     ask = prod(par(""mfcol"")) < length(which) && dev.interactive(),     ..., id.n = 3, labels.id = names(residuals(x)), cex.id = 0.75) ","base","NA","1.5.0","released",FALSE
"plot.mlm","closure","function","TRUE","FALSE","(x, ...) ","base","NA","1.5.0","released",FALSE
"plot.mts","closure","function","TRUE","FALSE","(x, plot.type = c(""multiple"", ""single""), panel = lines,     log = """", col = par(""col""), bg = NA, pch = par(""pch""), cex = par(""cex""),     lty = par(""lty""), lwd = par(""lwd""), ann = par(""ann""), xlab = ""Time"",     type = ""l"", main = NULL, oma = c(6, 0, 5, 0), ...) ","base","NA","1.5.0","released",FALSE
"plot.new","closure","function","TRUE","FALSE","() ","base","NA","1.5.0","released",FALSE
"plot.table","closure","function","TRUE","FALSE","(x, type = ""h"", ylim = c(0, max(x)), lwd = 2, xlab = NULL,     ylab = deparse(substitute(x)), frame.plot = is.num, ...) ","base","NA","1.5.0","released",FALSE
"plot.ts","closure","function","TRUE","FALSE","(x, y = NULL, type = ""l"", xlim = NULL, ylim = NULL,     xlab = ""Time"", ylab, log = """", col = par(""col""), bg = NA,     pch = par(""pch""), cex = par(""cex""), lty = par(""lty""), lwd = par(""lwd""),     axes = TRUE, frame.plot = axes, ann = par(""ann""), main = NULL,     plot.type = c(""multiple"", ""single""), xy.labels = n <= 150,     xy.lines = do.lab, panel = lines, ...) ","base","NA","1.5.0","released",FALSE
"plot.window","closure","function","TRUE","FALSE","(xlim, ylim, log = """", asp = NA, ...) ","base","NA","1.5.0","released",FALSE
"plot.xy","closure","function","TRUE","FALSE","(xy, type, pch = 1, lty = ""solid"", col = par(""fg""),     bg = NA, cex = 1, ...) ","base","NA","1.5.0","released",FALSE
"pmatch","closure","function","TRUE","FALSE","(x, table, nomatch = NA, duplicates.ok = FALSE) ","base","NA","1.5.0","released",FALSE
"pmax","closure","function","TRUE","FALSE","(..., na.rm = FALSE) ","base","NA","1.5.0","released",FALSE
"pmin","closure","function","TRUE","FALSE","(..., na.rm = FALSE) ","base","NA","1.5.0","released",FALSE
"pnbinom","closure","function","TRUE","FALSE","(q, size, prob, mu, lower.tail = TRUE, log.p = FALSE) ","base","NA","1.5.0","released",FALSE
"png","closure","function","TRUE","FALSE","(filename = ""Rplot.png"", width = 480, height = 480,     pointsize = 12, gamma = 1, colortype = getOption(""X11colortype""),     maxcubesize = 256, bg = ""white"") ","base","NA","1.5.0","released",FALSE
"pnorm","closure","function","TRUE","FALSE","(q, mean = 0, sd = 1, lower.tail = TRUE, log.p = FALSE) ","base","NA","1.5.0","released",FALSE
"points","closure","function","TRUE","FALSE","(x, ...) ","base","NA","1.5.0","released",FALSE
"points.default","closure","function","TRUE","FALSE","(x, y = NULL, type = ""p"", pch = par(""pch""), col = par(""col""),     bg = NA, cex = 1, ...) ","base","NA","1.5.0","released",FALSE
"points.formula","closure","function","TRUE","FALSE","(formula, data = parent.frame(), ..., subset) ","base","NA","1.5.0","released",FALSE
"poisson","closure","function","TRUE","FALSE","(link = ""log"") ","base","NA","1.5.0","released",FALSE
"poly","closure","function","TRUE","FALSE","(x, ..., degree = 1, coefs = NULL) ","base","NA","1.5.0","released",FALSE
"polygon","closure","function","TRUE","FALSE","(x, y = NULL, density = NULL, angle = 45, border = NULL,     col = NA, lty = NULL, xpd = NULL, ..debug.hatch = FALSE,     ...) ","base","NA","1.5.0","released",FALSE
"polym","closure","function","TRUE","FALSE","(..., degree = 1) ","base","NA","1.5.0","released",FALSE
"polyroot","closure","function","TRUE","FALSE","(z) ","base","NA","1.5.0","released",FALSE
"pos.to.env","builtin","function","TRUE","NA","","base","NA","1.5.0","released",FALSE
"postscript","closure","function","TRUE","FALSE","(file = ifelse(onefile, ""Rplots.ps"", ""Rplot%03d.ps""),     onefile = TRUE, family, ...) ","base","NA","1.5.0","released",FALSE
"power","closure","function","TRUE","FALSE","(lambda = 1) ","base","NA","1.5.0","released",FALSE
"ppoints","closure","function","TRUE","FALSE","(n, a = ifelse(n <= 10, 3/8, 1/2)) ","base","NA","1.5.0","released",FALSE
"ppois","closure","function","TRUE","FALSE","(q, lambda, lower.tail = TRUE, log.p = FALSE) ","base","NA","1.5.0","released",FALSE
"predict","closure","function","TRUE","FALSE","(object, ...) ","base","NA","1.5.0","released",FALSE
"predict.glm","closure","function","TRUE","FALSE","(object, newdata = NULL, type = c(""link"", ""response"",     ""terms""), se.fit = FALSE, dispersion = NULL, terms = NULL,     ...) ","base","NA","1.5.0","released",FALSE
"predict.lm","closure","function","TRUE","FALSE","(object, newdata, se.fit = FALSE, scale = NULL, df = Inf,     interval = c(""none"", ""confidence"", ""prediction""), level = 0.95,     type = c(""response"", ""terms""), terms = NULL, ...) ","base","NA","1.5.0","released",FALSE
"predict.mlm","closure","function","TRUE","FALSE","(object, newdata, se.fit = FALSE, ...) ","base","NA","1.5.0","released",FALSE
"predict.poly","closure","function","TRUE","FALSE","(object, newdata, ...) ","base","NA","1.5.0","released",FALSE
"preplot","closure","function","TRUE","FALSE","(object, ...) ","base","NA","1.5.0","released",FALSE
"pretty","closure","function","TRUE","FALSE","(x, n = 5, min.n = n%/%3, shrink.sml = 0.75, high.u.bias = 1.5,     u5.bias = 0.5 + 1.5 * high.u.bias, eps.correct = 0) ","base","NA","1.5.0","released",FALSE
"prettyNum","closure","function","TRUE","FALSE","(x, big.mark = """", big.interval = 3, small.mark = """",     small.interval = 5, decimal.mark = ""."", ...) ","base","NA","1.5.0","released",FALSE
"print","closure","function","TRUE","FALSE","(x, ...) ","base","NA","1.5.0","released",FALSE
"print.POSIXct","closure","function","TRUE","FALSE","(x, ...) ","base","NA","1.5.0","released",FALSE
"print.POSIXlt","closure","function","TRUE","FALSE","(x, ...) ","base","NA","1.5.0","released",FALSE
"print.TukeyHSD","closure","function","TRUE","FALSE","(x, ...) ","base","NA","1.5.0","released",FALSE
"print.anova","closure","function","TRUE","FALSE","(x, digits = max(getOption(""digits"") - 2, 3), signif.stars = getOption(""show.signif.stars""),     ...) ","base","NA","1.5.0","released",FALSE
"print.aov","closure","function","TRUE","FALSE","(x, intercept = FALSE, tol = .Machine$double.eps^0.5,     ...) ","base","NA","1.5.0","released",FALSE
"print.aovlist","closure","function","TRUE","FALSE","(x, ...) ","base","NA","1.5.0","released",FALSE
"print.atomic","closure","function","TRUE","FALSE","(x, quote = TRUE, ...) ","base","NA","1.5.0","released",FALSE
"print.by","closure","function","TRUE","FALSE","(x, ..., vsep) ","base","NA","1.5.0","released",FALSE
"print.coefmat","closure","function","TRUE","FALSE","(x, digits = max(3, getOption(""digits"") - 2), signif.stars = getOption(""show.signif.stars""),     dig.tst = max(1, min(5, digits - 1)), cs.ind = 1:k, tst.ind = k +         1, zap.ind = integer(0), P.values = NULL, has.Pvalue = nc >=         4 && substr(colnames(x)[nc], 1, 3) == ""Pr("", eps.Pvalue = .Machine$double.eps,     na.print = """", ...) ","base","NA","1.5.0","released",FALSE
"print.connection","closure","function","TRUE","FALSE","(x, ...) ","base","NA","1.5.0","released",FALSE
"print.data.frame","closure","function","TRUE","FALSE","(x, ..., digits = NULL, quote = FALSE, right = TRUE) ","base","NA","1.5.0","released",FALSE
"print.default","closure","function","TRUE","FALSE","(x, digits = NULL, quote = TRUE, na.print = NULL, print.gap = NULL,     right = FALSE, ...) ","base","NA","1.5.0","released",FALSE
"print.density","closure","function","TRUE","FALSE","(x, digits = NULL, ...) ","base","NA","1.5.0","released",FALSE
"print.difftime","closure","function","TRUE","FALSE","(x, digits = getOption(""digits""), ...) ","base","NA","1.5.0","released",FALSE
"print.dummy.coef","closure","function","TRUE","FALSE","(x, ..., title) ","base","NA","1.5.0","released",FALSE
"print.dummy.coef.list","closure","function","TRUE","FALSE","(x, ...) ","base","NA","1.5.0","released",FALSE
"print.factor","closure","function","TRUE","FALSE","(x, quote = FALSE, ...) ","base","NA","1.5.0","released",FALSE
"print.family","closure","function","TRUE","FALSE","(x, ...) ","base","NA","1.5.0","released",FALSE
"print.formula","closure","function","TRUE","FALSE","(x, ...) ","base","NA","1.5.0","released",FALSE
"print.ftable","closure","function","TRUE","FALSE","(x, digits = getOption(""digits""), ...) ","base","NA","1.5.0","released",FALSE
"print.glm","closure","function","TRUE","FALSE","(x, digits = max(3, getOption(""digits"") - 3), na.print = """",     ...) ","base","NA","1.5.0","released",FALSE
"print.glm.null","closure","function","TRUE","FALSE","(x, digits = max(3, getOption(""digits"") - 3), na.print = """",     ...) ","base","NA","1.5.0","released",FALSE
"print.hsearch","closure","function","TRUE","FALSE","(x, ...) ","base","NA","1.5.0","released",FALSE
"print.htest","closure","function","TRUE","FALSE","(x, digits = 4, quote = TRUE, prefix = """", ...) ","base","NA","1.5.0","released",FALSE
"print.infl","closure","function","TRUE","FALSE","(x, digits = max(3, getOption(""digits"") - 4), ...) ","base","NA","1.5.0","released",FALSE
"print.integrate","closure","function","TRUE","FALSE","(x, digits = getOption(""digits""), ...) ","base","NA","1.5.0","released",FALSE
"print.libraryIQR","closure","function","TRUE","FALSE","(x, ...) ","base","NA","1.5.0","released",FALSE
"print.listof","closure","function","TRUE","FALSE","(x, ...) ","base","NA","1.5.0","released",FALSE
"print.lm","closure","function","TRUE","FALSE","(x, digits = max(3, getOption(""digits"") - 3), ...) ","base","NA","1.5.0","released",FALSE
"print.lm.null","closure","function","TRUE","FALSE","(x, digits = max(3, getOption(""digits"") - 3), ...) ","base","NA","1.5.0","released",FALSE
"print.logLik","closure","function","TRUE","FALSE","(x, digits = getOption(""digits""), ...) ","base","NA","1.5.0","released",FALSE
"print.matrix","closure","function","TRUE","FALSE","(x, rowlab = dn[[1]], collab = dn[[2]], quote = TRUE,     right = FALSE, na.print = NULL, print.gap = NULL, ...) ","base","NA","1.5.0","released",FALSE
"print.mtable","closure","function","TRUE","FALSE","(x, ..., digits = getOption(""digits""), quote = FALSE,     right = FALSE) ","base","NA","1.5.0","released",FALSE
"print.noquote","closure","function","TRUE","FALSE","(x, ...) ","base","NA","1.5.0","released",FALSE
"print.octmode","closure","function","TRUE","FALSE","(x, ...) ","base","NA","1.5.0","released",FALSE
"print.ordered","closure","function","TRUE","FALSE","(x, quote = FALSE, ...) ","base","NA","1.5.0","released",FALSE
"print.packageIQR","closure","function","TRUE","FALSE","(x, ...) ","base","NA","1.5.0","released",FALSE
"print.packageInfo","closure","function","TRUE","FALSE","(x, ...) ","base","NA","1.5.0","released",FALSE
"print.packageStatus","closure","function","TRUE","FALSE","(x, ...) ","base","NA","1.5.0","released",FALSE
"print.recordedplot","closure","function","TRUE","FALSE","(x, ...) ","base","NA","1.5.0","released",FALSE
"print.rle","closure","function","TRUE","FALSE","(x, digits = getOption(""digits""), ...) ","base","NA","1.5.0","released",FALSE
"print.simple.list","closure","function","TRUE","FALSE","(x, ...) ","base","NA","1.5.0","released",FALSE
"print.socket","closure","function","TRUE","FALSE","(x, ...) ","base","NA","1.5.0","released",FALSE
"print.summary.aov","closure","function","TRUE","FALSE","(x, digits = max(3, getOption(""digits"") - 3), symbolic.cor = p >     4, signif.stars = getOption(""show.signif.stars""), ...) ","base","NA","1.5.0","released",FALSE
"print.summary.aovlist","closure","function","TRUE","FALSE","(x, ...) ","base","NA","1.5.0","released",FALSE
"print.summary.glm","closure","function","TRUE","FALSE","(x, digits = max(3, getOption(""digits"") - 3), na.print = """",     symbolic.cor = p > 4, signif.stars = getOption(""show.signif.stars""),     ...) ","base","NA","1.5.0","released",FALSE
"print.summary.glm.null","closure","function","TRUE","FALSE","(x, digits = max(3, getOption(""digits"") - 3), na.print = """",     ...) ","base","NA","1.5.0","released",FALSE
"print.summary.lm","closure","function","TRUE","FALSE","(x, digits = max(3, getOption(""digits"") - 3), symbolic.cor = p >     4, signif.stars = getOption(""show.signif.stars""), ...) ","base","NA","1.5.0","released",FALSE
"print.summary.lm.null","closure","function","TRUE","FALSE","(x, digits = max(3, getOption(""digits"") - 3), ...) ","base","NA","1.5.0","released",FALSE
"print.summary.manova","closure","function","TRUE","FALSE","(x, digits = getOption(""digits""), ...) ","base","NA","1.5.0","released",FALSE
"print.summary.table","closure","function","TRUE","FALSE","(x, digits = max(1, getOption(""digits"") - 3), ...) ","base","NA","1.5.0","released",FALSE
"print.table","closure","function","TRUE","FALSE","(x, digits = getOption(""digits""), quote = FALSE, na.print = """",     ...) ","base","NA","1.5.0","released",FALSE
"print.tables.aov","closure","function","TRUE","FALSE","(x, digits = 4, ...) ","base","NA","1.5.0","released",FALSE
"print.terms","closure","function","TRUE","FALSE","(x, ...) ","base","NA","1.5.0","released",FALSE
"print.ts","closure","function","TRUE","FALSE","(x, calendar, ...) ","base","NA","1.5.0","released",FALSE
"print.xtabs","closure","function","TRUE","FALSE","(x, ...) ","base","NA","1.5.0","released",FALSE
"prmatrix","closure","function","TRUE","FALSE","(x, rowlab = dn[[1]], collab = dn[[2]], quote = TRUE,     right = FALSE, na.print = NULL, print.gap = NULL, ...) ","base","NA","1.5.0","released",FALSE
"proc.time","builtin","function","TRUE","NA","","base","NA","1.5.0","released",FALSE
"prod","closure","function","TRUE","FALSE","(..., na.rm = FALSE) ","base","NA","1.5.0","released",FALSE
"profile","closure","function","TRUE","FALSE","(fitted, ...) ","base","NA","1.5.0","released",FALSE
"proj","closure","function","TRUE","FALSE","(object, ...) ","base","NA","1.5.0","released",FALSE
"proj.aov","closure","function","TRUE","FALSE","(object, onedf = FALSE, unweighted.scale = FALSE, ...) ","base","NA","1.5.0","released",FALSE
"proj.aovlist","closure","function","TRUE","FALSE","(object, onedf = FALSE, unweighted.scale = FALSE, ...) ","base","NA","1.5.0","released",FALSE
"proj.default","closure","function","TRUE","FALSE","(object, onedf = TRUE, ...) ","base","NA","1.5.0","released",FALSE
"proj.lm","closure","function","TRUE","FALSE","(object, onedf = FALSE, unweighted.scale = FALSE, ...) ","base","NA","1.5.0","released",FALSE
"prompt","closure","function","TRUE","FALSE","(object, ...) ","base","NA","1.5.0","released",FALSE
"prompt.data.frame","closure","function","TRUE","FALSE","(object, filename = paste0(name, "".Rd""), ...) ","base","NA","1.5.0","released",FALSE
"prompt.default","closure","function","TRUE","FALSE","(object, filename = paste0(name, "".Rd""), force.function = FALSE,     ...) ","base","NA","1.5.0","released",FALSE
"prop.table","closure","function","TRUE","FALSE","(x, margin = NULL) ","base","NA","1.5.0","released",FALSE
"provide","closure","function","TRUE","FALSE","(package) ","base","NA","1.5.0","released",FALSE
"ps.options","closure","function","TRUE","FALSE","(..., reset = FALSE, override.check = FALSE) ","base","NA","1.5.0","released",FALSE
"psignrank","closure","function","TRUE","FALSE","(q, n, lower.tail = TRUE, log.p = FALSE) ","base","NA","1.5.0","released",FALSE
"pt","closure","function","TRUE","FALSE","(q, df, ncp, lower.tail = TRUE, log.p = FALSE) ","base","NA","1.5.0","released",FALSE
"ptukey","closure","function","TRUE","FALSE","(q, nmeans, df, nranges = 1, lower.tail = TRUE, log.p = FALSE) ","base","NA","1.5.0","released",FALSE
"punif","closure","function","TRUE","FALSE","(q, min = 0, max = 1, lower.tail = TRUE, log.p = FALSE) ","base","NA","1.5.0","released",FALSE
"pushBack","closure","function","TRUE","FALSE","(data, connection, newLine = TRUE) ","base","NA","1.5.0","released",FALSE
"pushBackLength","closure","function","TRUE","FALSE","(connection) ","base","NA","1.5.0","released",FALSE
"pweibull","closure","function","TRUE","FALSE","(q, shape, scale = 1, lower.tail = TRUE, log.p = FALSE) ","base","NA","1.5.0","released",FALSE
"pwilcox","closure","function","TRUE","FALSE","(q, m, n, lower.tail = TRUE, log.p = FALSE) ","base","NA","1.5.0","released",FALSE
"q","closure","function","TRUE","FALSE","(save = ""default"", status = 0, runLast = TRUE) ","base","NA","1.5.0","released",FALSE
"qbeta","closure","function","TRUE","FALSE","(p, shape1, shape2, lower.tail = TRUE, log.p = FALSE) ","base","NA","1.5.0","released",FALSE
"qbinom","closure","function","TRUE","FALSE","(p, size, prob, lower.tail = TRUE, log.p = FALSE) ","base","NA","1.5.0","released",FALSE
"qbirthday","closure","function","TRUE","FALSE","(prob = 0.5, classes = 365, coincident = 2) ","base","NA","1.5.0","released",FALSE
"qcauchy","closure","function","TRUE","FALSE","(p, location = 0, scale = 1, lower.tail = TRUE, log.p = FALSE) ","base","NA","1.5.0","released",FALSE
"qchisq","closure","function","TRUE","FALSE","(p, df, ncp = 0, lower.tail = TRUE, log.p = FALSE) ","base","NA","1.5.0","released",FALSE
"qexp","closure","function","TRUE","FALSE","(p, rate = 1, lower.tail = TRUE, log.p = FALSE) ","base","NA","1.5.0","released",FALSE
"qf","closure","function","TRUE","FALSE","(p, df1, df2, lower.tail = TRUE, log.p = FALSE) ","base","NA","1.5.0","released",FALSE
"qgamma","closure","function","TRUE","FALSE","(p, shape, rate = 1, scale = 1/rate, lower.tail = TRUE,     log.p = FALSE) ","base","NA","1.5.0","released",FALSE
"qgeom","closure","function","TRUE","FALSE","(p, prob, lower.tail = TRUE, log.p = FALSE) ","base","NA","1.5.0","released",FALSE
"qhyper","closure","function","TRUE","FALSE","(p, m, n, k, lower.tail = TRUE, log.p = FALSE) ","base","NA","1.5.0","released",FALSE
"qlnorm","closure","function","TRUE","FALSE","(p, meanlog = 0, sdlog = 1, lower.tail = TRUE, log.p = FALSE) ","base","NA","1.5.0","released",FALSE
"qlogis","closure","function","TRUE","FALSE","(p, location = 0, scale = 1, lower.tail = TRUE, log.p = FALSE) ","base","NA","1.5.0","released",FALSE
"qnbinom","closure","function","TRUE","FALSE","(p, size, prob, mu, lower.tail = TRUE, log.p = FALSE) ","base","NA","1.5.0","released",FALSE
"qnorm","closure","function","TRUE","FALSE","(p, mean = 0, sd = 1, lower.tail = TRUE, log.p = FALSE) ","base","NA","1.5.0","released",FALSE
"qpois","closure","function","TRUE","FALSE","(p, lambda, lower.tail = TRUE, log.p = FALSE) ","base","NA","1.5.0","released",FALSE
"qqline","closure","function","TRUE","FALSE","(y, ...) ","base","NA","1.5.0","released",FALSE
"qqnorm","closure","function","TRUE","FALSE","(y, ...) ","base","NA","1.5.0","released",FALSE
"qqnorm.default","closure","function","TRUE","FALSE","(y, ylim, main = ""Normal Q-Q Plot"", xlab = ""Theoretical Quantiles"",     ylab = ""Sample Quantiles"", plot.it = TRUE, ...) ","base","NA","1.5.0","released",FALSE
"qqplot","closure","function","TRUE","FALSE","(x, y, plot.it = TRUE, xlab = deparse(substitute(x)),     ylab = deparse(substitute(y)), ...) ","base","NA","1.5.0","released",FALSE
"qr","closure","function","TRUE","FALSE","(x, tol = 1e-07) ","base","NA","1.5.0","released",FALSE
"qr.Q","closure","function","TRUE","FALSE","(qr, complete = FALSE, Dvec = rep(if (cmplx) 1 + 0+0i else 1,     if (complete) dqr[1] else min(dqr))) ","base","NA","1.5.0","released",FALSE
"qr.R","closure","function","TRUE","FALSE","(qr, complete = FALSE) ","base","NA","1.5.0","released",FALSE
"qr.X","closure","function","TRUE","FALSE","(qr, complete = FALSE, ncol = if (complete) nrow(R) else min(dim(R))) ","base","NA","1.5.0","released",FALSE
"qr.coef","closure","function","TRUE","FALSE","(qr, y) ","base","NA","1.5.0","released",FALSE
"qr.fitted","closure","function","TRUE","FALSE","(qr, y, k = qr$rank) ","base","NA","1.5.0","released",FALSE
"qr.qty","closure","function","TRUE","FALSE","(qr, y) ","base","NA","1.5.0","released",FALSE
"qr.qy","closure","function","TRUE","FALSE","(qr, y) ","base","NA","1.5.0","released",FALSE
"qr.resid","closure","function","TRUE","FALSE","(qr, y) ","base","NA","1.5.0","released",FALSE
"qr.solve","closure","function","TRUE","FALSE","(a, b, tol = 1e-07) ","base","NA","1.5.0","released",FALSE
"qsignrank","closure","function","TRUE","FALSE","(p, n, lower.tail = TRUE, log.p = FALSE) ","base","NA","1.5.0","released",FALSE
"qt","closure","function","TRUE","FALSE","(p, df, lower.tail = TRUE, log.p = FALSE) ","base","NA","1.5.0","released",FALSE
"qtukey","closure","function","TRUE","FALSE","(p, nmeans, df, nranges = 1, lower.tail = TRUE, log.p = FALSE) ","base","NA","1.5.0","released",FALSE
"quantile","closure","function","TRUE","FALSE","(x, ...) ","base","NA","1.5.0","released",FALSE
"quantile.default","closure","function","TRUE","FALSE","(x, probs = seq(0, 1, 0.25), na.rm = FALSE, names = TRUE,     ...) ","base","NA","1.5.0","released",FALSE
"quarters","closure","function","TRUE","FALSE","(x, abbreviate) ","base","NA","1.5.0","released",FALSE
"quarters.POSIXt","closure","function","TRUE","FALSE","(x, ...) ","base","NA","1.5.0","released",FALSE
"quasi","closure","function","TRUE","FALSE","(link = ""identity"", variance = ""constant"") ","base","NA","1.5.0","released",FALSE
"quasibinomial","closure","function","TRUE","FALSE","(link = ""logit"") ","base","NA","1.5.0","released",FALSE
"quasipoisson","closure","function","TRUE","FALSE","(link = ""log"") ","base","NA","1.5.0","released",FALSE
"quit","closure","function","TRUE","FALSE","(save = ""default"", status = 0, runLast = TRUE) ","base","NA","1.5.0","released",FALSE
"qunif","closure","function","TRUE","FALSE","(p, min = 0, max = 1, lower.tail = TRUE, log.p = FALSE) ","base","NA","1.5.0","released",FALSE
"quote","special","function","TRUE","NA","","base","NA","1.5.0","released",FALSE
"qweibull","closure","function","TRUE","FALSE","(p, shape, scale = 1, lower.tail = TRUE, log.p = FALSE) ","base","NA","1.5.0","released",FALSE
"qwilcox","closure","function","TRUE","FALSE","(p, m, n, lower.tail = TRUE, log.p = FALSE) ","base","NA","1.5.0","released",FALSE
"rainbow","closure","function","TRUE","FALSE","(n, s = 1, v = 1, start = 0, end = max(1, n - 1)/n,     gamma = 1) ","base","NA","1.5.0","released",FALSE
"range","closure","function","TRUE","FALSE","(..., na.rm = FALSE) ","base","NA","1.5.0","released",FALSE
"range.default","closure","function","TRUE","FALSE","(..., na.rm = FALSE, finite = FALSE) ","base","NA","1.5.0","released",FALSE
"rank","closure","function","TRUE","FALSE","(x, na.last = TRUE) ","base","NA","1.5.0","released",FALSE
"rbeta","closure","function","TRUE","FALSE","(n, shape1, shape2) ","base","NA","1.5.0","released",FALSE
"rbind","closure","function","TRUE","FALSE","(..., deparse.level = 1) ","base","NA","1.5.0","released",FALSE
"rbind.data.frame","closure","function","TRUE","FALSE","(..., deparse.level = 1) ","base","NA","1.5.0","released",FALSE
"rbinom","closure","function","TRUE","FALSE","(n, size, prob) ","base","NA","1.5.0","released",FALSE
"rcauchy","closure","function","TRUE","FALSE","(n, location = 0, scale = 1) ","base","NA","1.5.0","released",FALSE
"rchisq","closure","function","TRUE","FALSE","(n, df, ncp = 0) ","base","NA","1.5.0","released",FALSE
"read.00Index","closure","function","TRUE","FALSE","(file) ","base","NA","1.5.0","released",FALSE
"read.csv","closure","function","TRUE","FALSE","(file, header = TRUE, sep = "","", quote = ""\"""", dec = ""."",     fill = TRUE, ...) ","base","NA","1.5.0","released",FALSE
"read.csv2","closure","function","TRUE","FALSE","(file, header = TRUE, sep = "";"", quote = ""\"""", dec = "","",     fill = TRUE, ...) ","base","NA","1.5.0","released",FALSE
"read.dcf","closure","function","TRUE","FALSE","(file, fields = NULL) ","base","NA","1.5.0","released",FALSE
"read.delim","closure","function","TRUE","FALSE","(file, header = TRUE, sep = ""\t"", quote = ""\"""", dec = ""."",     fill = TRUE, ...) ","base","NA","1.5.0","released",FALSE
"read.delim2","closure","function","TRUE","FALSE","(file, header = TRUE, sep = ""\t"", quote = ""\"""", dec = "","",     fill = TRUE, ...) ","base","NA","1.5.0","released",FALSE
"read.ftable","closure","function","TRUE","FALSE","(file, sep = """", quote = ""\"""", row.var.names, col.vars,     skip = 0) ","base","NA","1.5.0","released",FALSE
"read.fwf","closure","function","TRUE","FALSE","(file, widths, sep = ""\t"", as.is = FALSE, skip = 0,     row.names, col.names, n = -1, ...) ","base","NA","1.5.0","released",FALSE
"read.socket","closure","function","TRUE","FALSE","(socket, maxlen = 256, loop = FALSE) ","base","NA","1.5.0","released",FALSE
"read.table","closure","function","TRUE","FALSE","(file, header = FALSE, sep = """", quote = ""\""'"", dec = ""."",     row.names, col.names, as.is = FALSE, na.strings = ""NA"", colClasses = NA,     nrows = -1, skip = 0, check.names = TRUE, fill = !blank.lines.skip,     strip.white = FALSE, blank.lines.skip = TRUE, comment.char = ""#"") ","base","NA","1.5.0","released",FALSE
"read.table.url","closure","function","TRUE","FALSE","(...) ","base","NA","1.5.0","released",FALSE
"readBin","closure","function","TRUE","FALSE","(con, what, n = 1, size = NA, signed = TRUE, endian = .Platform$endian) ","base","NA","1.5.0","released",FALSE
"readChar","closure","function","TRUE","FALSE","(con, nchars) ","base","NA","1.5.0","released",FALSE
"readLines","closure","function","TRUE","FALSE","(con = stdin(), n = -1, ok = TRUE) ","base","NA","1.5.0","released",FALSE
"readline","closure","function","TRUE","FALSE","(prompt = """") ","base","NA","1.5.0","released",FALSE
"real","closure","function","TRUE","FALSE","(length = 0) ","base","NA","1.5.0","released",FALSE
"recordPlot","closure","function","TRUE","FALSE","() ","base","NA","1.5.0","released",FALSE
"recover","closure","function","TRUE","FALSE","() ","base","NA","1.5.0","released",FALSE
"rect","closure","function","TRUE","FALSE","(xleft, ybottom, xright, ytop, density = NULL, angle = 45,     col = NULL, border = NULL, lty = NULL, lwd = par(""lwd""),     xpd = NULL) ","base","NA","1.5.0","released",FALSE
"reformulate","closure","function","TRUE","FALSE","(termlabels, response = NULL) ","base","NA","1.5.0","released",FALSE
"reg.finalizer","builtin","function","TRUE","NA","","base","NA","1.5.0","released",FALSE
"regexpr","closure","function","TRUE","FALSE","(pattern, text, extended = TRUE) ","base","NA","1.5.0","released",FALSE
"relevel","closure","function","TRUE","FALSE","(x, ref, ...) ","base","NA","1.5.0","released",FALSE
"relevel.default","closure","function","TRUE","FALSE","(x, ref, ...) ","base","NA","1.5.0","released",FALSE
"relevel.factor","closure","function","TRUE","FALSE","(x, ref, ...) ","base","NA","1.5.0","released",FALSE
"relevel.ordered","closure","function","TRUE","FALSE","(x, ref, ...) ","base","NA","1.5.0","released",FALSE
"remove","closure","function","TRUE","FALSE","(..., list = character(0), pos = -1, envir = as.environment(pos),     inherits = FALSE) ","base","NA","1.5.0","released",FALSE
"remove.packages","closure","function","TRUE","FALSE","(pkgs, lib) ","base","NA","1.5.0","released",FALSE
"removeCConverter","closure","function","TRUE","FALSE","(id) ","base","NA","1.5.0","released",FALSE
"removeTaskCallback","closure","function","TRUE","FALSE","(id) ","base","NA","1.5.0","released",FALSE
"rep","closure","function","TRUE","FALSE","(x, times, length.out, each) ","base","NA","1.5.0","released",FALSE
"rep.int","closure","function","TRUE","FALSE","(x, times) ","base","NA","1.5.0","released",FALSE
"repeat","special","function","TRUE","NA","","base","NA","1.5.0","released",FALSE
"replace","closure","function","TRUE","FALSE","(x, list, values) ","base","NA","1.5.0","released",FALSE
"replayPlot","closure","function","TRUE","FALSE","(x) ","base","NA","1.5.0","released",FALSE
"replications","closure","function","TRUE","FALSE","(formula, data = NULL, na.action) ","base","NA","1.5.0","released",FALSE
"require","closure","function","TRUE","FALSE","(package, quietly = FALSE, warn.conflicts = TRUE, keep.source = getOption(""keep.source.pkgs"")) ","base","NA","1.5.0","released",FALSE
"reshape","closure","function","TRUE","FALSE","(data, varying = NULL, v.names = NULL, timevar = ""time"",     idvar = ""id"", ids = 1:NROW(data), times = seq(length = length(varying[[1]])),     drop = NULL, direction, new.row.names = NULL, split = list(regexp = ""\\."",         include = FALSE)) ","base","NA","1.5.0","released",FALSE
"reshapeLong","closure","function","TRUE","FALSE","(...) ","base","NA","1.5.0","released",FALSE
"reshapeWide","closure","function","TRUE","FALSE","(...) ","base","NA","1.5.0","released",FALSE
"resid","closure","function","TRUE","FALSE","(object, ...) ","base","NA","1.5.0","released",FALSE
"residuals","closure","function","TRUE","FALSE","(object, ...) ","base","NA","1.5.0","released",FALSE
"residuals.default","closure","function","TRUE","FALSE","(object, ...) ","base","NA","1.5.0","released",FALSE
"residuals.glm","closure","function","TRUE","FALSE","(object, type = c(""deviance"", ""pearson"", ""working"",     ""response"", ""partial""), ...) ","base","NA","1.5.0","released",FALSE
"residuals.lm","closure","function","TRUE","FALSE","(object, type = c(""working"", ""response"", ""deviance"",     ""pearson"", ""partial""), ...) ","base","NA","1.5.0","released",FALSE
"restart","closure","function","TRUE","FALSE","(on = TRUE) ","base","NA","1.5.0","released",FALSE
"return","special","function","TRUE","NA","","base","NA","1.5.0","released",FALSE
"rev","closure","function","TRUE","FALSE","(x) ","base","NA","1.5.0","released",FALSE
"rexp","closure","function","TRUE","FALSE","(n, rate = 1) ","base","NA","1.5.0","released",FALSE
"rf","closure","function","TRUE","FALSE","(n, df1, df2) ","base","NA","1.5.0","released",FALSE
"rgamma","closure","function","TRUE","FALSE","(n, shape, rate = 1, scale = 1/rate) ","base","NA","1.5.0","released",FALSE
"rgb","closure","function","TRUE","FALSE","(red, green, blue, names = NULL) ","base","NA","1.5.0","released",FALSE
"rgeom","closure","function","TRUE","FALSE","(n, prob) ","base","NA","1.5.0","released",FALSE
"rhyper","closure","function","TRUE","FALSE","(nn, m, n, k) ","base","NA","1.5.0","released",FALSE
"rle","closure","function","TRUE","FALSE","(x) ","base","NA","1.5.0","released",FALSE
"rlnorm","closure","function","TRUE","FALSE","(n, meanlog = 0, sdlog = 1) ","base","NA","1.5.0","released",FALSE
"rlogis","closure","function","TRUE","FALSE","(n, location = 0, scale = 1) ","base","NA","1.5.0","released",FALSE
"rm","closure","function","TRUE","FALSE","(..., list = character(0), pos = -1, envir = as.environment(pos),     inherits = FALSE) ","base","NA","1.5.0","released",FALSE
"rnbinom","closure","function","TRUE","FALSE","(n, size, prob, mu) ","base","NA","1.5.0","released",FALSE
"rnorm","closure","function","TRUE","FALSE","(n, mean = 0, sd = 1) ","base","NA","1.5.0","released",FALSE
"round","closure","function","TRUE","FALSE","(x, digits = 0) ","base","NA","1.5.0","released",FALSE
"round.POSIXt","closure","function","TRUE","FALSE","(x, units = c(""secs"", ""mins"", ""hours"", ""days"")) ","base","NA","1.5.0","released",FALSE
"round.difftime","closure","function","TRUE","FALSE","(x, digits = 0) ","base","NA","1.5.0","released",FALSE
"row","closure","function","TRUE","FALSE","(x, as.factor = FALSE) ","base","NA","1.5.0","released",FALSE
"row.names","closure","function","TRUE","FALSE","(x) ","base","NA","1.5.0","released",FALSE
"row.names.data.frame","closure","function","TRUE","FALSE","(x) ","base","NA","1.5.0","released",FALSE
"row.names.default","closure","function","TRUE","FALSE","(x) ","base","NA","1.5.0","released",FALSE
"row.names<-","closure","function","TRUE","FALSE","(x, value) ","base","NA","1.5.0","released",FALSE
"row.names<-.data.frame","closure","function","TRUE","FALSE","(x, value) ","base","NA","1.5.0","released",FALSE
"row.names<-.default","closure","function","TRUE","FALSE","(x, value) ","base","NA","1.5.0","released",FALSE
"rowMeans","closure","function","TRUE","FALSE","(x, na.rm = FALSE, dims = 1) ","base","NA","1.5.0","released",FALSE
"rowSums","closure","function","TRUE","FALSE","(x, na.rm = FALSE, dims = 1) ","base","NA","1.5.0","released",FALSE
"rownames","closure","function","TRUE","FALSE","(x, do.NULL = TRUE, prefix = ""row"") ","base","NA","1.5.0","released",FALSE
"rownames<-","closure","function","TRUE","FALSE","(x, value) ","base","NA","1.5.0","released",FALSE
"rowsum","closure","function","TRUE","FALSE","(x, group, reorder = TRUE) ","base","NA","1.5.0","released",FALSE
"rpois","closure","function","TRUE","FALSE","(n, lambda) ","base","NA","1.5.0","released",FALSE
"rsignrank","closure","function","TRUE","FALSE","(nn, n) ","base","NA","1.5.0","released",FALSE
"rstandard","closure","function","TRUE","FALSE","(lm.obj, infl = lm.influence(lm.obj), res = weighted.residuals(lm.obj),     sd = sqrt(deviance(lm.obj)/df.residual(lm.obj))) ","base","NA","1.5.0","released",FALSE
"rstudent","closure","function","TRUE","FALSE","(lm.obj, infl = lm.influence(lm.obj), res = weighted.residuals(lm.obj)) ","base","NA","1.5.0","released",FALSE
"rt","closure","function","TRUE","FALSE","(n, df) ","base","NA","1.5.0","released",FALSE
"rug","closure","function","TRUE","FALSE","(x, ticksize = 0.03, side = 1, lwd = 0.5, col, quiet = getOption(""warn"") <     0, ...) ","base","NA","1.5.0","released",FALSE
"runif","closure","function","TRUE","FALSE","(n, min = 0, max = 1) ","base","NA","1.5.0","released",FALSE
"rweibull","closure","function","TRUE","FALSE","(n, shape, scale = 1) ","base","NA","1.5.0","released",FALSE
"rwilcox","closure","function","TRUE","FALSE","(nn, m, n) ","base","NA","1.5.0","released",FALSE
"sample","closure","function","TRUE","FALSE","(x, size, replace = FALSE, prob = NULL) ","base","NA","1.5.0","released",FALSE
"sapply","closure","function","TRUE","FALSE","(X, FUN, ..., simplify = TRUE, USE.NAMES = TRUE) ","base","NA","1.5.0","released",FALSE
"save","closure","function","TRUE","FALSE","(..., list = character(0), file = """", ascii = FALSE,     version = NULL, envir = parent.frame(), compress = FALSE) ","base","NA","1.5.0","released",FALSE
"save.image","closure","function","TRUE","FALSE","(file = "".RData"", version = NULL, ascii = FALSE, compress = FALSE,     safe = TRUE) ","base","NA","1.5.0","released",FALSE
"savehistory","closure","function","TRUE","FALSE","(file = "".Rhistory"") ","base","NA","1.5.0","released",FALSE
"scale","closure","function","TRUE","FALSE","(x, center = TRUE, scale = TRUE) ","base","NA","1.5.0","released",FALSE
"scale.default","closure","function","TRUE","FALSE","(x, center = TRUE, scale = TRUE) ","base","NA","1.5.0","released",FALSE
"scan","closure","function","TRUE","FALSE","(file = """", what = double(0), nmax = -1, n = -1, sep = """",     quote = if (sep == ""\n"") """" else ""'\"""", dec = ""."", skip = 0,     nlines = 0, na.strings = ""NA"", flush = FALSE, fill = FALSE,     strip.white = FALSE, quiet = FALSE, blank.lines.skip = TRUE,     multi.line = TRUE, comment.char = """") ","base","NA","1.5.0","released",FALSE
"scan.url","closure","function","TRUE","FALSE","(...) ","base","NA","1.5.0","released",FALSE
"screen","closure","function","TRUE","FALSE","(n = .split.cur.screen, new = TRUE) ","base","NA","1.5.0","released",FALSE
"sd","closure","function","TRUE","FALSE","(x, na.rm = FALSE) ","base","NA","1.5.0","released",FALSE
"se.aov","closure","function","TRUE","FALSE","(object, n, type = ""means"") ","base","NA","1.5.0","released",FALSE
"se.aovlist","closure","function","TRUE","FALSE","(object, dn.proj, dn.strata, factors, mf, efficiency,     n, type = ""diff.means"", ...) ","base","NA","1.5.0","released",FALSE
"se.contrast","closure","function","TRUE","FALSE","(object, ...) ","base","NA","1.5.0","released",FALSE
"se.contrast.aov","closure","function","TRUE","FALSE","(object, contrast.obj, coef = contr.helmert(ncol(contrast))[,     1], data = NULL, ...) ","base","NA","1.5.0","released",FALSE
"se.contrast.aovlist","closure","function","TRUE","FALSE","(object, contrast.obj, coef = contr.helmert(ncol(contrast))[,     1], data = NULL, ...) ","base","NA","1.5.0","released",FALSE
"search","closure","function","TRUE","FALSE","() ","base","NA","1.5.0","released",FALSE
"searchpaths","closure","function","TRUE","FALSE","() ","base","NA","1.5.0","released",FALSE
"seek","closure","function","TRUE","FALSE","(con, ...) ","base","NA","1.5.0","released",FALSE
"seek.connection","closure","function","TRUE","FALSE","(con, where = NA, origin = ""start"", rw = """", ...) ","base","NA","1.5.0","released",FALSE
"segments","closure","function","TRUE","FALSE","(x0, y0, x1, y1, col = par(""fg""), lty = par(""lty""),     lwd = par(""lwd""), ...) ","base","NA","1.5.0","released",FALSE
"seq","closure","function","TRUE","FALSE","(...) ","base","NA","1.5.0","released",FALSE
"seq.POSIXt","closure","function","TRUE","FALSE","(from, to, by, length.out = NULL, along.with = NULL,     ...) ","base","NA","1.5.0","released",FALSE
"seq.default","closure","function","TRUE","FALSE","(from = 1, to = 1, by = ((to - from)/(length.out - 1)),     length.out = NULL, along.with = NULL, ...) ","base","NA","1.5.0","released",FALSE
"sequence","closure","function","TRUE","FALSE","(nvec) ","base","NA","1.5.0","released",FALSE
"set.seed","closure","function","TRUE","FALSE","(seed, kind = NULL) ","base","NA","1.5.0","released",FALSE
"setCConverterStatus","closure","function","TRUE","FALSE","(id, status) ","base","NA","1.5.0","released",FALSE
"setdiff","closure","function","TRUE","FALSE","(x, y) ","base","NA","1.5.0","released",FALSE
"setequal","closure","function","TRUE","FALSE","(x, y) ","base","NA","1.5.0","released",FALSE
"setwd","closure","function","TRUE","FALSE","(dir) ","base","NA","1.5.0","released",FALSE
"showConnections","closure","function","TRUE","FALSE","(all = FALSE) ","base","NA","1.5.0","released",FALSE
"sign","builtin","function","TRUE","NA","","base","NA","1.5.0","released",FALSE
"signif","closure","function","TRUE","FALSE","(x, digits = 6) ","base","NA","1.5.0","released",FALSE
"sin","builtin","function","TRUE","NA","","base","NA","1.5.0","released",FALSE
"single","closure","function","TRUE","FALSE","(length = 0) ","base","NA","1.5.0","released",FALSE
"sinh","builtin","function","TRUE","NA","","base","NA","1.5.0","released",FALSE
"sink","closure","function","TRUE","FALSE","(file = NULL, append = FALSE, type = c(""output"", ""message"")) ","base","NA","1.5.0","released",FALSE
"sink.number","closure","function","TRUE","FALSE","(type = c(""output"", ""message"")) ","base","NA","1.5.0","released",FALSE
"socketConnection","closure","function","TRUE","FALSE","(host = ""localhost"", port, server = FALSE, blocking = FALSE,     open = ""a+"", encoding = getOption(""encoding"")) ","base","NA","1.5.0","released",FALSE
"solve","closure","function","TRUE","FALSE","(a, b, ...) ","base","NA","1.5.0","released",FALSE
"solve.default","closure","function","TRUE","FALSE","(a, b, tol = 1e-07, ...) ","base","NA","1.5.0","released",FALSE
"solve.qr","closure","function","TRUE","FALSE","(a, b, tol = 1e-07, ...) ","base","NA","1.5.0","released",FALSE
"sort","closure","function","TRUE","FALSE","(x, partial = NULL, na.last = NA, decreasing = FALSE,     method = c(""shell"", ""quick""), index.return = FALSE) ","base","NA","1.5.0","released",FALSE
"sort.list","closure","function","TRUE","FALSE","(x, partial = NULL, na.last = TRUE, decreasing = FALSE) ","base","NA","1.5.0","released",FALSE
"source","closure","function","TRUE","FALSE","(file, local = FALSE, echo = verbose, print.eval = echo,     verbose = getOption(""verbose""), prompt.echo = getOption(""prompt""),     max.deparse.length = 150, chdir = FALSE) ","base","NA","1.5.0","released",FALSE
"source.url","closure","function","TRUE","FALSE","(...) ","base","NA","1.5.0","released",FALSE
"spline","closure","function","TRUE","FALSE","(x, y = NULL, n = 3 * length(x), method = ""fmm"", xmin = min(x),     xmax = max(x)) ","base","NA","1.5.0","released",FALSE
"splinefun","closure","function","TRUE","FALSE","(x, y = NULL, method = ""fmm"") ","base","NA","1.5.0","released",FALSE
"split","closure","function","TRUE","FALSE","(x, f) ","base","NA","1.5.0","released",FALSE
"split.data.frame","closure","function","TRUE","FALSE","(x, f) ","base","NA","1.5.0","released",FALSE
"split.data.frame<-","closure","function","TRUE","FALSE","(x, f, value) ","base","NA","1.5.0","released",FALSE
"split.default","closure","function","TRUE","FALSE","(x, f) ","base","NA","1.5.0","released",FALSE
"split.screen","closure","function","TRUE","FALSE","(figs, screen = if (exists("".split.screens"", envir = .GlobalEnv)) .split.cur.screen else 0,     erase = TRUE) ","base","NA","1.5.0","released",FALSE
"split<-","closure","function","TRUE","FALSE","(x, f, value) ","base","NA","1.5.0","released",FALSE
"split<-.data.frame","closure","function","TRUE","FALSE","(x, f, value) ","base","NA","1.5.0","released",FALSE
"split<-.default","closure","function","TRUE","FALSE","(x, f, value) ","base","NA","1.5.0","released",FALSE
"sprintf","closure","function","TRUE","FALSE","(fmt, ...) ","base","NA","1.5.0","released",FALSE
"sqrt","builtin","function","TRUE","NA","","base","NA","1.5.0","released",FALSE
"stack","closure","function","TRUE","FALSE","(x, ...) ","base","NA","1.5.0","released",FALSE
"stack.data.frame","closure","function","TRUE","FALSE","(x, select, ...) ","base","NA","1.5.0","released",FALSE
"stack.default","closure","function","TRUE","FALSE","(x, ...) ","base","NA","1.5.0","released",FALSE
"standardGeneric","builtin","function","TRUE","NA","","base","NA","1.5.0","released",FALSE
"stars","closure","function","TRUE","FALSE","(x, full = TRUE, scale = TRUE, radius = TRUE, labels = dimnames(x)[[1]],     locations = NULL, nrow = NULL, ncol = NULL, len = 1, key.loc = NULL,     key.labels = dimnames(x)[[2]], key.xpd = TRUE, xlim = NULL,     ylim = NULL, flip.labels = NULL, draw.segments = FALSE, col.segments = 1:n.seg,     col.stars = NA, axes = FALSE, frame.plot = axes, main = NULL,     sub = NULL, xlab = """", ylab = """", cex = 0.8, lwd = 0.25,     lty = par(""lty""), xpd = FALSE, mar = pmin(par(""mar""), 1.1 +         c(2 * axes + (xlab != """"), 2 * axes + (ylab != """"), 1,             0)), ...) ","base","NA","1.5.0","released",FALSE
"start","closure","function","TRUE","FALSE","(x, ...) ","base","NA","1.5.0","released",FALSE
"start.default","closure","function","TRUE","FALSE","(x, ...) ","base","NA","1.5.0","released",FALSE
"stat.anova","closure","function","TRUE","FALSE","(table, test = c(""Chisq"", ""F"", ""Cp""), scale, df.scale,     n) ","base","NA","1.5.0","released",FALSE
"stderr","closure","function","TRUE","FALSE","() ","base","NA","1.5.0","released",FALSE
"stdin","closure","function","TRUE","FALSE","() ","base","NA","1.5.0","released",FALSE
"stdout","closure","function","TRUE","FALSE","() ","base","NA","1.5.0","released",FALSE
"stem","closure","function","TRUE","FALSE","(x, scale = 1, width = 80, atom = 1e-08) ","base","NA","1.5.0","released",FALSE
"step","closure","function","TRUE","FALSE","(object, scope, scale = 0, direction = c(""both"", ""backward"",     ""forward""), trace = 1, keep = NULL, steps = 1000, k = 2,     ...) ","base","NA","1.5.0","released",FALSE
"stop","closure","function","TRUE","FALSE","(message = NULL, call. = TRUE) ","base","NA","1.5.0","released",FALSE
"stopifnot","closure","function","TRUE","FALSE","(...) ","base","NA","1.5.0","released",FALSE
"storage.mode","closure","function","TRUE","FALSE","(x) ","base","NA","1.5.0","released",FALSE
"storage.mode<-","closure","function","TRUE","FALSE","(x, value) ","base","NA","1.5.0","released",FALSE
"str","closure","function","TRUE","FALSE","(object, ...) ","base","NA","1.5.0","released",FALSE
"str.POSIXt","closure","function","TRUE","FALSE","(object, ...) ","base","NA","1.5.0","released",FALSE
"str.data.frame","closure","function","TRUE","FALSE","(object, ...) ","base","NA","1.5.0","released",FALSE
"str.default","closure","function","TRUE","FALSE","(object, max.level = 0, vec.len = 4, digits.d = 3, nchar.max = 128,     give.attr = TRUE, give.length = TRUE, wid = getOption(""width""),     nest.lev = 0, indent.str = paste(rep("" "", max(0, nest.lev +         1)), collapse = ""..""), ...) ","base","NA","1.5.0","released",FALSE
"str.logLik","closure","function","TRUE","FALSE","(object, digits = max(2, getOption(""digits"") - 3), ...) ","base","NA","1.5.0","released",FALSE
"strftime","closure","function","TRUE","FALSE","(x, format = """", usetz = FALSE, ...) ","base","NA","1.5.0","released",FALSE
"strheight","closure","function","TRUE","FALSE","(s, units = ""user"", cex = NULL) ","base","NA","1.5.0","released",FALSE
"stripchart","closure","function","TRUE","FALSE","(x, method = ""overplot"", jitter = 0.1, offset = 1/3,     vertical = FALSE, group.names, xlim = NULL, ylim = NULL,     main = """", ylab = """", xlab = """", pch = 0, col = par(""fg""),     cex = par(""cex"")) ","base","NA","1.5.0","released",FALSE
"strptime","closure","function","TRUE","FALSE","(x, format) ","base","NA","1.5.0","released",FALSE
"strsplit","closure","function","TRUE","FALSE","(x, split, extended = TRUE) ","base","NA","1.5.0","released",FALSE
"structure","closure","function","TRUE","FALSE","(.Data, ...) ","base","NA","1.5.0","released",FALSE
"strwidth","closure","function","TRUE","FALSE","(s, units = ""user"", cex = NULL) ","base","NA","1.5.0","released",FALSE
"strwrap","closure","function","TRUE","FALSE","(x, width = 0.9 * getOption(""width""), indent = 0, exdent = 0,     prefix = """", simplify = TRUE) ","base","NA","1.5.0","released",FALSE
"sub","closure","function","TRUE","FALSE","(pattern, replacement, x, ignore.case = FALSE, extended = TRUE) ","base","NA","1.5.0","released",FALSE
"subset","closure","function","TRUE","FALSE","(x, ...) ","base","NA","1.5.0","released",FALSE
"subset.data.frame","closure","function","TRUE","FALSE","(x, subset, select, ...) ","base","NA","1.5.0","released",FALSE
"subset.default","closure","function","TRUE","FALSE","(x, subset, ...) ","base","NA","1.5.0","released",FALSE
"substitute","special","function","TRUE","NA","","base","NA","1.5.0","released",FALSE
"substr","closure","function","TRUE","FALSE","(x, start, stop) ","base","NA","1.5.0","released",FALSE
"substr<-","closure","function","TRUE","FALSE","(x, start, stop, value) ","base","NA","1.5.0","released",FALSE
"substring","closure","function","TRUE","FALSE","(text, first, last = 1e+06) ","base","NA","1.5.0","released",FALSE
"substring<-","closure","function","TRUE","FALSE","(text, first, last = 1e+06, value) ","base","NA","1.5.0","released",FALSE
"sum","closure","function","TRUE","FALSE","(..., na.rm = FALSE) ","base","NA","1.5.0","released",FALSE
"summary","closure","function","TRUE","FALSE","(object, ...) ","base","NA","1.5.0","released",FALSE
"summary.POSIXct","closure","function","TRUE","FALSE","(object, digits = 15, ...) ","base","NA","1.5.0","released",FALSE
"summary.POSIXlt","closure","function","TRUE","FALSE","(object, digits = 15, ...) ","base","NA","1.5.0","released",FALSE
"summary.aov","closure","function","TRUE","FALSE","(object, intercept = FALSE, split, expand.split = TRUE,     keep.zero.df = TRUE, ...) ","base","NA","1.5.0","released",FALSE
"summary.aovlist","closure","function","TRUE","FALSE","(object, ...) ","base","NA","1.5.0","released",FALSE
"summary.connection","closure","function","TRUE","FALSE","(object, ...) ","base","NA","1.5.0","released",FALSE
"summary.data.frame","closure","function","TRUE","FALSE","(object, maxsum = 7, digits = max(3, getOption(""digits"") -     3), ...) ","base","NA","1.5.0","released",FALSE
"summary.default","closure","function","TRUE","FALSE","(object, ..., digits = max(3, getOption(""digits"") -     3)) ","base","NA","1.5.0","released",FALSE
"summary.factor","closure","function","TRUE","FALSE","(object, maxsum = 100, ...) ","base","NA","1.5.0","released",FALSE
"summary.glm","closure","function","TRUE","FALSE","(object, dispersion = NULL, correlation = FALSE, ...) ","base","NA","1.5.0","released",FALSE
"summary.glm.null","closure","function","TRUE","FALSE","(object, dispersion = NULL, correlation = TRUE, na.action = na.omit,     ...) ","base","NA","1.5.0","released",FALSE
"summary.infl","closure","function","TRUE","FALSE","(object, digits = max(2, getOption(""digits"") - 5), ...) ","base","NA","1.5.0","released",FALSE
"summary.lm","closure","function","TRUE","FALSE","(object, correlation = FALSE, ...) ","base","NA","1.5.0","released",FALSE
"summary.lm.null","closure","function","TRUE","FALSE","(object, correlation = FALSE, ...) ","base","NA","1.5.0","released",FALSE
"summary.manova","closure","function","TRUE","FALSE","(object, test = c(""Pillai"", ""Wilks"", ""Hotelling-Lawley"",     ""Roy""), intercept = FALSE, ...) ","base","NA","1.5.0","released",FALSE
"summary.matrix","closure","function","TRUE","FALSE","(object, ...) ","base","NA","1.5.0","released",FALSE
"summary.mlm","closure","function","TRUE","FALSE","(object, ...) ","base","NA","1.5.0","released",FALSE
"summary.packageStatus","closure","function","TRUE","FALSE","(object, ...) ","base","NA","1.5.0","released",FALSE
"summary.table","closure","function","TRUE","FALSE","(object, ...) ","base","NA","1.5.0","released",FALSE
"sunflowerplot","closure","function","TRUE","FALSE","(x, y = NULL, number, log = """", digits = 6, xlab = NULL,     ylab = NULL, xlim = NULL, ylim = NULL, add = FALSE, rotate = FALSE,     pch = 16, cex = 0.8, cex.fact = 1.5, size = 1/8, seg.col = 2,     seg.lwd = 1.5, ...) ","base","NA","1.5.0","released",FALSE
"svd","closure","function","TRUE","FALSE","(x, nu = min(n, p), nv = min(n, p)) ","base","NA","1.5.0","released",FALSE
"sweep","closure","function","TRUE","FALSE","(x, MARGIN, STATS, FUN = ""-"", ...) ","base","NA","1.5.0","released",FALSE
"switch","closure","function","TRUE","FALSE","(EXPR, ...) ","base","NA","1.5.0","released",FALSE
"symbol.C","builtin","function","TRUE","NA","","base","NA","1.5.0","released",FALSE
"symbol.For","builtin","function","TRUE","NA","","base","NA","1.5.0","released",FALSE
"symbols","closure","function","TRUE","FALSE","(x, y, circles, squares, rectangles, stars, thermometers,     boxplots, inches = TRUE, add = FALSE, fg = 1, bg = NA, xlab = NULL,     ylab = NULL, main = NULL, xlim = NULL, ylim = NULL, ...) ","base","NA","1.5.0","released",FALSE
"symnum","closure","function","TRUE","FALSE","(x, cutpoints = c(0.3, 0.6, 0.8, 0.9, 0.95), symbols = c("" "",     ""."", "","", ""+"", ""*"", ""B""), legend = length(symbols) >= 3,     na = ""?"", eps = 1e-05, corr = missing(cutpoints), show.max = if (corr) ""1"",     show.min = NULL, lower.triangular = corr & is.matrix(x),     diag.lower.tri = corr & !is.null(show.max)) ","base","NA","1.5.0","released",FALSE
"sys.call","closure","function","TRUE","FALSE","(which = 0) ","base","NA","1.5.0","released",FALSE
"sys.calls","closure","function","TRUE","FALSE","() ","base","NA","1.5.0","released",FALSE
"sys.frame","closure","function","TRUE","FALSE","(which = 0) ","base","NA","1.5.0","released",FALSE
"sys.frames","closure","function","TRUE","FALSE","() ","base","NA","1.5.0","released",FALSE
"sys.function","closure","function","TRUE","FALSE","(n = 0) ","base","NA","1.5.0","released",FALSE
"sys.load.image","closure","function","TRUE","FALSE","(name, quiet) ","base","NA","1.5.0","released",FALSE
"sys.nframe","closure","function","TRUE","FALSE","() ","base","NA","1.5.0","released",FALSE
"sys.on.exit","closure","function","TRUE","FALSE","() ","base","NA","1.5.0","released",FALSE
"sys.parent","closure","function","TRUE","FALSE","(n = 1) ","base","NA","1.5.0","released",FALSE
"sys.parents","closure","function","TRUE","FALSE","() ","base","NA","1.5.0","released",FALSE
"sys.save.image","closure","function","TRUE","FALSE","(name) ","base","NA","1.5.0","released",FALSE
"sys.source","closure","function","TRUE","FALSE","(file, envir = NULL, chdir = FALSE, keep.source = getOption(""keep.source.pkgs"")) ","base","NA","1.5.0","released",FALSE
"sys.status","closure","function","TRUE","FALSE","() ","base","NA","1.5.0","released",FALSE
"system","closure","function","TRUE","FALSE","(command, intern = FALSE, ignore.stderr = FALSE) ","base","NA","1.5.0","released",FALSE
"system.file","closure","function","TRUE","FALSE","(..., package = ""base"", lib.loc = NULL, pkg, lib) ","base","NA","1.5.0","released",FALSE
"system.time","closure","function","TRUE","FALSE","(expr) ","base","NA","1.5.0","released",FALSE
"t","closure","function","TRUE","FALSE","(x) ","base","NA","1.5.0","released",FALSE
"t.data.frame","closure","function","TRUE","FALSE","(x) ","base","NA","1.5.0","released",FALSE
"t.default","closure","function","TRUE","FALSE","(x) ","base","NA","1.5.0","released",FALSE
"table","closure","function","TRUE","FALSE","(..., exclude = c(NA, NaN), dnn = list.names(...), deparse.level = 1) ","base","NA","1.5.0","released",FALSE
"tabulate","closure","function","TRUE","FALSE","(bin, nbins = max(1, bin)) ","base","NA","1.5.0","released",FALSE
"tan","builtin","function","TRUE","NA","","base","NA","1.5.0","released",FALSE
"tanh","builtin","function","TRUE","NA","","base","NA","1.5.0","released",FALSE
"tapply","closure","function","TRUE","FALSE","(X, INDEX, FUN = NULL, ..., simplify = TRUE) ","base","NA","1.5.0","released",FALSE
"taskCallbackManager","closure","function","TRUE","FALSE","(handlers = list(), registered = FALSE, verbose = FALSE) ","base","NA","1.5.0","released",FALSE
"tempfile","closure","function","TRUE","FALSE","(pattern = ""file"") ","base","NA","1.5.0","released",FALSE
"termplot","closure","function","TRUE","FALSE","(model, data = model.frame(model), partial.resid = FALSE,     rug = FALSE, terms = NULL, se = FALSE, xlabs = NULL, ylabs = NULL,     main = NULL, col.term = 2, lwd.term = 1.5, col.se = ""orange"",     lty.se = 2, lwd.se = 1, col.res = ""gray"", cex = 1, pch = par(""pch""),     ask = interactive() && nb.fig < n.tms && .Device != ""postscript"",     ...) ","base","NA","1.5.0","released",FALSE
"terms","closure","function","TRUE","FALSE","(x, ...) ","base","NA","1.5.0","released",FALSE
"terms.aovlist","closure","function","TRUE","FALSE","(x, ...) ","base","NA","1.5.0","released",FALSE
"terms.default","closure","function","TRUE","FALSE","(x, ...) ","base","NA","1.5.0","released",FALSE
"terms.formula","closure","function","TRUE","FALSE","(x, specials = NULL, abb = NULL, data = NULL, neg.out = TRUE,     keep.order = FALSE, ...) ","base","NA","1.5.0","released",FALSE
"terms.terms","closure","function","TRUE","FALSE","(x, ...) ","base","NA","1.5.0","released",FALSE
"terrain.colors","closure","function","TRUE","FALSE","(n) ","base","NA","1.5.0","released",FALSE
"tetragamma","closure","function","TRUE","FALSE","(x) ","base","NA","1.5.0","released",FALSE
"text","closure","function","TRUE","FALSE","(x, ...) ","base","NA","1.5.0","released",FALSE
"text.default","closure","function","TRUE","FALSE","(x, y = NULL, labels = seq(along = x), adj = NULL, pos = NULL,     offset = 0.5, vfont = NULL, cex = 1, col = NULL, font = NULL,     xpd = NULL, ...) ","base","NA","1.5.0","released",FALSE
"textConnection","closure","function","TRUE","FALSE","(object, open = ""r"") ","base","NA","1.5.0","released",FALSE
"time","closure","function","TRUE","FALSE","(x, ...) ","base","NA","1.5.0","released",FALSE
"time.default","closure","function","TRUE","FALSE","(x, offset = 0, ...) ","base","NA","1.5.0","released",FALSE
"time.ts","closure","function","TRUE","FALSE","(x, ...) ","base","NA","1.5.0","released",FALSE
"title","closure","function","TRUE","FALSE","(main = NULL, sub = NULL, xlab = NULL, ylab = NULL,     line = NA, outer = FALSE, ...) ","base","NA","1.5.0","released",FALSE
"toString","closure","function","TRUE","FALSE","(x, ...) ","base","NA","1.5.0","released",FALSE
"toString.default","closure","function","TRUE","FALSE","(x, width, ...) ","base","NA","1.5.0","released",FALSE
"tolower","closure","function","TRUE","FALSE","(x) ","base","NA","1.5.0","released",FALSE
"topicName","closure","function","TRUE","FALSE","(type, topic) ","base","NA","1.5.0","released",FALSE
"topo.colors","closure","function","TRUE","FALSE","(n) ","base","NA","1.5.0","released",FALSE
"toupper","closure","function","TRUE","FALSE","(x) ","base","NA","1.5.0","released",FALSE
"trace","closure","function","TRUE","FALSE","(what, tracer = NULL, exit = NULL, at = numeric(), print = TRUE,     signature = NULL) ","base","NA","1.5.0","released",FALSE
"traceback","closure","function","TRUE","FALSE","() ","base","NA","1.5.0","released",FALSE
"transform","closure","function","TRUE","FALSE","(x, ...) ","base","NA","1.5.0","released",FALSE
"transform.data.frame","closure","function","TRUE","FALSE","(x, ...) ","base","NA","1.5.0","released",FALSE
"transform.default","closure","function","TRUE","FALSE","(x, ...) ","base","NA","1.5.0","released",FALSE
"trigamma","closure","function","TRUE","FALSE","(x) ","base","NA","1.5.0","released",FALSE
"trunc","builtin","function","TRUE","NA","","base","NA","1.5.0","released",FALSE
"trunc.POSIXt","closure","function","TRUE","FALSE","(x, units = c(""secs"", ""mins"", ""hours"", ""days"")) ","base","NA","1.5.0","released",FALSE
"truncate","closure","function","TRUE","FALSE","(con, ...) ","base","NA","1.5.0","released",FALSE
"truncate.connection","closure","function","TRUE","FALSE","(con, ...) ","base","NA","1.5.0","released",FALSE
"try","closure","function","TRUE","FALSE","(expr, first = TRUE) ","base","NA","1.5.0","released",FALSE
"ts","closure","function","TRUE","FALSE","(data = NA, start = 1, end = numeric(0), frequency = 1,     deltat = 1, ts.eps = getOption(""ts.eps""), class = if (nseries >         1) c(""mts"", ""ts"") else ""ts"", names = if (!is.null(dimnames(data))) colnames(data) else paste(""Series"",         seq(nseries))) ","base","NA","1.5.0","released",FALSE
"tsp","closure","function","TRUE","FALSE","(x) ","base","NA","1.5.0","released",FALSE
"tsp<-","closure","function","TRUE","FALSE","(x, value) ","base","NA","1.5.0","released",FALSE
"type.convert","closure","function","TRUE","FALSE","(x, na.strings = ""NA"", as.is = FALSE, dec = ""."") ","base","NA","1.5.0","released",FALSE
"typeof","closure","function","TRUE","FALSE","(x) ","base","NA","1.5.0","released",FALSE
"unclass","builtin","function","TRUE","NA","","base","NA","1.5.0","released",FALSE
"undebug","builtin","function","TRUE","NA","","base","NA","1.5.0","released",FALSE
"union","closure","function","TRUE","FALSE","(x, y) ","base","NA","1.5.0","released",FALSE
"unique","closure","function","TRUE","FALSE","(x, incomparables = FALSE) ","base","NA","1.5.0","released",FALSE
"unique.data.frame","closure","function","TRUE","FALSE","(x, incomparables = FALSE) ","base","NA","1.5.0","released",FALSE
"unique.default","closure","function","TRUE","FALSE","(x, incomparables = FALSE) ","base","NA","1.5.0","released",FALSE
"uniroot","closure","function","TRUE","FALSE","(f, interval, lower = min(interval), upper = max(interval),     tol = .Machine$double.eps^0.25, maxiter = 1000, ...) ","base","NA","1.5.0","released",FALSE
"unix","closure","function","TRUE","FALSE","(call, intern = FALSE) ","base","NA","1.5.0","released",FALSE
"unix.time","closure","function","TRUE","FALSE","(expr) ","base","NA","1.5.0","released",FALSE
"unlink","closure","function","TRUE","FALSE","(x, recursive = FALSE) ","base","NA","1.5.0","released",FALSE
"unlist","closure","function","TRUE","FALSE","(x, recursive = TRUE, use.names = TRUE) ","base","NA","1.5.0","released",FALSE
"unname","closure","function","TRUE","FALSE","(obj, force = FALSE) ","base","NA","1.5.0","released",FALSE
"unsplit","closure","function","TRUE","FALSE","(value, f) ","base","NA","1.5.0","released",FALSE
"unstack","closure","function","TRUE","FALSE","(x, ...) ","base","NA","1.5.0","released",FALSE
"unstack.data.frame","closure","function","TRUE","FALSE","(x, form = formula(x), ...) ","base","NA","1.5.0","released",FALSE
"unstack.default","closure","function","TRUE","FALSE","(x, form, ...) ","base","NA","1.5.0","released",FALSE
"untrace","closure","function","TRUE","FALSE","(what, signature = NULL) ","base","NA","1.5.0","released",FALSE
"unz","closure","function","TRUE","FALSE","(description, filename, open = """", encoding = getOption(""encoding"")) ","base","NA","1.5.0","released",FALSE
"update","closure","function","TRUE","FALSE","(object, ...) ","base","NA","1.5.0","released",FALSE
"update.default","closure","function","TRUE","FALSE","(object, formula., ..., evaluate = TRUE) ","base","NA","1.5.0","released",FALSE
"update.formula","closure","function","TRUE","FALSE","(old, new, ...) ","base","NA","1.5.0","released",FALSE
"update.packageStatus","closure","function","TRUE","FALSE","(object, lib.loc = levels(object$inst$LibPath), repositories = levels(object$avail$Repository),     ...) ","base","NA","1.5.0","released",FALSE
"update.packages","closure","function","TRUE","FALSE","(lib.loc = NULL, CRAN = getOption(""CRAN""), contriburl = contrib.url(CRAN),     method, instlib = NULL, ask = TRUE, available = NULL, destdir = NULL) ","base","NA","1.5.0","released",FALSE
"upgrade","closure","function","TRUE","FALSE","(object, ...) ","base","NA","1.5.0","released",FALSE
"upgrade.packageStatus","closure","function","TRUE","FALSE","(object, ask = TRUE, ...) ","base","NA","1.5.0","released",FALSE
"upper.tri","closure","function","TRUE","FALSE","(x, diag = FALSE) ","base","NA","1.5.0","released",FALSE
"url","closure","function","TRUE","FALSE","(description, open = """", blocking = TRUE, encoding = getOption(""encoding"")) ","base","NA","1.5.0","released",FALSE
"url.show","closure","function","TRUE","FALSE","(url, title = url, file = tempfile(), delete.file = TRUE,     method, ...) ","base","NA","1.5.0","released",FALSE
"var","closure","function","TRUE","FALSE","(x, y = NULL, na.rm = FALSE, use) ","base","NA","1.5.0","released",FALSE
"variable.names","closure","function","TRUE","FALSE","(object, ...) ","base","NA","1.5.0","released",FALSE
"variable.names.default","closure","function","TRUE","FALSE","(object, ...) ","base","NA","1.5.0","released",FALSE
"variable.names.lm","closure","function","TRUE","FALSE","(object, full = FALSE, ...) ","base","NA","1.5.0","released",FALSE
"vector","closure","function","TRUE","FALSE","(mode = ""logical"", length = 0) ","base","NA","1.5.0","released",FALSE
"version","list","simple.list","TRUE","FALSE","NA","base","NA","1.5.0","released",FALSE
"vi","closure","function","TRUE","FALSE","(name = NULL, file = """") ","base","NA","1.5.0","released",FALSE
"warning","closure","function","TRUE","FALSE","(..., call. = TRUE) ","base","NA","1.5.0","released",FALSE
"warnings","closure","function","TRUE","FALSE","(...) ","base","NA","1.5.0","released",FALSE
"weekdays","closure","function","TRUE","FALSE","(x, abbreviate) ","base","NA","1.5.0","released",FALSE
"weekdays.POSIXt","closure","function","TRUE","FALSE","(x, abbreviate = FALSE) ","base","NA","1.5.0","released",FALSE
"weighted.mean","closure","function","TRUE","FALSE","(x, w, na.rm = FALSE) ","base","NA","1.5.0","released",FALSE
"weighted.residuals","closure","function","TRUE","FALSE","(obj, drop0 = TRUE) ","base","NA","1.5.0","released",FALSE
"weights","closure","function","TRUE","FALSE","(object, ...) ","base","NA","1.5.0","released",FALSE
"weights.default","closure","function","TRUE","FALSE","(object, ...) ","base","NA","1.5.0","released",FALSE
"weights.glm","closure","function","TRUE","FALSE","(object, type = c(""prior"", ""working""), ...) ","base","NA","1.5.0","released",FALSE
"weights.lm","closure","function","TRUE","FALSE","(object, ...) ","base","NA","1.5.0","released",FALSE
"which","closure","function","TRUE","FALSE","(x, arr.ind = FALSE) ","base","NA","1.5.0","released",FALSE
"which.max","closure","function","TRUE","FALSE","(x) ","base","NA","1.5.0","released",FALSE
"which.min","closure","function","TRUE","FALSE","(x) ","base","NA","1.5.0","released",FALSE
"while","special","function","TRUE","NA","","base","NA","1.5.0","released",FALSE
"window","closure","function","TRUE","FALSE","(x, ...) ","base","NA","1.5.0","released",FALSE
"window.default","closure","function","TRUE","FALSE","(x, start = NULL, end = NULL, frequency = NULL, deltat = NULL,     extend = FALSE, ...) ","base","NA","1.5.0","released",FALSE
"window.ts","closure","function","TRUE","FALSE","(x, ...) ","base","NA","1.5.0","released",FALSE
"with","closure","function","TRUE","FALSE","(data, expr, ...) ","base","NA","1.5.0","released",FALSE
"with.default","closure","function","TRUE","FALSE","(data, expr, ...) ","base","NA","1.5.0","released",FALSE
"write","closure","function","TRUE","FALSE","(x, file = ""data"", ncolumns = if (is.character(x)) 1 else 5,     append = FALSE) ","base","NA","1.5.0","released",FALSE
"write.dcf","closure","function","TRUE","FALSE","(x, file = """", append = FALSE, indent = 0.1 * getOption(""width""),     width = 0.9 * getOption(""width"")) ","base","NA","1.5.0","released",FALSE
"write.ftable","closure","function","TRUE","FALSE","(x, file = """", quote = TRUE, digits = getOption(""digits"")) ","base","NA","1.5.0","released",FALSE
"write.socket","closure","function","TRUE","FALSE","(socket, string) ","base","NA","1.5.0","released",FALSE
"write.table","closure","function","TRUE","FALSE","(x, file = """", append = FALSE, quote = TRUE, sep = "" "",     eol = ""\n"", na = ""NA"", dec = ""."", row.names = TRUE, col.names = TRUE,     qmethod = c(""escape"", ""double"")) ","base","NA","1.5.0","released",FALSE
"writeBin","closure","function","TRUE","FALSE","(object, con, size = NA, endian = .Platform$endian) ","base","NA","1.5.0","released",FALSE
"writeChar","closure","function","TRUE","FALSE","(object, con, nchars = nchar(object), eos = """") ","base","NA","1.5.0","released",FALSE
"writeLines","closure","function","TRUE","FALSE","(text, con = stdout(), sep = ""\n"") ","base","NA","1.5.0","released",FALSE
"x11","closure","function","TRUE","FALSE","(display = """", width = 7, height = 7, pointsize = 12,     gamma = 1, colortype = getOption(""X11colortype""), maxcubesize = 256,     canvas = ""white"") ","base","NA","1.5.0","released",FALSE
"xedit","closure","function","TRUE","FALSE","(name = NULL, file = """") ","base","NA","1.5.0","released",FALSE
"xemacs","closure","function","TRUE","FALSE","(name = NULL, file = """") ","base","NA","1.5.0","released",FALSE
"xfig","closure","function","TRUE","FALSE","(file = ifelse(onefile, ""Rplots.fig"", ""Rplot%03d.fig""),     onefile = FALSE, ...) ","base","NA","1.5.0","released",FALSE
"xinch","closure","function","TRUE","FALSE","(x = 1, warn.log = TRUE) ","base","NA","1.5.0","released",FALSE
"xor","closure","function","TRUE","FALSE","(x, y) ","base","NA","1.5.0","released",FALSE
"xpdrows.data.frame","closure","function","TRUE","FALSE","(x, old.rows, new.rows) ","base","NA","1.5.0","released",FALSE
"xtabs","closure","function","TRUE","FALSE","(formula = ~., data = parent.frame(), subset, na.action,     exclude = c(NA, NaN), drop.unused.levels = FALSE) ","base","NA","1.5.0","released",FALSE
"xy.coords","closure","function","TRUE","FALSE","(x, y, xlab = NULL, ylab = NULL, log = NULL, recycle = FALSE) ","base","NA","1.5.0","released",FALSE
"xyinch","closure","function","TRUE","FALSE","(xy = 1, warn.log = TRUE) ","base","NA","1.5.0","released",FALSE
"xyz.coords","closure","function","TRUE","FALSE","(x, y, z, xlab = NULL, ylab = NULL, zlab = NULL, log = NULL,     recycle = FALSE) ","base","NA","1.5.0","released",FALSE
"yinch","closure","function","TRUE","FALSE","(y = 1, warn.log = TRUE) ","base","NA","1.5.0","released",FALSE
"zapsmall","closure","function","TRUE","FALSE","(x, digits = getOption(""digits"")) ","base","NA","1.5.0","released",FALSE
"zip.file.extract","closure","function","TRUE","FALSE","(file, zipname = ""R.zip"") ","base","NA","1.5.0","released",FALSE
"{","special","function","TRUE","NA","","base","NA","1.5.0","released",FALSE
"|","builtin","function","TRUE","NA","","base","NA","1.5.0","released",FALSE
"||","special","function","TRUE","NA","","base","NA","1.5.0","released",FALSE
"~","special","function","TRUE","NA","","base","NA","1.5.0","released",FALSE
"EEF.profile","closure","function","TRUE","FALSE","(y, tmin = min(y) + 0.1, tmax = max(y) - 0.1, n.t = 25,     u = function(y, t) ","boot","NA","1.5.0","released",FALSE
"EL.profile","closure","function","TRUE","FALSE","(y, tmin = min(y) + 0.1, tmax = max(y) - 0.1, n.t = 25,     u = function(y, t) y - t) ","boot","NA","1.5.0","released",FALSE
"abc.ci","closure","function","TRUE","FALSE","(data, statistic, index = 1, strata = rep(1, n), conf = 0.95,     eps = 0.001/n, ...) ","boot","NA","1.5.0","released",FALSE
"anti.arr","closure","function","TRUE","FALSE","(n, R, L, inds = 1:n) ","boot","NA","1.5.0","released",FALSE
"antithetic.array","closure","function","TRUE","FALSE","(n, R, L, strata) ","boot","NA","1.5.0","released",FALSE
"balanced.array","closure","function","TRUE","FALSE","(n, R, strata) ","boot","NA","1.5.0","released",FALSE
"basic.ci","closure","function","TRUE","FALSE","(t0, t, conf = 0.95, hinv = function(t) t) ","boot","NA","1.5.0","released",FALSE
"bca.ci","closure","function","TRUE","FALSE","(boot.out, conf = 0.95, index = 1, t0 = NULL, t = NULL,     L = NULL, h = function(t) t, hdot = function(t) 1, hinv = function(t) t,     ...) ","boot","NA","1.5.0","released",FALSE
"boot","closure","function","TRUE","FALSE","(data, statistic, R, sim = ""ordinary"", stype = ""i"",     strata = rep(1, n), L = NULL, m = 0, weights = NULL, ran.gen = function(d,         p) d, mle = NULL, ...) ","boot","NA","1.5.0","released",FALSE
"boot.array","closure","function","TRUE","FALSE","(boot.out, indices = FALSE) ","boot","NA","1.5.0","released",FALSE
"boot.ci","closure","function","TRUE","FALSE","(boot.out, conf = 0.95, type = ""all"", index = 1:min(2,     length(boot.out$t0)), var.t0 = NULL, var.t = NULL, t0 = NULL,     t = NULL, L = NULL, h = function(t) t, hdot = function(t) rep(1,         length(t)), hinv = function(t) t, ...) ","boot","NA","1.5.0","released",FALSE
"boot.return","closure","function","TRUE","FALSE","(sim, t0, t, strata, R, data, stat, stype, call, seed,     L, m, pred.i, weights, ran.gen, mle) ","boot","NA","1.5.0","released",FALSE
"cens.case","closure","function","TRUE","FALSE","(n, strata, R) ","boot","NA","1.5.0","released",FALSE
"cens.resamp","closure","function","TRUE","FALSE","(data, R, F.surv, G.surv, strata, index = c(1, 2), cox = NULL,     sim = ""model"") ","boot","NA","1.5.0","released",FALSE
"cens.return","closure","function","TRUE","FALSE","(sim, t0, t, strata, R, data, statistic, call, seed) ","boot","NA","1.5.0","released",FALSE
"cens.weird","closure","function","TRUE","FALSE","(data, surv, strata) ","boot","NA","1.5.0","released",FALSE
"censboot","closure","function","TRUE","FALSE","(data, statistic, R, F.surv, G.surv, strata = matrix(1,     n, 2), sim = ""ordinary"", cox = NULL, index = c(1, 2), ...) ","boot","NA","1.5.0","released",FALSE
"const","closure","function","TRUE","FALSE","(w, eps = 1e-08) ","boot","NA","1.5.0","released",FALSE
"control","closure","function","TRUE","FALSE","(boot.out, L = NULL, distn = NULL, index = 1, t0 = NULL,     t = NULL, bias.adj = FALSE, alpha = NULL, ...) ","boot","NA","1.5.0","released",FALSE
"corr","closure","function","TRUE","FALSE","(d, w = rep(1, nrow(d))/nrow(d)) ","boot","NA","1.5.0","released",FALSE
"cum3","closure","function","TRUE","FALSE","(a, b = a, c = a, unbiased = TRUE) ","boot","NA","1.5.0","released",FALSE
"cv.glm","closure","function","TRUE","FALSE","(data, glmfit, cost = function(y, yhat) mean((y - yhat)^2),     K = n) ","boot","NA","1.5.0","released",FALSE
"empinf","closure","function","TRUE","FALSE","(boot.out = NULL, data = NULL, statistic = NULL, type = NULL,     stype = NULL, index = 1, t = NULL, strata = rep(1, n), eps = 0.001,     ...) ","boot","NA","1.5.0","released",FALSE
"empinf.reg","closure","function","TRUE","FALSE","(boot.out, t = boot.out$t[, 1]) ","boot","NA","1.5.0","released",FALSE
"envelope","closure","function","TRUE","FALSE","(boot.out = NULL, mat = NULL, level = 0.95, index = 1:n) ","boot","NA","1.5.0","released",FALSE
"exp.tilt","closure","function","TRUE","FALSE","(L, theta = NULL, t0 = 0, lambda = NULL, strata = rep(1,     length(L))) ","boot","NA","1.5.0","released",FALSE
"extra.array","closure","function","TRUE","FALSE","(n, R, m, strata = rep(1, n)) ","boot","NA","1.5.0","released",FALSE
"freq.array","closure","function","TRUE","FALSE","(i.array) ","boot","NA","1.5.0","released",FALSE
"glm.diag","closure","function","TRUE","FALSE","(glmfit) ","boot","NA","1.5.0","released",FALSE
"glm.diag.plots","closure","function","TRUE","FALSE","(glmfit, glmdiag = NULL, subset = NULL, iden = FALSE,     labels = NULL, ret = FALSE) ","boot","NA","1.5.0","released",FALSE
"iden","closure","function","TRUE","FALSE","(n) ","boot","NA","1.5.0","released",FALSE
"imp.moments","closure","function","TRUE","FALSE","(boot.out = NULL, index = 1, t = boot.out$t[, index],     w = NULL, def = TRUE, q = NULL) ","boot","NA","1.5.0","released",FALSE
"imp.prob","closure","function","TRUE","FALSE","(boot.out = NULL, index = 1, t0 = boot.out$t0[index],     t = boot.out$t[, index], w = NULL, def = TRUE, q = NULL) ","boot","NA","1.5.0","released",FALSE
"imp.quantile","closure","function","TRUE","FALSE","(boot.out = NULL, alpha = NULL, index = 1, t = boot.out$t[,     index], w = NULL, def = TRUE, q = NULL) ","boot","NA","1.5.0","released",FALSE
"imp.reg","closure","function","TRUE","FALSE","(w) ","boot","NA","1.5.0","released",FALSE
"imp.weights","closure","function","TRUE","FALSE","(boot.out, def = TRUE, q = NULL) ","boot","NA","1.5.0","released",FALSE
"importance.array","closure","function","TRUE","FALSE","(n, R, weights, strata) ","boot","NA","1.5.0","released",FALSE
"importance.array.bal","closure","function","TRUE","FALSE","(n, R, weights, strata) ","boot","NA","1.5.0","released",FALSE
"index.array","closure","function","TRUE","FALSE","(n, R, sim, strata = rep(1, n), m = 0, L = NULL, weights = NULL) ","boot","NA","1.5.0","released",FALSE
"inf.jack","closure","function","TRUE","FALSE","(data, stat, index = 1, strata = rep(1, n), eps = 0.001,     ...) ","boot","NA","1.5.0","released",FALSE
"inv.logit","closure","function","TRUE","FALSE","(x) ","boot","NA","1.5.0","released",FALSE
"isMatrix","closure","function","TRUE","FALSE","(x) ","boot","NA","1.5.0","released",FALSE
"jack.after.boot","closure","function","TRUE","FALSE","(boot.out, index = 1, t = NULL, L = NULL, useJ = TRUE,     stinf = TRUE, alpha = NULL, main = """", ylab = NULL, ...) ","boot","NA","1.5.0","released",FALSE
"k3.linear","closure","function","TRUE","FALSE","(L, strata = NULL) ","boot","NA","1.5.0","released",FALSE
"lik.CI","closure","function","TRUE","FALSE","(like, lim) ","boot","NA","1.5.0","released",FALSE
"linear.approx","closure","function","TRUE","FALSE","(boot.out, L = NULL, index = 1, type = NULL, t0 = NULL,     t = NULL, ...) ","boot","NA","1.5.0","released",FALSE
"lines.saddle.distn","closure","function","TRUE","FALSE","(x, dens = TRUE, h = function(u) u, J = function(u) 1,     npts = 50, lty = 1, ...) ","boot","NA","1.5.0","released",FALSE
"logit","closure","function","TRUE","FALSE","(p) ","boot","NA","1.5.0","released",FALSE
"make.ends","closure","function","TRUE","FALSE","(a, n) ","boot","NA","1.5.0","released",FALSE
"nested.corr","closure","function","TRUE","FALSE","(data, w, t0, M) ","boot","NA","1.5.0","released",FALSE
"norm.ci","closure","function","TRUE","FALSE","(boot.out = NULL, conf = 0.95, index = 1, var.t0 = NULL,     t0 = NULL, t = NULL, L = NULL, h = function(t) t, hdot = function(t) 1,     hinv = function(t) t) ","boot","NA","1.5.0","released",FALSE
"norm.inter","closure","function","TRUE","FALSE","(t, alpha) ","boot","NA","1.5.0","released",FALSE
"normalize","closure","function","TRUE","FALSE","(wts, strata) ","boot","NA","1.5.0","released",FALSE
"ordinary.array","closure","function","TRUE","FALSE","(n, R, strata) ","boot","NA","1.5.0","released",FALSE
"perc.ci","closure","function","TRUE","FALSE","(t, conf = 0.95, hinv = function(t) t) ","boot","NA","1.5.0","released",FALSE
"permutation.array","closure","function","TRUE","FALSE","(n, R, strata) ","boot","NA","1.5.0","released",FALSE
"plot.boot","closure","function","TRUE","FALSE","(x, index = 1, t0 = NULL, t = NULL, jack = FALSE, qdist = ""norm"",     nclass = NULL, df, ...) ","boot","NA","1.5.0","released",FALSE
"positive.jack","closure","function","TRUE","FALSE","(data, stat, stype = ""w"", index = 1, strata = rep(1,     n), ...) ","boot","NA","1.5.0","released",FALSE
"print.boot","closure","function","TRUE","FALSE","(x, digits = options()$digits, index = 1:ncol(boot.out$t),     ...) ","boot","NA","1.5.0","released",FALSE
"print.bootci","closure","function","TRUE","FALSE","(x, hinv = NULL, ...) ","boot","NA","1.5.0","released",FALSE
"print.saddle.distn","closure","function","TRUE","FALSE","(x, ...) ","boot","NA","1.5.0","released",FALSE
"print.simplex","closure","function","TRUE","FALSE","(x, ...) ","boot","NA","1.5.0","released",FALSE
"saddle","closure","function","TRUE","FALSE","(A = NULL, u = NULL, wdist = ""m"", type = ""simp"", d = NULL,     d1 = 1, init = rep(0.1, d), mu = rep(0.5, n), LR = FALSE,     strata = NULL, K.adj = NULL, K2 = NULL) ","boot","NA","1.5.0","released",FALSE
"saddle.distn","closure","function","TRUE","FALSE","(A, u = NULL, alpha = NULL, wdist = ""m"", type = ""simp"",     npts = 20, t = NULL, t0 = NULL, init = rep(0.1, d), mu = rep(0.5,         n), LR = FALSE, strata = NULL, ...) ","boot","NA","1.5.0","released",FALSE
"scramble","closure","function","TRUE","FALSE","(ts, norm = TRUE) ","boot","NA","1.5.0","released",FALSE
"simplex","closure","function","TRUE","FALSE","(a, A1 = NULL, b1 = NULL, A2 = NULL, b2 = NULL, A3 = NULL,     b3 = NULL, maxi = FALSE, n.iter = n + 2 * m, eps = 1e-10) ","boot","NA","1.5.0","released",FALSE
"simplex1","closure","function","TRUE","FALSE","(a, A, b, init, basic, val = 0, stage = 2, n1 = N, eps = 1e-10,     n.iter = n1) ","boot","NA","1.5.0","released",FALSE
"smooth.f","closure","function","TRUE","FALSE","(theta, boot.out, index = 1, t = boot.out$t[, index],     width = 0.5) ","boot","NA","1.5.0","released",FALSE
"stud.ci","closure","function","TRUE","FALSE","(tv0, tv, conf = 0.95, hinv = function(t) t) ","boot","NA","1.5.0","released",FALSE
"tilt.boot","closure","function","TRUE","FALSE","(data, statistic, R, sim = ""ordinary"", stype = ""i"",     strata = rep(1, n), L = NULL, theta = NULL, alpha = c(0.025,         0.975), tilt = TRUE, width = 0.5, index = 1, ...) ","boot","NA","1.5.0","released",FALSE
"ts.array","closure","function","TRUE","FALSE","(n, n.sim, R, l, sim, endcorr) ","boot","NA","1.5.0","released",FALSE
"ts.return","closure","function","TRUE","FALSE","(t0, t, R, tseries, seed, stat, sim, endcorr, n.sim,     l, ran.gen, ran.args, call, norm) ","boot","NA","1.5.0","released",FALSE
"tsboot","closure","function","TRUE","FALSE","(tseries, statistic, R, l = NULL, sim = ""model"", endcorr = TRUE,     n.sim = NULL, orig.t = TRUE, ran.gen = function(tser, n.sim,         args) tser, ran.args = NULL, norm = TRUE, ...) ","boot","NA","1.5.0","released",FALSE
"usual.jack","closure","function","TRUE","FALSE","(data, stat, stype = ""w"", index = 1, strata = rep(1,     n), ...) ","boot","NA","1.5.0","released",FALSE
"var.linear","closure","function","TRUE","FALSE","(L, strata = NULL) ","boot","NA","1.5.0","released",FALSE
"zero","closure","function","TRUE","FALSE","(n, m) ","boot","NA","1.5.0","released",FALSE
".First.lib","closure","function","TRUE","FALSE","(lib, pkg) ","class","NA","1.5.0","released", TRUE
"SOM","closure","function","TRUE","FALSE","(data, grid = somgrid(), rlen = 10000, alpha = seq(0.05,     0, len = rlen), radii = seq(4, 1, len = rlen), init) ","class","NA","1.5.0","released",FALSE
"batchSOM","closure","function","TRUE","FALSE","(data, grid = somgrid(), radii, init) ","class","NA","1.5.0","released",FALSE
"condense","closure","function","TRUE","FALSE","(train, class, store = sample(seq(n), 1), trace = TRUE) ","class","NA","1.5.0","released",FALSE
"knn","closure","function","TRUE","FALSE","(train, test, cl, k = 1, l = 0, prob = FALSE, use.all = TRUE) ","class","NA","1.5.0","released",FALSE
"knn.cv","closure","function","TRUE","FALSE","(train, cl, k = 1, l = 0, prob = FALSE, use.all = TRUE) ","class","NA","1.5.0","released",FALSE
"knn1","closure","function","TRUE","FALSE","(train, test, cl) ","class","NA","1.5.0","released",FALSE
"lvq1","closure","function","TRUE","FALSE","(x, cl, codebk, niter = 100 * nrow(codebk$x), alpha = 0.03) ","class","NA","1.5.0","released",FALSE
"lvq2","closure","function","TRUE","FALSE","(x, cl, codebk, niter = 100 * nrow(codebk$x), alpha = 0.03,     win = 0.3) ","class","NA","1.5.0","released",FALSE
"lvq3","closure","function","TRUE","FALSE","(x, cl, codebk, niter = 100 * nrow(codebk$x), alpha = 0.03,     win = 0.3, epsilon = 0.1) ","class","NA","1.5.0","released",FALSE
"lvqinit","closure","function","TRUE","FALSE","(x, cl, size, prior, k = 5) ","class","NA","1.5.0","released",FALSE
"lvqtest","closure","function","TRUE","FALSE","(codebk, test) ","class","NA","1.5.0","released",FALSE
"multiedit","closure","function","TRUE","FALSE","(x, class, k = 1, V = 3, I = 5, trace = TRUE) ","class","NA","1.5.0","released",FALSE
"olvq1","closure","function","TRUE","FALSE","(x, cl, codebk, niter = 40 * nrow(codebk$x), alpha = 0.3) ","class","NA","1.5.0","released",FALSE
"plot.SOM","closure","function","TRUE","FALSE","(x, ...) ","class","NA","1.5.0","released",FALSE
"plot.somgrid","closure","function","TRUE","FALSE","(x, type = ""p"", ...) ","class","NA","1.5.0","released",FALSE
"reduce.nn","closure","function","TRUE","FALSE","(train, ind, class) ","class","NA","1.5.0","released",FALSE
"somgrid","closure","function","TRUE","FALSE","(xdim = 8, ydim = 6, topo = c(""rectangular"", ""hexagonal"")) ","class","NA","1.5.0","released",FALSE
".First.lib","closure","function","TRUE","FALSE","(lib, pkg) ","cluster","NA","1.5.0","released", TRUE
"agnes","closure","function","TRUE","FALSE","(x, diss = inherits(x, ""dist""), metric = ""euclidean"",     stand = FALSE, method = ""average"") ","cluster","NA","1.5.0","released",FALSE
"clara","closure","function","TRUE","FALSE","(x, k, metric = ""euclidean"", stand = FALSE, samples = 5,     sampsize = 40 + 2 * k) ","cluster","NA","1.5.0","released",FALSE
"clusplot","closure","function","TRUE","FALSE","(x, ...) ","cluster","NA","1.5.0","released",FALSE
"clusplot.default","closure","function","TRUE","FALSE","(x, clus, diss = FALSE, cor = TRUE, stand = FALSE, lines = 2,     shade = FALSE, color = FALSE, labels = 0, plotchar = TRUE,     col.p = ""dark green"", col.txt = col.p, span = TRUE, xlim = NULL,     ylim = NULL, main = paste(""CLUSPLOT("", deparse(substitute(x)),         "")""), verbose = getOption(""verbose""), ...) ","cluster","NA","1.5.0","released",FALSE
"clusplot.partition","closure","function","TRUE","FALSE","(x, main = NULL, ...) ","cluster","NA","1.5.0","released",FALSE
"daisy","closure","function","TRUE","FALSE","(x, metric = c(""euclidean"", ""manhattan""), stand = FALSE,     type = list()) ","cluster","NA","1.5.0","released",FALSE
"diana","closure","function","TRUE","FALSE","(x, diss = inherits(x, ""dist""), metric = ""euclidean"",     stand = FALSE) ","cluster","NA","1.5.0","released",FALSE
"ellipsoidPoints","closure","function","TRUE","FALSE","(A, d2, loc, n = 201) ","cluster","NA","1.5.0","released",FALSE
"ellipsoidhull","closure","function","TRUE","FALSE","(x, tol = 0.01, maxit = 5000, ret.wt = FALSE, ret.sqdist = FALSE) ","cluster","NA","1.5.0","released",FALSE
"fanny","closure","function","TRUE","FALSE","(x, k, diss = inherits(x, ""dist""), metric = ""euclidean"",     stand = FALSE) ","cluster","NA","1.5.0","released",FALSE
"lower.to.upper.tri.inds","closure","function","TRUE","FALSE","(n) ","cluster","NA","1.5.0","released",FALSE
"meanabsdev","closure","function","TRUE","FALSE","(y) ","cluster","NA","1.5.0","released",FALSE
"mona","closure","function","TRUE","FALSE","(x) ","cluster","NA","1.5.0","released",FALSE
"pam","closure","function","TRUE","FALSE","(x, k, diss = inherits(x, ""dist""), metric = ""euclidean"",     stand = FALSE) ","cluster","NA","1.5.0","released",FALSE
"plot.agnes","closure","function","TRUE","FALSE","(x, ask = FALSE, which.plots = NULL, main = NULL, sub = paste(""Agglomerative Coefficient = "",     round(x$ac, digits = 2)), adj = 0, nmax.lab = 35, max.strlen = 5,     ...) ","cluster","NA","1.5.0","released",FALSE
"plot.diana","closure","function","TRUE","FALSE","(x, ask = FALSE, which.plots = NULL, main = NULL, sub = paste(""Divisive Coefficient = "",     round(x$dc, digits = 2)), adj = 0, nmax.lab = 35, max.strlen = 5,     ...) ","cluster","NA","1.5.0","released",FALSE
"plot.mona","closure","function","TRUE","FALSE","(x, main = paste(""Banner of "", deparse(x$call)), col = 2,     axes = TRUE, adj = 0, nmax.lab = 35, max.strlen = 5, ...) ","cluster","NA","1.5.0","released",FALSE
"plot.partition","closure","function","TRUE","FALSE","(x, ask = FALSE, which.plots = NULL, nmax.lab = 40,     max.strlen = 5, cor = TRUE, stand = FALSE, lines = 2, shade = FALSE,     color = FALSE, labels = 0, plotchar = TRUE, span = TRUE,     xlim = NULL, ylim = NULL, ...) ","cluster","NA","1.5.0","released",FALSE
"pltree","closure","function","TRUE","FALSE","(x, ...) ","cluster","NA","1.5.0","released",FALSE
"pltree.twins","closure","function","TRUE","FALSE","(x, main = paste(""Dendrogram of "", deparse(call)), ...) ","cluster","NA","1.5.0","released",FALSE
"predict.ellipsoid","closure","function","TRUE","FALSE","(object, n.out = 201, ...) ","cluster","NA","1.5.0","released",FALSE
"print.agnes","closure","function","TRUE","FALSE","(x, ...) ","cluster","NA","1.5.0","released",FALSE
"print.clara","closure","function","TRUE","FALSE","(x, ...) ","cluster","NA","1.5.0","released",FALSE
"print.diana","closure","function","TRUE","FALSE","(x, ...) ","cluster","NA","1.5.0","released",FALSE
"print.dissimilarity","closure","function","TRUE","FALSE","(x, ...) ","cluster","NA","1.5.0","released",FALSE
"print.ellipsoid","closure","function","TRUE","FALSE","(x, digits = max(1, getOption(""digits"") - 2), ...) ","cluster","NA","1.5.0","released",FALSE
"print.fanny","closure","function","TRUE","FALSE","(x, ...) ","cluster","NA","1.5.0","released",FALSE
"print.mona","closure","function","TRUE","FALSE","(x, ...) ","cluster","NA","1.5.0","released",FALSE
"print.pam","closure","function","TRUE","FALSE","(x, ...) ","cluster","NA","1.5.0","released",FALSE
"print.summary.agnes","closure","function","TRUE","FALSE","(x, ...) ","cluster","NA","1.5.0","released",FALSE
"print.summary.clara","closure","function","TRUE","FALSE","(x, ...) ","cluster","NA","1.5.0","released",FALSE
"print.summary.diana","closure","function","TRUE","FALSE","(x, ...) ","cluster","NA","1.5.0","released",FALSE
"print.summary.fanny","closure","function","TRUE","FALSE","(x, ...) ","cluster","NA","1.5.0","released",FALSE
"print.summary.mona","closure","function","TRUE","FALSE","(x, ...) ","cluster","NA","1.5.0","released",FALSE
"print.summary.pam","closure","function","TRUE","FALSE","(x, ...) ","cluster","NA","1.5.0","released",FALSE
"sizeDiss","closure","function","TRUE","FALSE","(d) ","cluster","NA","1.5.0","released",FALSE
"summary.agnes","closure","function","TRUE","FALSE","(object, ...) ","cluster","NA","1.5.0","released",FALSE
"summary.clara","closure","function","TRUE","FALSE","(object, ...) ","cluster","NA","1.5.0","released",FALSE
"summary.diana","closure","function","TRUE","FALSE","(object, ...) ","cluster","NA","1.5.0","released",FALSE
"summary.dissimilarity","closure","function","TRUE","FALSE","(object, ...) ","cluster","NA","1.5.0","released",FALSE
"summary.fanny","closure","function","TRUE","FALSE","(object, ...) ","cluster","NA","1.5.0","released",FALSE
"summary.mona","closure","function","TRUE","FALSE","(object, ...) ","cluster","NA","1.5.0","released",FALSE
"summary.pam","closure","function","TRUE","FALSE","(object, ...) ","cluster","NA","1.5.0","released",FALSE
"upper.to.lower.tri.inds","closure","function","TRUE","FALSE","(n) ","cluster","NA","1.5.0","released",FALSE
"volume","closure","function","TRUE","FALSE","(object) ","cluster","NA","1.5.0","released",FALSE
"volume.ellipsoid","closure","function","TRUE","FALSE","(object) ","cluster","NA","1.5.0","released",FALSE
".First.lib","closure","function","TRUE","FALSE","(lib, pkg) ","ctest","NA","1.5.0","released", TRUE
"ansari.test","closure","function","TRUE","FALSE","(x, ...) ","ctest","NA","1.5.0","released",FALSE
"ansari.test.default","closure","function","TRUE","FALSE","(x, y, alternative = c(""two.sided"", ""less"", ""greater""),     exact = NULL, conf.int = FALSE, conf.level = 0.95, ...) ","ctest","NA","1.5.0","released",FALSE
"ansari.test.formula","closure","function","TRUE","FALSE","(formula, data, subset, na.action, ...) ","ctest","NA","1.5.0","released",FALSE
"bartlett.test","closure","function","TRUE","FALSE","(x, ...) ","ctest","NA","1.5.0","released",FALSE
"bartlett.test.default","closure","function","TRUE","FALSE","(x, g, ...) ","ctest","NA","1.5.0","released",FALSE
"bartlett.test.formula","closure","function","TRUE","FALSE","(formula, data, subset, na.action, ...) ","ctest","NA","1.5.0","released",FALSE
"binom.test","closure","function","TRUE","FALSE","(x, n, p = 0.5, alternative = c(""two.sided"", ""less"",     ""greater""), conf.level = 0.95) ","ctest","NA","1.5.0","released",FALSE
"chisq.test","closure","function","TRUE","FALSE","(x, y = NULL, correct = TRUE, p = rep(1/length(x), length(x)),     simulate.p.value = FALSE, B = 2000) ","ctest","NA","1.5.0","released",FALSE
"cor.test","closure","function","TRUE","FALSE","(x, ...) ","ctest","NA","1.5.0","released",FALSE
"cor.test.default","closure","function","TRUE","FALSE","(x, y, alternative = c(""two.sided"", ""less"", ""greater""),     method = c(""pearson"", ""kendall"", ""spearman""), exact = NULL,     conf.level = 0.95, ...) ","ctest","NA","1.5.0","released",FALSE
"cor.test.formula","closure","function","TRUE","FALSE","(formula, data, subset, na.action, ...) ","ctest","NA","1.5.0","released",FALSE
"fisher.test","closure","function","TRUE","FALSE","(x, y = NULL, workspace = 2e+05, hybrid = FALSE, or = 1,     alternative = ""two.sided"", conf.level = 0.95) ","ctest","NA","1.5.0","released",FALSE
"fligner.test","closure","function","TRUE","FALSE","(x, ...) ","ctest","NA","1.5.0","released",FALSE
"fligner.test.default","closure","function","TRUE","FALSE","(x, g, ...) ","ctest","NA","1.5.0","released",FALSE
"fligner.test.formula","closure","function","TRUE","FALSE","(formula, data, subset, na.action, ...) ","ctest","NA","1.5.0","released",FALSE
"friedman.test","closure","function","TRUE","FALSE","(y, ...) ","ctest","NA","1.5.0","released",FALSE
"friedman.test.default","closure","function","TRUE","FALSE","(y, groups, blocks, ...) ","ctest","NA","1.5.0","released",FALSE
"friedman.test.formula","closure","function","TRUE","FALSE","(formula, data, subset, na.action, ...) ","ctest","NA","1.5.0","released",FALSE
"kruskal.test","closure","function","TRUE","FALSE","(x, ...) ","ctest","NA","1.5.0","released",FALSE
"kruskal.test.default","closure","function","TRUE","FALSE","(x, g, ...) ","ctest","NA","1.5.0","released",FALSE
"kruskal.test.formula","closure","function","TRUE","FALSE","(formula, data, subset, na.action, ...) ","ctest","NA","1.5.0","released",FALSE
"ks.test","closure","function","TRUE","FALSE","(x, y, ..., alternative = c(""two.sided"", ""less"", ""greater""),     exact = NULL) ","ctest","NA","1.5.0","released",FALSE
"mantelhaen.test","closure","function","TRUE","FALSE","(x, y = NULL, z = NULL, alternative = c(""two.sided"",     ""less"", ""greater""), correct = TRUE, exact = FALSE, conf.level = 0.95) ","ctest","NA","1.5.0","released",FALSE
"mcnemar.test","closure","function","TRUE","FALSE","(x, y = NULL, correct = TRUE) ","ctest","NA","1.5.0","released",FALSE
"mood.test","closure","function","TRUE","FALSE","(x, ...) ","ctest","NA","1.5.0","released",FALSE
"mood.test.default","closure","function","TRUE","FALSE","(x, y, alternative = c(""two.sided"", ""less"", ""greater""),     ...) ","ctest","NA","1.5.0","released",FALSE
"mood.test.formula","closure","function","TRUE","FALSE","(formula, data, subset, na.action, ...) ","ctest","NA","1.5.0","released",FALSE
"oneway.test","closure","function","TRUE","FALSE","(formula, data, subset, na.action, var.equal = FALSE) ","ctest","NA","1.5.0","released",FALSE
"pairwise.prop.test","closure","function","TRUE","FALSE","(x, n, p.adjust.method = p.adjust.methods, ...) ","ctest","NA","1.5.0","released",FALSE
"pairwise.t.test","closure","function","TRUE","FALSE","(x, g, p.adjust.method = p.adjust.methods, pool.sd = TRUE,     ...) ","ctest","NA","1.5.0","released",FALSE
"pairwise.table","closure","function","TRUE","FALSE","(compare.levels, level.names, p.adjust.method) ","ctest","NA","1.5.0","released",FALSE
"pairwise.wilcox.test","closure","function","TRUE","FALSE","(x, g, p.adjust.method = p.adjust.methods, ...) ","ctest","NA","1.5.0","released",FALSE
"power.prop.test","closure","function","TRUE","FALSE","(n = NULL, p1 = NULL, p2 = NULL, sig.level = 0.05, power = NULL,     alternative = c(""two.sided"", ""one.sided"")) ","ctest","NA","1.5.0","released",FALSE
"power.t.test","closure","function","TRUE","FALSE","(n = NULL, delta = NULL, sd = 1, sig.level = 0.05, power = NULL,     type = c(""two.sample"", ""one.sample"", ""paired""), alternative = c(""two.sided"",         ""one.sided"")) ","ctest","NA","1.5.0","released",FALSE
"print.pairwise.htest","closure","function","TRUE","FALSE","(x, ...) ","ctest","NA","1.5.0","released",FALSE
"print.power.htest","closure","function","TRUE","FALSE","(x, ...) ","ctest","NA","1.5.0","released",FALSE
"prop.test","closure","function","TRUE","FALSE","(x, n, p = NULL, alternative = c(""two.sided"", ""less"",     ""greater""), conf.level = 0.95, correct = TRUE) ","ctest","NA","1.5.0","released",FALSE
"prop.trend.test","closure","function","TRUE","FALSE","(x, n, score = 1:length(x)) ","ctest","NA","1.5.0","released",FALSE
"quade.test","closure","function","TRUE","FALSE","(y, ...) ","ctest","NA","1.5.0","released",FALSE
"quade.test.default","closure","function","TRUE","FALSE","(y, groups, blocks, ...) ","ctest","NA","1.5.0","released",FALSE
"quade.test.formula","closure","function","TRUE","FALSE","(formula, data, subset, na.action, ...) ","ctest","NA","1.5.0","released",FALSE
"shapiro.test","closure","function","TRUE","FALSE","(x) ","ctest","NA","1.5.0","released",FALSE
"t.test","closure","function","TRUE","FALSE","(x, ...) ","ctest","NA","1.5.0","released",FALSE
"t.test.default","closure","function","TRUE","FALSE","(x, y = NULL, alternative = c(""two.sided"", ""less"", ""greater""),     mu = 0, paired = FALSE, var.equal = FALSE, conf.level = 0.95,     ...) ","ctest","NA","1.5.0","released",FALSE
"t.test.formula","closure","function","TRUE","FALSE","(formula, data, subset, na.action, ...) ","ctest","NA","1.5.0","released",FALSE
"var.test","closure","function","TRUE","FALSE","(x, ...) ","ctest","NA","1.5.0","released",FALSE
"var.test.default","closure","function","TRUE","FALSE","(x, y, ratio = 1, alternative = c(""two.sided"", ""less"",     ""greater""), conf.level = 0.95, ...) ","ctest","NA","1.5.0","released",FALSE
"var.test.formula","closure","function","TRUE","FALSE","(formula, data, subset, na.action, ...) ","ctest","NA","1.5.0","released",FALSE
"wilcox.test","closure","function","TRUE","FALSE","(x, ...) ","ctest","NA","1.5.0","released",FALSE
"wilcox.test.default","closure","function","TRUE","FALSE","(x, y = NULL, alternative = c(""two.sided"", ""less"", ""greater""),     mu = 0, paired = FALSE, exact = NULL, correct = TRUE, conf.int = FALSE,     conf.level = 0.95, ...) ","ctest","NA","1.5.0","released",FALSE
"wilcox.test.formula","closure","function","TRUE","FALSE","(formula, data, subset, na.action, ...) ","ctest","NA","1.5.0","released",FALSE
".First.lib","closure","function","TRUE","FALSE","(lib, pkg) ","eda","NA","1.5.0","released", TRUE
"coef.tukeyline","closure","function","TRUE","FALSE","(object, ...) ","eda","NA","1.5.0","released",FALSE
"fitted.tukeyline","closure","function","TRUE","FALSE","(object, ...) ","eda","NA","1.5.0","released",FALSE
"line","closure","function","TRUE","FALSE","(x, y = NULL) ","eda","NA","1.5.0","released",FALSE
"medpolish","closure","function","TRUE","FALSE","(x, eps = 0.01, maxiter = 10, trace.iter = TRUE) ","eda","NA","1.5.0","released",FALSE
"plot.medpolish","closure","function","TRUE","FALSE","(x, main = ""Tukey Additivity Plot"", ...) ","eda","NA","1.5.0","released",FALSE
"print.medpolish","closure","function","TRUE","FALSE","(x, digits = getOption(""digits""), ...) ","eda","NA","1.5.0","released",FALSE
"print.tukeyline","closure","function","TRUE","FALSE","(x, digits = max(3, getOption(""digits"") - 3), ...) ","eda","NA","1.5.0","released",FALSE
"print.tukeysmooth","closure","function","TRUE","FALSE","(x, ...) ","eda","NA","1.5.0","released",FALSE
"residuals.tukeyline","closure","function","TRUE","FALSE","(object, type = c(""working"", ""response"", ""deviance"",     ""pearson"", ""partial""), ...) ","eda","NA","1.5.0","released",FALSE
"smooth","closure","function","TRUE","FALSE","(x, kind = c(""3RS3R"", ""3RSS"", ""3RSR"", ""3R"", ""3"", ""S""),     twiceit = FALSE, endrule = ""Tukey"", do.ends = FALSE) ","eda","NA","1.5.0","released",FALSE
"summary.tukeysmooth","closure","function","TRUE","FALSE","(object, ...) ","eda","NA","1.5.0","released",FALSE
".First.lib","closure","function","TRUE","FALSE","(lib, pkg) ","foreign","NA","1.5.0","released", TRUE
"SModeNames","character","character","TRUE","FALSE","NA","foreign","NA","1.5.0","released",FALSE
"data.restore","closure","function","TRUE","FALSE","(file, print = FALSE, verbose = FALSE, env = .GlobalEnv) ","foreign","NA","1.5.0","released",FALSE
"lookup.xport","closure","function","TRUE","FALSE","(file) ","foreign","NA","1.5.0","released",FALSE
"read.S","closure","function","TRUE","FALSE","(file) ","foreign","NA","1.5.0","released",FALSE
"read.dta","closure","function","TRUE","FALSE","(file, convert.dates = TRUE, tz = ""GMT"", convert.factors = TRUE) ","foreign","NA","1.5.0","released",FALSE
"read.epiinfo","closure","function","TRUE","FALSE","(file, read.deleted = FALSE, guess.broken.dates = FALSE,     thisyear = NULL) ","foreign","NA","1.5.0","released",FALSE
"read.mtp","closure","function","TRUE","FALSE","(file) ","foreign","NA","1.5.0","released",FALSE
"read.spss","closure","function","TRUE","FALSE","(file, use.value.labels = TRUE, to.data.frame = FALSE,     max.value.labels = Inf) ","foreign","NA","1.5.0","released",FALSE
"read.ssd","closure","function","TRUE","FALSE","(libname, sectionnames, tmpXport = tempfile(), tmpProgLoc = tempfile(),     sascmd = ""sas"") ","foreign","NA","1.5.0","released",FALSE
"read.xport","closure","function","TRUE","FALSE","(file) ","foreign","NA","1.5.0","released",FALSE
"write.dta","closure","function","TRUE","FALSE","(dataframe, file, version = 6, convert.dates = TRUE,     tz = ""GMT"", convert.factors = c(""labels"", ""string"", ""numeric"",         ""codes"")) ","foreign","NA","1.5.0","released",FALSE
".First.lib","closure","function","TRUE","FALSE","(lib, pkg) ","grid","NA","1.5.0","released", TRUE
".GRID.STATE","list","list","TRUE","FALSE","NA","grid","NA","1.5.0","released", TRUE
".Last.lib","closure","function","TRUE","FALSE","(libpath) ","grid","NA","1.5.0","released", TRUE
".grid.gpar.names","character","character","TRUE","FALSE","NA","grid","NA","1.5.0","released", TRUE
".grid.loaded","logical","logical","TRUE","FALSE","NA","grid","NA","1.5.0","released", TRUE
".grid.unit.list","character","character","TRUE","FALSE","NA","grid","NA","1.5.0","released", TRUE
"Ops.unit","closure","function","TRUE","FALSE","(x, y) ","grid","NA","1.5.0","released",FALSE
"Summary.unit","closure","function","TRUE","FALSE","(..., na.rm = FALSE) ","grid","NA","1.5.0","released",FALSE
"[.unit","closure","function","TRUE","FALSE","(x, index, top = TRUE, ...) ","grid","NA","1.5.0","released",FALSE
"[.unit.arithmetic","closure","function","TRUE","FALSE","(x, index, top = TRUE, ...) ","grid","NA","1.5.0","released",FALSE
"[.unit.list","closure","function","TRUE","FALSE","(x, index, top = TRUE, ...) ","grid","NA","1.5.0","released",FALSE
"absolute","closure","function","TRUE","FALSE","(unit) ","grid","NA","1.5.0","released",FALSE
"absolute.size","closure","function","TRUE","FALSE","(unit) ","grid","NA","1.5.0","released",FALSE
"absolute.units","closure","function","TRUE","FALSE","(unit) ","grid","NA","1.5.0","released",FALSE
"absolute.units.arithmetic","closure","function","TRUE","FALSE","(ua) ","grid","NA","1.5.0","released",FALSE
"absolute.units.list","closure","function","TRUE","FALSE","(ul) ","grid","NA","1.5.0","released",FALSE
"as.character.unit","closure","function","TRUE","FALSE","(unit) ","grid","NA","1.5.0","released",FALSE
"as.character.unit.arithmetic","closure","function","TRUE","FALSE","(ua) ","grid","NA","1.5.0","released",FALSE
"as.character.unit.list","closure","function","TRUE","FALSE","(ul) ","grid","NA","1.5.0","released",FALSE
"col.spec","closure","function","TRUE","FALSE","(side, col, col.before, col.after, ncol) ","grid","NA","1.5.0","released",FALSE
"common.draw.axis","closure","function","TRUE","FALSE","(axis) ","grid","NA","1.5.0","released",FALSE
"convertNative","closure","function","TRUE","FALSE","(unit, dimension = ""x"", type = ""location"") ","grid","NA","1.5.0","released",FALSE
"copy","closure","function","TRUE","FALSE","(grob) ","grid","NA","1.5.0","released",FALSE
"current.viewport","closure","function","TRUE","FALSE","(vp = NULL) ","grid","NA","1.5.0","released",FALSE
"dataViewport","closure","function","TRUE","FALSE","(x = NULL, y = NULL, xscale = NULL, yscale = NULL, extension = 0.05,     ...) ","grid","NA","1.5.0","released",FALSE
"draw.all","closure","function","TRUE","FALSE","() ","grid","NA","1.5.0","released",FALSE
"draw.details","closure","function","TRUE","FALSE","(x, x.wrapper, recording) ","grid","NA","1.5.0","released",FALSE
"draw.details.circle","closure","function","TRUE","FALSE","(c, grob, recording = TRUE) ","grid","NA","1.5.0","released",FALSE
"draw.details.collection","closure","function","TRUE","FALSE","(collection, grob, recording = TRUE) ","grid","NA","1.5.0","released",FALSE
"draw.details.default","closure","function","TRUE","FALSE","(n, n.again, recording) ","grid","NA","1.5.0","released",FALSE
"draw.details.frame","closure","function","TRUE","FALSE","(frame, grob, recording = TRUE) ","grid","NA","1.5.0","released",FALSE
"draw.details.glist","closure","function","TRUE","FALSE","(glist, grob, recording) ","grid","NA","1.5.0","released",FALSE
"draw.details.line.to","closure","function","TRUE","FALSE","(l, grob, recording = TRUE) ","grid","NA","1.5.0","released",FALSE
"draw.details.lines","closure","function","TRUE","FALSE","(l, grob, recording = TRUE) ","grid","NA","1.5.0","released",FALSE
"draw.details.move.to","closure","function","TRUE","FALSE","(l, grob, recording = TRUE) ","grid","NA","1.5.0","released",FALSE
"draw.details.points","closure","function","TRUE","FALSE","(p, grob, recording = TRUE) ","grid","NA","1.5.0","released",FALSE
"draw.details.polygon","closure","function","TRUE","FALSE","(p, grob, recording = TRUE) ","grid","NA","1.5.0","released",FALSE
"draw.details.rect","closure","function","TRUE","FALSE","(r, grob, recording = TRUE) ","grid","NA","1.5.0","released",FALSE
"draw.details.segments","closure","function","TRUE","FALSE","(s, grob, recording = TRUE) ","grid","NA","1.5.0","released",FALSE
"draw.details.text","closure","function","TRUE","FALSE","(txt, grob, recording = TRUE) ","grid","NA","1.5.0","released",FALSE
"draw.details.viewport","closure","function","TRUE","FALSE","(vp, vp.again, recording) ","grid","NA","1.5.0","released",FALSE
"draw.details.xaxis","closure","function","TRUE","FALSE","(axis, grob, recording = TRUE) ","grid","NA","1.5.0","released",FALSE
"draw.details.yaxis","closure","function","TRUE","FALSE","(axis, grob, recording = TRUE) ","grid","NA","1.5.0","released",FALSE
"draw.frame.child","closure","function","TRUE","FALSE","(grob) ","grid","NA","1.5.0","released",FALSE
"editDetails","closure","function","TRUE","FALSE","(x, new.values) ","grid","NA","1.5.0","released",FALSE
"editDetails.default","closure","function","TRUE","FALSE","(x, new.values) ","grid","NA","1.5.0","released",FALSE
"editDetails.xaxis","closure","function","TRUE","FALSE","(axis, new.values) ","grid","NA","1.5.0","released",FALSE
"editDetails.yaxis","closure","function","TRUE","FALSE","(axis, new.values) ","grid","NA","1.5.0","released",FALSE
"get.gpar","closure","function","TRUE","FALSE","(gpar.name) ","grid","NA","1.5.0","released",FALSE
"get.value","closure","function","TRUE","FALSE","(x, ...) ","grid","NA","1.5.0","released",FALSE
"get.value.default","closure","function","TRUE","FALSE","(x, child.specs = NULL) ","grid","NA","1.5.0","released",FALSE
"get.value.grob","closure","function","TRUE","FALSE","(grob, child.specs = NULL) ","grid","NA","1.5.0","released",FALSE
"gpar","closure","function","TRUE","FALSE","(...) ","grid","NA","1.5.0","released",FALSE
"grid.Call","closure","function","TRUE","FALSE","(fnname, ...) ","grid","NA","1.5.0","released",FALSE
"grid.Call.graphics","closure","function","TRUE","FALSE","(fnname, ...) ","grid","NA","1.5.0","released",FALSE
"grid.circle","closure","function","TRUE","FALSE","(x = 0.5, y = 0.5, r = 0.5, default.units = ""npc"", gp = gpar(),     draw = TRUE, vp = NULL) ","grid","NA","1.5.0","released",FALSE
"grid.collection","closure","function","TRUE","FALSE","(..., gp = gpar(), draw = TRUE, vp = NULL) ","grid","NA","1.5.0","released",FALSE
"grid.copy","closure","function","TRUE","FALSE","(grob) ","grid","NA","1.5.0","released",FALSE
"grid.display.list","closure","function","TRUE","FALSE","(on = TRUE) ","grid","NA","1.5.0","released",FALSE
"grid.draw","closure","function","TRUE","FALSE","(x, recording = TRUE) ","grid","NA","1.5.0","released",FALSE
"grid.edit","closure","function","TRUE","FALSE","(grob, ..., redraw = TRUE) ","grid","NA","1.5.0","released",FALSE
"grid.frame","closure","function","TRUE","FALSE","(layout = NULL, vp = NULL, gp = gpar(), draw = FALSE) ","grid","NA","1.5.0","released",FALSE
"grid.get","closure","function","TRUE","FALSE","(grob, ...) ","grid","NA","1.5.0","released",FALSE
"grid.grill","closure","function","TRUE","FALSE","(h = unit(seq(0.25, 0.75, 0.25), ""npc""), v = unit(seq(0.25,     0.75, 0.25), ""npc""), default.units = ""npc"", gp = gpar(col = ""grey""),     vp = NULL) ","grid","NA","1.5.0","released",FALSE
"grid.grob","closure","function","TRUE","FALSE","(list.struct, cl = NULL, draw = TRUE) ","grid","NA","1.5.0","released",FALSE
"grid.layout","closure","function","TRUE","FALSE","(nrow = 1, ncol = 1, widths = unit(rep(1, ncol), ""null""),     heights = unit(rep(1, nrow), ""null""), default.units = ""null"",     respect = FALSE) ","grid","NA","1.5.0","released",FALSE
"grid.legend","closure","function","TRUE","FALSE","(pch, labels, frame = TRUE, hgap = unit(0.5, ""lines""),     vgap = unit(0.5, ""lines""), default.units = ""lines"", gp = gpar(),     draw = TRUE, vp = NULL) ","grid","NA","1.5.0","released",FALSE
"grid.line.to","closure","function","TRUE","FALSE","(x = 1, y = 1, default.units = ""npc"", draw = TRUE, gp = gpar(),     vp = NULL) ","grid","NA","1.5.0","released",FALSE
"grid.lines","closure","function","TRUE","FALSE","(x = unit(c(0, 1), ""npc"", units.per.obs), y = unit(c(0,     1), ""npc"", units.per.obs), default.units = ""npc"", units.per.obs = FALSE,     gp = gpar(), draw = TRUE, vp = NULL) ","grid","NA","1.5.0","released",FALSE
"grid.move.to","closure","function","TRUE","FALSE","(x = 0, y = 0, default.units = ""npc"", draw = TRUE, vp = NULL) ","grid","NA","1.5.0","released",FALSE
"grid.multipanel","closure","function","TRUE","FALSE","(x = runif(90), y = runif(90), z = runif(90), nrow = 2,     ncol = 5, nplots = 9, newpage = TRUE, vp = NULL) ","grid","NA","1.5.0","released",FALSE
"grid.newpage","closure","function","TRUE","FALSE","(recording = TRUE) ","grid","NA","1.5.0","released",FALSE
"grid.pack","closure","function","TRUE","FALSE","(frame, grob, grob.name = """", draw = TRUE, side = NULL,     row = NULL, row.before = NULL, row.after = NULL, col = NULL,     col.before = NULL, col.after = NULL, width = NULL, height = NULL,     force.width = FALSE, force.height = FALSE, border = NULL) ","grid","NA","1.5.0","released",FALSE
"grid.panel","closure","function","TRUE","FALSE","(x = runif(10), y = runif(10), zrange = c(0, 1), zbin = runif(2),     xscale = range(x) + c(-1, 1) * 0.05 * diff(range(x)), yscale = range(y) +         c(-1, 1) * 0.05 * diff(range(y)), axis.left = TRUE, axis.left.label = TRUE,     axis.right = FALSE, axis.right.label = TRUE, axis.bottom = TRUE,     axis.bottom.label = TRUE, axis.top = FALSE, axis.top.label = TRUE,     vp = NULL) ","grid","NA","1.5.0","released",FALSE
"grid.place","closure","function","TRUE","FALSE","(frame, grob, grob.name = """", draw = TRUE, row = 1,     col = 1) ","grid","NA","1.5.0","released",FALSE
"grid.plot.and.legend","closure","function","TRUE","FALSE","() ","grid","NA","1.5.0","released",FALSE
"grid.points","closure","function","TRUE","FALSE","(x = runif(10), y = runif(10), pch = 1, size = unit(1,     ""char""), default.units = ""native"", gp = gpar(), draw = TRUE,     vp = NULL) ","grid","NA","1.5.0","released",FALSE
"grid.polygon","closure","function","TRUE","FALSE","(x = c(0, 0.5, 1, 0.5), y = c(0.5, 1, 0.5, 0), default.units = ""npc"",     gp = gpar(), draw = TRUE, vp = NULL) ","grid","NA","1.5.0","released",FALSE
"grid.pretty","closure","function","TRUE","FALSE","(range) ","grid","NA","1.5.0","released",FALSE
"grid.prop.list","closure","function","TRUE","FALSE","(...) ","grid","NA","1.5.0","released",FALSE
"grid.rect","closure","function","TRUE","FALSE","(x = unit(0.5, ""npc""), y = unit(0.5, ""npc""), width = unit(1,     ""npc""), height = unit(1, ""npc""), just = ""centre"", default.units = ""npc"",     gp = gpar(), draw = TRUE, vp = NULL) ","grid","NA","1.5.0","released",FALSE
"grid.segments","closure","function","TRUE","FALSE","(x0 = unit(0, ""npc""), y0 = unit(0, ""npc""), x1 = unit(1,     ""npc""), y1 = unit(1, ""npc""), default.units = ""npc"", units.per.obs = FALSE,     gp = gpar(), draw = TRUE, vp = NULL) ","grid","NA","1.5.0","released",FALSE
"grid.set","closure","function","TRUE","FALSE","(grob, ...) ","grid","NA","1.5.0","released",FALSE
"grid.show.layout","closure","function","TRUE","FALSE","(l, newpage = TRUE, cell.border = ""blue"", cell.fill = ""light blue"",     cell.label = TRUE, vp = NULL) ","grid","NA","1.5.0","released",FALSE
"grid.show.viewport","closure","function","TRUE","FALSE","(v, parent.layout = NULL, newpage = TRUE, vp = NULL) ","grid","NA","1.5.0","released",FALSE
"grid.strip","closure","function","TRUE","FALSE","(label = ""whatever"", range.full = c(0, 1), range.thumb = c(0.3,     0.6), fill = ""#FFBF00"", thumb = ""#FF8000"", vp = NULL) ","grid","NA","1.5.0","released",FALSE
"grid.text","closure","function","TRUE","FALSE","(label, x = unit(0.5, ""npc""), y = unit(0.5, ""npc""),     just = ""centre"", rot = 0, check.overlap = FALSE, default.units = ""npc"",     gp = gpar(), draw = TRUE, vp = NULL) ","grid","NA","1.5.0","released",FALSE
"grid.top.level.vp","closure","function","TRUE","FALSE","() ","grid","NA","1.5.0","released",FALSE
"grid.xaxis","closure","function","TRUE","FALSE","(at = NA, label = TRUE, main = TRUE, gp = gpar(), draw = TRUE,     vp = NULL) ","grid","NA","1.5.0","released",FALSE
"grid.yaxis","closure","function","TRUE","FALSE","(at = NA, label = TRUE, main = TRUE, gp = gpar(), draw = TRUE,     vp = NULL) ","grid","NA","1.5.0","released",FALSE
"height","closure","function","TRUE","FALSE","(x) ","grid","NA","1.5.0","released",FALSE
"height.details","closure","function","TRUE","FALSE","(x) ","grid","NA","1.5.0","released",FALSE
"height.details.default","closure","function","TRUE","FALSE","(x) ","grid","NA","1.5.0","released",FALSE
"height.details.frame","closure","function","TRUE","FALSE","(frame) ","grid","NA","1.5.0","released",FALSE
"height.details.rect","closure","function","TRUE","FALSE","(r) ","grid","NA","1.5.0","released",FALSE
"height.details.text","closure","function","TRUE","FALSE","(txt) ","grid","NA","1.5.0","released",FALSE
"height.details.viewport","closure","function","TRUE","FALSE","(vp) ","grid","NA","1.5.0","released",FALSE
"height.post","closure","function","TRUE","FALSE","(x) ","grid","NA","1.5.0","released",FALSE
"height.post.details","closure","function","TRUE","FALSE","(x) ","grid","NA","1.5.0","released",FALSE
"height.post.details.default","closure","function","TRUE","FALSE","(x) ","grid","NA","1.5.0","released",FALSE
"height.pre","closure","function","TRUE","FALSE","(x) ","grid","NA","1.5.0","released",FALSE
"height.pre.details","closure","function","TRUE","FALSE","(x) ","grid","NA","1.5.0","released",FALSE
"height.pre.details.default","closure","function","TRUE","FALSE","(x) ","grid","NA","1.5.0","released",FALSE
"inc.display.list","closure","function","TRUE","FALSE","() ","grid","NA","1.5.0","released",FALSE
"is.even","closure","function","TRUE","FALSE","(x) ","grid","NA","1.5.0","released",FALSE
"is.gpar","closure","function","TRUE","FALSE","(x) ","grid","NA","1.5.0","released",FALSE
"is.grob","closure","function","TRUE","FALSE","(x) ","grid","NA","1.5.0","released",FALSE
"is.layout","closure","function","TRUE","FALSE","(l) ","grid","NA","1.5.0","released",FALSE
"is.odd","closure","function","TRUE","FALSE","(x) ","grid","NA","1.5.0","released",FALSE
"is.unit","closure","function","TRUE","FALSE","(unit) ","grid","NA","1.5.0","released",FALSE
"is.unit.arithmetic","closure","function","TRUE","FALSE","(x) ","grid","NA","1.5.0","released",FALSE
"is.unit.list","closure","function","TRUE","FALSE","(x) ","grid","NA","1.5.0","released",FALSE
"is.viewport","closure","function","TRUE","FALSE","(vp) ","grid","NA","1.5.0","released",FALSE
"justifyX","closure","function","TRUE","FALSE","(x, width, just) ","grid","NA","1.5.0","released",FALSE
"justifyY","closure","function","TRUE","FALSE","(y, height, just) ","grid","NA","1.5.0","released",FALSE
"layout.heights","closure","function","TRUE","FALSE","(lay) ","grid","NA","1.5.0","released",FALSE
"layout.ncol","closure","function","TRUE","FALSE","(lay) ","grid","NA","1.5.0","released",FALSE
"layout.nrow","closure","function","TRUE","FALSE","(lay) ","grid","NA","1.5.0","released",FALSE
"layout.respect","closure","function","TRUE","FALSE","(lay) ","grid","NA","1.5.0","released",FALSE
"layout.torture","closure","function","TRUE","FALSE","() ","grid","NA","1.5.0","released",FALSE
"layout.widths","closure","function","TRUE","FALSE","(lay) ","grid","NA","1.5.0","released",FALSE
"make.xaxis.labels","closure","function","TRUE","FALSE","(at, main) ","grid","NA","1.5.0","released",FALSE
"make.xaxis.major","closure","function","TRUE","FALSE","(at, main) ","grid","NA","1.5.0","released",FALSE
"make.xaxis.ticks","closure","function","TRUE","FALSE","(at, main) ","grid","NA","1.5.0","released",FALSE
"make.yaxis.labels","closure","function","TRUE","FALSE","(at, main) ","grid","NA","1.5.0","released",FALSE
"make.yaxis.major","closure","function","TRUE","FALSE","(at, main) ","grid","NA","1.5.0","released",FALSE
"make.yaxis.ticks","closure","function","TRUE","FALSE","(at, main) ","grid","NA","1.5.0","released",FALSE
"mod.dims","closure","function","TRUE","FALSE","(dim, dims, index, new.index, nindex, force) ","grid","NA","1.5.0","released",FALSE
"new.col","closure","function","TRUE","FALSE","(side, col, col.before, col.after, ncol) ","grid","NA","1.5.0","released",FALSE
"new.row","closure","function","TRUE","FALSE","(side, row, row.before, row.after, nrow) ","grid","NA","1.5.0","released",FALSE
"num.col.specs","closure","function","TRUE","FALSE","(side, col, col.before, col.after) ","grid","NA","1.5.0","released",FALSE
"num.row.specs","closure","function","TRUE","FALSE","(side, row, row.before, row.after) ","grid","NA","1.5.0","released",FALSE
"origin.bottom","closure","function","TRUE","FALSE","(origin) ","grid","NA","1.5.0","released",FALSE
"origin.left","closure","function","TRUE","FALSE","(origin) ","grid","NA","1.5.0","released",FALSE
"origin.right","closure","function","TRUE","FALSE","(origin) ","grid","NA","1.5.0","released",FALSE
"origin.top","closure","function","TRUE","FALSE","(origin) ","grid","NA","1.5.0","released",FALSE
"plotViewport","closure","function","TRUE","FALSE","(margins, ...) ","grid","NA","1.5.0","released",FALSE
"pop.saved.gpars","closure","function","TRUE","FALSE","() ","grid","NA","1.5.0","released",FALSE
"pop.viewport","closure","function","TRUE","FALSE","(n = 1, recording = TRUE) ","grid","NA","1.5.0","released",FALSE
"pop.vp","closure","function","TRUE","FALSE","(last.one, recording) ","grid","NA","1.5.0","released",FALSE
"print.grob","closure","function","TRUE","FALSE","(x, ...) ","grid","NA","1.5.0","released",FALSE
"print.unit","closure","function","TRUE","FALSE","(x, ...) ","grid","NA","1.5.0","released",FALSE
"print.viewport","closure","function","TRUE","FALSE","(x, ...) ","grid","NA","1.5.0","released",FALSE
"push.saved.gpars","closure","function","TRUE","FALSE","(gpars) ","grid","NA","1.5.0","released",FALSE
"push.viewport","closure","function","TRUE","FALSE","(..., recording = TRUE) ","grid","NA","1.5.0","released",FALSE
"push.vp","closure","function","TRUE","FALSE","(vps, index, len, recording) ","grid","NA","1.5.0","released",FALSE
"record","closure","function","TRUE","FALSE","(x) ","grid","NA","1.5.0","released",FALSE
"record.default","closure","function","TRUE","FALSE","(n) ","grid","NA","1.5.0","released",FALSE
"record.grob","closure","function","TRUE","FALSE","(grob) ","grid","NA","1.5.0","released",FALSE
"record.viewport","closure","function","TRUE","FALSE","(vp) ","grid","NA","1.5.0","released",FALSE
"recycle.data","closure","function","TRUE","FALSE","(data, data.per, max.n) ","grid","NA","1.5.0","released",FALSE
"row.spec","closure","function","TRUE","FALSE","(side, row, row.before, row.after, nrow) ","grid","NA","1.5.0","released",FALSE
"saved.pars","closure","function","TRUE","FALSE","(pars) ","grid","NA","1.5.0","released",FALSE
"set.gpar","closure","function","TRUE","FALSE","(gp) ","grid","NA","1.5.0","released",FALSE
"set.value.grob","closure","function","TRUE","FALSE","(grob, child.specs, list.struct) ","grid","NA","1.5.0","released",FALSE
"swap.origin.horizontal","closure","function","TRUE","FALSE","(origin) ","grid","NA","1.5.0","released",FALSE
"swap.origin.vertical","closure","function","TRUE","FALSE","(origin) ","grid","NA","1.5.0","released",FALSE
"unit","closure","function","TRUE","FALSE","(x, units, data = NULL) ","grid","NA","1.5.0","released",FALSE
"unit.arithmetic","closure","function","TRUE","FALSE","(func.name, arg1, arg2 = NULL) ","grid","NA","1.5.0","released",FALSE
"unit.arithmetic.length","closure","function","TRUE","FALSE","(ua) ","grid","NA","1.5.0","released",FALSE
"unit.arithmetic.rep","closure","function","TRUE","FALSE","(x, times) ","grid","NA","1.5.0","released",FALSE
"unit.c","closure","function","TRUE","FALSE","(...) ","grid","NA","1.5.0","released",FALSE
"unit.length","closure","function","TRUE","FALSE","(unit) ","grid","NA","1.5.0","released",FALSE
"unit.list","closure","function","TRUE","FALSE","(unit) ","grid","NA","1.5.0","released",FALSE
"unit.list.from.list","closure","function","TRUE","FALSE","(x) ","grid","NA","1.5.0","released",FALSE
"unit.list.length","closure","function","TRUE","FALSE","(ul) ","grid","NA","1.5.0","released",FALSE
"unit.list.rep","closure","function","TRUE","FALSE","(x, times) ","grid","NA","1.5.0","released",FALSE
"unit.pmax","closure","function","TRUE","FALSE","(...) ","grid","NA","1.5.0","released",FALSE
"unit.pmin","closure","function","TRUE","FALSE","(...) ","grid","NA","1.5.0","released",FALSE
"unit.rep","closure","function","TRUE","FALSE","(x, times, length.out) ","grid","NA","1.5.0","released",FALSE
"unset.gpar","closure","function","TRUE","FALSE","(gp) ","grid","NA","1.5.0","released",FALSE
"updateCol","closure","function","TRUE","FALSE","(grob, added.col) ","grid","NA","1.5.0","released",FALSE
"updateRow","closure","function","TRUE","FALSE","(grob, added.row) ","grid","NA","1.5.0","released",FALSE
"valid.data","closure","function","TRUE","FALSE","(units, data) ","grid","NA","1.5.0","released",FALSE
"valid.just","closure","function","TRUE","FALSE","(just, n) ","grid","NA","1.5.0","released",FALSE
"valid.layout","closure","function","TRUE","FALSE","(nrow, ncol, widths, heights, respect) ","grid","NA","1.5.0","released",FALSE
"valid.origin","closure","function","TRUE","FALSE","(origin) ","grid","NA","1.5.0","released",FALSE
"valid.pch","closure","function","TRUE","FALSE","(pch) ","grid","NA","1.5.0","released",FALSE
"valid.unit","closure","function","TRUE","FALSE","(x, units, data) ","grid","NA","1.5.0","released",FALSE
"valid.units","closure","function","TRUE","FALSE","(units) ","grid","NA","1.5.0","released",FALSE
"valid.viewport","closure","function","TRUE","FALSE","(x, y, width, height, just, origin, gp, clip, xscale,     yscale, angle, layout, layout.pos.row, layout.pos.col) ","grid","NA","1.5.0","released",FALSE
"validGP","closure","function","TRUE","FALSE","(gpars) ","grid","NA","1.5.0","released",FALSE
"viewport","closure","function","TRUE","FALSE","(x = unit(0.5, ""npc""), y = unit(0.5, ""npc""), width = unit(1,     ""npc""), height = unit(1, ""npc""), default.units = ""npc"", just = ""centre"",     origin = ""bottom.left"", gp = gpar(), clip = FALSE, xscale = c(0,         1), yscale = c(0, 1), angle = 0, layout = NULL, layout.pos.row = NULL,     layout.pos.col = NULL) ","grid","NA","1.5.0","released",FALSE
"viewport.layout","closure","function","TRUE","FALSE","(vp) ","grid","NA","1.5.0","released",FALSE
"width","closure","function","TRUE","FALSE","(x) ","grid","NA","1.5.0","released",FALSE
"width.details","closure","function","TRUE","FALSE","(x) ","grid","NA","1.5.0","released",FALSE
"width.details.default","closure","function","TRUE","FALSE","(x) ","grid","NA","1.5.0","released",FALSE
"width.details.frame","closure","function","TRUE","FALSE","(frame) ","grid","NA","1.5.0","released",FALSE
"width.details.rect","closure","function","TRUE","FALSE","(r) ","grid","NA","1.5.0","released",FALSE
"width.details.text","closure","function","TRUE","FALSE","(txt) ","grid","NA","1.5.0","released",FALSE
"width.details.viewport","closure","function","TRUE","FALSE","(vp) ","grid","NA","1.5.0","released",FALSE
"width.post","closure","function","TRUE","FALSE","(x) ","grid","NA","1.5.0","released",FALSE
"width.post.details","closure","function","TRUE","FALSE","(x) ","grid","NA","1.5.0","released",FALSE
"width.post.details.default","closure","function","TRUE","FALSE","(x) ","grid","NA","1.5.0","released",FALSE
"width.pre","closure","function","TRUE","FALSE","(x) ","grid","NA","1.5.0","released",FALSE
"width.pre.details","closure","function","TRUE","FALSE","(x) ","grid","NA","1.5.0","released",FALSE
"width.pre.details.default","closure","function","TRUE","FALSE","(x) ","grid","NA","1.5.0","released",FALSE
".First.lib","closure","function","TRUE","FALSE","(lib, pkg) ","lattice","NA","1.5.0","released", TRUE
".lattice.print.more","logical","logical","TRUE","FALSE","NA","lattice","NA","1.5.0","released", TRUE
"Rows","closure","function","TRUE","FALSE","(x, which) ","lattice","NA","1.5.0","released",FALSE
"[.shingle","closure","function","TRUE","FALSE","(x, subset, drop = FALSE) ","lattice","NA","1.5.0","released",FALSE
"as.data.frame.shingle","closure","function","TRUE","FALSE","(x, row.names = NULL, optional = FALSE) ","lattice","NA","1.5.0","released",FALSE
"as.factorOrShingle","closure","function","TRUE","FALSE","(x, subset = TRUE, drop = FALSE) ","lattice","NA","1.5.0","released",FALSE
"as.shingle","closure","function","TRUE","FALSE","(x) ","lattice","NA","1.5.0","released",FALSE
"banking","closure","function","TRUE","FALSE","(dx, dy) ","lattice","NA","1.5.0","released",FALSE
"barchart","closure","function","TRUE","FALSE","(formula, data = parent.frame(), panel = ""panel.barchart"",     prepanel = NULL, strip = TRUE, box.ratio = 2, groups = NULL,     horizontal = NULL, ..., subset = TRUE) ","lattice","NA","1.5.0","released",FALSE
"bwplot","closure","function","TRUE","FALSE","(formula, data = parent.frame(), aspect = ""fill"", layout = NULL,     panel = ""panel.bwplot"", prepanel = NULL, scales = list(),     strip = TRUE, groups = NULL, xlab, xlim, ylab, ylim, box.ratio = 1,     horizontal = NULL, ..., subscripts = !is.null(groups), subset = TRUE) ","lattice","NA","1.5.0","released",FALSE
"canonical.theme","closure","function","TRUE","FALSE","(name = ""null device"", color = TRUE) ","lattice","NA","1.5.0","released",FALSE
"cloud","closure","function","TRUE","FALSE","(formula, data = parent.frame(), aspect = c(1, 1), layout = NULL,     panel = ""panel.cloud"", subpanel = ""panel.xyplot"", prepanel = NULL,     scales = NULL, strip = TRUE, groups = NULL, xlab, xlim = range(x),     ylab, ylim = range(y), zlab, zlim = range(z), distance = 0.2,     par.box, perspective = TRUE, R.mat = diag(4), screen = list(z = 40,         x = -60), zoom = 0.9, at, pretty = FALSE, drape = FALSE,     colorkey = any(drape), col.regions, cuts = 1, ..., subscripts = TRUE,     subset = TRUE) ","lattice","NA","1.5.0","released",FALSE
"col.whitebg","closure","function","TRUE","FALSE","() ","lattice","NA","1.5.0","released",FALSE
"compute.layout","closure","function","TRUE","FALSE","(layout, cond.max.level, skip = FALSE) ","lattice","NA","1.5.0","released",FALSE
"construct.3d.scales","closure","function","TRUE","FALSE","(draw = TRUE, tck = 1, lty = 1, lwd = 1, distance = c(1,     1, 1), tick.number = 5, cex = 1, rot = FALSE, at = FALSE,     labels = FALSE, col = FALSE, log = FALSE, font = FALSE, arrows = TRUE,     relation = ""same"", x = NULL, y = NULL, z = NULL, ...) ","lattice","NA","1.5.0","released",FALSE
"construct.scales","closure","function","TRUE","FALSE","(draw = TRUE, tck = 1, tick.number = 5, cex = 1, rot = FALSE,     at = FALSE, labels = FALSE, col = FALSE, log = FALSE, font = FALSE,     alternating = TRUE, relation = ""same"", x = NULL, y = NULL,     ...) ","lattice","NA","1.5.0","released",FALSE
"contourplot","closure","function","TRUE","FALSE","(formula, data = parent.frame(), aspect = ""fill"", layout = NULL,     panel = ""panel.levelplot"", prepanel = NULL, scales = list(),     strip = TRUE, groups = NULL, xlab, xlim, ylab, ylim, cuts = 7,     contour = TRUE, pretty = TRUE, region = FALSE, ..., subscripts = TRUE,     subset = TRUE) ","lattice","NA","1.5.0","released",FALSE
"cupdate","closure","function","TRUE","FALSE","(index, maxim) ","lattice","NA","1.5.0","released",FALSE
"densityplot","closure","function","TRUE","FALSE","(formula, data = parent.frame(), aspect = ""fill"", layout = NULL,     panel = ""panel.densityplot"", prepanel = NULL, scales = list(),     strip = TRUE, groups = NULL, xlab, xlim, ylab, ylim, bw = NULL,     adjust = NULL, kernel = NULL, window = NULL, width = NULL,     give.Rkern = FALSE, n = 50, from = NULL, to = NULL, cut = NULL,     na.rm = NULL, ..., subscripts = !is.null(groups), subset = TRUE) ","lattice","NA","1.5.0","released",FALSE
"do.breaks","closure","function","TRUE","FALSE","(endpoints, nint) ","lattice","NA","1.5.0","released",FALSE
"dotplot","closure","function","TRUE","FALSE","(formula, data = parent.frame(), panel = ""panel.dotplot"",     prepanel = NULL, strip = TRUE, groups = NULL, horizontal = NULL,     ..., subset = TRUE) ","lattice","NA","1.5.0","released",FALSE
"draw.colorkey","closure","function","TRUE","FALSE","(key, draw = FALSE, vp = NULL) ","lattice","NA","1.5.0","released",FALSE
"draw.key","closure","function","TRUE","FALSE","(key, draw = FALSE, vp = NULL) ","lattice","NA","1.5.0","released",FALSE
"equal.count","closure","function","TRUE","FALSE","(x, ...) ","lattice","NA","1.5.0","released",FALSE
"extend.limits","closure","function","TRUE","FALSE","(lim, length = 1, prop = 0.07) ","lattice","NA","1.5.0","released",FALSE
"histogram","closure","function","TRUE","FALSE","(formula, data = parent.frame(), aspect = ""fill"", layout = NULL,     panel = ""panel.histogram"", prepanel = NULL, scales = list(),     strip = TRUE, groups = NULL, xlab, xlim, ylab, ylim, type = c(""percent"",         ""count"", ""density""), nint = if (is.factor(x)) length(levels(x)) else round(log2(length(x)) +         1), endpoints = extend.limits(range(x[!is.na(x)]), prop = 0.04),     breaks = if (is.factor(x)) seq(0.5, length = length(levels(x)) +         1) else do.breaks(endpoints, nint), equal.widths = TRUE,     ..., subscripts = !is.null(groups), subset = TRUE) ","lattice","NA","1.5.0","released",FALSE
"is.shingle","closure","function","TRUE","FALSE","(x) ","lattice","NA","1.5.0","released",FALSE
"larrows","closure","function","TRUE","FALSE","(x0, y0, x1, y1, angle = 30, code = 2, length = NULL,     proportion = 0.05, ...) ","lattice","NA","1.5.0","released",FALSE
"lattice.theme","list","list","TRUE","FALSE","NA","lattice","NA","1.5.0","released",FALSE
"latticeParseFormula","closure","function","TRUE","FALSE","(model, data, dimension = 2) ","lattice","NA","1.5.0","released",FALSE
"levelplot","closure","function","TRUE","FALSE","(formula, data = parent.frame(), aspect = ""fill"", layout = NULL,     panel = ""panel.levelplot"", prepanel = NULL, scales = list(),     strip = TRUE, groups = NULL, xlab, xlim, ylab, ylim, at,     col.regions = trellis.par.get(""regions"")$col, colorkey = region,     contour = FALSE, cuts = 15, labels = TRUE, pretty = FALSE,     region = TRUE, ..., subscripts = TRUE, subset = TRUE) ","lattice","NA","1.5.0","released",FALSE
"limits.and.aspect","closure","function","TRUE","FALSE","(prepanel.default.function, prepanel = NULL, have.xlim = FALSE,     xlim = NULL, have.ylim = FALSE, ylim = NULL, x.relation,     y.relation, panel.args.common = list(), panel.args = list(),     aspect, nplots, ...) ","lattice","NA","1.5.0","released",FALSE
"llines","closure","function","TRUE","FALSE","(x, y = NULL, type = ""l"", col = plot.line$col, lty = plot.line$lty,     lwd = plot.line$lwd, ...) ","lattice","NA","1.5.0","released",FALSE
"lplot.xy","closure","function","TRUE","FALSE","(xy, type, pch = 1, lty = 1, col = 1, cex = 1, lwd = 1,     font = 1, ...) ","lattice","NA","1.5.0","released",FALSE
"lpoints","closure","function","TRUE","FALSE","(x, y = NULL, type = ""p"", col = plot.symbol$col, pch = plot.symbol$pch,     cex = plot.symbol$cex, ...) ","lattice","NA","1.5.0","released",FALSE
"lpretty","closure","function","TRUE","FALSE","(x, ...) ","lattice","NA","1.5.0","released",FALSE
"lsegments","closure","function","TRUE","FALSE","(x0, y0, x1, y1, col = add.line$col, lty = add.line$lty,     lwd = add.line$lwd, ...) ","lattice","NA","1.5.0","released",FALSE
"lset","closure","function","TRUE","FALSE","(theme = col.whitebg()) ","lattice","NA","1.5.0","released",FALSE
"ltext","closure","function","TRUE","FALSE","(x, y = NULL, labels = seq(along = x), col = add.text$col,     cex = add.text$cex, srt = 0, font = 1, adj = 0.5, ...) ","lattice","NA","1.5.0","released",FALSE
"make.list.from.intervals","closure","function","TRUE","FALSE","(x) ","lattice","NA","1.5.0","released",FALSE
"oneway","closure","function","TRUE","FALSE","(formula, data, location = mean, spread = function(x) sqrt(var(x))) ","lattice","NA","1.5.0","released",FALSE
"panel.abline","closure","function","TRUE","FALSE","(a, b = NULL, h = numeric(0), v = numeric(0), col = add.line$col,     lty = add.line$lty, lwd = add.line$lwd, ...) ","lattice","NA","1.5.0","released",FALSE
"panel.barchart","closure","function","TRUE","FALSE","(x, y, box.ratio = 1, horizontal = TRUE, col = bar.fill$col,     ...) ","lattice","NA","1.5.0","released",FALSE
"panel.bwplot","closure","function","TRUE","FALSE","(x, y, box.ratio = 1, horizontal = TRUE, pch = box.dot$pch,     col = box.dot$col, cex = box.dot$cex, levels.fos = NULL,     ...) ","lattice","NA","1.5.0","released",FALSE
"panel.cloud","closure","function","TRUE","FALSE","(x, y, z, subscripts, distance, xlim, ylim, zlim, subpanel = ""panel.xyplot"",     rot.mat = rot.mat, aspect = aspect, zcol, col.regions, par.box = NULL,     xlab, ylab, zlab, scales.3d, proportion = 0.6, wireframe = FALSE,     scpos = list(x = 1, y = 8, z = 12), ...) ","lattice","NA","1.5.0","released",FALSE
"panel.densityplot","closure","function","TRUE","FALSE","(x, darg = list(n = 30), plot.points = TRUE, ref = FALSE,     cex = 0.5, col = plot.line$col, col.line, ...) ","lattice","NA","1.5.0","released",FALSE
"panel.dotplot","closure","function","TRUE","FALSE","(x, y, horizontal = TRUE, pch = dot.symbol$pch, col = dot.symbol$col,     lty = dot.line$lty, lwd = dot.line$lwd, col.line = dot.line$col,     levels.fos = NULL, ...) ","lattice","NA","1.5.0","released",FALSE
"panel.fill","closure","function","TRUE","FALSE","(col = trellis.par.get(""background"")$col, ...) ","lattice","NA","1.5.0","released",FALSE
"panel.grid","closure","function","TRUE","FALSE","(h = 3, v = 3, col = reference.line$col, lty = reference.line$lty,     lwd = reference.line$lwd, ...) ","lattice","NA","1.5.0","released",FALSE
"panel.histogram","closure","function","TRUE","FALSE","(x, breaks, equal.widths = TRUE, type = ""density"", col = bar.fill$col,     ...) ","lattice","NA","1.5.0","released",FALSE
"panel.levelplot","closure","function","TRUE","FALSE","(x, y, z, wx, wy, zcol, col.regions, subscripts, at = mean(z),     labels = NULL, contour = TRUE, region = TRUE, col = add.line$col,     lty = add.line$lty, lwd = add.line$lwd, ...) ","lattice","NA","1.5.0","released",FALSE
"panel.linejoin","closure","function","TRUE","FALSE","(x, y, fun = mean, horizontal = TRUE, lwd = reference.line$lwd,     lty = reference.line$lty, col = reference.line$col, col.line,     ...) ","lattice","NA","1.5.0","released",FALSE
"panel.lmline","closure","function","TRUE","FALSE","(x, y, ...) ","lattice","NA","1.5.0","released",FALSE
"panel.loess","closure","function","TRUE","FALSE","(x, y, span = 2/3, degree = 1, family = c(""symmetric"",     ""gaussian""), evaluation = 50, lwd = add.line$lwd, lty = add.line$lty,     col = add.line$col, ...) ","lattice","NA","1.5.0","released",FALSE
"panel.mathdensity","closure","function","TRUE","FALSE","(dmath = dnorm, args = list(mean = 0, sd = 1), n = 50,     col = reference.line$col, lwd = reference.line$lwd, ...) ","lattice","NA","1.5.0","released",FALSE
"panel.pairs","closure","function","TRUE","FALSE","(z, panel = ""panel.splom"", groups = NULL, panel.subscripts,     subscripts, fontsize.small = 8, pscales = 5, ...) ","lattice","NA","1.5.0","released",FALSE
"panel.parallel","closure","function","TRUE","FALSE","(z, subscripts, col = superpose.line$col, lwd = superpose.line$lwd,     lty = superpose.line$lty, ...) ","lattice","NA","1.5.0","released",FALSE
"panel.qq","closure","function","TRUE","FALSE","(...) ","lattice","NA","1.5.0","released",FALSE
"panel.qqmath","closure","function","TRUE","FALSE","(...) ","lattice","NA","1.5.0","released",FALSE
"panel.qqmathline","closure","function","TRUE","FALSE","(y, distribution, ...) ","lattice","NA","1.5.0","released",FALSE
"panel.splom","closure","function","TRUE","FALSE","(...) ","lattice","NA","1.5.0","released",FALSE
"panel.stripplot","closure","function","TRUE","FALSE","(x, y, jitter.data = FALSE, factor = 0.5, horizontal = TRUE,     pch = plot.symbol$pch, col = plot.symbol$col, ...) ","lattice","NA","1.5.0","released",FALSE
"panel.superpose","closure","function","TRUE","FALSE","(x, y = NULL, subscripts, groups, panel.groups = ""panel.xyplot"",     col, col.line = superpose.line$col, col.symbol = superpose.symbol$col,     pch = superpose.symbol$pch, cex = superpose.symbol$cex, lty = superpose.line$lty,     lwd = superpose.line$lwd, ...) ","lattice","NA","1.5.0","released",FALSE
"panel.superpose.2","closure","function","TRUE","FALSE","(x, y, subscripts, groups, col, col.line = superpose.line$col,     col.symbol = superpose.symbol$col, pch = superpose.symbol$pch,     cex = superpose.symbol$cex, lty = superpose.line$lty, lwd = superpose.line$lwd,     type = ""p"", ...) ","lattice","NA","1.5.0","released",FALSE
"panel.tmd","closure","function","TRUE","FALSE","(...) ","lattice","NA","1.5.0","released",FALSE
"panel.wireframe","closure","function","TRUE","FALSE","(...) ","lattice","NA","1.5.0","released",FALSE
"panel.xyplot","closure","function","TRUE","FALSE","(x, y, type = ""p"", pch = plot.symbol$pch, col, col.line = plot.line$col,     col.symbol = plot.symbol$col, lty = plot.line$lty, cex = plot.symbol$cex,     lwd = plot.line$lwd, ...) ","lattice","NA","1.5.0","released",FALSE
"parallel","closure","function","TRUE","FALSE","(formula, data = parent.frame(), aspect = ""fill"", between = list(x = 0.5,     y = 0.5), layout = NULL, panel = ""panel.parallel"", prepanel = NULL,     scales = list(), strip = TRUE, groups = NULL, xlab = NULL,     xlim, ylab = NULL, ylim, varnames, ..., subscripts = !is.null(groups),     subset = TRUE) ","lattice","NA","1.5.0","released",FALSE
"plot.shingle","closure","function","TRUE","FALSE","(x, col = bar.fill$col, aspect = ""fill"", ...) ","lattice","NA","1.5.0","released",FALSE
"prepanel.default.bwplot","closure","function","TRUE","FALSE","(x, y, box.ratio, horizontal = TRUE, levels.fos = length(unique(y)),     ...) ","lattice","NA","1.5.0","released",FALSE
"prepanel.default.cloud","closure","function","TRUE","FALSE","(distance, xlim, ylim, zlim, zoom = 1, rot.mat = rot.mat,     aspect = aspect, ...) ","lattice","NA","1.5.0","released",FALSE
"prepanel.default.densityplot","closure","function","TRUE","FALSE","(x, darg, ...) ","lattice","NA","1.5.0","released",FALSE
"prepanel.default.histogram","closure","function","TRUE","FALSE","(x, breaks = NULL, equal.widths = TRUE, type = ""density"",     ...) ","lattice","NA","1.5.0","released",FALSE
"prepanel.default.levelplot","closure","function","TRUE","FALSE","(x, y, wx, wy, subscripts, ...) ","lattice","NA","1.5.0","released",FALSE
"prepanel.default.parallel","closure","function","TRUE","FALSE","(x, y, type, ...) ","lattice","NA","1.5.0","released",FALSE
"prepanel.default.qq","closure","function","TRUE","FALSE","(x, y, ...) ","lattice","NA","1.5.0","released",FALSE
"prepanel.default.qqmath","closure","function","TRUE","FALSE","(...) ","lattice","NA","1.5.0","released",FALSE
"prepanel.default.splom","closure","function","TRUE","FALSE","(x, y, type, ...) ","lattice","NA","1.5.0","released",FALSE
"prepanel.default.tmd","closure","function","TRUE","FALSE","(...) ","lattice","NA","1.5.0","released",FALSE
"prepanel.default.xyplot","closure","function","TRUE","FALSE","(x, y, type, ...) ","lattice","NA","1.5.0","released",FALSE
"prepanel.lmline","closure","function","TRUE","FALSE","(x, y, ...) ","lattice","NA","1.5.0","released",FALSE
"prepanel.loess","closure","function","TRUE","FALSE","(x, y, span = 2/3, degree = 1, family = c(""symmetric"",     ""gaussian""), evaluation = 50, lwd = add.line$lwd, lty = add.line$lty,     col = add.line$col, ...) ","lattice","NA","1.5.0","released",FALSE
"prepanel.qqmathline","closure","function","TRUE","FALSE","(y, distribution, f.value = ppoints, ...) ","lattice","NA","1.5.0","released",FALSE
"print.shingle","closure","function","TRUE","FALSE","(x, ...) ","lattice","NA","1.5.0","released",FALSE
"print.shingleLevel","closure","function","TRUE","FALSE","(x, ...) ","lattice","NA","1.5.0","released",FALSE
"print.trellis","closure","function","TRUE","FALSE","(x, position, split, more = FALSE, ...) ","lattice","NA","1.5.0","released",FALSE
"qq","closure","function","TRUE","FALSE","(formula, data = parent.frame(), aspect = ""fill"", layout = NULL,     panel = ""panel.qq"", prepanel = NULL, scales = list(), strip = TRUE,     groups = NULL, xlab, xlim, ylab, ylim, f.value = ppoints,     ..., subscripts = !is.null(groups), subset = TRUE) ","lattice","NA","1.5.0","released",FALSE
"qqmath","closure","function","TRUE","FALSE","(formula, data = parent.frame(), aspect = ""fill"", layout = NULL,     panel = ""panel.qqmath"", prepanel = NULL, scales = list(),     strip = TRUE, groups = NULL, xlab, xlim, ylab, ylim, f.value = ppoints,     distribution = qnorm, ..., subscripts = !is.null(groups),     subset = TRUE) ","lattice","NA","1.5.0","released",FALSE
"rfs","closure","function","TRUE","FALSE","(model, layout = c(2, 1), xlab = ""f-value"", ylab = NULL,     distribution = qunif, panel = function(...) ","lattice","NA","1.5.0","released",FALSE
"shingle","closure","function","TRUE","FALSE","(x, intervals = sort(unique(x))) ","lattice","NA","1.5.0","released",FALSE
"show.settings","closure","function","TRUE","FALSE","(x = NULL) ","lattice","NA","1.5.0","released",FALSE
"splom","closure","function","TRUE","FALSE","(formula, data = parent.frame(), aspect = 1, between = list(x = 0.5,     y = 0.5), layout = NULL, panel = ""panel.splom"", prepanel = NULL,     scales = list(), strip = TRUE, groups = NULL, xlab = ""Scatter Plot Matrix"",     xlim, ylab = NULL, ylim, superpanel = ""panel.pairs"", pscales = 5,     varnames, ..., subscripts = !is.null(groups), subset = TRUE) ","lattice","NA","1.5.0","released",FALSE
"strip.default","closure","function","TRUE","FALSE","(which.given, which.panel, var.name, factor.levels,     shingle.intervals, strip.names = c(FALSE, TRUE), style = 1,     bg = trellis.par.get(""strip.background"")$col[which.given],     fg = trellis.par.get(""strip.shingle"")$col[which.given], par.strip.text = trellis.par.get(""add.text"")) ","lattice","NA","1.5.0","released",FALSE
"stripplot","closure","function","TRUE","FALSE","(formula, data = parent.frame(), panel = ""panel.stripplot"",     prepanel = NULL, strip = TRUE, jitter = FALSE, factor = 0.5,     box.ratio = if (jitter) 1 else 0, groups = NULL, horizontal = NULL,     ..., subset = TRUE) ","lattice","NA","1.5.0","released",FALSE
"summary.shingle","closure","function","TRUE","FALSE","(object, ...) ","lattice","NA","1.5.0","released",FALSE
"tmd","closure","function","TRUE","FALSE","(object, aspect = ""fill"", as.table = object$as.table,     between = list(x = object$x.between, y = object$y.between),     key = object$key, layout = object$layout, main = object$main,     page = object$page, panel = ""panel.tmd"", par.strip.text = object$par.strip.text,     prepanel = NULL, scales = list(), strip = object$strip, sub = object$sub,     xlab = ""mean"", xlim = NULL, ylab = ""difference"", ylim = NULL,     ..., subscripts = !is.null(groups), subset = TRUE) ","lattice","NA","1.5.0","released",FALSE
"trellis.device","closure","function","TRUE","FALSE","(device = getOption(""device""), color = !(dev.name ==     ""postscript""), theme = NULL, bg = NULL, new = TRUE, retain = FALSE,     ...) ","lattice","NA","1.5.0","released",FALSE
"trellis.par.get","closure","function","TRUE","FALSE","(name = NULL) ","lattice","NA","1.5.0","released",FALSE
"trellis.par.set","closure","function","TRUE","FALSE","(name, value) ","lattice","NA","1.5.0","released",FALSE
"trellis.skeleton","closure","function","TRUE","FALSE","(as.table = FALSE, aspect = ""fill"", between = list(x = 0,     y = 0), key = NULL, page = NULL, main = NULL, sub = NULL,     par.strip.text = list(), skip = FALSE, strip = strip.default,     xlab = NULL, ylab = NULL, panel = panel, ...) ","lattice","NA","1.5.0","released",FALSE
"update.trellis","closure","function","TRUE","FALSE","(object, aspect, as.table, between, key, layout, main,     page, panel, par.strip.text, scales, skip, strip, sub, xlab,     xlim, ylab, ylim, ...) ","lattice","NA","1.5.0","released",FALSE
"wireframe","closure","function","TRUE","FALSE","(formula, data = parent.frame(), panel = ""panel.wireframe"",     prepanel = NULL, strip = TRUE, groups = NULL, cuts = 70,     pretty = FALSE, col.regions = trellis.par.get(""regions"")$col,     drape = FALSE, colorkey = any(drape), ..., subset = TRUE) ","lattice","NA","1.5.0","released",FALSE
"xyplot","closure","function","TRUE","FALSE","(formula, data = parent.frame(), aspect = ""fill"", layout = NULL,     panel = ""panel.xyplot"", prepanel = NULL, scales = list(),     strip = TRUE, groups = NULL, xlab, xlim, ylab, ylim, ...,     subscripts = !is.null(groups), subset = TRUE) ","lattice","NA","1.5.0","released",FALSE
".First.lib","closure","function","TRUE","FALSE","(lib, pkg) ","lqs","NA","1.5.0","released", TRUE
"cov.mcd","closure","function","TRUE","FALSE","(...) ","lqs","NA","1.5.0","released",FALSE
"cov.mve","closure","function","TRUE","FALSE","(...) ","lqs","NA","1.5.0","released",FALSE
"cov.rob","closure","function","TRUE","FALSE","(x, cor = FALSE, quantile.used = floor((n + p + 1)/2),     method = c(""mve"", ""mcd"", ""classical""), nsamp = ""best"", seed) ","lqs","NA","1.5.0","released",FALSE
"lmsreg","closure","function","TRUE","FALSE","(...) ","lqs","NA","1.5.0","released",FALSE
"lqs","closure","function","TRUE","FALSE","(x, ...) ","lqs","NA","1.5.0","released",FALSE
"lqs.default","closure","function","TRUE","FALSE","(x, y, intercept = TRUE, method = c(""lts"", ""lqs"", ""lms"",     ""S""), quantile, control = lqs.control(...), k0 = 1.548, seed,     ...) ","lqs","NA","1.5.0","released",FALSE
"lqs.formula","closure","function","TRUE","FALSE","(formula, data, ..., method = c(""lts"", ""lqs"", ""lms"",     ""S"", ""model.frame""), subset, na.action = na.fail, model = TRUE,     x.ret = FALSE, y.ret = FALSE, contrasts = NULL) ","lqs","NA","1.5.0","released",FALSE
"ltsreg","closure","function","TRUE","FALSE","(...) ","lqs","NA","1.5.0","released",FALSE
"predict.lqs","closure","function","TRUE","FALSE","(object, newdata, ...) ","lqs","NA","1.5.0","released",FALSE
"print.lqs","closure","function","TRUE","FALSE","(x, digits = max(3, getOption(""digits"") - 3), ...) ","lqs","NA","1.5.0","released",FALSE
".BasicClasses","character","character","TRUE","FALSE","NA","methods","NA","1.5.0","released", TRUE
".BasicFunsList","list","list","TRUE","FALSE","NA","methods","NA","1.5.0","released", TRUE
".EmptyPrimitiveSkeletons","list","list","TRUE","FALSE","NA","methods","NA","1.5.0","released", TRUE
".First.lib","closure","function","TRUE","FALSE","(libname, pkgname, where) ","methods","NA","1.5.0","released", TRUE
".InitBasicClasses","closure","function","TRUE","FALSE","(envir) ","methods","NA","1.5.0","released", TRUE
".InitMethodDefinitions","closure","function","TRUE","FALSE","(envir) ","methods","NA","1.5.0","released", TRUE
".InitMethodsListClass","closure","function","TRUE","FALSE","(envir) ","methods","NA","1.5.0","released", TRUE
".InitShowMethods","closure","function","TRUE","FALSE","(envir) ","methods","NA","1.5.0","released", TRUE
".InitTraceFunctions","closure","function","TRUE","FALSE","(envir) ","methods","NA","1.5.0","released", TRUE
".MakeSignature","closure","function","TRUE","FALSE","(object, def, signature) ","methods","NA","1.5.0","released", TRUE
".OldClasses","character","character","TRUE","FALSE","NA","methods","NA","1.5.0","released", TRUE
".ShortPrimitiveSkeletons","list","list","TRUE","FALSE","NA","methods","NA","1.5.0","released", TRUE
".__C__(","closure","classRepEnvironment","TRUE","FALSE","(...) ","methods","NA","1.5.0","released", TRUE
".__C__<-","closure","classRepEnvironment","TRUE","FALSE","(...) ","methods","NA","1.5.0","released", TRUE
".__C__ANY","closure","classRepEnvironment","TRUE","FALSE","(...) ","methods","NA","1.5.0","released", TRUE
".__C__EmptyMethodsList","closure","classRepEnvironment","TRUE","FALSE","(...) ","methods","NA","1.5.0","released", TRUE
".__C__LinearMethodsList","closure","classRepEnvironment","TRUE","FALSE","(...) ","methods","NA","1.5.0","released", TRUE
".__C__MethodDefinition","closure","classRepEnvironment","TRUE","FALSE","(...) ","methods","NA","1.5.0","released", TRUE
".__C__MethodDefinitionWithTrace","closure","classRepEnvironment","TRUE","FALSE","(...) ","methods","NA","1.5.0","released", TRUE
".__C__MethodWithNext","closure","classRepEnvironment","TRUE","FALSE","(...) ","methods","NA","1.5.0","released", TRUE
".__C__MethodWithNextWithTrace","closure","classRepEnvironment","TRUE","FALSE","(...) ","methods","NA","1.5.0","released", TRUE
".__C__MethodsList","closure","classRepEnvironment","TRUE","FALSE","(...) ","methods","NA","1.5.0","released", TRUE
".__C__NULL","closure","classRepEnvironment","TRUE","FALSE","(...) ","methods","NA","1.5.0","released", TRUE
".__C__OptionalMethods","closure","classRepEnvironment","TRUE","FALSE","(...) ","methods","NA","1.5.0","released", TRUE
".__C__PossibleMethod","closure","classRepEnvironment","TRUE","FALSE","(...) ","methods","NA","1.5.0","released", TRUE
".__C__VIRTUAL","closure","classRepEnvironment","TRUE","FALSE","(...) ","methods","NA","1.5.0","released", TRUE
".__C__array","closure","classRepEnvironment","TRUE","FALSE","(...) ","methods","NA","1.5.0","released", TRUE
".__C__call","closure","classRepEnvironment","TRUE","FALSE","(...) ","methods","NA","1.5.0","released", TRUE
".__C__character","closure","classRepEnvironment","TRUE","FALSE","(...) ","methods","NA","1.5.0","released", TRUE
".__C__complex","closure","classRepEnvironment","TRUE","FALSE","(...) ","methods","NA","1.5.0","released", TRUE
".__C__double","closure","classRepEnvironment","TRUE","FALSE","(...) ","methods","NA","1.5.0","released", TRUE
".__C__environment","closure","classRepEnvironment","TRUE","FALSE","(...) ","methods","NA","1.5.0","released", TRUE
".__C__expression","closure","classRepEnvironment","TRUE","FALSE","(...) ","methods","NA","1.5.0","released", TRUE
".__C__for","closure","classRepEnvironment","TRUE","FALSE","(...) ","methods","NA","1.5.0","released", TRUE
".__C__function","closure","classRepEnvironment","TRUE","FALSE","(...) ","methods","NA","1.5.0","released", TRUE
".__C__functionWithTrace","closure","classRepEnvironment","TRUE","FALSE","(...) ","methods","NA","1.5.0","released", TRUE
".__C__if","closure","classRepEnvironment","TRUE","FALSE","(...) ","methods","NA","1.5.0","released", TRUE
".__C__integer","closure","classRepEnvironment","TRUE","FALSE","(...) ","methods","NA","1.5.0","released", TRUE
".__C__language","closure","classRepEnvironment","TRUE","FALSE","(...) ","methods","NA","1.5.0","released", TRUE
".__C__list","closure","classRepEnvironment","TRUE","FALSE","(...) ","methods","NA","1.5.0","released", TRUE
".__C__logical","closure","classRepEnvironment","TRUE","FALSE","(...) ","methods","NA","1.5.0","released", TRUE
".__C__matrix","closure","classRepEnvironment","TRUE","FALSE","(...) ","methods","NA","1.5.0","released", TRUE
".__C__missing","closure","classRepEnvironment","TRUE","FALSE","(...) ","methods","NA","1.5.0","released", TRUE
".__C__name","closure","classRepEnvironment","TRUE","FALSE","(...) ","methods","NA","1.5.0","released", TRUE
".__C__numeric","closure","classRepEnvironment","TRUE","FALSE","(...) ","methods","NA","1.5.0","released", TRUE
".__C__repeat","closure","classRepEnvironment","TRUE","FALSE","(...) ","methods","NA","1.5.0","released", TRUE
".__C__signature","closure","classRepEnvironment","TRUE","FALSE","(...) ","methods","NA","1.5.0","released", TRUE
".__C__single","closure","classRepEnvironment","TRUE","FALSE","(...) ","methods","NA","1.5.0","released", TRUE
".__C__structure","closure","classRepEnvironment","TRUE","FALSE","(...) ","methods","NA","1.5.0","released", TRUE
".__C__traceable","closure","classRepEnvironment","TRUE","FALSE","(...) ","methods","NA","1.5.0","released", TRUE
".__C__ts","closure","classRepEnvironment","TRUE","FALSE","(...) ","methods","NA","1.5.0","released", TRUE
".__C__vector","closure","classRepEnvironment","TRUE","FALSE","(...) ","methods","NA","1.5.0","released", TRUE
".__C__while","closure","classRepEnvironment","TRUE","FALSE","(...) ","methods","NA","1.5.0","released", TRUE
".__C__{","closure","classRepEnvironment","TRUE","FALSE","(...) ","methods","NA","1.5.0","released", TRUE
".__M__Arith","list","MethodsList","TRUE","FALSE","NA","methods","NA","1.5.0","released", TRUE
".__M__Compare","list","MethodsList","TRUE","FALSE","NA","methods","NA","1.5.0","released", TRUE
".__M__Complex","list","MethodsList","TRUE","FALSE","NA","methods","NA","1.5.0","released", TRUE
".__M__Math","list","MethodsList","TRUE","FALSE","NA","methods","NA","1.5.0","released", TRUE
".__M__Math2","list","MethodsList","TRUE","FALSE","NA","methods","NA","1.5.0","released", TRUE
".__M__Ops","list","MethodsList","TRUE","FALSE","NA","methods","NA","1.5.0","released", TRUE
".__M__Summary","list","MethodsList","TRUE","FALSE","NA","methods","NA","1.5.0","released", TRUE
".__M__coerce","list","MethodsList","TRUE","FALSE","NA","methods","NA","1.5.0","released", TRUE
".__M__coerce<-","list","MethodsList","TRUE","FALSE","NA","methods","NA","1.5.0","released", TRUE
".__M__findNextMethod","list","MethodsList","TRUE","FALSE","NA","methods","NA","1.5.0","released", TRUE
".__M__initialize","list","MethodsList","TRUE","FALSE","NA","methods","NA","1.5.0","released", TRUE
".__M__loadMethod","list","MethodsList","TRUE","FALSE","NA","methods","NA","1.5.0","released", TRUE
".__M__show","list","MethodsList","TRUE","FALSE","NA","methods","NA","1.5.0","released", TRUE
".conflicts.OK","logical","logical","TRUE","FALSE","NA","methods","NA","1.5.0","released", TRUE
".doTracePrint","closure","function","TRUE","FALSE","(msg = """") ","methods","NA","1.5.0","released", TRUE
".findNextMethod","closure","function","TRUE","FALSE","(method, f = ""<unknown>"", mlist, optional = FALSE, excluded) ","methods","NA","1.5.0","released", TRUE
".getOrMakeMethodsList","closure","function","TRUE","FALSE","(f, fnames, where) ","methods","NA","1.5.0","released", TRUE
".makeBasicFunsList","closure","function","TRUE","FALSE","(where) ","methods","NA","1.5.0","released", TRUE
".makeTracedFunction","closure","function","TRUE","FALSE","(def, tracer, exit, at, print) ","methods","NA","1.5.0","released", TRUE
".saveImage","logical","logical","TRUE","FALSE","NA","methods","NA","1.5.0","released", TRUE
".setCoerceGeneric","closure","function","TRUE","FALSE","(where) ","methods","NA","1.5.0","released", TRUE
".traceClassName","closure","function","TRUE","FALSE","(className) ","methods","NA","1.5.0","released", TRUE
".untracedFunction","closure","function","TRUE","FALSE","(f) ","methods","NA","1.5.0","released", TRUE
".validDataPartClass","closure","function","TRUE","FALSE","(cl) ","methods","NA","1.5.0","released", TRUE
".valueClassTest","closure","function","TRUE","FALSE","(object, classes, fname) ","methods","NA","1.5.0","released", TRUE
"@<-","closure","function","TRUE","FALSE","(object, name, value) ","methods","NA","1.5.0","released",FALSE
"Arith","closure","function","TRUE","TRUE","(e1, e2) ","methods","NA","1.5.0","released",FALSE
"Compare","closure","function","TRUE","TRUE","(e1, e2) ","methods","NA","1.5.0","released",FALSE
"Complex","closure","function","TRUE","TRUE","(z) ","methods","NA","1.5.0","released",FALSE
"Math","closure","function","TRUE","TRUE","(x) ","methods","NA","1.5.0","released",FALSE
"Math2","closure","function","TRUE","TRUE","(x, digits) ","methods","NA","1.5.0","released",FALSE
"MethodAddCoerce","closure","function","TRUE","FALSE","(method, argName, thisClass, methodClass) ","methods","NA","1.5.0","released",FALSE
"MethodsList","closure","function","TRUE","FALSE","(.ArgName, ...) ","methods","NA","1.5.0","released",FALSE
"MethodsListSelect","closure","function","TRUE","FALSE","(f, env, mlist = getMethodsForDispatch(f), fEnv = NULL,     finalDefault = finalDefaultMethod(mlist), evalArgs = TRUE,     useInherited = TRUE) ","methods","NA","1.5.0","released",FALSE
"Ops","closure","function","TRUE","TRUE","(e1, e2) ","methods","NA","1.5.0","released",FALSE
"Quote","special","function","TRUE","NA","","methods","NA","1.5.0","released",FALSE
"SessionClassMetaData","character","character","TRUE","FALSE","NA","methods","NA","1.5.0","released",FALSE
"SignatureMethod","closure","function","TRUE","FALSE","(names, signature, definition) ","methods","NA","1.5.0","released",FALSE
"Summary","closure","function","TRUE","TRUE","(x, ..., na.rm = FALSE) ","methods","NA","1.5.0","released",FALSE
"__ClassMetaData","environment","environment","TRUE","FALSE","NA","methods","NA","1.5.0","released",FALSE
"__MethodMetaData","environment","environment","TRUE","FALSE","NA","methods","NA","1.5.0","released",FALSE
"addMethodFrom","closure","function","TRUE","FALSE","(def, arg, Class, fromClass) ","methods","NA","1.5.0","released",FALSE
"allGenerics","closure","function","TRUE","FALSE","(where = seq(along = search())) ","methods","NA","1.5.0","released",FALSE
"allNames","closure","function","TRUE","FALSE","(x) ","methods","NA","1.5.0","released",FALSE
"as","closure","function","TRUE","FALSE","(object, Class, coerceFlag = TRUE) ","methods","NA","1.5.0","released",FALSE
"as.data.frame","closure","function","TRUE","FALSE","(x, row.names = NULL, optional = FALSE) ","methods","NA","1.5.0","released",FALSE
"as<-","closure","function","TRUE","FALSE","(object, Class, coerceFlag = TRUE, value) ","methods","NA","1.5.0","released",FALSE
"asMethodDefinition","closure","function","TRUE","FALSE","(def, signature = list()) ","methods","NA","1.5.0","released",FALSE
"assignClassDef","closure","function","TRUE","FALSE","(Class, def, where = .GlobalEnv) ","methods","NA","1.5.0","released",FALSE
"assignMethodsMetaData","closure","function","TRUE","FALSE","(f, value, where) ","methods","NA","1.5.0","released",FALSE
"assignToClassMetaData","closure","function","TRUE","FALSE","(name, value) ","methods","NA","1.5.0","released",FALSE
"assignToMethodMetaData","closure","function","TRUE","FALSE","(name, value) ","methods","NA","1.5.0","released",FALSE
"balanceMethodsList","closure","function","TRUE","FALSE","(mlist, args, check = TRUE) ","methods","NA","1.5.0","released",FALSE
"browseAll","closure","function","TRUE","FALSE","() ","methods","NA","1.5.0","released",FALSE
"cacheGenericsMetaData","closure","function","TRUE","FALSE","(generics, attach = TRUE, envir = NULL) ","methods","NA","1.5.0","released",FALSE
"cacheMetaData","closure","function","TRUE","FALSE","(envir, attach = TRUE) ","methods","NA","1.5.0","released",FALSE
"cacheMethod","closure","function","TRUE","FALSE","(f, sig, def, args = names(sig)) ","methods","NA","1.5.0","released",FALSE
"callGeneric","closure","function","TRUE","FALSE","(...) ","methods","NA","1.5.0","released",FALSE
"callNextMethod","closure","function","TRUE","FALSE","() ","methods","NA","1.5.0","released",FALSE
"checkSlotAssignment","closure","function","TRUE","FALSE","(obj, name, value) ","methods","NA","1.5.0","released",FALSE
"class","builtin","function","TRUE","NA","","methods","NA","1.5.0","released",FALSE
"class<-","closure","function","TRUE","FALSE","(x, value) ","methods","NA","1.5.0","released",FALSE
"classMetaName","closure","function","TRUE","FALSE","(name) ","methods","NA","1.5.0","released",FALSE
"coerce","closure","function","TRUE","TRUE","(from, to) ","methods","NA","1.5.0","released",FALSE
"coerce<-","closure","function","TRUE","TRUE","(from, to, value) ","methods","NA","1.5.0","released",FALSE
"completeClassDefinition","closure","function","TRUE","FALSE","(Class, ClassDef = getClassDef(Class)) ","methods","NA","1.5.0","released",FALSE
"completeExtBreadth","closure","function","TRUE","FALSE","(ClassDef, soFar = getClassName(ClassDef), level = 1) ","methods","NA","1.5.0","released",FALSE
"completeExtDepth","closure","function","TRUE","FALSE","(ClassDef, soFar = getClassName(ClassDef)) ","methods","NA","1.5.0","released",FALSE
"completeExtends","closure","function","TRUE","FALSE","(ClassDef, breadthFirst = TRUE) ","methods","NA","1.5.0","released",FALSE
"completeSubClass","closure","function","TRUE","FALSE","(fromClass, subClass, extendsHow = NULL, byClass = NULL) ","methods","NA","1.5.0","released",FALSE
"conformMethod","closure","function","TRUE","FALSE","(signature, mnames, fnames) ","methods","NA","1.5.0","released",FALSE
"copyEnvironment","closure","function","TRUE","FALSE","(object, exceptions = character()) ","methods","NA","1.5.0","released",FALSE
"defaultDumpName","closure","function","TRUE","FALSE","(generic, signature) ","methods","NA","1.5.0","released",FALSE
"defaultPrototype","closure","function","TRUE","FALSE","() ","methods","NA","1.5.0","released",FALSE
"doPrimitiveMethod","closure","function","TRUE","FALSE","(name, def, call = sys.call(-1), ev = sys.frame(sys.parent(2))) ","methods","NA","1.5.0","released",FALSE
"dumpMethod","closure","function","TRUE","FALSE","(f, signature = character(), file = defaultDumpName(f,     signature), where = -1, def = getMethod(f, signature, where = where,     optional = TRUE)) ","methods","NA","1.5.0","released",FALSE
"dumpMethods","closure","function","TRUE","FALSE","(f, file = """", signature = character(), methods, where = -1) ","methods","NA","1.5.0","released",FALSE
"el","closure","function","TRUE","FALSE","(object, where) ","methods","NA","1.5.0","released",FALSE
"el<-","special","function","TRUE","NA","","methods","NA","1.5.0","released",FALSE
"elNamed","closure","function","TRUE","FALSE","(x, name, mustFind = FALSE) ","methods","NA","1.5.0","released",FALSE
"elNamed<-","closure","function","TRUE","FALSE","(x, name, value) ","methods","NA","1.5.0","released",FALSE
"empty.dump","closure","function","TRUE","FALSE","() ","methods","NA","1.5.0","released",FALSE
"emptyMethodsList","closure","function","TRUE","FALSE","(mlist, thisClass, sublist = list()) ","methods","NA","1.5.0","released",FALSE
"existsFunction","closure","function","TRUE","FALSE","(f, generic = TRUE, where) ","methods","NA","1.5.0","released",FALSE
"extends","closure","function","TRUE","FALSE","(class1, class2, maybe = TRUE) ","methods","NA","1.5.0","released",FALSE
"extendsCoerce","closure","function","TRUE","FALSE","(fromClass, Class, formFunction = TRUE) ","methods","NA","1.5.0","released",FALSE
"extendsReplace","closure","function","TRUE","FALSE","(objectClass, Class) ","methods","NA","1.5.0","released",FALSE
"finalDefaultMethod","closure","function","TRUE","FALSE","(mlist, fname = ""NULL"") ","methods","NA","1.5.0","released",FALSE
"findExtends","closure","function","TRUE","FALSE","(class1, class2) ","methods","NA","1.5.0","released",FALSE
"findFunction","closure","function","TRUE","FALSE","(f, generic = TRUE) ","methods","NA","1.5.0","released",FALSE
"findMethod","closure","function","TRUE","FALSE","(f, signature, where = search()) ","methods","NA","1.5.0","released",FALSE
"findNextMethod","closure","function","TRUE","TRUE","(method, f = ""<unknown>"", mlist, optional = FALSE) ","methods","NA","1.5.0","released",FALSE
"findUnique","closure","function","TRUE","FALSE","(what, doFind = find, message) ","methods","NA","1.5.0","released",FALSE
"formalArgs","closure","function","TRUE","FALSE","(def) ","methods","NA","1.5.0","released",FALSE
"functionBody","closure","function","TRUE","FALSE","(fun = sys.function(sys.parent())) ","methods","NA","1.5.0","released",FALSE
"functionBody<-","closure","function","TRUE","FALSE","(f, value, envir = parent.frame()) ","methods","NA","1.5.0","released",FALSE
"generic.skeleton","closure","function","TRUE","FALSE","(name, fdef, fdefault) ","methods","NA","1.5.0","released",FALSE
"getAccess","closure","function","TRUE","FALSE","(ClassDef) ","methods","NA","1.5.0","released",FALSE
"getAllMethods","closure","function","TRUE","FALSE","(f, libs = search()) ","methods","NA","1.5.0","released",FALSE
"getAllSuperClasses","closure","function","TRUE","FALSE","(ClassDef) ","methods","NA","1.5.0","released",FALSE
"getClass","closure","function","TRUE","FALSE","(Class, .Force = FALSE) ","methods","NA","1.5.0","released",FALSE
"getClassDef","closure","function","TRUE","FALSE","(Class, where = -1) ","methods","NA","1.5.0","released",FALSE
"getClassName","closure","function","TRUE","FALSE","(ClassDef) ","methods","NA","1.5.0","released",FALSE
"getClasses","closure","function","TRUE","FALSE","(where = get(SessionClassMetaData)) ","methods","NA","1.5.0","released",FALSE
"getDataPart","closure","function","TRUE","FALSE","(object) ","methods","NA","1.5.0","released",FALSE
"getExtends","closure","function","TRUE","FALSE","(ClassDef) ","methods","NA","1.5.0","released",FALSE
"getFromClassDef","closure","function","TRUE","FALSE","(ClassDef, what) ","methods","NA","1.5.0","released",FALSE
"getFromClassMetaData","closure","function","TRUE","FALSE","(name) ","methods","NA","1.5.0","released",FALSE
"getFromMethodMetaData","closure","function","TRUE","FALSE","(name) ","methods","NA","1.5.0","released",FALSE
"getFunction","closure","function","TRUE","FALSE","(name, generic = TRUE, mustFind = TRUE, where = -1) ","methods","NA","1.5.0","released",FALSE
"getGeneric","closure","function","TRUE","FALSE","(f, mustFind = FALSE) ","methods","NA","1.5.0","released",FALSE
"getGenerics","closure","function","TRUE","FALSE","(where = seq(along = search())) ","methods","NA","1.5.0","released",FALSE
"getGroup","closure","function","TRUE","FALSE","(fdef, recursive = FALSE) ","methods","NA","1.5.0","released",FALSE
"getGroupMembers","closure","function","TRUE","FALSE","(f, fdef = getGeneric(f)) ","methods","NA","1.5.0","released",FALSE
"getMethod","closure","function","TRUE","FALSE","(f, signature = character(), where = -1, optional = FALSE) ","methods","NA","1.5.0","released",FALSE
"getMethods","closure","function","TRUE","FALSE","(f, where = -1) ","methods","NA","1.5.0","released",FALSE
"getMethodsForDispatch","closure","function","TRUE","FALSE","(f) ","methods","NA","1.5.0","released",FALSE
"getMethodsMetaData","closure","function","TRUE","FALSE","(f, where = -1) ","methods","NA","1.5.0","released",FALSE
"getProperties","closure","function","TRUE","FALSE","(ClassDef) ","methods","NA","1.5.0","released",FALSE
"getPrototype","closure","function","TRUE","FALSE","(ClassDef) ","methods","NA","1.5.0","released",FALSE
"getSlots","closure","function","TRUE","FALSE","(x, complete = TRUE) ","methods","NA","1.5.0","released",FALSE
"getSubclasses","closure","function","TRUE","FALSE","(ClassDef) ","methods","NA","1.5.0","released",FALSE
"getValidity","closure","function","TRUE","FALSE","(ClassDef) ","methods","NA","1.5.0","released",FALSE
"getVirtual","closure","function","TRUE","FALSE","(ClassDef) ","methods","NA","1.5.0","released",FALSE
"hasArg","closure","function","TRUE","FALSE","(name) ","methods","NA","1.5.0","released",FALSE
"hasMethod","closure","function","TRUE","FALSE","(f, signature = character()) ","methods","NA","1.5.0","released",FALSE
"initialize","closure","function","TRUE","TRUE","(object, ...) ","methods","NA","1.5.0","released",FALSE
"insertCachedMethods","closure","function","TRUE","FALSE","(mlist, argName, Class, fromClass, def) ","methods","NA","1.5.0","released",FALSE
"insertMethod","closure","function","TRUE","FALSE","(mlist, signature, args, def, cacheOnly = FALSE) ","methods","NA","1.5.0","released",FALSE
"insertMethodInEmptyList","closure","function","TRUE","FALSE","(mlist, def) ","methods","NA","1.5.0","released",FALSE
"is","closure","function","TRUE","FALSE","(object, class2) ","methods","NA","1.5.0","released",FALSE
"is.primitive","closure","function","TRUE","FALSE","(fdef) ","methods","NA","1.5.0","released",FALSE
"isClass","closure","function","TRUE","FALSE","(Class, formal = TRUE) ","methods","NA","1.5.0","released",FALSE
"isClassDef","closure","function","TRUE","FALSE","(object) ","methods","NA","1.5.0","released",FALSE
"isGeneric","closure","function","TRUE","FALSE","(f, where = -1, fdef = NULL, getName = FALSE) ","methods","NA","1.5.0","released",FALSE
"isGrammarSymbol","closure","function","TRUE","FALSE","(symbol) ","methods","NA","1.5.0","released",FALSE
"isGroup","closure","function","TRUE","FALSE","(f, where = -1, fdef = NULL) ","methods","NA","1.5.0","released",FALSE
"isVirtualClass","closure","function","TRUE","FALSE","(Class) ","methods","NA","1.5.0","released",FALSE
"languageEl","closure","function","TRUE","FALSE","(object, which) ","methods","NA","1.5.0","released",FALSE
"languageEl<-","closure","function","TRUE","FALSE","(object, which, value) ","methods","NA","1.5.0","released",FALSE
"linearizeMlist","closure","function","TRUE","FALSE","(mlist, inherited = TRUE) ","methods","NA","1.5.0","released",FALSE
"listFromMlist","closure","function","TRUE","FALSE","(mlist, prefix = list()) ","methods","NA","1.5.0","released",FALSE
"loadMethod","closure","function","TRUE","TRUE","(method, fname, envir) ","methods","NA","1.5.0","released",FALSE
"makeCallString","closure","function","TRUE","FALSE","(def, name = substitute(def), args = formalArgs(def)) ","methods","NA","1.5.0","released",FALSE
"makeExtends","closure","function","TRUE","FALSE","(extends) ","methods","NA","1.5.0","released",FALSE
"makeGeneric","closure","function","TRUE","FALSE","(f, fdef, keepMethods = TRUE, fdefault = getFunction(f,     generic = FALSE, mustFind = FALSE), group = character(),     valueClass = character()) ","methods","NA","1.5.0","released",FALSE
"makeMethodsList","closure","function","TRUE","FALSE","(object, level = 1) ","methods","NA","1.5.0","released",FALSE
"makePrototypeFromClassDef","closure","function","TRUE","FALSE","(properties, prototype, extends) ","methods","NA","1.5.0","released",FALSE
"makeStandardGeneric","closure","function","TRUE","FALSE","(f, fdef) ","methods","NA","1.5.0","released",FALSE
"matchArg","closure","function","TRUE","FALSE","(object, thisClass, mlist, ev) ","methods","NA","1.5.0","released",FALSE
"matchSignature","closure","function","TRUE","FALSE","(names, signature, fun) ","methods","NA","1.5.0","released",FALSE
"mergeMethods","closure","function","TRUE","FALSE","(m1, m2) ","methods","NA","1.5.0","released",FALSE
"message","closure","function","TRUE","FALSE","(...) ","methods","NA","1.5.0","released",FALSE
"methodSignatureMatrix","closure","function","TRUE","FALSE","(object, sigSlots = c(""target"", ""defined"")) ","methods","NA","1.5.0","released",FALSE
"methodsMetaName","closure","function","TRUE","FALSE","(prefix, name) ","methods","NA","1.5.0","released",FALSE
"missingArg","closure","function","TRUE","FALSE","(symbol, envir = parent.frame(), eval = FALSE) ","methods","NA","1.5.0","released",FALSE
"mlistMetaName","closure","function","TRUE","FALSE","(name) ","methods","NA","1.5.0","released",FALSE
"new","closure","function","TRUE","FALSE","(Class, ...) ","methods","NA","1.5.0","released",FALSE
"newBasic","closure","function","TRUE","FALSE","(Class, ...) ","methods","NA","1.5.0","released",FALSE
"newClassEnvironment","closure","function","TRUE","FALSE","(name, properties, extends, prototype, subclasses, virtual,     validity, access) ","methods","NA","1.5.0","released",FALSE
"newEmptyObject","closure","function","TRUE","FALSE","() ","methods","NA","1.5.0","released",FALSE
"plot","closure","function","TRUE","FALSE","(x, y, ...) ","methods","NA","1.5.0","released",FALSE
"print.MethodsList","closure","function","TRUE","FALSE","(x, ...) ","methods","NA","1.5.0","released",FALSE
"print.classRepEnvironment","closure","function","TRUE","FALSE","(x, ...) ","methods","NA","1.5.0","released",FALSE
"print.default","closure","function","TRUE","FALSE","(x, ...) ","methods","NA","1.5.0","released",FALSE
"printNoClass","closure","function","TRUE","FALSE","(x, digits = NULL, quote = TRUE, na.print = NULL, print.gap = NULL,     right = FALSE, ...) ","methods","NA","1.5.0","released",FALSE
"promptClass","closure","function","TRUE","FALSE","(clName, filename = paste(topicName(type, clName), "".Rd"",     sep = """"), type = ""class"", keywords = ""classes"", where = find(classMetaName(clName))) ","methods","NA","1.5.0","released",FALSE
"promptMethods","closure","function","TRUE","FALSE","(f, filename = TRUE, addTo = FALSE, inherited = FALSE,     type = ""methods"") ","methods","NA","1.5.0","released",FALSE
"reconcilePropertiesAndPrototype","closure","function","TRUE","FALSE","(name, properties, prototype, extends) ","methods","NA","1.5.0","released",FALSE
"rematchDefinition","closure","function","TRUE","FALSE","(definition, generic, mnames, fnames) ","methods","NA","1.5.0","released",FALSE
"removeClass","closure","function","TRUE","FALSE","(Class, where = -1) ","methods","NA","1.5.0","released",FALSE
"removeFromClassMetaData","closure","function","TRUE","FALSE","(name) ","methods","NA","1.5.0","released",FALSE
"removeFromMethodMetaData","closure","function","TRUE","FALSE","(name) ","methods","NA","1.5.0","released",FALSE
"removeGeneric","closure","function","TRUE","FALSE","(f, where = findUnique(f, doFind = findFunction)) ","methods","NA","1.5.0","released",FALSE
"removeMethod","closure","function","TRUE","FALSE","(f, signature = character(), where) ","methods","NA","1.5.0","released",FALSE
"removeMethods","closure","function","TRUE","FALSE","(f, where = find(mlistMetaName(f))) ","methods","NA","1.5.0","released",FALSE
"removeMethodsObject","closure","function","TRUE","FALSE","(f, where = findUnique(mlistMetaName(f), , paste(""methods object for function"",     f))) ","methods","NA","1.5.0","released",FALSE
"representation","closure","function","TRUE","FALSE","(...) ","methods","NA","1.5.0","released",FALSE
"requireMethods","closure","function","TRUE","FALSE","(functions, signature, message = paste(""No method defined for signature"",     paste(signature, collapse = "", ""))) ","methods","NA","1.5.0","released",FALSE
"resetClass","closure","function","TRUE","FALSE","(Class) ","methods","NA","1.5.0","released",FALSE
"resetGeneric","closure","function","TRUE","FALSE","(f) ","methods","NA","1.5.0","released",FALSE
"selectMethod","closure","function","TRUE","FALSE","(f, signature, optional = FALSE, useInherited = TRUE,     mlist = getMethods(f)) ","methods","NA","1.5.0","released",FALSE
"sessionData","closure","function","TRUE","FALSE","() ","methods","NA","1.5.0","released",FALSE
"setAllMethodsSlot","closure","function","TRUE","FALSE","(mlist) ","methods","NA","1.5.0","released",FALSE
"setAs","closure","function","TRUE","FALSE","(from, to, def, replace = NULL, where = 1) ","methods","NA","1.5.0","released",FALSE
"setClass","closure","function","TRUE","FALSE","(Class, representation = list(), prototype = NULL, contains = character(),     validity = NULL, access = NULL, where = 1, version = FALSE) ","methods","NA","1.5.0","released",FALSE
"setClassName","closure","function","TRUE","FALSE","(ClassDef, value) ","methods","NA","1.5.0","released",FALSE
"setDataPart","closure","function","TRUE","FALSE","(object, value) ","methods","NA","1.5.0","released",FALSE
"setExtends","closure","function","TRUE","FALSE","(ClassDef, value) ","methods","NA","1.5.0","released",FALSE
"setGeneric","closure","function","TRUE","FALSE","(name, def = NULL, group = NULL, valueClass = NULL,     where = 1, doAssign, myDispatch, useAsDefault = existsFunction(name,         generic = FALSE)) ","methods","NA","1.5.0","released",FALSE
"setGroupGeneric","closure","function","TRUE","FALSE","(name, def = NULL, group = NULL, valueClass = NULL,     knownMembers = character(), where = 1) ","methods","NA","1.5.0","released",FALSE
"setGroupMembers","closure","function","TRUE","FALSE","(f, members, fdef = getGeneric(f)) ","methods","NA","1.5.0","released",FALSE
"setInClassDef","closure","function","TRUE","FALSE","(ClassDef, what, value, synchronize = TRUE) ","methods","NA","1.5.0","released",FALSE
"setIs","closure","function","TRUE","FALSE","(class1, class2, test = NULL, coerce = NULL, replace = NULL,     by = NULL, dataPart = NULL, where = 1) ","methods","NA","1.5.0","released",FALSE
"setMethod","closure","function","TRUE","FALSE","(f, signature = character(), definition, where = 1,     valueClass = NULL) ","methods","NA","1.5.0","released",FALSE
"setPrimitiveMethods","closure","function","TRUE","FALSE","(f, fdef, code, generic, mlist = get("".Methods"", envir = environment(generic))) ","methods","NA","1.5.0","released",FALSE
"setProperties","closure","function","TRUE","FALSE","(ClassDef, value) ","methods","NA","1.5.0","released",FALSE
"setPrototype","closure","function","TRUE","FALSE","(ClassDef, value) ","methods","NA","1.5.0","released",FALSE
"setReplaceMethod","closure","function","TRUE","FALSE","(f, ...) ","methods","NA","1.5.0","released",FALSE
"setSClass","closure","function","TRUE","FALSE","(name, properties = list(), extends = character(), prototype = NULL,     generatorFunction, where = 1, subclasses = character(), virtual = NA,     validity = NULL, access = NULL) ","methods","NA","1.5.0","released",FALSE
"setSubclasses","closure","function","TRUE","FALSE","(ClassDef, value) ","methods","NA","1.5.0","released",FALSE
"setValidity","closure","function","TRUE","FALSE","(ClassDef, method) ","methods","NA","1.5.0","released",FALSE
"setVirtual","closure","function","TRUE","FALSE","(ClassDef, value) ","methods","NA","1.5.0","released",FALSE
"show","closure","function","TRUE","TRUE","(object) ","methods","NA","1.5.0","released",FALSE
"showClass","closure","function","TRUE","FALSE","(Class, complete = TRUE, propertiesAreCalled = ""Properties"") ","methods","NA","1.5.0","released",FALSE
"showDefault","closure","function","TRUE","FALSE","(object, printTo = stdout(), oldMethods = TRUE) ","methods","NA","1.5.0","released",FALSE
"showExtends","closure","function","TRUE","FALSE","(ext, printTo = stdout()) ","methods","NA","1.5.0","released",FALSE
"showMethods","closure","function","TRUE","FALSE","(f = character(), where = -1, classes = NULL, includeDefs = FALSE,     inherited = TRUE, printTo = stdout()) ","methods","NA","1.5.0","released",FALSE
"showMlist","closure","function","TRUE","FALSE","(mlist, includeDefs = TRUE, inherited = TRUE, classes = NULL,     useArgNames = TRUE, printTo = stdout()) ","methods","NA","1.5.0","released",FALSE
"sigToEnv","closure","function","TRUE","FALSE","(signature) ","methods","NA","1.5.0","released",FALSE
"signature","closure","function","TRUE","FALSE","(...) ","methods","NA","1.5.0","released",FALSE
"slot","closure","function","TRUE","FALSE","(object, name) ","methods","NA","1.5.0","released",FALSE
"slot<-","closure","function","TRUE","FALSE","(object, name, check = TRUE, value) ","methods","NA","1.5.0","released",FALSE
"slotNames","closure","function","TRUE","FALSE","(x) ","methods","NA","1.5.0","released",FALSE
"substituteDirect","closure","function","TRUE","FALSE","(object, frame = sys.frame(-1), cleanFunction = TRUE) ","methods","NA","1.5.0","released",FALSE
"superClassDepth","closure","function","TRUE","FALSE","(ClassDef, soFar = getClassName(ClassDef)) ","methods","NA","1.5.0","released",FALSE
"synchronizeClassDef","closure","function","TRUE","FALSE","(ClassDef) ","methods","NA","1.5.0","released",FALSE
"testVirtual","closure","function","TRUE","FALSE","(properties, extends, prototype) ","methods","NA","1.5.0","released",FALSE
"traceOff","closure","function","TRUE","FALSE","(what) ","methods","NA","1.5.0","released",FALSE
"traceOn","closure","function","TRUE","FALSE","(what, tracer = browseAll, exit = NULL) ","methods","NA","1.5.0","released",FALSE
"tryNew","closure","function","TRUE","FALSE","(Class) ","methods","NA","1.5.0","released",FALSE
"unRematchDefinition","closure","function","TRUE","FALSE","(definition) ","methods","NA","1.5.0","released",FALSE
"validObject","closure","function","TRUE","FALSE","(object, test = FALSE) ","methods","NA","1.5.0","released",FALSE
"validSlotNames","closure","function","TRUE","FALSE","(names) ","methods","NA","1.5.0","released",FALSE
".First.lib","closure","function","TRUE","FALSE","(lib, pkg) ","mgcv","NA","1.5.0","released", TRUE
"GAMsetup","closure","function","TRUE","FALSE","(G) ","mgcv","NA","1.5.0","released",FALSE
"QT","closure","function","TRUE","FALSE","(A) ","mgcv","NA","1.5.0","released",FALSE
"SANtest","closure","function","TRUE","FALSE","(n = 100, sig2 = -1) ","mgcv","NA","1.5.0","released",FALSE
"gam","closure","function","TRUE","FALSE","(formula, family = gaussian(), data = list(), weights = NULL,     control = gam.control(), scale = 0) ","mgcv","NA","1.5.0","released",FALSE
"gam.control","closure","function","TRUE","FALSE","(epsilon = 1e-04, maxit = 30, mgcv.tol = 1e-06, mgcv.max.half = 15,     trace = FALSE) ","mgcv","NA","1.5.0","released",FALSE
"gam.fit","closure","function","TRUE","FALSE","(G, start = NULL, etastart = NULL, mustart = NULL, family = gaussian(),     control = gam.control(), nb.iter = NULL) ","mgcv","NA","1.5.0","released",FALSE
"gam.nbut","closure","function","TRUE","FALSE","(G, link = log, control = gam.control(), scale = 0) ","mgcv","NA","1.5.0","released",FALSE
"gam.parser","closure","function","TRUE","FALSE","(gf, parent.level = 1) ","mgcv","NA","1.5.0","released",FALSE
"gam.setup","closure","function","TRUE","FALSE","(formula, data = list(), gam.call, predict = TRUE, parent.level = 1,     nsdf = -1) ","mgcv","NA","1.5.0","released",FALSE
"get.family","closure","function","TRUE","FALSE","(family) ","mgcv","NA","1.5.0","released",FALSE
"mgcv","closure","function","TRUE","FALSE","(M) ","mgcv","NA","1.5.0","released",FALSE
"mono.con","closure","function","TRUE","FALSE","(x, up = TRUE, lower = NA, upper = NA) ","mgcv","NA","1.5.0","released",FALSE
"neg.binom","closure","function","TRUE","FALSE","(theta = NA, link = ""log"") ","mgcv","NA","1.5.0","released",FALSE
"null.space.dimension","closure","function","TRUE","FALSE","(d, m) ","mgcv","NA","1.5.0","released",FALSE
"pcls","closure","function","TRUE","FALSE","(M) ","mgcv","NA","1.5.0","released",FALSE
"persp.gam","closure","function","TRUE","FALSE","(x, view = NULL, slice = list(), sizes = c(20, 20),     mask = FALSE, se = 2, theta = 0, phi = 15, r = sqrt(3), d = 1,     scale = TRUE, expand = 1, col = NULL, border = NULL, ltheta = -135,     lphi = 45, shade = 0.75, box = TRUE, axes = TRUE, nticks = 5,     ticktype = ""detailed"", ...) ","mgcv","NA","1.5.0","released",FALSE
"plot.gam","closure","function","TRUE","FALSE","(x, rug = TRUE, se = TRUE, pages = 0, select = NULL,     scale = -1, n = 100, n2 = 40, pers = FALSE, theta = 30, phi = 30,     jit = FALSE, ...) ","mgcv","NA","1.5.0","released",FALSE
"predict.gam","closure","function","TRUE","FALSE","(object, newdata, type = ""link"", se.fit = FALSE, plot.call = FALSE,     ...) ","mgcv","NA","1.5.0","released",FALSE
"print.gam","closure","function","TRUE","FALSE","(x, ...) ","mgcv","NA","1.5.0","released",FALSE
"print.summary.gam","closure","function","TRUE","FALSE","(x, ...) ","mgcv","NA","1.5.0","released",FALSE
"residuals.gam","closure","function","TRUE","FALSE","(object, type = c(""deviance"", ""pearson"", ""working"",     ""response""), ...) ","mgcv","NA","1.5.0","released",FALSE
"s","closure","function","TRUE","FALSE","(..., k = -1, fx = FALSE, bs = ""tp"", m = 0) ","mgcv","NA","1.5.0","released",FALSE
"summary.gam","closure","function","TRUE","FALSE","(object, ...) ","mgcv","NA","1.5.0","released",FALSE
"theta.maxl","closure","function","TRUE","FALSE","(y, mu, n = length(y), limit = 10, eps = .Machine$double.eps^0.25,     trace = FALSE) ","mgcv","NA","1.5.0","released",FALSE
"uniquecombs","closure","function","TRUE","FALSE","(x) ","mgcv","NA","1.5.0","released",FALSE
".First.lib","closure","function","TRUE","FALSE","(lib, pkg) ","modreg","NA","1.5.0","released", TRUE
"anova.loess","closure","function","TRUE","FALSE","(object, ...) ","modreg","NA","1.5.0","released",FALSE
"ksmooth","closure","function","TRUE","FALSE","(x, y, kernel = c(""box"", ""normal""), bandwidth = 0.5,     range.x = range(x), n.points = max(100, length(x)), x.points) ","modreg","NA","1.5.0","released",FALSE
"loess","closure","function","TRUE","FALSE","(formula, data = NULL, weights, subset, na.action, model = FALSE,     span = 0.75, enp.target, degree = 2, parametric = FALSE,     drop.square = FALSE, normalize = TRUE, family = c(""gaussian"",         ""symmetric""), method = c(""loess"", ""model.frame""), control = loess.control(...),     ...) ","modreg","NA","1.5.0","released",FALSE
"loess.control","closure","function","TRUE","FALSE","(surface = c(""interpolate"", ""direct""), statistics = c(""approximate"",     ""exact""), trace.hat = c(""exact"", ""approximate""), cell = 0.2,     iterations = 4, ...) ","modreg","NA","1.5.0","released",FALSE
"loess.smooth","closure","function","TRUE","FALSE","(x, y, span = 2/3, degree = 1, family = c(""symmetric"",     ""gaussian""), evaluation = 50, ...) ","modreg","NA","1.5.0","released",FALSE
"plot.ppr","closure","function","TRUE","FALSE","(x, ask, type = ""o"", ...) ","modreg","NA","1.5.0","released",FALSE
"pointwise","closure","function","TRUE","FALSE","(results, coverage) ","modreg","NA","1.5.0","released",FALSE
"ppr","closure","function","TRUE","FALSE","(x, ...) ","modreg","NA","1.5.0","released",FALSE
"ppr.default","closure","function","TRUE","FALSE","(x, y, weights = rep(1, n), ww = rep(1, q), nterms,     max.terms = nterms, optlevel = 2, sm.method = c(""supsmu"",         ""spline"", ""gcvspline""), bass = 0, span = 0, df = 5, gcvpen = 1,     ...) ","modreg","NA","1.5.0","released",FALSE
"ppr.formula","closure","function","TRUE","FALSE","(formula, data = sys.parent(), weights, subset, na.action,     contrasts = NULL, ...) ","modreg","NA","1.5.0","released",FALSE
"predLoess","closure","function","TRUE","FALSE","(y, x, newx, s, weights, robust, span, degree, normalize,     parametric, drop.square, surface, cell, family, kd, divisor,     se = FALSE) ","modreg","NA","1.5.0","released",FALSE
"predict.loess","closure","function","TRUE","FALSE","(object, newdata = NULL, se = FALSE, ...) ","modreg","NA","1.5.0","released",FALSE
"predict.ppr","closure","function","TRUE","FALSE","(object, newdata, ...) ","modreg","NA","1.5.0","released",FALSE
"predict.smooth.spline","closure","function","TRUE","FALSE","(object, x, deriv = 0, ...) ","modreg","NA","1.5.0","released",FALSE
"predict.smooth.spline.fit","closure","function","TRUE","FALSE","(object, x, deriv = 0, ...) ","modreg","NA","1.5.0","released",FALSE
"print.loess","closure","function","TRUE","FALSE","(x, digits = max(3, getOption(""digits"") - 3), ...) ","modreg","NA","1.5.0","released",FALSE
"print.ppr","closure","function","TRUE","FALSE","(x, ...) ","modreg","NA","1.5.0","released",FALSE
"print.smooth.spline","closure","function","TRUE","FALSE","(x, digits = getOption(""digits""), ...) ","modreg","NA","1.5.0","released",FALSE
"print.summary.loess","closure","function","TRUE","FALSE","(x, digits = max(3, getOption(""digits"") - 3), ...) ","modreg","NA","1.5.0","released",FALSE
"print.summary.ppr","closure","function","TRUE","FALSE","(x, ...) ","modreg","NA","1.5.0","released",FALSE
"scatter.smooth","closure","function","TRUE","FALSE","(x, y, span = 2/3, degree = 1, family = c(""symmetric"",     ""gaussian""), xlab = deparse(substitute(x)), ylab = deparse(substitute(y)),     ylim = range(y, prediction$y), evaluation = 50, ...) ","modreg","NA","1.5.0","released",FALSE
"simpleLoess","closure","function","TRUE","FALSE","(y, x, weights, span = 0.75, degree = 2, parametric = FALSE,     drop.square = FALSE, normalize = TRUE, statistics = ""approximate"",     surface = ""interpolate"", cell = 0.2, iterations = 1, trace.hat = ""exact"") ","modreg","NA","1.5.0","released",FALSE
"smooth.spline","closure","function","TRUE","FALSE","(x, y = NULL, w = NULL, df, spar = NULL, cv = FALSE,     all.knots = FALSE, df.offset = 0, penalty = 1, control.spar = list()) ","modreg","NA","1.5.0","released",FALSE
"summary.loess","closure","function","TRUE","FALSE","(object, ...) ","modreg","NA","1.5.0","released",FALSE
"summary.ppr","closure","function","TRUE","FALSE","(object, ...) ","modreg","NA","1.5.0","released",FALSE
"supsmu","closure","function","TRUE","FALSE","(x, y, wt = rep(1, n), span = ""cv"", periodic = FALSE,     bass = 0) ","modreg","NA","1.5.0","released",FALSE
".First.lib","closure","function","TRUE","FALSE","(lib, pkg) ","mva","NA","1.5.0","released", TRUE
"as.dendrogram","closure","function","TRUE","FALSE","(object, ...) ","mva","NA","1.5.0","released",FALSE
"as.dendrogram.hclust","closure","function","TRUE","FALSE","(object, ...) ","mva","NA","1.5.0","released",FALSE
"as.dist","closure","function","TRUE","FALSE","(m, diag = FALSE, upper = FALSE) ","mva","NA","1.5.0","released",FALSE
"as.hclust","closure","function","TRUE","FALSE","(x, ...) ","mva","NA","1.5.0","released",FALSE
"as.hclust.twins","closure","function","TRUE","FALSE","(x, ...) ","mva","NA","1.5.0","released",FALSE
"as.matrix.dist","closure","function","TRUE","FALSE","(x) ","mva","NA","1.5.0","released",FALSE
"biplot","closure","function","TRUE","FALSE","(x, ...) ","mva","NA","1.5.0","released",FALSE
"biplot.default","closure","function","TRUE","FALSE","(x, y, var.axes = TRUE, col, cex = rep(par(""cex""), 2),     xlabs = NULL, ylabs = NULL, expand = 1, xlim = NULL, ylim = NULL,     arrow.len = 0.1, ...) ","mva","NA","1.5.0","released",FALSE
"biplot.princomp","closure","function","TRUE","FALSE","(x, choices = 1:2, scale = 1, pc.biplot = FALSE, ...) ","mva","NA","1.5.0","released",FALSE
"cancor","closure","function","TRUE","FALSE","(x, y, xcenter = TRUE, ycenter = TRUE) ","mva","NA","1.5.0","released",FALSE
"cmdscale","closure","function","TRUE","FALSE","(d, k = 2, eig = FALSE, add = FALSE, x.ret = FALSE) ","mva","NA","1.5.0","released",FALSE
"cut.dendrogram","closure","function","TRUE","FALSE","(x, h, ...) ","mva","NA","1.5.0","released",FALSE
"cutree","closure","function","TRUE","FALSE","(tree, k = NULL, h = NULL) ","mva","NA","1.5.0","released",FALSE
"dist","closure","function","TRUE","FALSE","(x, method = ""euclidean"", diag = FALSE, upper = FALSE) ","mva","NA","1.5.0","released",FALSE
"factanal","closure","function","TRUE","FALSE","(x, factors, data = NULL, covmat = NULL, n.obs = NA,     subset, na.action, start = NULL, scores = c(""none"", ""regression"",         ""Bartlett""), rotation = ""varimax"", control = NULL, ...) ","mva","NA","1.5.0","released",FALSE
"factanal.fit.mle","closure","function","TRUE","FALSE","(cmat, factors, start = NULL, lower = 0.005, control = NULL,     ...) ","mva","NA","1.5.0","released",FALSE
"format.dist","closure","function","TRUE","FALSE","(x, ...) ","mva","NA","1.5.0","released",FALSE
"hclust","closure","function","TRUE","FALSE","(d, method = ""complete"", members = NULL) ","mva","NA","1.5.0","released",FALSE
"identify.hclust","closure","function","TRUE","FALSE","(x, FUN = NULL, N = 20, MAXCLUSTER = 20, DEV.FUN = NULL,     ...) ","mva","NA","1.5.0","released",FALSE
"kmeans","closure","function","TRUE","FALSE","(x, centers, iter.max = 10) ","mva","NA","1.5.0","released",FALSE
"loadings","closure","function","TRUE","FALSE","(x) ","mva","NA","1.5.0","released",FALSE
"names.dist","closure","function","TRUE","FALSE","(x) ","mva","NA","1.5.0","released",FALSE
"names<-.dist","closure","function","TRUE","FALSE","(x, value) ","mva","NA","1.5.0","released",FALSE
"plclust","closure","function","TRUE","FALSE","(tree, hang = 0.1, unit = FALSE, level = FALSE, hmin = 0,     square = TRUE, labels = NULL, plot. = TRUE, axes = TRUE,     frame.plot = FALSE, ann = TRUE, main = """", sub = NULL, xlab = NULL,     ylab = ""Height"") ","mva","NA","1.5.0","released",FALSE
"plot.dendrogram","closure","function","TRUE","FALSE","(x, type = c(""rectangle"", ""triangle""), center = FALSE,     xlab = """", ylab = """", ...) ","mva","NA","1.5.0","released",FALSE
"plot.hclust","closure","function","TRUE","FALSE","(x, labels = NULL, hang = 0.1, axes = TRUE, frame.plot = FALSE,     ann = TRUE, main = ""Cluster Dendrogram"", sub = NULL, xlab = NULL,     ylab = ""Height"", ...) ","mva","NA","1.5.0","released",FALSE
"plot.prcomp","closure","function","TRUE","FALSE","(x, main = deparse(substitute(x)), ...) ","mva","NA","1.5.0","released",FALSE
"plot.princomp","closure","function","TRUE","FALSE","(x, main = deparse(substitute(x)), ...) ","mva","NA","1.5.0","released",FALSE
"plotNode","closure","function","TRUE","FALSE","(x1, x2, subtree, type, center) ","mva","NA","1.5.0","released",FALSE
"plotNodeLimit","closure","function","TRUE","FALSE","(x1, x2, subtree, center) ","mva","NA","1.5.0","released",FALSE
"prcomp","closure","function","TRUE","FALSE","(x, retx = TRUE, center = TRUE, scale. = FALSE, tol = NULL) ","mva","NA","1.5.0","released",FALSE
"predict.princomp","closure","function","TRUE","FALSE","(object, newdata, ...) ","mva","NA","1.5.0","released",FALSE
"princomp","closure","function","TRUE","FALSE","(x, ...) ","mva","NA","1.5.0","released",FALSE
"princomp.default","closure","function","TRUE","FALSE","(x, cor = FALSE, scores = TRUE, covmat = NULL, subset = rep(TRUE,     nrow(as.matrix(x))), ...) ","mva","NA","1.5.0","released",FALSE
"princomp.formula","closure","function","TRUE","FALSE","(x, data = NULL, subset, na.action, ...) ","mva","NA","1.5.0","released",FALSE
"print.dist","closure","function","TRUE","FALSE","(x, diag = NULL, upper = NULL, ...) ","mva","NA","1.5.0","released",FALSE
"print.factanal","closure","function","TRUE","FALSE","(x, digits = 3, ...) ","mva","NA","1.5.0","released",FALSE
"print.hclust","closure","function","TRUE","FALSE","(x, ...) ","mva","NA","1.5.0","released",FALSE
"print.loadings","closure","function","TRUE","FALSE","(x, digits = 3, cutoff = 0.1, sort = FALSE, ...) ","mva","NA","1.5.0","released",FALSE
"print.prcomp","closure","function","TRUE","FALSE","(x, print.x = FALSE, ...) ","mva","NA","1.5.0","released",FALSE
"print.princomp","closure","function","TRUE","FALSE","(x, ...) ","mva","NA","1.5.0","released",FALSE
"print.summary.prcomp","closure","function","TRUE","FALSE","(x, digits = min(3, getOption(""digits"") - 3), ...) ","mva","NA","1.5.0","released",FALSE
"print.summary.princomp","closure","function","TRUE","FALSE","(x, digits = 3, loadings = x$print.loadings, cutoff = x$cutoff,     ...) ","mva","NA","1.5.0","released",FALSE
"promax","closure","function","TRUE","FALSE","(x, m = 4) ","mva","NA","1.5.0","released",FALSE
"rect.hclust","closure","function","TRUE","FALSE","(tree, k = NULL, which = NULL, x = NULL, h = NULL, border = 2,     cluster = NULL) ","mva","NA","1.5.0","released",FALSE
"screeplot","closure","function","TRUE","FALSE","(x, npcs = min(10, length(x$sdev)), type = c(""barplot"",     ""lines""), main = deparse(substitute(x)), ...) ","mva","NA","1.5.0","released",FALSE
"summary.prcomp","closure","function","TRUE","FALSE","(object, ...) ","mva","NA","1.5.0","released",FALSE
"summary.princomp","closure","function","TRUE","FALSE","(object, loadings = FALSE, cutoff = 0.1, ...) ","mva","NA","1.5.0","released",FALSE
"varimax","closure","function","TRUE","FALSE","(x, normalize = TRUE, eps = 1e-05) ","mva","NA","1.5.0","released",FALSE
".First.lib","closure","function","TRUE","FALSE","(lib, pkg) ","nlme","NA","1.5.0","released", TRUE
"ACF","closure","function","TRUE","FALSE","(object, maxLag, ...) ","nlme","NA","1.5.0","released",FALSE
"ACF.gls","closure","function","TRUE","FALSE","(object, maxLag, resType = c(""pearson"", ""response"",     ""normalized""), form = ~1, na.action = na.fail, ...) ","nlme","NA","1.5.0","released",FALSE
"ACF.lme","closure","function","TRUE","FALSE","(object, maxLag, resType = c(""pearson"", ""response"",     ""normalized""), ...) ","nlme","NA","1.5.0","released",FALSE
"AIC.gls","closure","function","TRUE","FALSE","(object, ..., k = 2) ","nlme","NA","1.5.0","released",FALSE
"AIC.lmList","closure","function","TRUE","FALSE","(object, ..., k = 2) ","nlme","NA","1.5.0","released",FALSE
"AIC.lme","closure","function","TRUE","FALSE","(object, ..., k = 2) ","nlme","NA","1.5.0","released",FALSE
"BIC","closure","function","TRUE","FALSE","(object, ...) ","nlme","NA","1.5.0","released",FALSE
"BIC.gls","closure","function","TRUE","FALSE","(object, ...) ","nlme","NA","1.5.0","released",FALSE
"BIC.lm","closure","function","TRUE","FALSE","(object, ...) ","nlme","NA","1.5.0","released",FALSE
"BIC.lmList","closure","function","TRUE","FALSE","(object, ...) ","nlme","NA","1.5.0","released",FALSE
"BIC.lme","closure","function","TRUE","FALSE","(object, ...) ","nlme","NA","1.5.0","released",FALSE
"BIC.logLik","closure","function","TRUE","FALSE","(object, ...) ","nlme","NA","1.5.0","released",FALSE
"BIC.nls","closure","function","TRUE","FALSE","(object, ...) ","nlme","NA","1.5.0","released",FALSE
"Dim","closure","function","TRUE","FALSE","(object, ...) ","nlme","NA","1.5.0","released",FALSE
"Dim.corSpatial","closure","function","TRUE","FALSE","(object, groups, ...) ","nlme","NA","1.5.0","released",FALSE
"Dim.corStruct","closure","function","TRUE","FALSE","(object, groups, ...) ","nlme","NA","1.5.0","released",FALSE
"Dim.default","closure","function","TRUE","FALSE","(object, ...) ","nlme","NA","1.5.0","released",FALSE
"Dim.pdCompSymm","closure","function","TRUE","FALSE","(object, ...) ","nlme","NA","1.5.0","released",FALSE
"Dim.pdDiag","closure","function","TRUE","FALSE","(object, ...) ","nlme","NA","1.5.0","released",FALSE
"Dim.pdIdent","closure","function","TRUE","FALSE","(object, ...) ","nlme","NA","1.5.0","released",FALSE
"Dim.pdMat","closure","function","TRUE","FALSE","(object, ...) ","nlme","NA","1.5.0","released",FALSE
"Dim.pdNatural","closure","function","TRUE","FALSE","(object, ...) ","nlme","NA","1.5.0","released",FALSE
"Dim.pdSymm","closure","function","TRUE","FALSE","(object, ...) ","nlme","NA","1.5.0","released",FALSE
"LDEsysMat","closure","function","TRUE","FALSE","(pars, incidence) ","nlme","NA","1.5.0","released",FALSE
"MEEM","closure","function","TRUE","FALSE","(object, conLin, niter = 0) ","nlme","NA","1.5.0","released",FALSE
"MEdecomp","closure","function","TRUE","FALSE","(conLin) ","nlme","NA","1.5.0","released",FALSE
"MEdims","closure","function","TRUE","FALSE","(groups, ncols) ","nlme","NA","1.5.0","released",FALSE
"MEestimate","closure","function","TRUE","FALSE","(object, groups, conLin = attr(object, ""conLin"")) ","nlme","NA","1.5.0","released",FALSE
"Names","closure","function","TRUE","FALSE","(object, ...) ","nlme","NA","1.5.0","released",FALSE
"Names.formula","closure","function","TRUE","FALSE","(object, data = list(), exclude = c(""pi"", "".""), ...) ","nlme","NA","1.5.0","released",FALSE
"Names.listForm","closure","function","TRUE","FALSE","(object, data = list(), exclude = c(""pi"", "".""), ...) ","nlme","NA","1.5.0","released",FALSE
"Names.pdBlocked","closure","function","TRUE","FALSE","(object, asList = FALSE, ...) ","nlme","NA","1.5.0","released",FALSE
"Names.pdMat","closure","function","TRUE","FALSE","(object, ...) ","nlme","NA","1.5.0","released",FALSE
"Names.reStruct","closure","function","TRUE","FALSE","(object, ...) ","nlme","NA","1.5.0","released",FALSE
"Names<-","closure","function","TRUE","FALSE","(object, ..., value) ","nlme","NA","1.5.0","released",FALSE
"Names<-.pdBlocked","closure","function","TRUE","FALSE","(object, ..., value) ","nlme","NA","1.5.0","released",FALSE
"Names<-.pdMat","closure","function","TRUE","FALSE","(object, ..., value) ","nlme","NA","1.5.0","released",FALSE
"Names<-.reStruct","closure","function","TRUE","FALSE","(object, ..., value) ","nlme","NA","1.5.0","released",FALSE
"VarCorr","closure","function","TRUE","FALSE","(x, sigma = 1, rdig = 3) ","nlme","NA","1.5.0","released",FALSE
"VarCorr.lme","closure","function","TRUE","FALSE","(x, sigma = 1, rdig = 3) ","nlme","NA","1.5.0","released",FALSE
"VarCorr.pdBlocked","closure","function","TRUE","FALSE","(x, sigma = 1, rdig = 3) ","nlme","NA","1.5.0","released",FALSE
"VarCorr.pdMat","closure","function","TRUE","FALSE","(x, sigma = 1, rdig = 3) ","nlme","NA","1.5.0","released",FALSE
"Variogram","closure","function","TRUE","FALSE","(object, distance, ...) ","nlme","NA","1.5.0","released",FALSE
"Variogram.corExp","closure","function","TRUE","FALSE","(object, distance = NULL, sig2 = 1, length.out = 50,     ...) ","nlme","NA","1.5.0","released",FALSE
"Variogram.corGaus","closure","function","TRUE","FALSE","(object, distance = NULL, sig2 = 1, length.out = 50,     ...) ","nlme","NA","1.5.0","released",FALSE
"Variogram.corLin","closure","function","TRUE","FALSE","(object, distance = NULL, sig2 = 1, length.out = 50,     ...) ","nlme","NA","1.5.0","released",FALSE
"Variogram.corRatio","closure","function","TRUE","FALSE","(object, distance = NULL, sig2 = 1, length.out = 50,     ...) ","nlme","NA","1.5.0","released",FALSE
"Variogram.corSpatial","closure","function","TRUE","FALSE","(object, distance = NULL, sig2 = 1, length.out = 50,     FUN, ...) ","nlme","NA","1.5.0","released",FALSE
"Variogram.corSpher","closure","function","TRUE","FALSE","(object, distance = NULL, sig2 = 1, length.out = 50,     ...) ","nlme","NA","1.5.0","released",FALSE
"Variogram.default","closure","function","TRUE","FALSE","(object, distance, ...) ","nlme","NA","1.5.0","released",FALSE
"Variogram.gls","closure","function","TRUE","FALSE","(object, distance, form = ~1, resType = c(""pearson"",     ""response"", ""normalized""), data, na.action = na.fail, maxDist,     length.out = 50, collapse = c(""quantiles"", ""fixed"", ""none""),     nint = 20, breaks, robust = FALSE, metric = c(""euclidean"",         ""maximum"", ""manhattan""), ...) ","nlme","NA","1.5.0","released",FALSE
"Variogram.lme","closure","function","TRUE","FALSE","(object, distance, form = ~1, resType = c(""pearson"",     ""response"", ""normalized""), data, na.action = na.fail, maxDist,     length.out = 50, collapse = c(""quantiles"", ""fixed"", ""none""),     nint = 20, breaks, robust = FALSE, metric = c(""euclidean"",         ""maximum"", ""manhattan""), ...) ","nlme","NA","1.5.0","released",FALSE
"[.groupedData","closure","function","TRUE","FALSE","(x, i, j, drop = if (missing(i)) TRUE else length(cols) ==     1) ","nlme","NA","1.5.0","released",FALSE
"[.pdBlocked","closure","function","TRUE","FALSE","(x, i, j, drop = TRUE) ","nlme","NA","1.5.0","released",FALSE
"[.pdMat","closure","function","TRUE","FALSE","(x, i, j, drop = TRUE) ","nlme","NA","1.5.0","released",FALSE
"[.reStruct","closure","function","TRUE","FALSE","(x, ...) ","nlme","NA","1.5.0","released",FALSE
"[<-.pdMat","closure","function","TRUE","FALSE","(x, i, j, value) ","nlme","NA","1.5.0","released",FALSE
"allCoef","closure","function","TRUE","FALSE","(..., extract = coef) ","nlme","NA","1.5.0","released",FALSE
"allVarsRec","closure","function","TRUE","FALSE","(object) ","nlme","NA","1.5.0","released",FALSE
"anova.gls","closure","function","TRUE","FALSE","(object, ..., test = TRUE, type = c(""sequential"", ""marginal""),     adjustSigma = TRUE, Terms, L, verbose = FALSE) ","nlme","NA","1.5.0","released",FALSE
"anova.lme","closure","function","TRUE","FALSE","(object, ..., test = TRUE, type = c(""sequential"", ""marginal""),     adjustSigma = TRUE, Terms, L, verbose = FALSE) ","nlme","NA","1.5.0","released",FALSE
"as.data.frame.groupedData","closure","function","TRUE","FALSE","(x, row.names = NULL, optional = FALSE) ","nlme","NA","1.5.0","released",FALSE
"as.matrix.corStruct","closure","function","TRUE","FALSE","(x) ","nlme","NA","1.5.0","released",FALSE
"as.matrix.pdMat","closure","function","TRUE","FALSE","(x) ","nlme","NA","1.5.0","released",FALSE
"as.matrix.reStruct","closure","function","TRUE","FALSE","(x) ","nlme","NA","1.5.0","released",FALSE
"asOneFormula","closure","function","TRUE","FALSE","(..., omit = c(""."", ""pi"")) ","nlme","NA","1.5.0","released",FALSE
"asTable","closure","function","TRUE","FALSE","(object) ","nlme","NA","1.5.0","released",FALSE
"asTable.groupedData","closure","function","TRUE","FALSE","(object) ","nlme","NA","1.5.0","released",FALSE
"augPred","closure","function","TRUE","FALSE","(object, primary = NULL, minimum = min(primary), maximum = max(primary),     length.out = 51, ...) ","nlme","NA","1.5.0","released",FALSE
"augPred.gls","closure","function","TRUE","FALSE","(object, primary = NULL, minimum = min(primary), maximum = max(primary),     length.out = 51, ...) ","nlme","NA","1.5.0","released",FALSE
"augPred.lmList","closure","function","TRUE","FALSE","(object, primary = NULL, minimum = min(primary), maximum = max(primary),     length.out = 51, ...) ","nlme","NA","1.5.0","released",FALSE
"augPred.lme","closure","function","TRUE","FALSE","(object, primary = NULL, minimum = min(primary), maximum = max(primary),     length.out = 51, level = Q, ...) ","nlme","NA","1.5.0","released",FALSE
"balancedGrouped","closure","function","TRUE","FALSE","(form, data, labels = NULL, units = NULL) ","nlme","NA","1.5.0","released",FALSE
"coef.corAR1","closure","function","TRUE","FALSE","(object, unconstrained = TRUE, ...) ","nlme","NA","1.5.0","released",FALSE
"coef.corARMA","closure","function","TRUE","FALSE","(object, unconstrained = TRUE, ...) ","nlme","NA","1.5.0","released",FALSE
"coef.corCAR1","closure","function","TRUE","FALSE","(object, unconstrained = TRUE, ...) ","nlme","NA","1.5.0","released",FALSE
"coef.corCompSymm","closure","function","TRUE","FALSE","(object, unconstrained = TRUE, ...) ","nlme","NA","1.5.0","released",FALSE
"coef.corIdent","closure","function","TRUE","FALSE","(object, unconstrained = TRUE, ...) ","nlme","NA","1.5.0","released",FALSE
"coef.corLin","closure","function","TRUE","FALSE","(object, unconstrained = TRUE, ...) ","nlme","NA","1.5.0","released",FALSE
"coef.corNatural","closure","function","TRUE","FALSE","(object, unconstrained = TRUE, ...) ","nlme","NA","1.5.0","released",FALSE
"coef.corSpatial","closure","function","TRUE","FALSE","(object, unconstrained = TRUE, ...) ","nlme","NA","1.5.0","released",FALSE
"coef.corSpher","closure","function","TRUE","FALSE","(object, unconstrained = TRUE, ...) ","nlme","NA","1.5.0","released",FALSE
"coef.corStruct","closure","function","TRUE","FALSE","(object, unconstrained = TRUE, ...) ","nlme","NA","1.5.0","released",FALSE
"coef.corSymm","closure","function","TRUE","FALSE","(object, unconstrained = TRUE, ...) ","nlme","NA","1.5.0","released",FALSE
"coef.gls","closure","function","TRUE","FALSE","(object, allCoef = FALSE, ...) ","nlme","NA","1.5.0","released",FALSE
"coef.gnls","closure","function","TRUE","FALSE","(object, ...) ","nlme","NA","1.5.0","released",FALSE
"coef.lmList","closure","function","TRUE","FALSE","(object, augFrame = FALSE, data = NULL, which = NULL,     FUN = mean, omitGroupingFactor = TRUE, ...) ","nlme","NA","1.5.0","released",FALSE
"coef.lme","closure","function","TRUE","FALSE","(object, augFrame = FALSE, level = Q, data, which = 1:ncol(data),     FUN = mean, omitGroupingFactor = TRUE, subset = NULL, ...) ","nlme","NA","1.5.0","released",FALSE
"coef.modelStruct","closure","function","TRUE","FALSE","(object, unconstrained = TRUE, ...) ","nlme","NA","1.5.0","released",FALSE
"coef.pdBlocked","closure","function","TRUE","FALSE","(object, unconstrained = TRUE, ...) ","nlme","NA","1.5.0","released",FALSE
"coef.pdCompSymm","closure","function","TRUE","FALSE","(object, unconstrained = TRUE, ...) ","nlme","NA","1.5.0","released",FALSE
"coef.pdDiag","closure","function","TRUE","FALSE","(object, unconstrained = TRUE, ...) ","nlme","NA","1.5.0","released",FALSE
"coef.pdIdent","closure","function","TRUE","FALSE","(object, unconstrained = TRUE, ...) ","nlme","NA","1.5.0","released",FALSE
"coef.pdMat","closure","function","TRUE","FALSE","(object, unconstrained = TRUE, ...) ","nlme","NA","1.5.0","released",FALSE
"coef.pdNatural","closure","function","TRUE","FALSE","(object, unconstrained = TRUE, ...) ","nlme","NA","1.5.0","released",FALSE
"coef.pdSymm","closure","function","TRUE","FALSE","(object, unconstrained = TRUE, ...) ","nlme","NA","1.5.0","released",FALSE
"coef.reStruct","closure","function","TRUE","FALSE","(object, unconstrained = TRUE, ...) ","nlme","NA","1.5.0","released",FALSE
"coef.summary.nlsList","closure","function","TRUE","FALSE","(object, ...) ","nlme","NA","1.5.0","released",FALSE
"coef.varComb","closure","function","TRUE","FALSE","(object, unconstrained = TRUE, allCoef = FALSE, ...) ","nlme","NA","1.5.0","released",FALSE
"coef.varConstPower","closure","function","TRUE","FALSE","(object, unconstrained = TRUE, allCoef = FALSE, ...) ","nlme","NA","1.5.0","released",FALSE
"coef.varExp","closure","function","TRUE","FALSE","(object, unconstrained = TRUE, allCoef = FALSE, ...) ","nlme","NA","1.5.0","released",FALSE
"coef.varFixed","closure","function","TRUE","FALSE","(object, ...) ","nlme","NA","1.5.0","released",FALSE
"coef.varFunc","closure","function","TRUE","FALSE","(object, unconstrained = TRUE, allCoef = FALSE, ...) ","nlme","NA","1.5.0","released",FALSE
"coef.varIdent","closure","function","TRUE","FALSE","(object, unconstrained = TRUE, allCoef = FALSE, ...) ","nlme","NA","1.5.0","released",FALSE
"coef.varPower","closure","function","TRUE","FALSE","(object, unconstrained = TRUE, allCoef = FALSE, ...) ","nlme","NA","1.5.0","released",FALSE
"coef<-","closure","function","TRUE","FALSE","(object, value) ","nlme","NA","1.5.0","released",FALSE
"coef<-.corAR1","closure","function","TRUE","FALSE","(object, value) ","nlme","NA","1.5.0","released",FALSE
"coef<-.corARMA","closure","function","TRUE","FALSE","(object, value) ","nlme","NA","1.5.0","released",FALSE
"coef<-.corCAR1","closure","function","TRUE","FALSE","(object, value) ","nlme","NA","1.5.0","released",FALSE
"coef<-.corCompSymm","closure","function","TRUE","FALSE","(object, value) ","nlme","NA","1.5.0","released",FALSE
"coef<-.corIdent","closure","function","TRUE","FALSE","(object, value) ","nlme","NA","1.5.0","released",FALSE
"coef<-.corNatural","closure","function","TRUE","FALSE","(object, value) ","nlme","NA","1.5.0","released",FALSE
"coef<-.corSpatial","closure","function","TRUE","FALSE","(object, value) ","nlme","NA","1.5.0","released",FALSE
"coef<-.corStruct","closure","function","TRUE","FALSE","(object, value) ","nlme","NA","1.5.0","released",FALSE
"coef<-.corSymm","closure","function","TRUE","FALSE","(object, value) ","nlme","NA","1.5.0","released",FALSE
"coef<-.modelStruct","closure","function","TRUE","FALSE","(object, value) ","nlme","NA","1.5.0","released",FALSE
"coef<-.pdBlocked","closure","function","TRUE","FALSE","(object, value) ","nlme","NA","1.5.0","released",FALSE
"coef<-.pdMat","closure","function","TRUE","FALSE","(object, value) ","nlme","NA","1.5.0","released",FALSE
"coef<-.reStruct","closure","function","TRUE","FALSE","(object, value) ","nlme","NA","1.5.0","released",FALSE
"coef<-.varComb","closure","function","TRUE","FALSE","(object, value) ","nlme","NA","1.5.0","released",FALSE
"coef<-.varConstPower","closure","function","TRUE","FALSE","(object, value) ","nlme","NA","1.5.0","released",FALSE
"coef<-.varExp","closure","function","TRUE","FALSE","(object, value) ","nlme","NA","1.5.0","released",FALSE
"coef<-.varFixed","closure","function","TRUE","FALSE","(object, value) ","nlme","NA","1.5.0","released",FALSE
"coef<-.varIdent","closure","function","TRUE","FALSE","(object, value) ","nlme","NA","1.5.0","released",FALSE
"coef<-.varPower","closure","function","TRUE","FALSE","(object, value) ","nlme","NA","1.5.0","released",FALSE
"coefficients<-","closure","function","TRUE","FALSE","(object, value) ","nlme","NA","1.5.0","released",FALSE
"collapse","closure","function","TRUE","FALSE","(object, ...) ","nlme","NA","1.5.0","released",FALSE
"collapse.groupedData","closure","function","TRUE","FALSE","(object, collapseLevel = Q, displayLevel = collapseLevel,     outer = NULL, inner = NULL, preserve = NULL, FUN = mean,     subset = NULL, ...) ","nlme","NA","1.5.0","released",FALSE
"compareFits","closure","function","TRUE","FALSE","(object1, object2, which = 1:ncol(object1)) ","nlme","NA","1.5.0","released",FALSE
"comparePred","closure","function","TRUE","FALSE","(object1, object2, primary = NULL, minimum = min(primary),     maximum = max(primary), length.out = 51, level = NULL, ...) ","nlme","NA","1.5.0","released",FALSE
"comparePred.gls","closure","function","TRUE","FALSE","(object1, object2, primary = NULL, minimum = min(primary),     maximum = max(primary), length.out = 51, level = NULL, ...) ","nlme","NA","1.5.0","released",FALSE
"comparePred.lmList","closure","function","TRUE","FALSE","(object1, object2, primary = NULL, minimum = min(primary),     maximum = max(primary), length.out = 51, level = NULL, ...) ","nlme","NA","1.5.0","released",FALSE
"comparePred.lme","closure","function","TRUE","FALSE","(object1, object2, primary = NULL, minimum = min(primary),     maximum = max(primary), length.out = 51, level = NULL, ...) ","nlme","NA","1.5.0","released",FALSE
"contr.SAS","closure","function","TRUE","FALSE","(n, contrasts = TRUE) ","nlme","NA","1.5.0","released",FALSE
"corAR1","closure","function","TRUE","FALSE","(value = 0, form = ~1, fixed = FALSE) ","nlme","NA","1.5.0","released",FALSE
"corARMA","closure","function","TRUE","FALSE","(value = double(p + q), form = ~1, p = 0, q = 0, fixed = FALSE) ","nlme","NA","1.5.0","released",FALSE
"corCAR1","closure","function","TRUE","FALSE","(value = 0.2, form = ~1, fixed = FALSE) ","nlme","NA","1.5.0","released",FALSE
"corCompSymm","closure","function","TRUE","FALSE","(value = 0, form = ~1, fixed = FALSE) ","nlme","NA","1.5.0","released",FALSE
"corExp","closure","function","TRUE","FALSE","(value = numeric(0), form = ~1, nugget = FALSE, metric = c(""euclidean"",     ""maximum"", ""manhattan""), fixed = FALSE) ","nlme","NA","1.5.0","released",FALSE
"corFactor","closure","function","TRUE","FALSE","(object, ...) ","nlme","NA","1.5.0","released",FALSE
"corFactor.compSymm","closure","function","TRUE","FALSE","(object, ...) ","nlme","NA","1.5.0","released",FALSE
"corFactor.corAR1","closure","function","TRUE","FALSE","(object, ...) ","nlme","NA","1.5.0","released",FALSE
"corFactor.corARMA","closure","function","TRUE","FALSE","(object, ...) ","nlme","NA","1.5.0","released",FALSE
"corFactor.corCAR1","closure","function","TRUE","FALSE","(object, ...) ","nlme","NA","1.5.0","released",FALSE
"corFactor.corNatural","closure","function","TRUE","FALSE","(object, ...) ","nlme","NA","1.5.0","released",FALSE
"corFactor.corSpatial","closure","function","TRUE","FALSE","(object, ...) ","nlme","NA","1.5.0","released",FALSE
"corFactor.corStruct","closure","function","TRUE","FALSE","(object, ...) ","nlme","NA","1.5.0","released",FALSE
"corFactor.corSymm","closure","function","TRUE","FALSE","(object, ...) ","nlme","NA","1.5.0","released",FALSE
"corGaus","closure","function","TRUE","FALSE","(value = numeric(0), form = ~1, nugget = FALSE, metric = c(""euclidean"",     ""maximum"", ""manhattan""), fixed = FALSE) ","nlme","NA","1.5.0","released",FALSE
"corIdent","closure","function","TRUE","FALSE","(form = NULL) ","nlme","NA","1.5.0","released",FALSE
"corLin","closure","function","TRUE","FALSE","(value = numeric(0), form = ~1, nugget = FALSE, metric = c(""euclidean"",     ""maximum"", ""manhattan""), fixed = FALSE) ","nlme","NA","1.5.0","released",FALSE
"corMatrix","closure","function","TRUE","FALSE","(object, ...) ","nlme","NA","1.5.0","released",FALSE
"corMatrix.corAR1","closure","function","TRUE","FALSE","(object, covariate = getCovariate(object), corr = TRUE,     ...) ","nlme","NA","1.5.0","released",FALSE
"corMatrix.corARMA","closure","function","TRUE","FALSE","(object, covariate = getCovariate(object), corr = TRUE,     ...) ","nlme","NA","1.5.0","released",FALSE
"corMatrix.corCAR1","closure","function","TRUE","FALSE","(object, covariate = getCovariate(object), corr = TRUE,     ...) ","nlme","NA","1.5.0","released",FALSE
"corMatrix.corCompSymm","closure","function","TRUE","FALSE","(object, covariate = getCovariate(object), corr = TRUE,     ...) ","nlme","NA","1.5.0","released",FALSE
"corMatrix.corIdent","closure","function","TRUE","FALSE","(object, covariate = getCovariate(object), corr, ...) ","nlme","NA","1.5.0","released",FALSE
"corMatrix.corNatural","closure","function","TRUE","FALSE","(object, covariate = getCovariate(object), corr = TRUE,     ...) ","nlme","NA","1.5.0","released",FALSE
"corMatrix.corSpatial","closure","function","TRUE","FALSE","(object, covariate = getCovariate(object), corr = TRUE,     ...) ","nlme","NA","1.5.0","released",FALSE
"corMatrix.corStruct","closure","function","TRUE","FALSE","(object, covariate = getCovariate(object), corr = TRUE,     ...) ","nlme","NA","1.5.0","released",FALSE
"corMatrix.corSymm","closure","function","TRUE","FALSE","(object, covariate = getCovariate(object), corr = TRUE,     ...) ","nlme","NA","1.5.0","released",FALSE
"corMatrix.pdBlocked","closure","function","TRUE","FALSE","(object, ...) ","nlme","NA","1.5.0","released",FALSE
"corMatrix.pdCompSymm","closure","function","TRUE","FALSE","(object, ...) ","nlme","NA","1.5.0","released",FALSE
"corMatrix.pdDiag","closure","function","TRUE","FALSE","(object, ...) ","nlme","NA","1.5.0","released",FALSE
"corMatrix.pdIdent","closure","function","TRUE","FALSE","(object, ...) ","nlme","NA","1.5.0","released",FALSE
"corMatrix.pdMat","closure","function","TRUE","FALSE","(object, ...) ","nlme","NA","1.5.0","released",FALSE
"corMatrix.reStruct","closure","function","TRUE","FALSE","(object, ...) ","nlme","NA","1.5.0","released",FALSE
"corNatural","closure","function","TRUE","FALSE","(value = numeric(0), form = ~1, fixed = FALSE) ","nlme","NA","1.5.0","released",FALSE
"corRatio","closure","function","TRUE","FALSE","(value = numeric(0), form = ~1, nugget = FALSE, metric = c(""euclidean"",     ""maximum"", ""manhattan""), fixed = FALSE) ","nlme","NA","1.5.0","released",FALSE
"corSpatial","closure","function","TRUE","FALSE","(value = numeric(0), form = ~1, nugget = FALSE, type = c(""spherical"",     ""exponential"", ""gaussian"", ""linear"", ""rational""), metric = c(""euclidean"",     ""maximum"", ""manhattan""), fixed = FALSE) ","nlme","NA","1.5.0","released",FALSE
"corSpher","closure","function","TRUE","FALSE","(value = numeric(0), form = ~1, nugget = FALSE, metric = c(""euclidean"",     ""maximum"", ""manhattan""), fixed = FALSE) ","nlme","NA","1.5.0","released",FALSE
"corSymm","closure","function","TRUE","FALSE","(value = numeric(0), form = ~1, fixed = FALSE) ","nlme","NA","1.5.0","released",FALSE
"covariate<-","closure","function","TRUE","FALSE","(object, value) ","nlme","NA","1.5.0","released",FALSE
"covariate<-.varFunc","closure","function","TRUE","FALSE","(object, value) ","nlme","NA","1.5.0","released",FALSE
"createConLin","closure","function","TRUE","FALSE","(fixed, data = sys.frame(sys.parent()), random = pdSymm(eval(as.call(fixed[-2]))),     ...) ","nlme","NA","1.5.0","released",FALSE
"fdHess","closure","function","TRUE","FALSE","(pars, fun, ..., .relStep = (.Machine$double.eps)^(1/3),     minAbsPar = 0) ","nlme","NA","1.5.0","released",FALSE
"fitted.gls","closure","function","TRUE","FALSE","(object, ...) ","nlme","NA","1.5.0","released",FALSE
"fitted.glsStruct","closure","function","TRUE","FALSE","(object, glsFit = attr(object, ""glsFit""), ...) ","nlme","NA","1.5.0","released",FALSE
"fitted.gnls","closure","function","TRUE","FALSE","(object, ...) ","nlme","NA","1.5.0","released",FALSE
"fitted.gnlsStruct","closure","function","TRUE","FALSE","(object, ...) ","nlme","NA","1.5.0","released",FALSE
"fitted.lmList","closure","function","TRUE","FALSE","(object, subset = NULL, asList = FALSE, ...) ","nlme","NA","1.5.0","released",FALSE
"fitted.lme","closure","function","TRUE","FALSE","(object, level = Q, asList = FALSE, ...) ","nlme","NA","1.5.0","released",FALSE
"fitted.lmeStruct","closure","function","TRUE","FALSE","(object, level = Q, conLin = attr(object, ""conLin""),     lmeFit = attr(object, ""lmeFit""), ...) ","nlme","NA","1.5.0","released",FALSE
"fitted.nlmeStruct","closure","function","TRUE","FALSE","(object, level = Q, conLin = attr(object, ""conLin""),     ...) ","nlme","NA","1.5.0","released",FALSE
"fixed.effects","closure","function","TRUE","FALSE","(object, ...) ","nlme","NA","1.5.0","released",FALSE
"fixef","closure","function","TRUE","FALSE","(object, ...) ","nlme","NA","1.5.0","released",FALSE
"fixef.lmList","closure","function","TRUE","FALSE","(object, ...) ","nlme","NA","1.5.0","released",FALSE
"fixef.lme","closure","function","TRUE","FALSE","(object, ...) ","nlme","NA","1.5.0","released",FALSE
"formula.corStruct","closure","function","TRUE","FALSE","(x, ...) ","nlme","NA","1.5.0","released",FALSE
"formula.gls","closure","function","TRUE","FALSE","(x, ...) ","nlme","NA","1.5.0","released",FALSE
"formula.gnls","closure","function","TRUE","FALSE","(x, ...) ","nlme","NA","1.5.0","released",FALSE
"formula.groupedData","closure","function","TRUE","FALSE","(x, ...) ","nlme","NA","1.5.0","released",FALSE
"formula.lmList","closure","function","TRUE","FALSE","(x, ...) ","nlme","NA","1.5.0","released",FALSE
"formula.lme","closure","function","TRUE","FALSE","(x, ...) ","nlme","NA","1.5.0","released",FALSE
"formula.modelStruct","closure","function","TRUE","FALSE","(x, ...) ","nlme","NA","1.5.0","released",FALSE
"formula.nlme","closure","function","TRUE","FALSE","(x, ...) ","nlme","NA","1.5.0","released",FALSE
"formula.nlsList","closure","function","TRUE","FALSE","(x, ...) ","nlme","NA","1.5.0","released",FALSE
"formula.pdBlocked","closure","function","TRUE","FALSE","(x, asList = TRUE, ...) ","nlme","NA","1.5.0","released",FALSE
"formula.pdMat","closure","function","TRUE","FALSE","(x, asList, ...) ","nlme","NA","1.5.0","released",FALSE
"formula.reStruct","closure","function","TRUE","FALSE","(x, asList = FALSE, ...) ","nlme","NA","1.5.0","released",FALSE
"formula.varComb","closure","function","TRUE","FALSE","(x, ...) ","nlme","NA","1.5.0","released",FALSE
"formula.varFunc","closure","function","TRUE","FALSE","(x, ...) ","nlme","NA","1.5.0","released",FALSE
"gapply","closure","function","TRUE","FALSE","(object, which, FUN, form = formula(object), level,     groups = getGroups(object, form, level), ...) ","nlme","NA","1.5.0","released",FALSE
"getCovariate","closure","function","TRUE","FALSE","(object, form = formula(object), data) ","nlme","NA","1.5.0","released",FALSE
"getCovariate.corSpatial","closure","function","TRUE","FALSE","(object, form = formula(object), data) ","nlme","NA","1.5.0","released",FALSE
"getCovariate.corStruct","closure","function","TRUE","FALSE","(object, form = formula(object), data) ","nlme","NA","1.5.0","released",FALSE
"getCovariate.data.frame","closure","function","TRUE","FALSE","(object, form = formula(object), data) ","nlme","NA","1.5.0","released",FALSE
"getCovariate.varFunc","closure","function","TRUE","FALSE","(object, form, data) ","nlme","NA","1.5.0","released",FALSE
"getCovariateFormula","closure","function","TRUE","FALSE","(object) ","nlme","NA","1.5.0","released",FALSE
"getData","closure","function","TRUE","FALSE","(object) ","nlme","NA","1.5.0","released",FALSE
"getData.gls","closure","function","TRUE","FALSE","(object) ","nlme","NA","1.5.0","released",FALSE
"getData.gnls","closure","function","TRUE","FALSE","(object) ","nlme","NA","1.5.0","released",FALSE
"getData.lmList","closure","function","TRUE","FALSE","(object) ","nlme","NA","1.5.0","released",FALSE
"getData.lme","closure","function","TRUE","FALSE","(object) ","nlme","NA","1.5.0","released",FALSE
"getData.nlme","closure","function","TRUE","FALSE","(object) ","nlme","NA","1.5.0","released",FALSE
"getData.nls","closure","function","TRUE","FALSE","(object) ","nlme","NA","1.5.0","released",FALSE
"getFixDF","closure","function","TRUE","FALSE","(X, grps, ngrps, assign = attr(X, ""assign""), terms) ","nlme","NA","1.5.0","released",FALSE
"getGroups","closure","function","TRUE","FALSE","(object, form = formula(object), level, data, sep = ""/"") ","nlme","NA","1.5.0","released",FALSE
"getGroups.corStruct","closure","function","TRUE","FALSE","(object, form = formula(object), level, data, sep) ","nlme","NA","1.5.0","released",FALSE
"getGroups.data.frame","closure","function","TRUE","FALSE","(object, form = formula(object), level, data, sep = ""/"") ","nlme","NA","1.5.0","released",FALSE
"getGroups.gls","closure","function","TRUE","FALSE","(object, form, level, data, sep) ","nlme","NA","1.5.0","released",FALSE
"getGroups.lmList","closure","function","TRUE","FALSE","(object, form, level, data, sep) ","nlme","NA","1.5.0","released",FALSE
"getGroups.lme","closure","function","TRUE","FALSE","(object, form, level = Q, data, sep) ","nlme","NA","1.5.0","released",FALSE
"getGroups.varFunc","closure","function","TRUE","FALSE","(object, form, level, data, sep) ","nlme","NA","1.5.0","released",FALSE
"getGroupsFormula","closure","function","TRUE","FALSE","(object, asList = FALSE, sep = ""/"") ","nlme","NA","1.5.0","released",FALSE
"getGroupsFormula.default","closure","function","TRUE","FALSE","(object, asList = FALSE, sep = ""/"") ","nlme","NA","1.5.0","released",FALSE
"getGroupsFormula.gls","closure","function","TRUE","FALSE","(object, asList = FALSE, sep) ","nlme","NA","1.5.0","released",FALSE
"getGroupsFormula.lmList","closure","function","TRUE","FALSE","(object, asList = FALSE, sep) ","nlme","NA","1.5.0","released",FALSE
"getGroupsFormula.lme","closure","function","TRUE","FALSE","(object, asList = FALSE, sep) ","nlme","NA","1.5.0","released",FALSE
"getGroupsFormula.reStruct","closure","function","TRUE","FALSE","(object, asList = FALSE, sep) ","nlme","NA","1.5.0","released",FALSE
"getParsGnls","closure","function","TRUE","FALSE","(plist, pmap, beta, N) ","nlme","NA","1.5.0","released",FALSE
"getParsNlme","closure","function","TRUE","FALSE","(plist, fmap, rmapRel, bmap, groups, beta, bvec, b,     level, N) ","nlme","NA","1.5.0","released",FALSE
"getResponse","closure","function","TRUE","FALSE","(object, form = formula(object)) ","nlme","NA","1.5.0","released",FALSE
"getResponse.data.frame","closure","function","TRUE","FALSE","(object, form = formula(object)) ","nlme","NA","1.5.0","released",FALSE
"getResponse.gls","closure","function","TRUE","FALSE","(object, form) ","nlme","NA","1.5.0","released",FALSE
"getResponse.lmList","closure","function","TRUE","FALSE","(object, form) ","nlme","NA","1.5.0","released",FALSE
"getResponse.lme","closure","function","TRUE","FALSE","(object, form) ","nlme","NA","1.5.0","released",FALSE
"getResponseFormula","closure","function","TRUE","FALSE","(object) ","nlme","NA","1.5.0","released",FALSE
"getVarCov","closure","function","TRUE","FALSE","(obj, ...) ","nlme","NA","1.5.0","released",FALSE
"getVarCov.gls","closure","function","TRUE","FALSE","(obj, individual = 1, ...) ","nlme","NA","1.5.0","released",FALSE
"getVarCov.lme","closure","function","TRUE","FALSE","(obj, individuals, type = c(""random.effects"", ""conditional"",     ""marginal""), ...) ","nlme","NA","1.5.0","released",FALSE
"gls","closure","function","TRUE","FALSE","(model, data = sys.frame(sys.parent()), correlation = NULL,     weights = NULL, subset, method = c(""REML"", ""ML""), na.action = na.fail,     control = list(), verbose = FALSE) ","nlme","NA","1.5.0","released",FALSE
"glsApVar","closure","function","TRUE","FALSE","(glsSt, sigma, conLin = attr(glsSt, ""conLin""), .relStep = (.Machine$double.eps)^(1/3),     minAbsPar = 0, natural = TRUE) ","nlme","NA","1.5.0","released",FALSE
"glsControl","closure","function","TRUE","FALSE","(maxIter = 50, msMaxIter = 50, tolerance = 1e-06, msTol = 1e-07,     msScale = lmeScale, msVerbose = FALSE, singular.ok = FALSE,     qrTol = .Machine$single.eps, returnObject = FALSE, apVar = TRUE,     .relStep = (.Machine$double.eps)^(1/3), nlmStepMax = 100,     minAbsParApVar = 0.05, natural = TRUE) ","nlme","NA","1.5.0","released",FALSE
"glsEstimate","closure","function","TRUE","FALSE","(object, conLin = attr(object, ""conLin""), control = list(singular.ok = FALSE,     qrTol = .Machine$single.eps)) ","nlme","NA","1.5.0","released",FALSE
"glsStruct","closure","function","TRUE","FALSE","(corStruct = NULL, varStruct = NULL) ","nlme","NA","1.5.0","released",FALSE
"gnls","closure","function","TRUE","FALSE","(model, data = sys.frame(sys.parent()), params, start,     correlation = NULL, weights = NULL, subset, na.action = na.fail,     naPattern, control = list(), verbose = FALSE) ","nlme","NA","1.5.0","released",FALSE
"gnlsApVar","closure","function","TRUE","FALSE","(gnlsSt, lsigma, conLin = attr(gnlsSt, ""conLin""), .relStep = (.Machine$double.eps)^(1/3),     minAbsPar = 0, natural = TRUE) ","nlme","NA","1.5.0","released",FALSE
"gnlsControl","closure","function","TRUE","FALSE","(maxIter = 50, nlsMaxIter = 7, msMaxIter = 50, minScale = 0.001,     tolerance = 1e-06, nlsTol = 0.001, msTol = 1e-07, msScale = lmeScale,     returnObject = FALSE, msVerbose = FALSE, apVar = TRUE, .relStep = (.Machine$double.eps)^(1/3),     nlmStepMax = 100, minAbsParApVar = 0.05) ","nlme","NA","1.5.0","released",FALSE
"gnlsStruct","closure","function","TRUE","FALSE","(corStruct = NULL, varStruct = NULL) ","nlme","NA","1.5.0","released",FALSE
"groupedData","closure","function","TRUE","FALSE","(formula, data = sys.parent(1), order.groups = TRUE,     FUN = function(x) max(x, na.rm = TRUE), outer = NULL, inner = NULL,     labels = NULL, units = NULL) ","nlme","NA","1.5.0","released",FALSE
"gsummary","closure","function","TRUE","FALSE","(object, FUN = function(x) mean(x, na.rm = TRUE), omitGroupingFactor = FALSE,     form = formula(object), level, groups = getGroups(object,         form, level), invariantsOnly = FALSE, ...) ","nlme","NA","1.5.0","released",FALSE
"initialize","closure","function","TRUE","FALSE","(object, data, ...) ","nlme","NA","1.5.0","released",FALSE
"initialize.corAR1","closure","function","TRUE","FALSE","(object, data, ...) ","nlme","NA","1.5.0","released",FALSE
"initialize.corARMA","closure","function","TRUE","FALSE","(object, data, ...) ","nlme","NA","1.5.0","released",FALSE
"initialize.corCAR1","closure","function","TRUE","FALSE","(object, data, ...) ","nlme","NA","1.5.0","released",FALSE
"initialize.corCompSymm","closure","function","TRUE","FALSE","(object, data, ...) ","nlme","NA","1.5.0","released",FALSE
"initialize.corIdent","closure","function","TRUE","FALSE","(object, data, ...) ","nlme","NA","1.5.0","released",FALSE
"initialize.corLin","closure","function","TRUE","FALSE","(object, data, ...) ","nlme","NA","1.5.0","released",FALSE
"initialize.corNatural","closure","function","TRUE","FALSE","(object, data, ...) ","nlme","NA","1.5.0","released",FALSE
"initialize.corSpatial","closure","function","TRUE","FALSE","(object, data, ...) ","nlme","NA","1.5.0","released",FALSE
"initialize.corSpher","closure","function","TRUE","FALSE","(object, data, ...) ","nlme","NA","1.5.0","released",FALSE
"initialize.corStruct","closure","function","TRUE","FALSE","(object, data, ...) ","nlme","NA","1.5.0","released",FALSE
"initialize.corSymm","closure","function","TRUE","FALSE","(object, data, ...) ","nlme","NA","1.5.0","released",FALSE
"initialize.glsStruct","closure","function","TRUE","FALSE","(object, data, control = list(singular.ok = FALSE, qrTol = .Machine$single.eps),     ...) ","nlme","NA","1.5.0","released",FALSE
"initialize.gnlsStruct","closure","function","TRUE","FALSE","(object, data, ...) ","nlme","NA","1.5.0","released",FALSE
"initialize.lmeStruct","closure","function","TRUE","FALSE","(object, data, groups, conLin = attr(object, ""conLin""),     control = list(niterEM = 20, gradHess = TRUE), ...) ","nlme","NA","1.5.0","released",FALSE
"initialize.reStruct","closure","function","TRUE","FALSE","(object, data, conLin, control = list(niterEM = 20),     ...) ","nlme","NA","1.5.0","released",FALSE
"initialize.varComb","closure","function","TRUE","FALSE","(object, data, ...) ","nlme","NA","1.5.0","released",FALSE
"initialize.varConstPower","closure","function","TRUE","FALSE","(object, data, ...) ","nlme","NA","1.5.0","released",FALSE
"initialize.varExp","closure","function","TRUE","FALSE","(object, data, ...) ","nlme","NA","1.5.0","released",FALSE
"initialize.varFixed","closure","function","TRUE","FALSE","(object, data, ...) ","nlme","NA","1.5.0","released",FALSE
"initialize.varFunc","closure","function","TRUE","FALSE","(object, data, ...) ","nlme","NA","1.5.0","released",FALSE
"initialize.varIdent","closure","function","TRUE","FALSE","(object, data, ...) ","nlme","NA","1.5.0","released",FALSE
"initialize.varPower","closure","function","TRUE","FALSE","(object, data, ...) ","nlme","NA","1.5.0","released",FALSE
"intervals","closure","function","TRUE","FALSE","(object, level = 0.95, ...) ","nlme","NA","1.5.0","released",FALSE
"intervals.gls","closure","function","TRUE","FALSE","(object, level = 0.95, which = c(""all"", ""var-cov"", ""coef""),     ...) ","nlme","NA","1.5.0","released",FALSE
"intervals.lmList","closure","function","TRUE","FALSE","(object, level = 0.95, pool = attr(object, ""pool""),     ...) ","nlme","NA","1.5.0","released",FALSE
"intervals.lme","closure","function","TRUE","FALSE","(object, level = 0.95, which = c(""all"", ""var-cov"", ""fixed""),     ...) ","nlme","NA","1.5.0","released",FALSE
"isBalanced","closure","function","TRUE","FALSE","(object, countOnly = FALSE, level) ","nlme","NA","1.5.0","released",FALSE
"isBalanced.groupedData","closure","function","TRUE","FALSE","(object, countOnly = FALSE, level) ","nlme","NA","1.5.0","released",FALSE
"isInitialized","closure","function","TRUE","FALSE","(object) ","nlme","NA","1.5.0","released",FALSE
"isInitialized.pdBlocked","closure","function","TRUE","FALSE","(object) ","nlme","NA","1.5.0","released",FALSE
"isInitialized.pdMat","closure","function","TRUE","FALSE","(object) ","nlme","NA","1.5.0","released",FALSE
"isInitialized.reStruct","closure","function","TRUE","FALSE","(object) ","nlme","NA","1.5.0","released",FALSE
"lmList","closure","function","TRUE","FALSE","(object, data, level, subset, na.action = na.fail, pool = TRUE) ","nlme","NA","1.5.0","released",FALSE
"lmList.formula","closure","function","TRUE","FALSE","(object, data, level, subset, na.action = na.fail, pool = TRUE) ","nlme","NA","1.5.0","released",FALSE
"lmList.groupedData","closure","function","TRUE","FALSE","(object, data, level, subset, na.action = na.fail, pool = TRUE) ","nlme","NA","1.5.0","released",FALSE
"lme","closure","function","TRUE","FALSE","(fixed, data = sys.frame(sys.parent()), random, correlation = NULL,     weights = NULL, subset, method = c(""REML"", ""ML""), na.action = na.fail,     control = list()) ","nlme","NA","1.5.0","released",FALSE
"lme.formula","closure","function","TRUE","FALSE","(fixed, data = sys.frame(sys.parent()), random = pdSymm(eval(as.call(fixed[-2]))),     correlation = NULL, weights = NULL, subset, method = c(""REML"",         ""ML""), na.action = na.fail, control = list()) ","nlme","NA","1.5.0","released",FALSE
"lme.groupedData","closure","function","TRUE","FALSE","(fixed, data = sys.frame(sys.parent()), random, correlation = NULL,     weights = NULL, subset, method = c(""REML"", ""ML""), na.action = na.fail,     control = list()) ","nlme","NA","1.5.0","released",FALSE
"lme.lmList","closure","function","TRUE","FALSE","(fixed, data = sys.frame(sys.parent()), random, correlation = NULL,     weights = NULL, subset, method = c(""REML"", ""ML""), na.action = na.fail,     control = list()) ","nlme","NA","1.5.0","released",FALSE
"lmeApVar","closure","function","TRUE","FALSE","(lmeSt, sigma, conLin = attr(lmeSt, ""conLin""), .relStep = (.Machine$double.eps)^(1/3),     minAbsPar = 0, natural = TRUE) ","nlme","NA","1.5.0","released",FALSE
"lmeControl","closure","function","TRUE","FALSE","(maxIter = 50, msMaxIter = 50, tolerance = 1e-06, niterEM = 25,     msTol = 1e-07, msScale = lmeScale, msVerbose = FALSE, returnObject = FALSE,     gradHess = TRUE, apVar = TRUE, .relStep = (.Machine$double.eps)^(1/3),     minAbsParApVar = 0.05, nlmStepMax = 100, natural = TRUE) ","nlme","NA","1.5.0","released",FALSE
"lmeScale","closure","function","TRUE","FALSE","(start) ","nlme","NA","1.5.0","released",FALSE
"lmeStruct","closure","function","TRUE","FALSE","(reStruct, corStruct = NULL, varStruct = NULL) ","nlme","NA","1.5.0","released",FALSE
"logDet","closure","function","TRUE","FALSE","(object, ...) ","nlme","NA","1.5.0","released",FALSE
"logDet.corIdent","closure","function","TRUE","FALSE","(object, covariate, ...) ","nlme","NA","1.5.0","released",FALSE
"logDet.corStruct","closure","function","TRUE","FALSE","(object, covariate = getCovariate(object), ...) ","nlme","NA","1.5.0","released",FALSE
"logDet.pdBlocked","closure","function","TRUE","FALSE","(object, ...) ","nlme","NA","1.5.0","released",FALSE
"logDet.pdCompSymm","closure","function","TRUE","FALSE","(object, ...) ","nlme","NA","1.5.0","released",FALSE
"logDet.pdDiag","closure","function","TRUE","FALSE","(object, ...) ","nlme","NA","1.5.0","released",FALSE
"logDet.pdIdent","closure","function","TRUE","FALSE","(object, ...) ","nlme","NA","1.5.0","released",FALSE
"logDet.pdMat","closure","function","TRUE","FALSE","(object, ...) ","nlme","NA","1.5.0","released",FALSE
"logDet.pdNatural","closure","function","TRUE","FALSE","(object, ...) ","nlme","NA","1.5.0","released",FALSE
"logDet.pdSymm","closure","function","TRUE","FALSE","(object, ...) ","nlme","NA","1.5.0","released",FALSE
"logDet.reStruct","closure","function","TRUE","FALSE","(object, ...) ","nlme","NA","1.5.0","released",FALSE
"logLik.corStruct","closure","function","TRUE","FALSE","(object, data, ...) ","nlme","NA","1.5.0","released",FALSE
"logLik.gls","closure","function","TRUE","FALSE","(object, REML, ...) ","nlme","NA","1.5.0","released",FALSE
"logLik.glsStruct","closure","function","TRUE","FALSE","(object, Pars, conLin = attr(object, ""conLin""), ...) ","nlme","NA","1.5.0","released",FALSE
"logLik.gnls","closure","function","TRUE","FALSE","(object, REML = FALSE, ...) ","nlme","NA","1.5.0","released",FALSE
"logLik.gnlsStruct","closure","function","TRUE","FALSE","(object, Pars, conLin = attr(object, ""conLin""), ...) ","nlme","NA","1.5.0","released",FALSE
"logLik.lmList","closure","function","TRUE","FALSE","(object, REML = FALSE, pool = attr(object, ""pool""),     ...) ","nlme","NA","1.5.0","released",FALSE
"logLik.lme","closure","function","TRUE","FALSE","(object, REML, ...) ","nlme","NA","1.5.0","released",FALSE
"logLik.lmeStruct","closure","function","TRUE","FALSE","(object, Pars, conLin = attr(object, ""conLin""), ...) ","nlme","NA","1.5.0","released",FALSE
"logLik.lmeStructInt","closure","function","TRUE","FALSE","(object, Pars, conLin = attr(object, ""conLin""), ...) ","nlme","NA","1.5.0","released",FALSE
"logLik.reStruct","closure","function","TRUE","FALSE","(object, conLin, ...) ","nlme","NA","1.5.0","released",FALSE
"logLik.varComb","closure","function","TRUE","FALSE","(object, ...) ","nlme","NA","1.5.0","released",FALSE
"logLik.varFunc","closure","function","TRUE","FALSE","(object, data, ...) ","nlme","NA","1.5.0","released",FALSE
"matrix<-","closure","function","TRUE","FALSE","(object, value) ","nlme","NA","1.5.0","released",FALSE
"matrix<-.pdBlocked","closure","function","TRUE","FALSE","(object, value) ","nlme","NA","1.5.0","released",FALSE
"matrix<-.pdMat","closure","function","TRUE","FALSE","(object, value) ","nlme","NA","1.5.0","released",FALSE
"matrix<-.reStruct","closure","function","TRUE","FALSE","(object, value) ","nlme","NA","1.5.0","released",FALSE
"model.matrix.reStruct","closure","function","TRUE","FALSE","(object, data, contrast = NULL, ...) ","nlme","NA","1.5.0","released",FALSE
"needUpdate","closure","function","TRUE","FALSE","(object) ","nlme","NA","1.5.0","released",FALSE
"needUpdate.corStruct","closure","function","TRUE","FALSE","(object) ","nlme","NA","1.5.0","released",FALSE
"needUpdate.default","closure","function","TRUE","FALSE","(object) ","nlme","NA","1.5.0","released",FALSE
"needUpdate.modelStruct","closure","function","TRUE","FALSE","(object) ","nlme","NA","1.5.0","released",FALSE
"needUpdate.reStruct","closure","function","TRUE","FALSE","(object) ","nlme","NA","1.5.0","released",FALSE
"needUpdate.varComb","closure","function","TRUE","FALSE","(object) ","nlme","NA","1.5.0","released",FALSE
"needUpdate.varIdent","closure","function","TRUE","FALSE","(object) ","nlme","NA","1.5.0","released",FALSE
"nfGroupedData","closure","function","TRUE","FALSE","(formula, data = sys.parent(1), order.groups = TRUE,     FUN = function(x) max(x, na.rm = TRUE), outer = NULL, inner = NULL,     labels = NULL, units = NULL) ","nlme","NA","1.5.0","released",FALSE
"nlme","closure","function","TRUE","FALSE","(model, data = sys.frame(sys.parent()), fixed, random = fixed,     groups, start, correlation = NULL, weights = NULL, subset,     method = c(""ML"", ""REML""), na.action = na.fail, naPattern,     control = list(), verbose = FALSE) ","nlme","NA","1.5.0","released",FALSE
"nlme.formula","closure","function","TRUE","FALSE","(model, data = sys.frame(sys.parent()), fixed, random,     groups, start, correlation = NULL, weights = NULL, subset,     method = c(""ML"", ""REML""), na.action = na.fail, naPattern,     control = list(), verbose = FALSE) ","nlme","NA","1.5.0","released",FALSE
"nlme.nlsList","closure","function","TRUE","FALSE","(model, data = sys.frame(sys.parent()), fixed, random = fixed,     groups, start, correlation = NULL, weights = NULL, subset,     method = c(""ML"", ""REML""), na.action = na.fail, naPattern,     control = list(), verbose = FALSE) ","nlme","NA","1.5.0","released",FALSE
"nlmeControl","closure","function","TRUE","FALSE","(maxIter = 50, pnlsMaxIter = 7, msMaxIter = 50, minScale = 0.001,     tolerance = 1e-05, niterEM = 25, pnlsTol = 0.001, msTol = 1e-06,     msScale = lmeScale, returnObject = FALSE, msVerbose = FALSE,     gradHess = TRUE, apVar = TRUE, .relStep = (.Machine$double.eps)^(1/3),     nlmStepMax = 100, minAbsParApVar = 0.05, natural = TRUE) ","nlme","NA","1.5.0","released",FALSE
"nlmeStruct","closure","function","TRUE","FALSE","(reStruct, corStruct = NULL, varStruct = NULL) ","nlme","NA","1.5.0","released",FALSE
"nlsList","closure","function","TRUE","FALSE","(model, data, start, control, level, subset, na.action = na.fail,     pool = TRUE) ","nlme","NA","1.5.0","released",FALSE
"nlsList.formula","closure","function","TRUE","FALSE","(model, data, start = NULL, control, level, subset,     na.action = na.fail, pool = TRUE) ","nlme","NA","1.5.0","released",FALSE
"nlsList.selfStart","closure","function","TRUE","FALSE","(model, data, start, control, level, subset, na.action = na.fail,     pool = TRUE) ","nlme","NA","1.5.0","released",FALSE
"nmGroupedData","closure","function","TRUE","FALSE","(formula, data = sys.parent(1), order.groups = TRUE,     FUN = function(x) max(x, na.rm = TRUE), outer = NULL, inner = NULL,     labels = NULL, units = NULL) ","nlme","NA","1.5.0","released",FALSE
"nonlinModel","closure","function","TRUE","FALSE","(modelExpression, env, paramNames = get("".parameters"",     envir = env)) ","nlme","NA","1.5.0","released",FALSE
"pairs.compareFits","closure","function","TRUE","FALSE","(x, subset, key = TRUE, ...) ","nlme","NA","1.5.0","released",FALSE
"pairs.lmList","closure","function","TRUE","FALSE","(x, form = ~coef(.), label, id = NULL, idLabels = NULL,     grid = FALSE, ...) ","nlme","NA","1.5.0","released",FALSE
"pairs.lme","closure","function","TRUE","FALSE","(x, form = ~coef(.), label, id = NULL, idLabels = NULL,     grid = FALSE, ...) ","nlme","NA","1.5.0","released",FALSE
"pdBlocked","closure","function","TRUE","FALSE","(value = numeric(0), form = NULL, nam = NULL, data = sys.frame(sys.parent()),     pdClass = ""pdSymm"") ","nlme","NA","1.5.0","released",FALSE
"pdCompSymm","closure","function","TRUE","FALSE","(value = numeric(0), form = NULL, nam = NULL, data = sys.frame(sys.parent())) ","nlme","NA","1.5.0","released",FALSE
"pdConstruct","closure","function","TRUE","FALSE","(object, value, form, nam, data, ...) ","nlme","NA","1.5.0","released",FALSE
"pdConstruct.pdBlocked","closure","function","TRUE","FALSE","(object, value = numeric(0), form = formula(object,     TRUE), nam = Names(object, TRUE), data = sys.frame(sys.parent()),     pdClass = ""pdSymm"", ...) ","nlme","NA","1.5.0","released",FALSE
"pdConstruct.pdCompSymm","closure","function","TRUE","FALSE","(object, value = numeric(0), form = formula(object),     nam = Names(object), data = sys.frame(sys.parent()), ...) ","nlme","NA","1.5.0","released",FALSE
"pdConstruct.pdDiag","closure","function","TRUE","FALSE","(object, value = numeric(0), form = formula(object),     nam = Names(object), data = sys.frame(sys.parent()), ...) ","nlme","NA","1.5.0","released",FALSE
"pdConstruct.pdIdent","closure","function","TRUE","FALSE","(object, value = numeric(0), form = formula(object),     nam = Names(object), data = sys.frame(sys.parent()), ...) ","nlme","NA","1.5.0","released",FALSE
"pdConstruct.pdLogChol","closure","function","TRUE","FALSE","(object, value = numeric(0), form = formula(object),     nam = Names(object), data = sys.parent(), ...) ","nlme","NA","1.5.0","released",FALSE
"pdConstruct.pdMat","closure","function","TRUE","FALSE","(object, value = numeric(0), form = formula(object),     nam = Names(object), data = sys.frame(sys.parent()), ...) ","nlme","NA","1.5.0","released",FALSE
"pdConstruct.pdNatural","closure","function","TRUE","FALSE","(object, value = numeric(0), form = formula(object),     nam = Names(object), data = sys.frame(sys.parent()), ...) ","nlme","NA","1.5.0","released",FALSE
"pdConstruct.pdSymm","closure","function","TRUE","FALSE","(object, value = numeric(0), form = formula(object),     nam = Names(object), data = sys.frame(sys.parent()), ...) ","nlme","NA","1.5.0","released",FALSE
"pdDiag","closure","function","TRUE","FALSE","(value = numeric(0), form = NULL, nam = NULL, data = sys.frame(sys.parent())) ","nlme","NA","1.5.0","released",FALSE
"pdFactor","closure","function","TRUE","FALSE","(object) ","nlme","NA","1.5.0","released",FALSE
"pdFactor.pdBlocked","closure","function","TRUE","FALSE","(object) ","nlme","NA","1.5.0","released",FALSE
"pdFactor.pdCompSymm","closure","function","TRUE","FALSE","(object) ","nlme","NA","1.5.0","released",FALSE
"pdFactor.pdDiag","closure","function","TRUE","FALSE","(object) ","nlme","NA","1.5.0","released",FALSE
"pdFactor.pdIdent","closure","function","TRUE","FALSE","(object) ","nlme","NA","1.5.0","released",FALSE
"pdFactor.pdLogChol","closure","function","TRUE","FALSE","(object) ","nlme","NA","1.5.0","released",FALSE
"pdFactor.pdMat","closure","function","TRUE","FALSE","(object) ","nlme","NA","1.5.0","released",FALSE
"pdFactor.pdNatural","closure","function","TRUE","FALSE","(object) ","nlme","NA","1.5.0","released",FALSE
"pdFactor.pdSymm","closure","function","TRUE","FALSE","(object) ","nlme","NA","1.5.0","released",FALSE
"pdFactor.reStruct","closure","function","TRUE","FALSE","(object) ","nlme","NA","1.5.0","released",FALSE
"pdIdent","closure","function","TRUE","FALSE","(value = numeric(0), form = NULL, nam = NULL, data = sys.frame(sys.parent())) ","nlme","NA","1.5.0","released",FALSE
"pdLogChol","closure","function","TRUE","FALSE","(value = numeric(0), form = NULL, nam = NULL, data = sys.parent()) ","nlme","NA","1.5.0","released",FALSE
"pdMat","closure","function","TRUE","FALSE","(value = numeric(0), form = NULL, nam = NULL, data = sys.frame(sys.parent()),     pdClass = ""pdSymm"") ","nlme","NA","1.5.0","released",FALSE
"pdMatrix","closure","function","TRUE","FALSE","(object, factor = FALSE) ","nlme","NA","1.5.0","released",FALSE
"pdMatrix.pdBlocked","closure","function","TRUE","FALSE","(object, factor = FALSE) ","nlme","NA","1.5.0","released",FALSE
"pdMatrix.pdCompSymm","closure","function","TRUE","FALSE","(object, factor = FALSE) ","nlme","NA","1.5.0","released",FALSE
"pdMatrix.pdDiag","closure","function","TRUE","FALSE","(object, factor = FALSE) ","nlme","NA","1.5.0","released",FALSE
"pdMatrix.pdIdent","closure","function","TRUE","FALSE","(object, factor = FALSE) ","nlme","NA","1.5.0","released",FALSE
"pdMatrix.pdMat","closure","function","TRUE","FALSE","(object, factor = FALSE) ","nlme","NA","1.5.0","released",FALSE
"pdMatrix.pdNatural","closure","function","TRUE","FALSE","(object, factor = FALSE) ","nlme","NA","1.5.0","released",FALSE
"pdMatrix.pdSymm","closure","function","TRUE","FALSE","(object, factor = FALSE) ","nlme","NA","1.5.0","released",FALSE
"pdMatrix.reStruct","closure","function","TRUE","FALSE","(object, factor = FALSE) ","nlme","NA","1.5.0","released",FALSE
"pdNatural","closure","function","TRUE","FALSE","(value = numeric(0), form = NULL, nam = NULL, data = sys.frame(sys.parent())) ","nlme","NA","1.5.0","released",FALSE
"pdSymm","closure","function","TRUE","FALSE","(value = numeric(0), form = NULL, nam = NULL, data = parent.frame()) ","nlme","NA","1.5.0","released",FALSE
"phenoModel","closure","function","TRUE","FALSE","(Subject, time, dose, lCl, lV) ","nlme","NA","1.5.0","released",FALSE
"plot.ACF","closure","function","TRUE","FALSE","(x, alpha = 0, xlab = ""Lag"", ylab = ""Autocorrelation"",     grid = FALSE, ...) ","nlme","NA","1.5.0","released",FALSE
"plot.Variogram","closure","function","TRUE","FALSE","(x, smooth, showModel, sigma = NULL, span = 0.6, xlab = ""Distance"",     ylab = ""Semivariogram"", type = ""p"", ylim, grid = FALSE, ...) ","nlme","NA","1.5.0","released",FALSE
"plot.augPred","closure","function","TRUE","FALSE","(x, key = TRUE, grid = FALSE, ...) ","nlme","NA","1.5.0","released",FALSE
"plot.compareFits","closure","function","TRUE","FALSE","(x, subset, key = TRUE, mark = NULL, ...) ","nlme","NA","1.5.0","released",FALSE
"plot.gls","closure","function","TRUE","FALSE","(x, form = resid(., type = ""pearson"") ~ fitted(.), abline,     id = NULL, idLabels = NULL, idResType = c(""pearson"", ""normalized""),     grid, ...) ","nlme","NA","1.5.0","released",FALSE
"plot.intervals.lmList","closure","function","TRUE","FALSE","(x, ...) ","nlme","NA","1.5.0","released",FALSE
"plot.lmList","closure","function","TRUE","FALSE","(x, form = resid(., type = ""pool"") ~ fitted(.), abline,     id = NULL, idLabels = NULL, grid, ...) ","nlme","NA","1.5.0","released",FALSE
"plot.lme","closure","function","TRUE","FALSE","(x, form = resid(., type = ""pearson"") ~ fitted(.), abline,     id = NULL, idLabels = NULL, idResType = c(""pearson"", ""normalized""),     grid, ...) ","nlme","NA","1.5.0","released",FALSE
"plot.nffGroupedData","closure","function","TRUE","FALSE","(x, outer = NULL, inner = NULL, innerGroups = NULL,     xlab = paste(attr(x, ""labels"")$y, attr(x, ""units"")$y), ylab = groupLabel,     strip = function(...) strip.default(..., style = 1), panel = function(x,         y) ","nlme","NA","1.5.0","released",FALSE
"plot.nfnGroupedData","closure","function","TRUE","FALSE","(x, outer = NULL, inner = NULL, innerGroups = NULL,     xlab = paste(attr(x, ""labels"")$x, attr(x, ""units"")$x), ylab = paste(attr(x,         ""labels"")$y, attr(x, ""units"")$y), strip = function(...) strip.default(...,         style = 1), aspect = ""xy"", panel = function(x, y, ...) ","nlme","NA","1.5.0","released",FALSE
"plot.nls","closure","function","TRUE","FALSE","(x, form = resid(., type = ""pearson"") ~ fitted(.), abline,     id = NULL, idLabels = NULL, idResType = c(""pearson"", ""normalized""),     grid, ...) ","nlme","NA","1.5.0","released",FALSE
"plot.nmGroupedData","closure","function","TRUE","FALSE","(x, collapseLevel = Q, displayLevel = collapseLevel,     outer = NULL, inner = NULL, preserve = NULL, FUN = mean,     subset = NULL, key = TRUE, grid = TRUE, ...) ","nlme","NA","1.5.0","released",FALSE
"plot.pdMat","closure","function","TRUE","FALSE","(x, nseg = 50, levels = 1, center = rep(0, length(stdDev)),     additional, ...) ","nlme","NA","1.5.0","released",FALSE
"plot.ranef.lmList","closure","function","TRUE","FALSE","(x, form = NULL, grid = TRUE, control, ...) ","nlme","NA","1.5.0","released",FALSE
"plot.ranef.lme","closure","function","TRUE","FALSE","(x, form = NULL, omitFixed = TRUE, level = Q, grid = TRUE,     control, ...) ","nlme","NA","1.5.0","released",FALSE
"plot.simulate.lme","closure","function","TRUE","FALSE","(x, form = y ~ x | df * method, df = attr(x, ""df""),     weights, xlab = ""Empirical p-value"", ylab = ""Nominal p-value"",     xlim = c(0.037, 0.963), ylim = c(0.037, 0.963), aspect = 1,     strip = function(...) strip.default(..., style = 1), ...) ","nlme","NA","1.5.0","released",FALSE
"pooledSD","closure","function","TRUE","FALSE","(object) ","nlme","NA","1.5.0","released",FALSE
"predict.gls","closure","function","TRUE","FALSE","(object, newdata, na.action = na.fail, ...) ","nlme","NA","1.5.0","released",FALSE
"predict.gnls","closure","function","TRUE","FALSE","(object, newdata, na.action = na.fail, naPattern = NULL,     ...) ","nlme","NA","1.5.0","released",FALSE
"predict.lmList","closure","function","TRUE","FALSE","(object, newdata, subset = NULL, pool = attr(object,     ""pool""), asList = FALSE, se.fit = FALSE, ...) ","nlme","NA","1.5.0","released",FALSE
"predict.lme","closure","function","TRUE","FALSE","(object, newdata, level = Q, asList = FALSE, na.action = na.fail,     ...) ","nlme","NA","1.5.0","released",FALSE
"predict.nlme","closure","function","TRUE","FALSE","(object, newdata, level = Q, asList = FALSE, na.action = na.fail,     naPattern = NULL, ...) ","nlme","NA","1.5.0","released",FALSE
"print.VarCorr.lme","closure","function","TRUE","FALSE","(x, ...) ","nlme","NA","1.5.0","released",FALSE
"print.VarCov","closure","function","TRUE","FALSE","(x, corr = FALSE, stdevs = TRUE, digits = 5, ...) ","nlme","NA","1.5.0","released",FALSE
"print.anova.lme","closure","function","TRUE","FALSE","(x, verbose = attr(x, ""verbose""), ...) ","nlme","NA","1.5.0","released",FALSE
"print.compareFits","closure","function","TRUE","FALSE","(x, ...) ","nlme","NA","1.5.0","released",FALSE
"print.corNatural","closure","function","TRUE","FALSE","(x, ...) ","nlme","NA","1.5.0","released",FALSE
"print.corStruct","closure","function","TRUE","FALSE","(x, ...) ","nlme","NA","1.5.0","released",FALSE
"print.corSymm","closure","function","TRUE","FALSE","(x, ...) ","nlme","NA","1.5.0","released",FALSE
"print.correlation","closure","function","TRUE","FALSE","(x, title = "" Correlation:"", rdig = 3, ...) ","nlme","NA","1.5.0","released",FALSE
"print.gls","closure","function","TRUE","FALSE","(x, ...) ","nlme","NA","1.5.0","released",FALSE
"print.groupedData","closure","function","TRUE","FALSE","(x, ...) ","nlme","NA","1.5.0","released",FALSE
"print.intervals.gls","closure","function","TRUE","FALSE","(x, ...) ","nlme","NA","1.5.0","released",FALSE
"print.intervals.lmList","closure","function","TRUE","FALSE","(x, ...) ","nlme","NA","1.5.0","released",FALSE
"print.intervals.lme","closure","function","TRUE","FALSE","(x, ...) ","nlme","NA","1.5.0","released",FALSE
"print.lmList","closure","function","TRUE","FALSE","(x, pool = attr(x, ""pool""), ...) ","nlme","NA","1.5.0","released",FALSE
"print.lme","closure","function","TRUE","FALSE","(x, ...) ","nlme","NA","1.5.0","released",FALSE
"print.modelStruct","closure","function","TRUE","FALSE","(x, ...) ","nlme","NA","1.5.0","released",FALSE
"print.pdMat","closure","function","TRUE","FALSE","(x, ...) ","nlme","NA","1.5.0","released",FALSE
"print.ranef.lme","closure","function","TRUE","FALSE","(x, ...) ","nlme","NA","1.5.0","released",FALSE
"print.reStruct","closure","function","TRUE","FALSE","(x, sigma = 1, reEstimates, verbose = FALSE, ...) ","nlme","NA","1.5.0","released",FALSE
"print.simulate.lme","closure","function","TRUE","FALSE","(x, ...) ","nlme","NA","1.5.0","released",FALSE
"print.summary.corNatural","closure","function","TRUE","FALSE","(x, ...) ","nlme","NA","1.5.0","released",FALSE
"print.summary.corStruct","closure","function","TRUE","FALSE","(x, ...) ","nlme","NA","1.5.0","released",FALSE
"print.summary.corSymm","closure","function","TRUE","FALSE","(x, ...) ","nlme","NA","1.5.0","released",FALSE
"print.summary.gls","closure","function","TRUE","FALSE","(x, verbose = FALSE, digits = .Options$digits, ...) ","nlme","NA","1.5.0","released",FALSE
"print.summary.lmList","closure","function","TRUE","FALSE","(x, ...) ","nlme","NA","1.5.0","released",FALSE
"print.summary.lme","closure","function","TRUE","FALSE","(x, verbose = FALSE, ...) ","nlme","NA","1.5.0","released",FALSE
"print.summary.modelStruct","closure","function","TRUE","FALSE","(x, ...) ","nlme","NA","1.5.0","released",FALSE
"print.summary.pdMat","closure","function","TRUE","FALSE","(x, sigma = 1, rdig = 3, Level = NULL, resid = FALSE,     ...) ","nlme","NA","1.5.0","released",FALSE
"print.summary.varComb","closure","function","TRUE","FALSE","(x, ...) ","nlme","NA","1.5.0","released",FALSE
"print.summary.varFixed","closure","function","TRUE","FALSE","(x, header = TRUE, ...) ","nlme","NA","1.5.0","released",FALSE
"print.summary.varFunc","closure","function","TRUE","FALSE","(x, header = TRUE, ...) ","nlme","NA","1.5.0","released",FALSE
"print.varComb","closure","function","TRUE","FALSE","(x, ...) ","nlme","NA","1.5.0","released",FALSE
"print.varFunc","closure","function","TRUE","FALSE","(x, ...) ","nlme","NA","1.5.0","released",FALSE
"pruneLevels","closure","function","TRUE","FALSE","(object) ","nlme","NA","1.5.0","released",FALSE
"pruneLevels.factor","closure","function","TRUE","FALSE","(object) ","nlme","NA","1.5.0","released",FALSE
"pruneLevels.ordered","closure","function","TRUE","FALSE","(object) ","nlme","NA","1.5.0","released",FALSE
"qqnorm.gls","closure","function","TRUE","FALSE","(y, form = ~resid(., type = ""p""), abline = NULL, id = NULL,     idLabels = NULL, grid = FALSE, ...) ","nlme","NA","1.5.0","released",FALSE
"qqnorm.lm","closure","function","TRUE","FALSE","(y, form = ~resid(., type = ""p""), abline = NULL, id = NULL,     idLabels = NULL, grid = FALSE, ...) ","nlme","NA","1.5.0","released",FALSE
"qqnorm.lmList","closure","function","TRUE","FALSE","(y, form = ~resid(., type = ""pooled""), abline = NULL,     id = NULL, idLabels = NULL, grid = FALSE, resType = ""pool"",     ...) ","nlme","NA","1.5.0","released",FALSE
"qqnorm.lme","closure","function","TRUE","FALSE","(y, form = ~resid(., type = ""p""), abline = NULL, id = NULL,     idLabels = NULL, grid = FALSE, ...) ","nlme","NA","1.5.0","released",FALSE
"qqnorm.nls","closure","function","TRUE","FALSE","(y, form = ~resid(., type = ""p""), abline = NULL, id = NULL,     idLabels = NULL, grid = FALSE, ...) ","nlme","NA","1.5.0","released",FALSE
"quinModel","closure","function","TRUE","FALSE","(Subject, time, conc, dose, interval, lV, lKa, lCl) ","nlme","NA","1.5.0","released",FALSE
"random.effects","closure","function","TRUE","FALSE","(object, ...) ","nlme","NA","1.5.0","released",FALSE
"ranef","closure","function","TRUE","FALSE","(object, ...) ","nlme","NA","1.5.0","released",FALSE
"ranef.lmList","closure","function","TRUE","FALSE","(object, augFrame = FALSE, data = NULL, which = NULL,     FUN = mean, standard = FALSE, omitGroupingFactor = TRUE,     ...) ","nlme","NA","1.5.0","released",FALSE
"ranef.lme","closure","function","TRUE","FALSE","(object, augFrame = FALSE, level = 1:Q, data, which = 1:ncol(data),     FUN = mean, standard = FALSE, omitGroupingFactor = TRUE,     subset = NULL, ...) ","nlme","NA","1.5.0","released",FALSE
"reStruct","closure","function","TRUE","FALSE","(object, pdClass = ""pdLogChol"", REML = FALSE, data = sys.frame(sys.parent())) ","nlme","NA","1.5.0","released",FALSE
"recalc","closure","function","TRUE","FALSE","(object, conLin, ...) ","nlme","NA","1.5.0","released",FALSE
"recalc.corAR1","closure","function","TRUE","FALSE","(object, conLin, ...) ","nlme","NA","1.5.0","released",FALSE
"recalc.corARMA","closure","function","TRUE","FALSE","(object, conLin, ...) ","nlme","NA","1.5.0","released",FALSE
"recalc.corCAR1","closure","function","TRUE","FALSE","(object, conLin, ...) ","nlme","NA","1.5.0","released",FALSE
"recalc.corCompSymm","closure","function","TRUE","FALSE","(object, conLin, ...) ","nlme","NA","1.5.0","released",FALSE
"recalc.corIdent","closure","function","TRUE","FALSE","(object, conLin, ...) ","nlme","NA","1.5.0","released",FALSE
"recalc.corNatural","closure","function","TRUE","FALSE","(object, conLin, ...) ","nlme","NA","1.5.0","released",FALSE
"recalc.corSpatial","closure","function","TRUE","FALSE","(object, conLin, ...) ","nlme","NA","1.5.0","released",FALSE
"recalc.corStruct","closure","function","TRUE","FALSE","(object, conLin, ...) ","nlme","NA","1.5.0","released",FALSE
"recalc.corSymm","closure","function","TRUE","FALSE","(object, conLin, ...) ","nlme","NA","1.5.0","released",FALSE
"recalc.modelStruct","closure","function","TRUE","FALSE","(object, conLin = attr(object, ""conLin""), ...) ","nlme","NA","1.5.0","released",FALSE
"recalc.reStruct","closure","function","TRUE","FALSE","(object, conLin, ...) ","nlme","NA","1.5.0","released",FALSE
"recalc.varFunc","closure","function","TRUE","FALSE","(object, conLin, ...) ","nlme","NA","1.5.0","released",FALSE
"recalc.varIdent","closure","function","TRUE","FALSE","(object, conLin, ...) ","nlme","NA","1.5.0","released",FALSE
"residuals.gls","closure","function","TRUE","FALSE","(object, type = c(""response"", ""pearson"", ""normalized""),     ...) ","nlme","NA","1.5.0","released",FALSE
"residuals.glsStruct","closure","function","TRUE","FALSE","(object, glsFit = attr(object, ""glsFit""), ...) ","nlme","NA","1.5.0","released",FALSE
"residuals.gnls","closure","function","TRUE","FALSE","(object, type = c(""response"", ""pearson"", ""normalized""),     ...) ","nlme","NA","1.5.0","released",FALSE
"residuals.gnlsStruct","closure","function","TRUE","FALSE","(object, ...) ","nlme","NA","1.5.0","released",FALSE
"residuals.lmList","closure","function","TRUE","FALSE","(object, type = c(""response"", ""pearson"", ""pooled.pearson""),     subset = NULL, asList = FALSE, ...) ","nlme","NA","1.5.0","released",FALSE
"residuals.lme","closure","function","TRUE","FALSE","(object, level = Q, type = c(""response"", ""pearson"",     ""normalized""), asList = FALSE, ...) ","nlme","NA","1.5.0","released",FALSE
"residuals.lmeStruct","closure","function","TRUE","FALSE","(object, level = Q, conLin = attr(object, ""conLin""),     lmeFit = attr(object, ""lmeFit""), ...) ","nlme","NA","1.5.0","released",FALSE
"residuals.nlmeStruct","closure","function","TRUE","FALSE","(object, level = Q, conLin = attr(object, ""conLin""),     ...) ","nlme","NA","1.5.0","released",FALSE
"simulate.lme","closure","function","TRUE","FALSE","(m1, m2, Random.seed, method = c(""REML"", ""ML""), nsim = 1000,     niterEM = c(40, 200), useGen = FALSE) ","nlme","NA","1.5.0","released",FALSE
"solve.pdBlocked","closure","function","TRUE","FALSE","(a, b, ...) ","nlme","NA","1.5.0","released",FALSE
"solve.pdDiag","closure","function","TRUE","FALSE","(a, b, ...) ","nlme","NA","1.5.0","released",FALSE
"solve.pdIdent","closure","function","TRUE","FALSE","(a, b, ...) ","nlme","NA","1.5.0","released",FALSE
"solve.pdLogChol","closure","function","TRUE","FALSE","(a, b, ...) ","nlme","NA","1.5.0","released",FALSE
"solve.pdMat","closure","function","TRUE","FALSE","(a, b, ...) ","nlme","NA","1.5.0","released",FALSE
"solve.pdNatural","closure","function","TRUE","FALSE","(a, b, ...) ","nlme","NA","1.5.0","released",FALSE
"solve.pdSymm","closure","function","TRUE","FALSE","(a, b, ...) ","nlme","NA","1.5.0","released",FALSE
"solve.reStruct","closure","function","TRUE","FALSE","(a, b, ...) ","nlme","NA","1.5.0","released",FALSE
"splitFormula","closure","function","TRUE","FALSE","(form, sep = ""/"") ","nlme","NA","1.5.0","released",FALSE
"summary.corAR1","closure","function","TRUE","FALSE","(object, structName = ""AR(1)"", ...) ","nlme","NA","1.5.0","released",FALSE
"summary.corARMA","closure","function","TRUE","FALSE","(object, structName = paste(""ARMA("", attr(object, ""p""),     "","", attr(object, ""q""), "")"", sep = """"), ...) ","nlme","NA","1.5.0","released",FALSE
"summary.corCAR1","closure","function","TRUE","FALSE","(object, structName = ""Continuous AR(1)"", ...) ","nlme","NA","1.5.0","released",FALSE
"summary.corCompSymm","closure","function","TRUE","FALSE","(object, structName = ""Compound symmetry"", ...) ","nlme","NA","1.5.0","released",FALSE
"summary.corExp","closure","function","TRUE","FALSE","(object, structName = ""Exponential spatial correlation"",     ...) ","nlme","NA","1.5.0","released",FALSE
"summary.corGaus","closure","function","TRUE","FALSE","(object, structName = ""Gaussian spatial correlation"",     ...) ","nlme","NA","1.5.0","released",FALSE
"summary.corIdent","closure","function","TRUE","FALSE","(object, structName = ""Independent"", ...) ","nlme","NA","1.5.0","released",FALSE
"summary.corLin","closure","function","TRUE","FALSE","(object, structName = ""Linear spatial correlation"",     ...) ","nlme","NA","1.5.0","released",FALSE
"summary.corNatural","closure","function","TRUE","FALSE","(object, structName = ""General correlation, with natural parametrization"",     ...) ","nlme","NA","1.5.0","released",FALSE
"summary.corRatio","closure","function","TRUE","FALSE","(object, structName = ""Rational quadratic spatial correlation"",     ...) ","nlme","NA","1.5.0","released",FALSE
"summary.corSpher","closure","function","TRUE","FALSE","(object, structName = ""Spherical spatial correlation"",     ...) ","nlme","NA","1.5.0","released",FALSE
"summary.corStruct","closure","function","TRUE","FALSE","(object, structName = class(object)[1], ...) ","nlme","NA","1.5.0","released",FALSE
"summary.corSymm","closure","function","TRUE","FALSE","(object, structName = ""General correlation"", ...) ","nlme","NA","1.5.0","released",FALSE
"summary.gls","closure","function","TRUE","FALSE","(object, verbose = FALSE, ...) ","nlme","NA","1.5.0","released",FALSE
"summary.lmList","closure","function","TRUE","FALSE","(object, pool = attr(object, ""pool""), ...) ","nlme","NA","1.5.0","released",FALSE
"summary.lme","closure","function","TRUE","FALSE","(object, adjustSigma = TRUE, verbose = FALSE, ...) ","nlme","NA","1.5.0","released",FALSE
"summary.modelStruct","closure","function","TRUE","FALSE","(object, ...) ","nlme","NA","1.5.0","released",FALSE
"summary.nlsList","closure","function","TRUE","FALSE","(object, ...) ","nlme","NA","1.5.0","released",FALSE
"summary.pdBlocked","closure","function","TRUE","FALSE","(object, structName = ""Blocked"", ...) ","nlme","NA","1.5.0","released",FALSE
"summary.pdCompSymm","closure","function","TRUE","FALSE","(object, structName = ""Compound Symmetry"", ...) ","nlme","NA","1.5.0","released",FALSE
"summary.pdDiag","closure","function","TRUE","FALSE","(object, structName = ""Diagonal"", ...) ","nlme","NA","1.5.0","released",FALSE
"summary.pdIdent","closure","function","TRUE","FALSE","(object, structName = ""Multiple of an Identity"", ...) ","nlme","NA","1.5.0","released",FALSE
"summary.pdLogChol","closure","function","TRUE","FALSE","(object, structName = ""General positive-definite, Log-Cholesky parametrization"",     ...) ","nlme","NA","1.5.0","released",FALSE
"summary.pdMat","closure","function","TRUE","FALSE","(object, structName = class(object)[1], noCorrelation = FALSE,     ...) ","nlme","NA","1.5.0","released",FALSE
"summary.pdNatural","closure","function","TRUE","FALSE","(object, structName = ""General positive-definite, Natural parametrization"",     ...) ","nlme","NA","1.5.0","released",FALSE
"summary.pdSymm","closure","function","TRUE","FALSE","(object, structName = ""General positive-definite"", ...) ","nlme","NA","1.5.0","released",FALSE
"summary.reStruct","closure","function","TRUE","FALSE","(object, ...) ","nlme","NA","1.5.0","released",FALSE
"summary.varComb","closure","function","TRUE","FALSE","(object, structName = ""Combination of variance functions:"",     ...) ","nlme","NA","1.5.0","released",FALSE
"summary.varConstPower","closure","function","TRUE","FALSE","(object, structName = ""Constant plus power of variance covariate"",     ...) ","nlme","NA","1.5.0","released",FALSE
"summary.varExp","closure","function","TRUE","FALSE","(object, structName = ""Exponential of variance covariate"",     ...) ","nlme","NA","1.5.0","released",FALSE
"summary.varFixed","closure","function","TRUE","FALSE","(object, structName, ...) ","nlme","NA","1.5.0","released",FALSE
"summary.varFunc","closure","function","TRUE","FALSE","(object, structName = class(object)[1], ...) ","nlme","NA","1.5.0","released",FALSE
"summary.varIdent","closure","function","TRUE","FALSE","(object, structName = if (is.null(formula(object))) ""Constant variance"" else ""Different standard deviations per stratum"",     ...) ","nlme","NA","1.5.0","released",FALSE
"summary.varPower","closure","function","TRUE","FALSE","(object, structName = ""Power of variance covariate"",     ...) ","nlme","NA","1.5.0","released",FALSE
"update.corStruct","closure","function","TRUE","FALSE","(object, data, ...) ","nlme","NA","1.5.0","released",FALSE
"update.gls","closure","function","TRUE","FALSE","(object, model, data, correlation, weights, subset,     method, na.action, control, verbose, ...) ","nlme","NA","1.5.0","released",FALSE
"update.gnls","closure","function","TRUE","FALSE","(object, model, data = sys.frame(sys.parent()), params,     start, correlation = NULL, weights = NULL, subset, na.action = na.fail,     naPattern, control = list(), verbose = FALSE, ...) ","nlme","NA","1.5.0","released",FALSE
"update.groupedData","closure","function","TRUE","FALSE","(object, formula, data, order.groups, FUN, outer, inner,     labels, units, ...) ","nlme","NA","1.5.0","released",FALSE
"update.lmList","closure","function","TRUE","FALSE","(object, formula, data, level, subset, na.action, pool,     ...) ","nlme","NA","1.5.0","released",FALSE
"update.lme","closure","function","TRUE","FALSE","(object, fixed, data, random, correlation, weights,     subset, method, na.action, control, ...) ","nlme","NA","1.5.0","released",FALSE
"update.modelStruct","closure","function","TRUE","FALSE","(object, data, ...) ","nlme","NA","1.5.0","released",FALSE
"update.nlme","closure","function","TRUE","FALSE","(object, model, data, fixed, random, groups, start,     correlation, weights, subset, method, na.action, naPattern,     control, verbose, ...) ","nlme","NA","1.5.0","released",FALSE
"update.nlsList","closure","function","TRUE","FALSE","(object, model, data, start, control, level, subset,     na.action, pool, ...) ","nlme","NA","1.5.0","released",FALSE
"update.reStruct","closure","function","TRUE","FALSE","(object, data, ...) ","nlme","NA","1.5.0","released",FALSE
"update.varComb","closure","function","TRUE","FALSE","(object, data, ...) ","nlme","NA","1.5.0","released",FALSE
"update.varConstPower","closure","function","TRUE","FALSE","(object, data, ...) ","nlme","NA","1.5.0","released",FALSE
"update.varExp","closure","function","TRUE","FALSE","(object, data, ...) ","nlme","NA","1.5.0","released",FALSE
"update.varFunc","closure","function","TRUE","FALSE","(object, data, ...) ","nlme","NA","1.5.0","released",FALSE
"update.varPower","closure","function","TRUE","FALSE","(object, data, ...) ","nlme","NA","1.5.0","released",FALSE
"varComb","closure","function","TRUE","FALSE","(...) ","nlme","NA","1.5.0","released",FALSE
"varConstPower","closure","function","TRUE","FALSE","(const = numeric(0), power = numeric(0), form = ~fitted(.),     fixed = NULL) ","nlme","NA","1.5.0","released",FALSE
"varExp","closure","function","TRUE","FALSE","(value = numeric(0), form = ~fitted(.), fixed = NULL) ","nlme","NA","1.5.0","released",FALSE
"varFixed","closure","function","TRUE","FALSE","(value = ~1) ","nlme","NA","1.5.0","released",FALSE
"varFunc","closure","function","TRUE","FALSE","(object) ","nlme","NA","1.5.0","released",FALSE
"varIdent","closure","function","TRUE","FALSE","(value = numeric(0), form = ~1, fixed = NULL) ","nlme","NA","1.5.0","released",FALSE
"varPower","closure","function","TRUE","FALSE","(value = numeric(0), form = ~fitted(.), fixed = NULL) ","nlme","NA","1.5.0","released",FALSE
"varWeights","closure","function","TRUE","FALSE","(object) ","nlme","NA","1.5.0","released",FALSE
"varWeights.glsStruct","closure","function","TRUE","FALSE","(object) ","nlme","NA","1.5.0","released",FALSE
"varWeights.lmeStruct","closure","function","TRUE","FALSE","(object) ","nlme","NA","1.5.0","released",FALSE
"varWeights.varComb","closure","function","TRUE","FALSE","(object) ","nlme","NA","1.5.0","released",FALSE
"varWeights.varFunc","closure","function","TRUE","FALSE","(object) ","nlme","NA","1.5.0","released",FALSE
".First.lib","closure","function","TRUE","FALSE","(lib, pkg) ","nls","NA","1.5.0","released", TRUE
"NLSstAsymptotic","closure","function","TRUE","FALSE","(xy) ","nls","NA","1.5.0","released",FALSE
"NLSstAsymptotic.sortedXyData","closure","function","TRUE","FALSE","(xy) ","nls","NA","1.5.0","released",FALSE
"NLSstClosestX","closure","function","TRUE","FALSE","(xy, yval) ","nls","NA","1.5.0","released",FALSE
"NLSstClosestX.sortedXyData","closure","function","TRUE","FALSE","(xy, yval) ","nls","NA","1.5.0","released",FALSE
"NLSstLfAsymptote","closure","function","TRUE","FALSE","(xy) ","nls","NA","1.5.0","released",FALSE
"NLSstLfAsymptote.sortedXyData","closure","function","TRUE","FALSE","(xy) ","nls","NA","1.5.0","released",FALSE
"NLSstRtAsymptote","closure","function","TRUE","FALSE","(xy) ","nls","NA","1.5.0","released",FALSE
"NLSstRtAsymptote.sortedXyData","closure","function","TRUE","FALSE","(xy) ","nls","NA","1.5.0","released",FALSE
"SSasymp","closure","selfStart","TRUE","FALSE","(input, Asym, R0, lrc) ","nls","NA","1.5.0","released",FALSE
"SSasympOff","closure","selfStart","TRUE","FALSE","(input, Asym, lrc, c0) ","nls","NA","1.5.0","released",FALSE
"SSasympOrig","closure","selfStart","TRUE","FALSE","(input, Asym, lrc) ","nls","NA","1.5.0","released",FALSE
"SSbiexp","closure","selfStart","TRUE","FALSE","(input, A1, lrc1, A2, lrc2) ","nls","NA","1.5.0","released",FALSE
"SSfol","closure","selfStart","TRUE","FALSE","(Dose, input, lKe, lKa, lCl) ","nls","NA","1.5.0","released",FALSE
"SSfpl","closure","selfStart","TRUE","FALSE","(input, A, B, xmid, scal) ","nls","NA","1.5.0","released",FALSE
"SSgompertz","closure","selfStart","TRUE","FALSE","(x, Asym, b2, b3) ","nls","NA","1.5.0","released",FALSE
"SSlogis","closure","selfStart","TRUE","FALSE","(input, Asym, xmid, scal) ","nls","NA","1.5.0","released",FALSE
"SSmicmen","closure","selfStart","TRUE","FALSE","(input, Vm, K) ","nls","NA","1.5.0","released",FALSE
"SSweibull","closure","selfStart","TRUE","FALSE","(x, Asym, Drop, lrc, pwr) ","nls","NA","1.5.0","released",FALSE
"anova.nls","closure","function","TRUE","FALSE","(object, ...) ","nls","NA","1.5.0","released",FALSE
"anovalist.nls","closure","function","TRUE","FALSE","(object, ..., test = NULL) ","nls","NA","1.5.0","released",FALSE
"asOneSidedFormula","closure","function","TRUE","FALSE","(object) ","nls","NA","1.5.0","released",FALSE
"clearNames","closure","function","TRUE","FALSE","(object) ","nls","NA","1.5.0","released",FALSE
"coef.nls","closure","function","TRUE","FALSE","(object, ...) ","nls","NA","1.5.0","released",FALSE
"deviance.nls","closure","function","TRUE","FALSE","(object, ...) ","nls","NA","1.5.0","released",FALSE
"df.residual.nls","closure","function","TRUE","FALSE","(object, ...) ","nls","NA","1.5.0","released",FALSE
"fitted.nls","closure","function","TRUE","FALSE","(object, ...) ","nls","NA","1.5.0","released",FALSE
"formula.nls","closure","function","TRUE","FALSE","(x, ...) ","nls","NA","1.5.0","released",FALSE
"getInitial","closure","function","TRUE","FALSE","(object, data, ...) ","nls","NA","1.5.0","released",FALSE
"getInitial.default","closure","function","TRUE","FALSE","(object, data, mCall, LHS = NULL, ...) ","nls","NA","1.5.0","released",FALSE
"getInitial.formula","closure","function","TRUE","FALSE","(object, data, ...) ","nls","NA","1.5.0","released",FALSE
"getInitial.selfStart","closure","function","TRUE","FALSE","(object, data, mCall, LHS = NULL, ...) ","nls","NA","1.5.0","released",FALSE
"logLik.nls","closure","function","TRUE","FALSE","(object, REML = FALSE, ...) ","nls","NA","1.5.0","released",FALSE
"nls","closure","function","TRUE","FALSE","(formula, data = parent.frame(), start, control, algorithm = ""default"",     trace = FALSE, subset, weights, na.action) ","nls","NA","1.5.0","released",FALSE
"nls.control","closure","function","TRUE","FALSE","(maxiter = 50, tol = 1e-05, minFactor = 1/1024) ","nls","NA","1.5.0","released",FALSE
"nlsModel","closure","function","TRUE","FALSE","(form, data, start) ","nls","NA","1.5.0","released",FALSE
"nlsModel.plinear","closure","function","TRUE","FALSE","(form, data, start) ","nls","NA","1.5.0","released",FALSE
"numericDeriv","closure","function","TRUE","FALSE","(expr, theta, rho = parent.frame()) ","nls","NA","1.5.0","released",FALSE
"plot.profile.nls","closure","function","TRUE","FALSE","(x, levels, conf = c(99, 95, 90, 80, 50)/100, nseg = 50,     absVal = TRUE, ...) ","nls","NA","1.5.0","released",FALSE
"predict.nls","closure","function","TRUE","FALSE","(object, newdata, se.fit = FALSE, scale = NULL, df = Inf,     interval = c(""none"", ""confidence"", ""prediction""), level = 0.95,     ...) ","nls","NA","1.5.0","released",FALSE
"print.nls","closure","function","TRUE","FALSE","(x, ...) ","nls","NA","1.5.0","released",FALSE
"print.summary.nls","closure","function","TRUE","FALSE","(x, digits = max(3, getOption(""digits"") - 3), symbolic.cor = p >     4, signif.stars = getOption(""show.signif.stars""), ...) ","nls","NA","1.5.0","released",FALSE
"profile.nls","closure","function","TRUE","FALSE","(fitted, which = 1:npar, maxpts = 100, alphamax = 0.01,     delta.t = cutoff/5, ...) ","nls","NA","1.5.0","released",FALSE
"profiler","closure","function","TRUE","FALSE","(fitted, ...) ","nls","NA","1.5.0","released",FALSE
"profiler.nls","closure","function","TRUE","FALSE","(fitted, ...) ","nls","NA","1.5.0","released",FALSE
"residuals.nls","closure","function","TRUE","FALSE","(object, type = c(""response"", ""pearson""), ...) ","nls","NA","1.5.0","released",FALSE
"selfStart","closure","function","TRUE","FALSE","(model, initial, parameters, template) ","nls","NA","1.5.0","released",FALSE
"selfStart.default","closure","function","TRUE","FALSE","(model, initial, parameters, template) ","nls","NA","1.5.0","released",FALSE
"selfStart.formula","closure","function","TRUE","FALSE","(model, initial, parameters, template = NULL) ","nls","NA","1.5.0","released",FALSE
"setNames","closure","function","TRUE","FALSE","(object, nm) ","nls","NA","1.5.0","released",FALSE
"sortedXyData","closure","function","TRUE","FALSE","(x, y, data) ","nls","NA","1.5.0","released",FALSE
"sortedXyData.default","closure","function","TRUE","FALSE","(x, y, data) ","nls","NA","1.5.0","released",FALSE
"summary.nls","closure","function","TRUE","FALSE","(object, ...) ","nls","NA","1.5.0","released",FALSE
"weights.nls","closure","function","TRUE","FALSE","(object, ...) ","nls","NA","1.5.0","released",FALSE
".First.lib","closure","function","TRUE","FALSE","(lib, pkg) ","nnet","NA","1.5.0","released", TRUE
"add.net","closure","function","TRUE","FALSE","(net, from, to) ","nnet","NA","1.5.0","released",FALSE
"add1.multinom","closure","function","TRUE","FALSE","(object, scope, sorted = FALSE, trace = FALSE, ...) ","nnet","NA","1.5.0","released",FALSE
"anova.multinom","closure","function","TRUE","FALSE","(object, ..., test = c(""Chisq"", ""none"")) ","nnet","NA","1.5.0","released",FALSE
"class.ind","closure","function","TRUE","FALSE","(cl) ","nnet","NA","1.5.0","released",FALSE
"coef.multinom","closure","function","TRUE","FALSE","(object, ...) ","nnet","NA","1.5.0","released",FALSE
"coef.nnet","closure","function","TRUE","FALSE","(object, ...) ","nnet","NA","1.5.0","released",FALSE
"drop1.multinom","closure","function","TRUE","FALSE","(object, scope, sorted = FALSE, trace = FALSE, ...) ","nnet","NA","1.5.0","released",FALSE
"eval.nn","closure","function","TRUE","FALSE","(wts) ","nnet","NA","1.5.0","released",FALSE
"extractAIC.multinom","closure","function","TRUE","FALSE","(fit, scale, k = 2, ...) ","nnet","NA","1.5.0","released",FALSE
"model.frame.multinom","closure","function","TRUE","FALSE","(formula, data = NULL, na.action = NULL, ...) ","nnet","NA","1.5.0","released",FALSE
"multinom","closure","function","TRUE","FALSE","(formula, data = parent.frame(), weights, subset, na.action,     contrasts = NULL, Hess = FALSE, summ = 0, censored = FALSE,     ...) ","nnet","NA","1.5.0","released",FALSE
"nnet","closure","function","TRUE","FALSE","(object, ...) ","nnet","NA","1.5.0","released",FALSE
"nnet.Hess","closure","function","TRUE","FALSE","(net, x, y, weights) ","nnet","NA","1.5.0","released",FALSE
"nnet.default","closure","function","TRUE","FALSE","(x, y, weights, size, Wts, mask = rep(TRUE, length(wts)),     linout = FALSE, entropy = FALSE, softmax = FALSE, censored = FALSE,     skip = FALSE, rang = 0.7, decay = 0, maxit = 100, Hess = FALSE,     trace = TRUE, MaxNWts = 1000, abstol = 1e-04, reltol = 1e-08,     ...) ","nnet","NA","1.5.0","released",FALSE
"nnet.formula","closure","function","TRUE","FALSE","(formula, data = NULL, weights, ..., subset, na.action = na.fail,     contrasts = NULL) ","nnet","NA","1.5.0","released",FALSE
"norm.net","closure","function","TRUE","FALSE","(net) ","nnet","NA","1.5.0","released",FALSE
"predict.multinom","closure","function","TRUE","FALSE","(object, newdata, type = c(""class"", ""probs""), ...) ","nnet","NA","1.5.0","released",FALSE
"predict.nnet","closure","function","TRUE","FALSE","(object, newdata, type = c(""raw"", ""class""), ...) ","nnet","NA","1.5.0","released",FALSE
"print.multinom","closure","function","TRUE","FALSE","(x, ...) ","nnet","NA","1.5.0","released",FALSE
"print.nnet","closure","function","TRUE","FALSE","(x, ...) ","nnet","NA","1.5.0","released",FALSE
"print.summary.multinom","closure","function","TRUE","FALSE","(x, digits = x$digits, ...) ","nnet","NA","1.5.0","released",FALSE
"print.summary.nnet","closure","function","TRUE","FALSE","(x, ...) ","nnet","NA","1.5.0","released",FALSE
"residuals.nnet","closure","function","TRUE","FALSE","(object, ...) ","nnet","NA","1.5.0","released",FALSE
"summary.multinom","closure","function","TRUE","FALSE","(object, correlation = TRUE, digits = options()$digits,     Wald.ratios = FALSE, ...) ","nnet","NA","1.5.0","released",FALSE
"summary.nnet","closure","function","TRUE","FALSE","(object, ...) ","nnet","NA","1.5.0","released",FALSE
"vcov.multinom","closure","function","TRUE","FALSE","(object) ","nnet","NA","1.5.0","released",FALSE
"which.is.max","closure","function","TRUE","FALSE","(x) ","nnet","NA","1.5.0","released",FALSE
".First.lib","closure","function","TRUE","FALSE","(lib, pkg) ","rpart","NA","1.5.0","released", TRUE
"descendants","closure","function","TRUE","FALSE","(nodes, include = TRUE) ","rpart","NA","1.5.0","released",FALSE
"formatg","closure","function","TRUE","FALSE","(x, digits = unlist(options(""digits"")), format = paste(""%."",     digits, ""g"", sep = """")) ","rpart","NA","1.5.0","released",FALSE
"labels.rpart","closure","function","TRUE","FALSE","(object, digits = 4, minlength = 1, pretty, collapse = TRUE,     ...) ","rpart","NA","1.5.0","released",FALSE
"meanvar","closure","function","TRUE","FALSE","(tree, ...) ","rpart","NA","1.5.0","released",FALSE
"meanvar.rpart","closure","function","TRUE","FALSE","(tree, xlab = ""ave(y)"", ylab = ""ave(deviance)"", ...) ","rpart","NA","1.5.0","released",FALSE
"model.frame.rpart","closure","function","TRUE","FALSE","(formula, ...) ","rpart","NA","1.5.0","released",FALSE
"na.rpart","closure","function","TRUE","FALSE","(x) ","rpart","NA","1.5.0","released",FALSE
"node.match","closure","function","TRUE","FALSE","(nodes, nodelist, leaves, print.it = TRUE) ","rpart","NA","1.5.0","released",FALSE
"path.rpart","closure","function","TRUE","FALSE","(tree, nodes, pretty = 0, print.it = TRUE) ","rpart","NA","1.5.0","released",FALSE
"plot.rpart","closure","function","TRUE","FALSE","(x, uniform = FALSE, branch = 1, compress = FALSE, nspace,     margin = 0, minbranch = 0.3, ...) ","rpart","NA","1.5.0","released",FALSE
"plotcp","closure","function","TRUE","FALSE","(x, minline = TRUE, lty = 3, col = 1, upper = c(""size"",     ""splits"", ""none""), ylim, ...) ","rpart","NA","1.5.0","released",FALSE
"post","closure","function","TRUE","FALSE","(tree, ...) ","rpart","NA","1.5.0","released",FALSE
"post.rpart","closure","function","TRUE","FALSE","(tree, title., filename = paste(deparse(substitute(tree)),     "".ps"", sep = """"), digits = getOption(""digits"") - 3, pretty = TRUE,     use.n = TRUE, horizontal = TRUE, ...) ","rpart","NA","1.5.0","released",FALSE
"pred.rpart","closure","function","TRUE","FALSE","(fit, x) ","rpart","NA","1.5.0","released",FALSE
"predict.rpart","closure","function","TRUE","FALSE","(object, newdata = list(), type = c(""vector"", ""prob"",     ""class"", ""matrix""), ...) ","rpart","NA","1.5.0","released",FALSE
"print.rpart","closure","function","TRUE","FALSE","(x, minlength = 0, spaces = 2, cp, digits = getOption(""digits""),     ...) ","rpart","NA","1.5.0","released",FALSE
"printcp","closure","function","TRUE","FALSE","(x, digits = getOption(""digits"") - 2) ","rpart","NA","1.5.0","released",FALSE
"prune","closure","function","TRUE","FALSE","(tree, ...) ","rpart","NA","1.5.0","released",FALSE
"prune.rpart","closure","function","TRUE","FALSE","(tree, cp, ...) ","rpart","NA","1.5.0","released",FALSE
"residuals.rpart","closure","function","TRUE","FALSE","(object, type = c(""usual"", ""pearson"", ""deviance""), ...) ","rpart","NA","1.5.0","released",FALSE
"rpart","closure","function","TRUE","FALSE","(formula, data = NULL, weights, subset, na.action = na.rpart,     method, model = FALSE, x = FALSE, y = TRUE, parms, control,     cost, ...) ","rpart","NA","1.5.0","released",FALSE
"rpart.anova","closure","function","TRUE","FALSE","(y, offset, parms, wt) ","rpart","NA","1.5.0","released",FALSE
"rpart.branch","closure","function","TRUE","FALSE","(x, y, node, branch) ","rpart","NA","1.5.0","released",FALSE
"rpart.class","closure","function","TRUE","FALSE","(y, offset, parms, wt) ","rpart","NA","1.5.0","released",FALSE
"rpart.control","closure","function","TRUE","FALSE","(minsplit = 20, minbucket = round(minsplit/3), cp = 0.01,     maxcompete = 4, maxsurrogate = 5, usesurrogate = 2, xval = 10,     surrogatestyle = 0, maxdepth = 30, ...) ","rpart","NA","1.5.0","released",FALSE
"rpart.exp","closure","function","TRUE","FALSE","(y, offset, parms, wt) ","rpart","NA","1.5.0","released",FALSE
"rpart.matrix","closure","function","TRUE","FALSE","(frame) ","rpart","NA","1.5.0","released",FALSE
"rpart.poisson","closure","function","TRUE","FALSE","(y, offset, parms, wt) ","rpart","NA","1.5.0","released",FALSE
"rpartcallback","closure","function","TRUE","FALSE","(mlist, nobs, init) ","rpart","NA","1.5.0","released",FALSE
"rpartco","closure","function","TRUE","FALSE","(tree, parms = paste("".rpart.parms"", dev.cur(), sep = ""."")) ","rpart","NA","1.5.0","released",FALSE
"rpconvert","closure","function","TRUE","FALSE","(x) ","rpart","NA","1.5.0","released",FALSE
"rsq.rpart","closure","function","TRUE","FALSE","(x) ","rpart","NA","1.5.0","released",FALSE
"snip.rpart","closure","function","TRUE","FALSE","(x, toss) ","rpart","NA","1.5.0","released",FALSE
"snip.rpart.mouse","closure","function","TRUE","FALSE","(tree, parms = paste("".rpart.parms"", dev.cur(), sep = ""."")) ","rpart","NA","1.5.0","released",FALSE
"string.bounding.box","closure","function","TRUE","FALSE","(s) ","rpart","NA","1.5.0","released",FALSE
"summary.rpart","closure","function","TRUE","FALSE","(object, cp = 0, digits = getOption(""digits""), file,     ...) ","rpart","NA","1.5.0","released",FALSE
"text.rpart","closure","function","TRUE","FALSE","(x, splits = TRUE, label = ""yval"", FUN = text, all = FALSE,     pretty = NULL, digits = getOption(""digits"") - 3, use.n = FALSE,     fancy = FALSE, fwidth = 0.8, fheight = 0.8, ...) ","rpart","NA","1.5.0","released",FALSE
"tree.depth","closure","function","TRUE","FALSE","(nodes) ","rpart","NA","1.5.0","released",FALSE
"xpred.rpart","closure","function","TRUE","FALSE","(fit, xval = 10, cp) ","rpart","NA","1.5.0","released",FALSE
".First.lib","closure","function","TRUE","FALSE","(lib, pkg) ","spatial","NA","1.5.0","released", TRUE
".sp.lib.name","character","character","TRUE","FALSE","NA","spatial","NA","1.5.0","released", TRUE
".spfmat","closure","function","TRUE","FALSE","(x, y, np) ","spatial","NA","1.5.0","released", TRUE
".trval","closure","function","TRUE","FALSE","(obj, x, y) ","spatial","NA","1.5.0","released", TRUE
"Kaver","closure","function","TRUE","FALSE","(fs, nsim, ...) ","spatial","NA","1.5.0","released",FALSE
"Kenvl","closure","function","TRUE","FALSE","(fs, nsim, ...) ","spatial","NA","1.5.0","released",FALSE
"Kfn","closure","function","TRUE","FALSE","(pp, fs, k = 100) ","spatial","NA","1.5.0","released",FALSE
"Psim","closure","function","TRUE","FALSE","(n) ","spatial","NA","1.5.0","released",FALSE
"SSI","closure","function","TRUE","FALSE","(n, r) ","spatial","NA","1.5.0","released",FALSE
"Strauss","closure","function","TRUE","FALSE","(n, c = 0, r) ","spatial","NA","1.5.0","released",FALSE
"anova.trls","closure","function","TRUE","FALSE","(object, ...) ","spatial","NA","1.5.0","released",FALSE
"anovalist.trls","closure","function","TRUE","FALSE","(object, ...) ","spatial","NA","1.5.0","released",FALSE
"correlogram","closure","function","TRUE","FALSE","(krig, nint, plotit = TRUE, ...) ","spatial","NA","1.5.0","released",FALSE
"deviance.trls","closure","function","TRUE","FALSE","(object, ...) ","spatial","NA","1.5.0","released",FALSE
"df.residual.trls","closure","function","TRUE","FALSE","(object, ...) ","spatial","NA","1.5.0","released",FALSE
"expcov","closure","function","TRUE","FALSE","(r, d, alpha = 0, se = 1) ","spatial","NA","1.5.0","released",FALSE
"extractAIC.trls","closure","function","TRUE","FALSE","(fit, scale, k = 2, ...) ","spatial","NA","1.5.0","released",FALSE
"fitted.trls","closure","function","TRUE","FALSE","(object, ...) ","spatial","NA","1.5.0","released",FALSE
"gaucov","closure","function","TRUE","FALSE","(r, d, alpha = 0, se = 1) ","spatial","NA","1.5.0","released",FALSE
"plot.trls","closure","function","TRUE","FALSE","(x, border = ""red"", col = NA, pch = 4, cex = 0.6, add = FALSE,     div = 8, ...) ","spatial","NA","1.5.0","released",FALSE
"ppgetregion","closure","function","TRUE","FALSE","() ","spatial","NA","1.5.0","released",FALSE
"ppinit","closure","function","TRUE","FALSE","(file) ","spatial","NA","1.5.0","released",FALSE
"pplik","closure","function","TRUE","FALSE","(pp, R, ng = 50, trace = FALSE) ","spatial","NA","1.5.0","released",FALSE
"ppregion","closure","function","TRUE","FALSE","(xl = 0, xu = 1, yl = 0, yu = 1) ","spatial","NA","1.5.0","released",FALSE
"predict.trls","closure","function","TRUE","FALSE","(object, x, y, ...) ","spatial","NA","1.5.0","released",FALSE
"prmat","closure","function","TRUE","FALSE","(obj, xl, xu, yl, yu, n) ","spatial","NA","1.5.0","released",FALSE
"residuals.trls","closure","function","TRUE","FALSE","(object, ...) ","spatial","NA","1.5.0","released",FALSE
"semat","closure","function","TRUE","FALSE","(obj, xl, xu, yl, yu, n, se) ","spatial","NA","1.5.0","released",FALSE
"sphercov","closure","function","TRUE","FALSE","(r, d, alpha = 0, se = 1, D = 2) ","spatial","NA","1.5.0","released",FALSE
"summary.trls","closure","function","TRUE","FALSE","(object, digits = max(3, getOption(""digits"") - 3), ...) ","spatial","NA","1.5.0","released",FALSE
"surf.gls","closure","function","TRUE","FALSE","(np, covmod, x, y, z, nx = 1000, ...) ","spatial","NA","1.5.0","released",FALSE
"surf.ls","closure","function","TRUE","FALSE","(np, x, y, z) ","spatial","NA","1.5.0","released",FALSE
"trls.influence","closure","function","TRUE","FALSE","(object) ","spatial","NA","1.5.0","released",FALSE
"trmat","closure","function","TRUE","FALSE","(obj, xl, xu, yl, yu, n) ","spatial","NA","1.5.0","released",FALSE
"variogram","closure","function","TRUE","FALSE","(krig, nint, plotit = TRUE, ...) ","spatial","NA","1.5.0","released",FALSE
".First.lib","closure","function","TRUE","FALSE","(lib, pkg) ","splines","NA","1.5.0","released", TRUE
"as.data.frame.xyVector","closure","function","TRUE","FALSE","(x, row.names, optional) ","splines","NA","1.5.0","released",FALSE
"as.polySpline","closure","function","TRUE","FALSE","(object, ...) ","splines","NA","1.5.0","released",FALSE
"asVector","closure","function","TRUE","FALSE","(object) ","splines","NA","1.5.0","released",FALSE
"asVector.xyVector","closure","function","TRUE","FALSE","(object) ","splines","NA","1.5.0","released",FALSE
"backSpline","closure","function","TRUE","FALSE","(object) ","splines","NA","1.5.0","released",FALSE
"backSpline.nbSpline","closure","function","TRUE","FALSE","(object) ","splines","NA","1.5.0","released",FALSE
"backSpline.npolySpline","closure","function","TRUE","FALSE","(object) ","splines","NA","1.5.0","released",FALSE
"bs","closure","function","TRUE","FALSE","(x, df = NULL, knots = NULL, degree = 3, intercept = FALSE,     Boundary.knots = range(x)) ","splines","NA","1.5.0","released",FALSE
"interpSpline","closure","function","TRUE","FALSE","(obj1, obj2, bSpline = FALSE, period = NULL, na.action = na.fail) ","splines","NA","1.5.0","released",FALSE
"interpSpline.default","closure","function","TRUE","FALSE","(obj1, obj2, bSpline = FALSE, period = NULL, na.action = na.fail) ","splines","NA","1.5.0","released",FALSE
"interpSpline.formula","closure","function","TRUE","FALSE","(obj1, obj2, bSpline = FALSE, period = NULL, na.action = na.fail) ","splines","NA","1.5.0","released",FALSE
"makepredictcall.bs","closure","function","TRUE","FALSE","(var, call) ","splines","NA","1.5.0","released",FALSE
"makepredictcall.ns","closure","function","TRUE","FALSE","(var, call) ","splines","NA","1.5.0","released",FALSE
"ns","closure","function","TRUE","FALSE","(x, df = NULL, knots = NULL, intercept = FALSE, Boundary.knots = range(x)) ","splines","NA","1.5.0","released",FALSE
"periodicSpline","closure","function","TRUE","FALSE","(obj1, obj2, knots, period = 2 * pi, ord = 4) ","splines","NA","1.5.0","released",FALSE
"periodicSpline.default","closure","function","TRUE","FALSE","(obj1, obj2, knots, period = 2 * pi, ord = 4) ","splines","NA","1.5.0","released",FALSE
"periodicSpline.formula","closure","function","TRUE","FALSE","(obj1, obj2, knots, period = 2 * pi, ord = 4) ","splines","NA","1.5.0","released",FALSE
"plot.spline","closure","function","TRUE","FALSE","(x, ...) ","splines","NA","1.5.0","released",FALSE
"plot.xyVector","closure","function","TRUE","FALSE","(x, ...) ","splines","NA","1.5.0","released",FALSE
"polySpline","closure","function","TRUE","FALSE","(object, ...) ","splines","NA","1.5.0","released",FALSE
"polySpline.bSpline","closure","function","TRUE","FALSE","(object, ...) ","splines","NA","1.5.0","released",FALSE
"polySpline.nbSpline","closure","function","TRUE","FALSE","(object, ...) ","splines","NA","1.5.0","released",FALSE
"polySpline.pbSpline","closure","function","TRUE","FALSE","(object, ...) ","splines","NA","1.5.0","released",FALSE
"polySpline.polySpline","closure","function","TRUE","FALSE","(object, ...) ","splines","NA","1.5.0","released",FALSE
"predict.bSpline","closure","function","TRUE","FALSE","(object, x, nseg = 50, deriv = 0, ...) ","splines","NA","1.5.0","released",FALSE
"predict.bs","closure","function","TRUE","FALSE","(object, newx, ...) ","splines","NA","1.5.0","released",FALSE
"predict.nbSpline","closure","function","TRUE","FALSE","(object, x, nseg = 50, deriv = 0, ...) ","splines","NA","1.5.0","released",FALSE
"predict.npolySpline","closure","function","TRUE","FALSE","(object, x, nseg = 50, deriv = 0, ...) ","splines","NA","1.5.0","released",FALSE
"predict.ns","closure","function","TRUE","FALSE","(object, newx, ...) ","splines","NA","1.5.0","released",FALSE
"predict.pbSpline","closure","function","TRUE","FALSE","(object, x, nseg = 50, deriv = 0, ...) ","splines","NA","1.5.0","released",FALSE
"predict.polySpline","closure","function","TRUE","FALSE","(object, x, nseg = 50, deriv = 0, ...) ","splines","NA","1.5.0","released",FALSE
"predict.ppolySpline","closure","function","TRUE","FALSE","(object, x, nseg = 50, deriv = 0, ...) ","splines","NA","1.5.0","released",FALSE
"print.bSpline","closure","function","TRUE","FALSE","(x, ...) ","splines","NA","1.5.0","released",FALSE
"print.polySpline","closure","function","TRUE","FALSE","(x, ...) ","splines","NA","1.5.0","released",FALSE
"print.ppolySpline","closure","function","TRUE","FALSE","(x, ...) ","splines","NA","1.5.0","released",FALSE
"spline.des","closure","function","TRUE","FALSE","(knots, x, ord = 4, derivs = integer(length(x))) ","splines","NA","1.5.0","released",FALSE
"splineDesign","closure","function","TRUE","FALSE","(knots, x, ord = 4, derivs = integer(nx)) ","splines","NA","1.5.0","released",FALSE
"splineKnots","closure","function","TRUE","FALSE","(object) ","splines","NA","1.5.0","released",FALSE
"splineKnots.spline","closure","function","TRUE","FALSE","(object) ","splines","NA","1.5.0","released",FALSE
"splineOrder","closure","function","TRUE","FALSE","(object) ","splines","NA","1.5.0","released",FALSE
"splineOrder.bSpline","closure","function","TRUE","FALSE","(object) ","splines","NA","1.5.0","released",FALSE
"splineOrder.polySpline","closure","function","TRUE","FALSE","(object) ","splines","NA","1.5.0","released",FALSE
"xyVector","closure","function","TRUE","FALSE","(x, y) ","splines","NA","1.5.0","released",FALSE
"ecdf","closure","function","TRUE","FALSE","(x) ","stepfun","NA","1.5.0","released",FALSE
"is.stepfun","closure","function","TRUE","FALSE","(x) ","stepfun","NA","1.5.0","released",FALSE
"knots","closure","function","TRUE","FALSE","(Fn, ...) ","stepfun","NA","1.5.0","released",FALSE
"knots.stepfun","closure","function","TRUE","FALSE","(Fn, ...) ","stepfun","NA","1.5.0","released",FALSE
"plot.ecdf","closure","function","TRUE","FALSE","(..., verticals = FALSE, col.01line = ""gray70"") ","stepfun","NA","1.5.0","released",FALSE
"plot.stepfun","closure","function","TRUE","FALSE","(x, xval, xlim, xlab = ""x"", ylab = ""f(x)"", main = NULL,     add = FALSE, verticals = TRUE, do.points = TRUE, pch = par(""pch""),     col.points = par(""col""), cex.points = par(""cex""), col.hor = par(""col""),     col.vert = par(""col""), lty = par(""lty""), lwd = par(""lwd""),     ...) ","stepfun","NA","1.5.0","released",FALSE
"print.ecdf","closure","function","TRUE","FALSE","(x, digits = getOption(""digits"") - 2, ...) ","stepfun","NA","1.5.0","released",FALSE
"print.stepfun","closure","function","TRUE","FALSE","(x, digits = getOption(""digits"") - 2, ...) ","stepfun","NA","1.5.0","released",FALSE
"stepfun","closure","function","TRUE","FALSE","(x, y, f = 0, ties = ""ordered"") ","stepfun","NA","1.5.0","released",FALSE
"summary.ecdf","closure","function","TRUE","FALSE","(object, ...) ","stepfun","NA","1.5.0","released",FALSE
"summary.stepfun","closure","function","TRUE","FALSE","(object, ...) ","stepfun","NA","1.5.0","released",FALSE
".First.lib","closure","function","TRUE","FALSE","(lib, pkg) ","survival","NA","1.5.0","released", TRUE
"Math.Surv","closure","function","TRUE","FALSE","(...) ","survival","NA","1.5.0","released",FALSE
"Math.date","closure","function","TRUE","FALSE","(...) ","survival","NA","1.5.0","released",FALSE
"Math.ratetable","closure","function","TRUE","FALSE","(x, ...) ","survival","NA","1.5.0","released",FALSE
"Ops.Surv","closure","function","TRUE","FALSE","(...) ","survival","NA","1.5.0","released",FALSE
"Ops.date","closure","function","TRUE","FALSE","(e1, e2) ","survival","NA","1.5.0","released",FALSE
"Ops.ratetable","closure","function","TRUE","FALSE","(e1, e2) ","survival","NA","1.5.0","released",FALSE
"Summary.Surv","closure","function","TRUE","FALSE","(...) ","survival","NA","1.5.0","released",FALSE
"Summary.date","closure","function","TRUE","FALSE","(..., na.rm = FALSE) ","survival","NA","1.5.0","released",FALSE
"Surv","closure","function","TRUE","FALSE","(time, time2, event, type = c(""right"", ""left"", ""interval"",     ""counting"", ""interval2""), origin = 0) ","survival","NA","1.5.0","released",FALSE
"[.Surv","closure","function","TRUE","FALSE","(x, i, j, drop = FALSE) ","survival","NA","1.5.0","released",FALSE
"[.cox.zph","closure","function","TRUE","FALSE","(x, ..., drop = FALSE) ","survival","NA","1.5.0","released",FALSE
"[.coxph.penalty","closure","function","TRUE","FALSE","(x, ..., drop = FALSE) ","survival","NA","1.5.0","released",FALSE
"[.date","closure","function","TRUE","FALSE","(x, ..., drop = TRUE) ","survival","NA","1.5.0","released",FALSE
"[.ratetable","closure","function","TRUE","FALSE","(x, ..., drop = TRUE) ","survival","NA","1.5.0","released",FALSE
"[.ratetable2","closure","function","TRUE","FALSE","(x, rows, cols, drop = F) ","survival","NA","1.5.0","released",FALSE
"[.survfit","closure","function","TRUE","FALSE","(fit, ..., drop = FALSE) ","survival","NA","1.5.0","released",FALSE
"[.tcut","closure","function","TRUE","FALSE","(x, ..., drop = FALSE) ","survival","NA","1.5.0","released",FALSE
"[.terms","closure","function","TRUE","FALSE","(termobj, i) ","survival","NA","1.5.0","released",FALSE
"[[.date","closure","function","TRUE","FALSE","(x, ..., drop = TRUE) ","survival","NA","1.5.0","released",FALSE
"agexact.fit","closure","function","TRUE","FALSE","(x, y, strata, offset, init, control, weights, method,     rownames) ","survival","NA","1.5.0","released",FALSE
"agreg.fit","closure","function","TRUE","FALSE","(x, y, strata, offset, init, control, weights, method,     rownames) ","survival","NA","1.5.0","released",FALSE
"anova.survreg","closure","function","TRUE","FALSE","(object, ..., test = c(""Chisq"", ""none"")) ","survival","NA","1.5.0","released",FALSE
"anova.survreglist","closure","function","TRUE","FALSE","(object, ..., test = c(""Chisq"", ""none"")) ","survival","NA","1.5.0","released",FALSE
"as.character.Surv","closure","function","TRUE","FALSE","(xx) ","survival","NA","1.5.0","released",FALSE
"as.character.date","closure","function","TRUE","FALSE","(x) ","survival","NA","1.5.0","released",FALSE
"as.data.frame.Surv","closure","function","TRUE","FALSE","(x, row.names = NULL, optional = FALSE) ","survival","NA","1.5.0","released",FALSE
"as.data.frame.date","closure","function","TRUE","FALSE","(x, row.names = NULL, optional = FALSE) ","survival","NA","1.5.0","released",FALSE
"as.data.frame.difftime","closure","function","TRUE","FALSE","(x, row.names = NULL, optional = FALSE) ","survival","NA","1.5.0","released",FALSE
"as.date","closure","function","TRUE","FALSE","(x, order = ""mdy"", ...) ","survival","NA","1.5.0","released",FALSE
"as.matrix.ratetable","closure","function","TRUE","FALSE","(x) ","survival","NA","1.5.0","released",FALSE
"as.vector.date","closure","function","TRUE","FALSE","(x, type = ""any"") ","survival","NA","1.5.0","released",FALSE
"attrassign","closure","function","TRUE","FALSE","(object, ...) ","survival","NA","1.5.0","released",FALSE
"attrassign.default","closure","function","TRUE","FALSE","(object, tt, ...) ","survival","NA","1.5.0","released",FALSE
"attrassign.lm","closure","function","TRUE","FALSE","(object, ...) ","survival","NA","1.5.0","released",FALSE
"basehaz","closure","function","TRUE","FALSE","(fit, centered = TRUE) ","survival","NA","1.5.0","released",FALSE
"clogit","closure","function","TRUE","FALSE","(formula, data, method = c(""exact"", ""approximate""),     na.action = getOption(""na.action""), subset = NULL) ","survival","NA","1.5.0","released",FALSE
"cluster","closure","function","TRUE","FALSE","(x) ","survival","NA","1.5.0","released",FALSE
"cox.zph","closure","function","TRUE","FALSE","(fit, transform = ""km"", global = TRUE) ","survival","NA","1.5.0","released",FALSE
"coxpenal.df","closure","function","TRUE","FALSE","(hmat, hinv, fdiag, assign.list, ptype, nvar, pen1,     pen2, sparse) ","survival","NA","1.5.0","released",FALSE
"coxpenal.fit","closure","function","TRUE","FALSE","(x, y, strata, offset, init, control, weights, method,     rownames, pcols, pattr, assign) ","survival","NA","1.5.0","released",FALSE
"coxph","closure","function","TRUE","FALSE","(formula = formula(data), data = parent.frame(), weights,     subset, na.action, init, control, method = c(""efron"", ""breslow"",         ""exact""), singular.ok = TRUE, robust = FALSE, model = FALSE,     x = FALSE, y = TRUE, ...) ","survival","NA","1.5.0","released",FALSE
"coxph.control","closure","function","TRUE","FALSE","(eps = 1e-04, toler.chol = .Machine$double.eps^0.75,     iter.max = 10, toler.inf = sqrt(eps), outer.max = 10) ","survival","NA","1.5.0","released",FALSE
"coxph.detail","closure","function","TRUE","FALSE","(object) ","survival","NA","1.5.0","released",FALSE
"coxph.fit","closure","function","TRUE","FALSE","(x, y, strata, offset, init, control, weights, method,     rownames) ","survival","NA","1.5.0","released",FALSE
"coxph.getdata","closure","function","TRUE","FALSE","(fit, y = TRUE, x = TRUE, stratax = TRUE, offset = FALSE) ","survival","NA","1.5.0","released",FALSE
"coxph.wtest","closure","function","TRUE","FALSE","(var, b, toler.chol = 1e-09) ","survival","NA","1.5.0","released",FALSE
"date.ddmmmyy","closure","function","TRUE","FALSE","(sdate) ","survival","NA","1.5.0","released",FALSE
"date.mdy","closure","function","TRUE","FALSE","(sdate, weekday = FALSE) ","survival","NA","1.5.0","released",FALSE
"date.mmddyy","closure","function","TRUE","FALSE","(sdate, sep = ""/"") ","survival","NA","1.5.0","released",FALSE
"date.mmddyyyy","closure","function","TRUE","FALSE","(sdate, sep = ""/"") ","survival","NA","1.5.0","released",FALSE
"format.Surv","closure","function","TRUE","FALSE","(x, ...) ","survival","NA","1.5.0","released",FALSE
"frailty","closure","function","TRUE","FALSE","(x, distribution = ""gamma"", ...) ","survival","NA","1.5.0","released",FALSE
"frailty.brent","closure","function","TRUE","FALSE","(x, y, lower, upper) ","survival","NA","1.5.0","released",FALSE
"frailty.controlaic","closure","function","TRUE","FALSE","(parms, iter, old, n, df, loglik) ","survival","NA","1.5.0","released",FALSE
"frailty.controldf","closure","function","TRUE","FALSE","(parms, iter, old, df) ","survival","NA","1.5.0","released",FALSE
"frailty.controlgam","closure","function","TRUE","FALSE","(opt, iter, old, group, status, loglik) ","survival","NA","1.5.0","released",FALSE
"frailty.controlgauss","closure","function","TRUE","FALSE","(opt, iter, old, fcoef, trH, loglik) ","survival","NA","1.5.0","released",FALSE
"frailty.gamma","closure","function","TRUE","FALSE","(x, sparse = (nclass > 5), theta, df, eps = 1e-05, method = c(""em"",     ""aic"", ""df"", ""fixed""), ...) ","survival","NA","1.5.0","released",FALSE
"frailty.gammacon","closure","function","TRUE","FALSE","(d, nu) ","survival","NA","1.5.0","released",FALSE
"frailty.gaussian","closure","function","TRUE","FALSE","(x, sparse = (nclass > 5), theta, df, method = c(""reml"",     ""aic"", ""df"", ""fixed""), ...) ","survival","NA","1.5.0","released",FALSE
"frailty.t","closure","function","TRUE","FALSE","(x, sparse = (nclass > 5), theta, df, eps = 1e-05, tdf = 5,     method = c(""aic"", ""df"", ""fixed""), ...) ","survival","NA","1.5.0","released",FALSE
"is.Surv","closure","function","TRUE","FALSE","(x) ","survival","NA","1.5.0","released",FALSE
"is.category","closure","function","TRUE","FALSE","(x) ","survival","NA","1.5.0","released",FALSE
"is.date","closure","function","TRUE","FALSE","(x) ","survival","NA","1.5.0","released",FALSE
"is.na.Surv","closure","function","TRUE","FALSE","(x) ","survival","NA","1.5.0","released",FALSE
"is.na.coxph.penalty","closure","function","TRUE","FALSE","(x) ","survival","NA","1.5.0","released",FALSE
"is.na.date","closure","function","TRUE","FALSE","(x) ","survival","NA","1.5.0","released",FALSE
"is.na.ratetable","closure","function","TRUE","FALSE","(x) ","survival","NA","1.5.0","released",FALSE
"is.na.ratetable2","closure","function","TRUE","FALSE","(x) ","survival","NA","1.5.0","released",FALSE
"is.ratetable","closure","function","TRUE","FALSE","(x, verbose = FALSE) ","survival","NA","1.5.0","released",FALSE
"labels.survreg","closure","function","TRUE","FALSE","(object, ...) ","survival","NA","1.5.0","released",FALSE
"lines.survfit","closure","function","TRUE","FALSE","(x, type = ""s"", mark = 3, col = 1, lty = 1, lwd = 1,     mark.time = TRUE, xscale = 1, firstx = 0, firsty = 1, xmax,     fun, conf.int = FALSE, ...) ","survival","NA","1.5.0","released",FALSE
"match.ratetable","closure","function","TRUE","FALSE","(R, ratetable) ","survival","NA","1.5.0","released",FALSE
"mdy.date","closure","function","TRUE","FALSE","(month, day, year, nineteen = TRUE, fillday = FALSE,     fillmonth = FALSE) ","survival","NA","1.5.0","released",FALSE
"model.frame.coxph","closure","function","TRUE","FALSE","(formula, ...) ","survival","NA","1.5.0","released",FALSE
"model.frame.survreg","closure","function","TRUE","FALSE","(formula, ...) ","survival","NA","1.5.0","released",FALSE
"model.newframe","closure","function","TRUE","FALSE","(object, newdata, safe = FALSE, response = FALSE, ...) ","survival","NA","1.5.0","released",FALSE
"plot.cox.zph","closure","function","TRUE","FALSE","(x, resid = TRUE, se = TRUE, df = 4, nsmo = 40, var,     ...) ","survival","NA","1.5.0","released",FALSE
"plot.date","closure","function","TRUE","FALSE","(x, y, ..., axes, xaxt, xlab, ylab, xlim = range(x,     na.rm = TRUE), ylim = range(y, na.rm = TRUE)) ","survival","NA","1.5.0","released",FALSE
"plot.survfit","closure","function","TRUE","FALSE","(x, conf.int, mark.time = TRUE, mark = 3, col = 1, lty = 1,     lwd = 1, cex = 1, log = FALSE, xscale = 1, yscale = 1, firstx = 0,     firsty = 1, xmax, ymin = 0, fun, xlab = """", ylab = """", xaxs = ""S"",     bty = NULL, legend.text = NULL, legend.pos = 0, legend.bty = ""n"",     main = NULL, ...) ","survival","NA","1.5.0","released",FALSE
"points.survfit","closure","function","TRUE","FALSE","(x, ...) ","survival","NA","1.5.0","released",FALSE
"predict.coxph","closure","function","TRUE","FALSE","(object, newdata, type = c(""lp"", ""risk"", ""expected"",     ""terms""), se.fit = FALSE, terms = names(object$assign), collapse,     safe = FALSE, ...) ","survival","NA","1.5.0","released",FALSE
"predict.coxph.penal","closure","function","TRUE","FALSE","(object, newdata, type = c(""lp"", ""risk"", ""expected"",     ""terms""), se.fit = FALSE, terms = names(object$assign), collapse,     safe = FALSE, ...) ","survival","NA","1.5.0","released",FALSE
"predict.survreg","closure","function","TRUE","FALSE","(object, newdata, type = c(""response"", ""link"", ""lp"",     ""linear"", ""terms"", ""quantile"", ""uquantile""), se.fit = FALSE,     terms = NULL, p = c(0.1, 0.9), ...) ","survival","NA","1.5.0","released",FALSE
"predict.survreg.penal","closure","function","TRUE","FALSE","(object, ...) ","survival","NA","1.5.0","released",FALSE
"print.Surv","closure","function","TRUE","FALSE","(x, quote = FALSE, ...) ","survival","NA","1.5.0","released",FALSE
"print.cox.zph","closure","function","TRUE","FALSE","(x, digits = max(options()$digits - 4, 3), ...) ","survival","NA","1.5.0","released",FALSE
"print.coxph","closure","function","TRUE","FALSE","(x, digits = max(options()$digits - 4, 3), ...) ","survival","NA","1.5.0","released",FALSE
"print.coxph.null","closure","function","TRUE","FALSE","(x, digits = max(options()$digits - 4, 3), ...) ","survival","NA","1.5.0","released",FALSE
"print.coxph.penal","closure","function","TRUE","FALSE","(x, terms = FALSE, maxlabel = 25, digits = max(options()$digits -     4, 3), ...) ","survival","NA","1.5.0","released",FALSE
"print.date","closure","function","TRUE","FALSE","(x, quote, prefix, ...) ","survival","NA","1.5.0","released",FALSE
"print.ratetable","closure","function","TRUE","FALSE","(x, ...) ","survival","NA","1.5.0","released",FALSE
"print.summary.survfit","closure","function","TRUE","FALSE","(x, digits = max(options()$digits - 4, 3), ...) ","survival","NA","1.5.0","released",FALSE
"print.summary.survreg","closure","function","TRUE","FALSE","(x, digits = max(options()$digits - 4, 3), ...) ","survival","NA","1.5.0","released",FALSE
"print.survdiff","closure","function","TRUE","FALSE","(x, digits = max(options()$digits - 4, 3), ...) ","survival","NA","1.5.0","released",FALSE
"print.survexp","closure","function","TRUE","FALSE","(x, scale = 1, digits = max(options()$digits - 4, 3),     naprint = FALSE, ...) ","survival","NA","1.5.0","released",FALSE
"print.survfit","closure","function","TRUE","FALSE","(x, scale = 1, digits = max(options()$digits - 4, 3),     print.n = getOption(""survfit.print.n""), show.rmean = getOption(""survfit.print.mean""),     ...) ","survival","NA","1.5.0","released",FALSE
"print.survreg","closure","function","TRUE","FALSE","(x, ...) ","survival","NA","1.5.0","released",FALSE
"print.survreg.penal","closure","function","TRUE","FALSE","(x, terms = FALSE, maxlabel = 25, digits = max(options()$digits -     4, 3), ...) ","survival","NA","1.5.0","released",FALSE
"pspline","closure","function","TRUE","FALSE","(x, df = 4, theta, nterm = 2.5 * df, degree = 3, eps = 0.1,     method, ...) ","survival","NA","1.5.0","released",FALSE
"pyears","closure","function","TRUE","FALSE","(formula = formula(data), data = sys.frame(sys.parent()),     weights, subset, na.action, ratetable = survexp.us, scale = 365.25,     expect = c(""event"", ""pyears""), model = FALSE, x = FALSE,     y = FALSE) ","survival","NA","1.5.0","released",FALSE
"ratetable","closure","function","TRUE","FALSE","(...) ","survival","NA","1.5.0","released",FALSE
"residuals.coxph","closure","function","TRUE","FALSE","(object, type = c(""martingale"", ""deviance"", ""score"",     ""schoenfeld"", ""dfbeta"", ""dfbetas"", ""scaledsch"", ""partial""),     collapse = FALSE, weighted = FALSE, ...) ","survival","NA","1.5.0","released",FALSE
"residuals.coxph.null","closure","function","TRUE","FALSE","(object, type = c(""martingale"", ""deviance"", ""score"",     ""schoenfeld""), collapse = FALSE, weighted = FALSE, ...) ","survival","NA","1.5.0","released",FALSE
"residuals.coxph.penal","closure","function","TRUE","FALSE","(object, type = c(""martingale"", ""deviance"", ""score"",     ""schoenfeld"", ""dfbeta"", ""dfbetas"", ""scaledsch"", ""partial""),     collapse = FALSE, weighted = FALSE, ...) ","survival","NA","1.5.0","released",FALSE
"residuals.survreg","closure","function","TRUE","FALSE","(object, type = c(""response"", ""deviance"", ""dfbeta"",     ""dfbetas"", ""working"", ""ldcase"", ""ldresp"", ""ldshape"", ""matrix""),     rsigma = TRUE, collapse = FALSE, weighted = FALSE, ...) ","survival","NA","1.5.0","released",FALSE
"residuals.survreg.penal","closure","function","TRUE","FALSE","(object, ...) ","survival","NA","1.5.0","released",FALSE
"ridge","closure","function","TRUE","FALSE","(..., theta, df = nvar/2, eps = 0.1, scale = TRUE) ","survival","NA","1.5.0","released",FALSE
"strata","closure","function","TRUE","FALSE","(..., na.group = FALSE, shortlabel = FALSE) ","survival","NA","1.5.0","released",FALSE
"summary.coxph","closure","function","TRUE","FALSE","(object, table = TRUE, coef = TRUE, conf.int = 0.95,     scale = 1, digits = max(options()$digits - 4, 3), ...) ","survival","NA","1.5.0","released",FALSE
"summary.coxph.penal","closure","function","TRUE","FALSE","(object, conf.int = 0.95, scale = 1, terms = FALSE,     maxlabel = 25, digits = max(options()$digits - 4, 3), ...) ","survival","NA","1.5.0","released",FALSE
"summary.date","closure","function","TRUE","FALSE","(object, ...) ","survival","NA","1.5.0","released",FALSE
"summary.ratetable","closure","function","TRUE","FALSE","(object, ...) ","survival","NA","1.5.0","released",FALSE
"summary.survfit","closure","function","TRUE","FALSE","(object, times, censored = FALSE, scale = 1, ...) ","survival","NA","1.5.0","released",FALSE
"summary.survreg","closure","function","TRUE","FALSE","(object, correlation = FALSE, ...) ","survival","NA","1.5.0","released",FALSE
"survdiff","closure","function","TRUE","FALSE","(formula, data, subset, na.action, rho = 0) ","survival","NA","1.5.0","released",FALSE
"survdiff.fit","closure","function","TRUE","FALSE","(y, x, strat, rho = 0) ","survival","NA","1.5.0","released",FALSE
"survexp","closure","function","TRUE","FALSE","(formula = formula(data), data = parent.frame(), weights,     subset, na.action, times, cohort = TRUE, conditional = FALSE,     ratetable = survexp.us, scale = 1, npoints, se.fit, model = FALSE,     x = FALSE, y = FALSE) ","survival","NA","1.5.0","released",FALSE
"survexp.cfit","closure","function","TRUE","FALSE","(x, y, death, individual, cox, se.fit, method) ","survival","NA","1.5.0","released",FALSE
"survexp.fit","closure","function","TRUE","FALSE","(x, y, times, death, ratetable) ","survival","NA","1.5.0","released",FALSE
"survfit","closure","function","TRUE","FALSE","(formula, data, weights, subset, na.action, ...) ","survival","NA","1.5.0","released",FALSE
"survfit.coxph","closure","function","TRUE","FALSE","(object, newdata, se.fit = TRUE, conf.int = 0.95, individual = FALSE,     type, vartype, conf.type = c(""log"", ""log-log"", ""plain"", ""none""),     call = match.call()) ","survival","NA","1.5.0","released",FALSE
"survfit.coxph.null","closure","function","TRUE","FALSE","(object, newdata, se.fit = TRUE, conf.int = 0.95, individual = FALSE,     type, vartype, conf.type = c(""log"", ""log-log"", ""plain"", ""none""),     ...) ","survival","NA","1.5.0","released",FALSE
"survfit.km","closure","function","TRUE","FALSE","(x, y, casewt = rep(1, n), type = c(""kaplan-meier"",     ""fleming-harrington"", ""fh2""), error = c(""greenwood"", ""tsiatis""),     se.fit = TRUE, conf.int = 0.95, conf.type = c(""log"", ""log-log"",         ""plain"", ""none""), conf.lower = c(""usual"", ""peto"", ""modified""),     new.start) ","survival","NA","1.5.0","released",FALSE
"survobrien","closure","function","TRUE","FALSE","(formula, data = sys.frame(sys.parent())) ","survival","NA","1.5.0","released",FALSE
"survpenal.fit","closure","function","TRUE","FALSE","(x, y, weights, offset, init, controlvals, dist, scale = 0,     nstrat = 1, strata, pcols, pattr, assign, parms = NULL) ","survival","NA","1.5.0","released",FALSE
"survreg","closure","function","TRUE","FALSE","(formula = formula(data), data = parent.frame(), weights,     subset, na.action, dist = ""weibull"", init = NULL, scale = 0,     control = survreg.control(), parms = NULL, model = FALSE,     x = FALSE, y = TRUE, ...) ","survival","NA","1.5.0","released",FALSE
"survreg.control","closure","function","TRUE","FALSE","(maxiter = 30, rel.tolerance = 1e-05, failure = 1, toler.chol = 1e-10,     iter.max, debug = 0, outer.max = 10) ","survival","NA","1.5.0","released",FALSE
"survreg.distributions","list","list","TRUE","FALSE","NA","survival","NA","1.5.0","released",FALSE
"survreg.fit","closure","function","TRUE","FALSE","(x, y, weights, offset, init, controlvals, dist, scale = 0,     nstrat = 1, strata, parms = NULL) ","survival","NA","1.5.0","released",FALSE
"survreg.old","closure","function","TRUE","FALSE","(formula, data = sys.frame(sys.parent()), ..., link = ""log"",     dist = c(""extreme"", ""logistic"", ""gaussian"", ""exponential"",         ""rayleigh"", ""weibull""), fixed = list()) ","survival","NA","1.5.0","released",FALSE
"tcut","closure","function","TRUE","FALSE","(x, breaks, labels, scale = 1) ","survival","NA","1.5.0","released",FALSE
"untangle.specials","closure","function","TRUE","FALSE","(tt, special, order = 1) ","survival","NA","1.5.0","released",FALSE
"$.tclvar","closure","function","TRUE","FALSE","(x, name) ","tcltk","NA","1.5.0","released",FALSE
"$<-.tclvar","closure","function","TRUE","FALSE","(x, name, value) ","tcltk","NA","1.5.0","released",FALSE
".First.lib","closure","function","TRUE","FALSE","(lib, pkg) ","tcltk","NA","1.5.0","released", TRUE
".Last.lib","closure","function","TRUE","FALSE","(libpath) ","tcltk","NA","1.5.0","released", TRUE
".Tcl","closure","function","TRUE","FALSE","(...) ","tcltk","NA","1.5.0","released", TRUE
".Tcl.args","closure","function","TRUE","FALSE","(...) ","tcltk","NA","1.5.0","released", TRUE
".Tcl.callback","closure","function","TRUE","FALSE","(...) ","tcltk","NA","1.5.0","released", TRUE
".Tk.ID","closure","function","TRUE","FALSE","(win) ","tcltk","NA","1.5.0","released", TRUE
".Tk.newwin","closure","function","TRUE","FALSE","(ID) ","tcltk","NA","1.5.0","released", TRUE
".Tk.subwin","closure","function","TRUE","FALSE","(parent) ","tcltk","NA","1.5.0","released", TRUE
".TkRoot","list","tkwin","TRUE","FALSE","NA","tcltk","NA","1.5.0","released", TRUE
"addTclPath","closure","function","TRUE","FALSE","(path = ""."") ","tcltk","NA","1.5.0","released",FALSE
"as.character.tclObj","closure","function","TRUE","FALSE","(x) ","tcltk","NA","1.5.0","released",FALSE
"as.character.tclVar","closure","function","TRUE","FALSE","(x) ","tcltk","NA","1.5.0","released",FALSE
"as.double.tclObj","closure","function","TRUE","FALSE","(x, ...) ","tcltk","NA","1.5.0","released",FALSE
"as.integer.tclObj","closure","function","TRUE","FALSE","(x, ...) ","tcltk","NA","1.5.0","released",FALSE
"as.tclObj","closure","function","TRUE","FALSE","(x) ","tcltk","NA","1.5.0","released",FALSE
"is.tclObj","closure","function","TRUE","FALSE","(x) ","tcltk","NA","1.5.0","released",FALSE
"is.tkwin","closure","function","TRUE","FALSE","(x) ","tcltk","NA","1.5.0","released",FALSE
"tclObj","closure","function","TRUE","FALSE","(x) ","tcltk","NA","1.5.0","released",FALSE
"tclObj.tclVar","closure","function","TRUE","FALSE","(x) ","tcltk","NA","1.5.0","released",FALSE
"tclObj<-","closure","function","TRUE","FALSE","(x, value) ","tcltk","NA","1.5.0","released",FALSE
"tclObj<-.tclVar","closure","function","TRUE","FALSE","(x, value) ","tcltk","NA","1.5.0","released",FALSE
"tclRequire","closure","function","TRUE","FALSE","(package, warn = TRUE) ","tcltk","NA","1.5.0","released",FALSE
"tclVar","closure","function","TRUE","FALSE","(init = """") ","tcltk","NA","1.5.0","released",FALSE
"tclvalue","closure","function","TRUE","FALSE","(x) ","tcltk","NA","1.5.0","released",FALSE
"tclvalue.default","closure","function","TRUE","FALSE","(x) ","tcltk","NA","1.5.0","released",FALSE
"tclvalue.tclObj","closure","function","TRUE","FALSE","(x) ","tcltk","NA","1.5.0","released",FALSE
"tclvalue.tclVar","closure","function","TRUE","FALSE","(x) ","tcltk","NA","1.5.0","released",FALSE
"tclvalue<-","closure","function","TRUE","FALSE","(x, value) ","tcltk","NA","1.5.0","released",FALSE
"tclvalue<-.default","closure","function","TRUE","FALSE","(x, value) ","tcltk","NA","1.5.0","released",FALSE
"tclvalue<-.tclVar","closure","function","TRUE","FALSE","(x, value) ","tcltk","NA","1.5.0","released",FALSE
"tclvar","list","tclvar","TRUE","FALSE","NA","tcltk","NA","1.5.0","released",FALSE
"tkXselection.clear","closure","function","TRUE","FALSE","(...) ","tcltk","NA","1.5.0","released",FALSE
"tkXselection.get","closure","function","TRUE","FALSE","(...) ","tcltk","NA","1.5.0","released",FALSE
"tkXselection.handle","closure","function","TRUE","FALSE","(...) ","tcltk","NA","1.5.0","released",FALSE
"tkXselection.own","closure","function","TRUE","FALSE","(...) ","tcltk","NA","1.5.0","released",FALSE
"tkactivate","closure","function","TRUE","FALSE","(widget, ...) ","tcltk","NA","1.5.0","released",FALSE
"tkadd","closure","function","TRUE","FALSE","(widget, ...) ","tcltk","NA","1.5.0","released",FALSE
"tkaddtag","closure","function","TRUE","FALSE","(widget, ...) ","tcltk","NA","1.5.0","released",FALSE
"tkbbox","closure","function","TRUE","FALSE","(widget, ...) ","tcltk","NA","1.5.0","released",FALSE
"tkbell","closure","function","TRUE","FALSE","(...) ","tcltk","NA","1.5.0","released",FALSE
"tkbind","closure","function","TRUE","FALSE","(...) ","tcltk","NA","1.5.0","released",FALSE
"tkbindtags","closure","function","TRUE","FALSE","(...) ","tcltk","NA","1.5.0","released",FALSE
"tkbutton","closure","function","TRUE","FALSE","(parent, ...) ","tcltk","NA","1.5.0","released",FALSE
"tkcanvas","closure","function","TRUE","FALSE","(parent, ...) ","tcltk","NA","1.5.0","released",FALSE
"tkcanvasx","closure","function","TRUE","FALSE","(widget, ...) ","tcltk","NA","1.5.0","released",FALSE
"tkcanvasy","closure","function","TRUE","FALSE","(widget, ...) ","tcltk","NA","1.5.0","released",FALSE
"tkcget","closure","function","TRUE","FALSE","(widget, ...) ","tcltk","NA","1.5.0","released",FALSE
"tkcheckbutton","closure","function","TRUE","FALSE","(parent, ...) ","tcltk","NA","1.5.0","released",FALSE
"tkclipboard.append","closure","function","TRUE","FALSE","(...) ","tcltk","NA","1.5.0","released",FALSE
"tkclipboard.clear","closure","function","TRUE","FALSE","(...) ","tcltk","NA","1.5.0","released",FALSE
"tkclose","closure","function","TRUE","FALSE","(...) ","tcltk","NA","1.5.0","released",FALSE
"tkcmd","closure","function","TRUE","FALSE","(...) ","tcltk","NA","1.5.0","released",FALSE
"tkcompare","closure","function","TRUE","FALSE","(widget, ...) ","tcltk","NA","1.5.0","released",FALSE
"tkconfigure","closure","function","TRUE","FALSE","(widget, ...) ","tcltk","NA","1.5.0","released",FALSE
"tkcoords","closure","function","TRUE","FALSE","(widget, ...) ","tcltk","NA","1.5.0","released",FALSE
"tkcreate","closure","function","TRUE","FALSE","(widget, ...) ","tcltk","NA","1.5.0","released",FALSE
"tkcurselection","closure","function","TRUE","FALSE","(widget, ...) ","tcltk","NA","1.5.0","released",FALSE
"tkdchars","closure","function","TRUE","FALSE","(widget, ...) ","tcltk","NA","1.5.0","released",FALSE
"tkdebug","closure","function","TRUE","FALSE","(widget, ...) ","tcltk","NA","1.5.0","released",FALSE
"tkdelete","closure","function","TRUE","FALSE","(widget, ...) ","tcltk","NA","1.5.0","released",FALSE
"tkdelta","closure","function","TRUE","FALSE","(widget, ...) ","tcltk","NA","1.5.0","released",FALSE
"tkdeselect","closure","function","TRUE","FALSE","(widget, ...) ","tcltk","NA","1.5.0","released",FALSE
"tkdestroy","closure","function","TRUE","FALSE","(win) ","tcltk","NA","1.5.0","released",FALSE
"tkdlineinfo","closure","function","TRUE","FALSE","(widget, ...) ","tcltk","NA","1.5.0","released",FALSE
"tkdtag","closure","function","TRUE","FALSE","(widget, ...) ","tcltk","NA","1.5.0","released",FALSE
"tkdump","closure","function","TRUE","FALSE","(widget, ...) ","tcltk","NA","1.5.0","released",FALSE
"tkentry","closure","function","TRUE","FALSE","(parent, ...) ","tcltk","NA","1.5.0","released",FALSE
"tkentrycget","closure","function","TRUE","FALSE","(widget, ...) ","tcltk","NA","1.5.0","released",FALSE
"tkentryconfigure","closure","function","TRUE","FALSE","(widget, ...) ","tcltk","NA","1.5.0","released",FALSE
"tkevent.add","closure","function","TRUE","FALSE","(...) ","tcltk","NA","1.5.0","released",FALSE
"tkevent.delete","closure","function","TRUE","FALSE","(...) ","tcltk","NA","1.5.0","released",FALSE
"tkevent.generate","closure","function","TRUE","FALSE","(...) ","tcltk","NA","1.5.0","released",FALSE
"tkevent.info","closure","function","TRUE","FALSE","(...) ","tcltk","NA","1.5.0","released",FALSE
"tkfile.dir","closure","function","TRUE","FALSE","(...) ","tcltk","NA","1.5.0","released",FALSE
"tkfile.tail","closure","function","TRUE","FALSE","(...) ","tcltk","NA","1.5.0","released",FALSE
"tkfind","closure","function","TRUE","FALSE","(widget, ...) ","tcltk","NA","1.5.0","released",FALSE
"tkflash","closure","function","TRUE","FALSE","(widget, ...) ","tcltk","NA","1.5.0","released",FALSE
"tkfocus","closure","function","TRUE","FALSE","(...) ","tcltk","NA","1.5.0","released",FALSE
"tkfont.actual","closure","function","TRUE","FALSE","(...) ","tcltk","NA","1.5.0","released",FALSE
"tkfont.configure","closure","function","TRUE","FALSE","(...) ","tcltk","NA","1.5.0","released",FALSE
"tkfont.create","closure","function","TRUE","FALSE","(...) ","tcltk","NA","1.5.0","released",FALSE
"tkfont.delete","closure","function","TRUE","FALSE","(...) ","tcltk","NA","1.5.0","released",FALSE
"tkfont.families","closure","function","TRUE","FALSE","(...) ","tcltk","NA","1.5.0","released",FALSE
"tkfont.measure","closure","function","TRUE","FALSE","(...) ","tcltk","NA","1.5.0","released",FALSE
"tkfont.metrics","closure","function","TRUE","FALSE","(...) ","tcltk","NA","1.5.0","released",FALSE
"tkfont.names","closure","function","TRUE","FALSE","(...) ","tcltk","NA","1.5.0","released",FALSE
"tkfraction","closure","function","TRUE","FALSE","(widget, ...) ","tcltk","NA","1.5.0","released",FALSE
"tkframe","closure","function","TRUE","FALSE","(parent, ...) ","tcltk","NA","1.5.0","released",FALSE
"tkget","closure","function","TRUE","FALSE","(widget, ...) ","tcltk","NA","1.5.0","released",FALSE
"tkgetOpenFile","closure","function","TRUE","FALSE","(...) ","tcltk","NA","1.5.0","released",FALSE
"tkgetSaveFile","closure","function","TRUE","FALSE","(...) ","tcltk","NA","1.5.0","released",FALSE
"tkgettags","closure","function","TRUE","FALSE","(widget, ...) ","tcltk","NA","1.5.0","released",FALSE
"tkgrab","closure","function","TRUE","FALSE","(...) ","tcltk","NA","1.5.0","released",FALSE
"tkgrab.current","closure","function","TRUE","FALSE","(...) ","tcltk","NA","1.5.0","released",FALSE
"tkgrab.release","closure","function","TRUE","FALSE","(...) ","tcltk","NA","1.5.0","released",FALSE
"tkgrab.set","closure","function","TRUE","FALSE","(...) ","tcltk","NA","1.5.0","released",FALSE
"tkgrab.status","closure","function","TRUE","FALSE","(...) ","tcltk","NA","1.5.0","released",FALSE
"tkgrid","closure","function","TRUE","FALSE","(...) ","tcltk","NA","1.5.0","released",FALSE
"tkgrid.bbox","closure","function","TRUE","FALSE","(...) ","tcltk","NA","1.5.0","released",FALSE
"tkgrid.columnconfigure","closure","function","TRUE","FALSE","(...) ","tcltk","NA","1.5.0","released",FALSE
"tkgrid.configure","closure","function","TRUE","FALSE","(...) ","tcltk","NA","1.5.0","released",FALSE
"tkgrid.forget","closure","function","TRUE","FALSE","(...) ","tcltk","NA","1.5.0","released",FALSE
"tkgrid.info","closure","function","TRUE","FALSE","(...) ","tcltk","NA","1.5.0","released",FALSE
"tkgrid.location","closure","function","TRUE","FALSE","(...) ","tcltk","NA","1.5.0","released",FALSE
"tkgrid.propagate","closure","function","TRUE","FALSE","(...) ","tcltk","NA","1.5.0","released",FALSE
"tkgrid.remove","closure","function","TRUE","FALSE","(...) ","tcltk","NA","1.5.0","released",FALSE
"tkgrid.rowconfigure","closure","function","TRUE","FALSE","(...) ","tcltk","NA","1.5.0","released",FALSE
"tkgrid.size","closure","function","TRUE","FALSE","(...) ","tcltk","NA","1.5.0","released",FALSE
"tkgrid.slaves","closure","function","TRUE","FALSE","(...) ","tcltk","NA","1.5.0","released",FALSE
"tkicursor","closure","function","TRUE","FALSE","(widget, ...) ","tcltk","NA","1.5.0","released",FALSE
"tkidentify","closure","function","TRUE","FALSE","(widget, ...) ","tcltk","NA","1.5.0","released",FALSE
"tkimage.cget","closure","function","TRUE","FALSE","(widget, ...) ","tcltk","NA","1.5.0","released",FALSE
"tkimage.configure","closure","function","TRUE","FALSE","(widget, ...) ","tcltk","NA","1.5.0","released",FALSE
"tkimage.create","closure","function","TRUE","FALSE","(widget, ...) ","tcltk","NA","1.5.0","released",FALSE
"tkimage.names","closure","function","TRUE","FALSE","(widget, ...) ","tcltk","NA","1.5.0","released",FALSE
"tkindex","closure","function","TRUE","FALSE","(widget, ...) ","tcltk","NA","1.5.0","released",FALSE
"tkinsert","closure","function","TRUE","FALSE","(widget, ...) ","tcltk","NA","1.5.0","released",FALSE
"tkinvoke","closure","function","TRUE","FALSE","(widget, ...) ","tcltk","NA","1.5.0","released",FALSE
"tkitembind","closure","function","TRUE","FALSE","(widget, ...) ","tcltk","NA","1.5.0","released",FALSE
"tkitemcget","closure","function","TRUE","FALSE","(widget, ...) ","tcltk","NA","1.5.0","released",FALSE
"tkitemconfigure","closure","function","TRUE","FALSE","(widget, ...) ","tcltk","NA","1.5.0","released",FALSE
"tkitemfocus","closure","function","TRUE","FALSE","(widget, ...) ","tcltk","NA","1.5.0","released",FALSE
"tkitemlower","closure","function","TRUE","FALSE","(widget, ...) ","tcltk","NA","1.5.0","released",FALSE
"tkitemraise","closure","function","TRUE","FALSE","(widget, ...) ","tcltk","NA","1.5.0","released",FALSE
"tkitemscale","closure","function","TRUE","FALSE","(widget, ...) ","tcltk","NA","1.5.0","released",FALSE
"tklabel","closure","function","TRUE","FALSE","(parent, ...) ","tcltk","NA","1.5.0","released",FALSE
"tklistbox","closure","function","TRUE","FALSE","(parent, ...) ","tcltk","NA","1.5.0","released",FALSE
"tklower","closure","function","TRUE","FALSE","(...) ","tcltk","NA","1.5.0","released",FALSE
"tkmark.gravity","closure","function","TRUE","FALSE","(widget, ...) ","tcltk","NA","1.5.0","released",FALSE
"tkmark.names","closure","function","TRUE","FALSE","(widget, ...) ","tcltk","NA","1.5.0","released",FALSE
"tkmark.next","closure","function","TRUE","FALSE","(widget, ...) ","tcltk","NA","1.5.0","released",FALSE
"tkmark.previous","closure","function","TRUE","FALSE","(widget, ...) ","tcltk","NA","1.5.0","released",FALSE
"tkmark.set","closure","function","TRUE","FALSE","(widget, ...) ","tcltk","NA","1.5.0","released",FALSE
"tkmark.unset","closure","function","TRUE","FALSE","(widget, ...) ","tcltk","NA","1.5.0","released",FALSE
"tkmenu","closure","function","TRUE","FALSE","(parent, ...) ","tcltk","NA","1.5.0","released",FALSE
"tkmenubutton","closure","function","TRUE","FALSE","(parent, ...) ","tcltk","NA","1.5.0","released",FALSE
"tkmessage","closure","function","TRUE","FALSE","(parent, ...) ","tcltk","NA","1.5.0","released",FALSE
"tkmessageBox","closure","function","TRUE","FALSE","(...) ","tcltk","NA","1.5.0","released",FALSE
"tkmove","closure","function","TRUE","FALSE","(widget, ...) ","tcltk","NA","1.5.0","released",FALSE
"tknearest","closure","function","TRUE","FALSE","(widget, ...) ","tcltk","NA","1.5.0","released",FALSE
"tkopen","closure","function","TRUE","FALSE","(...) ","tcltk","NA","1.5.0","released",FALSE
"tkpack","closure","function","TRUE","FALSE","(...) ","tcltk","NA","1.5.0","released",FALSE
"tkpack.configure","closure","function","TRUE","FALSE","(...) ","tcltk","NA","1.5.0","released",FALSE
"tkpack.forget","closure","function","TRUE","FALSE","(...) ","tcltk","NA","1.5.0","released",FALSE
"tkpack.info","closure","function","TRUE","FALSE","(...) ","tcltk","NA","1.5.0","released",FALSE
"tkpack.propagate","closure","function","TRUE","FALSE","(...) ","tcltk","NA","1.5.0","released",FALSE
"tkpack.slaves","closure","function","TRUE","FALSE","(...) ","tcltk","NA","1.5.0","released",FALSE
"tkpager","closure","function","TRUE","FALSE","(file, header, title, delete.file) ","tcltk","NA","1.5.0","released",FALSE
"tkplace","closure","function","TRUE","FALSE","(...) ","tcltk","NA","1.5.0","released",FALSE
"tkplace.configure","closure","function","TRUE","FALSE","(...) ","tcltk","NA","1.5.0","released",FALSE
"tkplace.forget","closure","function","TRUE","FALSE","(...) ","tcltk","NA","1.5.0","released",FALSE
"tkplace.info","closure","function","TRUE","FALSE","(...) ","tcltk","NA","1.5.0","released",FALSE
"tkplace.slaves","closure","function","TRUE","FALSE","(...) ","tcltk","NA","1.5.0","released",FALSE
"tkpost","closure","function","TRUE","FALSE","(widget, ...) ","tcltk","NA","1.5.0","released",FALSE
"tkpostcascade","closure","function","TRUE","FALSE","(widget, ...) ","tcltk","NA","1.5.0","released",FALSE
"tkpostscript","closure","function","TRUE","FALSE","(widget, ...) ","tcltk","NA","1.5.0","released",FALSE
"tkputs","closure","function","TRUE","FALSE","(...) ","tcltk","NA","1.5.0","released",FALSE
"tkradiobutton","closure","function","TRUE","FALSE","(parent, ...) ","tcltk","NA","1.5.0","released",FALSE
"tkraise","closure","function","TRUE","FALSE","(...) ","tcltk","NA","1.5.0","released",FALSE
"tkscale","closure","function","TRUE","FALSE","(parent, ...) ","tcltk","NA","1.5.0","released",FALSE
"tkscan.dragto","closure","function","TRUE","FALSE","(widget, ...) ","tcltk","NA","1.5.0","released",FALSE
"tkscan.mark","closure","function","TRUE","FALSE","(widget, ...) ","tcltk","NA","1.5.0","released",FALSE
"tkscrollbar","closure","function","TRUE","FALSE","(parent, ...) ","tcltk","NA","1.5.0","released",FALSE
"tksearch","closure","function","TRUE","FALSE","(widget, ...) ","tcltk","NA","1.5.0","released",FALSE
"tksee","closure","function","TRUE","FALSE","(widget, ...) ","tcltk","NA","1.5.0","released",FALSE
"tkselect","closure","function","TRUE","FALSE","(widget, ...) ","tcltk","NA","1.5.0","released",FALSE
"tkselection.adjust","closure","function","TRUE","FALSE","(widget, ...) ","tcltk","NA","1.5.0","released",FALSE
"tkselection.anchor","closure","function","TRUE","FALSE","(widget, ...) ","tcltk","NA","1.5.0","released",FALSE
"tkselection.clear","closure","function","TRUE","FALSE","(widget, ...) ","tcltk","NA","1.5.0","released",FALSE
"tkselection.from","closure","function","TRUE","FALSE","(widget, ...) ","tcltk","NA","1.5.0","released",FALSE
"tkselection.includes","closure","function","TRUE","FALSE","(widget, ...) ","tcltk","NA","1.5.0","released",FALSE
"tkselection.present","closure","function","TRUE","FALSE","(widget, ...) ","tcltk","NA","1.5.0","released",FALSE
"tkselection.range","closure","function","TRUE","FALSE","(widget, ...) ","tcltk","NA","1.5.0","released",FALSE
"tkselection.set","closure","function","TRUE","FALSE","(widget, ...) ","tcltk","NA","1.5.0","released",FALSE
"tkselection.to","closure","function","TRUE","FALSE","(widget, ...) ","tcltk","NA","1.5.0","released",FALSE
"tkset","closure","function","TRUE","FALSE","(widget, ...) ","tcltk","NA","1.5.0","released",FALSE
"tksize","closure","function","TRUE","FALSE","(widget, ...) ","tcltk","NA","1.5.0","released",FALSE
"tktag.add","closure","function","TRUE","FALSE","(widget, ...) ","tcltk","NA","1.5.0","released",FALSE
"tktag.bind","closure","function","TRUE","FALSE","(widget, ...) ","tcltk","NA","1.5.0","released",FALSE
"tktag.cget","closure","function","TRUE","FALSE","(widget, ...) ","tcltk","NA","1.5.0","released",FALSE
"tktag.configure","closure","function","TRUE","FALSE","(widget, ...) ","tcltk","NA","1.5.0","released",FALSE
"tktag.delete","closure","function","TRUE","FALSE","(widget, ...) ","tcltk","NA","1.5.0","released",FALSE
"tktag.lower","closure","function","TRUE","FALSE","(widget, ...) ","tcltk","NA","1.5.0","released",FALSE
"tktag.names","closure","function","TRUE","FALSE","(widget, ...) ","tcltk","NA","1.5.0","released",FALSE
"tktag.nextrange","closure","function","TRUE","FALSE","(widget, ...) ","tcltk","NA","1.5.0","released",FALSE
"tktag.prevrange","closure","function","TRUE","FALSE","(widget, ...) ","tcltk","NA","1.5.0","released",FALSE
"tktag.raise","closure","function","TRUE","FALSE","(widget, ...) ","tcltk","NA","1.5.0","released",FALSE
"tktag.ranges","closure","function","TRUE","FALSE","(widget, ...) ","tcltk","NA","1.5.0","released",FALSE
"tktag.remove","closure","function","TRUE","FALSE","(widget, ...) ","tcltk","NA","1.5.0","released",FALSE
"tktext","closure","function","TRUE","FALSE","(parent, ...) ","tcltk","NA","1.5.0","released",FALSE
"tktitle","closure","function","TRUE","FALSE","(x) ","tcltk","NA","1.5.0","released",FALSE
"tktitle<-","closure","function","TRUE","FALSE","(x, value) ","tcltk","NA","1.5.0","released",FALSE
"tktoggle","closure","function","TRUE","FALSE","(widget, ...) ","tcltk","NA","1.5.0","released",FALSE
"tktoplevel","closure","function","TRUE","FALSE","(parent = .TkRoot, ...) ","tcltk","NA","1.5.0","released",FALSE
"tktype","closure","function","TRUE","FALSE","(widget, ...) ","tcltk","NA","1.5.0","released",FALSE
"tkunpost","closure","function","TRUE","FALSE","(widget, ...) ","tcltk","NA","1.5.0","released",FALSE
"tkwait.variable","closure","function","TRUE","FALSE","(...) ","tcltk","NA","1.5.0","released",FALSE
"tkwait.visibility","closure","function","TRUE","FALSE","(...) ","tcltk","NA","1.5.0","released",FALSE
"tkwait.window","closure","function","TRUE","FALSE","(...) ","tcltk","NA","1.5.0","released",FALSE
"tkwidget","closure","function","TRUE","FALSE","(parent, type, ...) ","tcltk","NA","1.5.0","released",FALSE
"tkwindow.cget","closure","function","TRUE","FALSE","(widget, ...) ","tcltk","NA","1.5.0","released",FALSE
"tkwindow.configure","closure","function","TRUE","FALSE","(widget, ...) ","tcltk","NA","1.5.0","released",FALSE
"tkwindow.create","closure","function","TRUE","FALSE","(widget, ...) ","tcltk","NA","1.5.0","released",FALSE
"tkwindow.names","closure","function","TRUE","FALSE","(widget, ...) ","tcltk","NA","1.5.0","released",FALSE
"tkwinfo","closure","function","TRUE","FALSE","(...) ","tcltk","NA","1.5.0","released",FALSE
"tkwm.aspect","closure","function","TRUE","FALSE","(...) ","tcltk","NA","1.5.0","released",FALSE
"tkwm.client","closure","function","TRUE","FALSE","(...) ","tcltk","NA","1.5.0","released",FALSE
"tkwm.colormapwindows","closure","function","TRUE","FALSE","(...) ","tcltk","NA","1.5.0","released",FALSE
"tkwm.command","closure","function","TRUE","FALSE","(...) ","tcltk","NA","1.5.0","released",FALSE
"tkwm.deiconify","closure","function","TRUE","FALSE","(...) ","tcltk","NA","1.5.0","released",FALSE
"tkwm.focusmodel","closure","function","TRUE","FALSE","(...) ","tcltk","NA","1.5.0","released",FALSE
"tkwm.frame","closure","function","TRUE","FALSE","(...) ","tcltk","NA","1.5.0","released",FALSE
"tkwm.geometry","closure","function","TRUE","FALSE","(...) ","tcltk","NA","1.5.0","released",FALSE
"tkwm.grid","closure","function","TRUE","FALSE","(...) ","tcltk","NA","1.5.0","released",FALSE
"tkwm.group","closure","function","TRUE","FALSE","(...) ","tcltk","NA","1.5.0","released",FALSE
"tkwm.iconbitmap","closure","function","TRUE","FALSE","(...) ","tcltk","NA","1.5.0","released",FALSE
"tkwm.iconify","closure","function","TRUE","FALSE","(...) ","tcltk","NA","1.5.0","released",FALSE
"tkwm.iconmask","closure","function","TRUE","FALSE","(...) ","tcltk","NA","1.5.0","released",FALSE
"tkwm.iconname","closure","function","TRUE","FALSE","(...) ","tcltk","NA","1.5.0","released",FALSE
"tkwm.iconposition","closure","function","TRUE","FALSE","(...) ","tcltk","NA","1.5.0","released",FALSE
"tkwm.iconwindow","closure","function","TRUE","FALSE","(...) ","tcltk","NA","1.5.0","released",FALSE
"tkwm.maxsize","closure","function","TRUE","FALSE","(...) ","tcltk","NA","1.5.0","released",FALSE
"tkwm.minsize","closure","function","TRUE","FALSE","(...) ","tcltk","NA","1.5.0","released",FALSE
"tkwm.overrideredirect","closure","function","TRUE","FALSE","(...) ","tcltk","NA","1.5.0","released",FALSE
"tkwm.positionfrom","closure","function","TRUE","FALSE","(...) ","tcltk","NA","1.5.0","released",FALSE
"tkwm.protocol","closure","function","TRUE","FALSE","(...) ","tcltk","NA","1.5.0","released",FALSE
"tkwm.resizable","closure","function","TRUE","FALSE","(...) ","tcltk","NA","1.5.0","released",FALSE
"tkwm.sizefrom","closure","function","TRUE","FALSE","(...) ","tcltk","NA","1.5.0","released",FALSE
"tkwm.state","closure","function","TRUE","FALSE","(...) ","tcltk","NA","1.5.0","released",FALSE
"tkwm.title","closure","function","TRUE","FALSE","(...) ","tcltk","NA","1.5.0","released",FALSE
"tkwm.transient","closure","function","TRUE","FALSE","(...) ","tcltk","NA","1.5.0","released",FALSE
"tkwm.withdraw","closure","function","TRUE","FALSE","(...) ","tcltk","NA","1.5.0","released",FALSE
"tkxview","closure","function","TRUE","FALSE","(widget, ...) ","tcltk","NA","1.5.0","released",FALSE
"tkxview.moveto","closure","function","TRUE","FALSE","(widget, ...) ","tcltk","NA","1.5.0","released",FALSE
"tkxview.scroll","closure","function","TRUE","FALSE","(widget, ...) ","tcltk","NA","1.5.0","released",FALSE
"tkyposition","closure","function","TRUE","FALSE","(widget, ...) ","tcltk","NA","1.5.0","released",FALSE
"tkyview","closure","function","TRUE","FALSE","(widget, ...) ","tcltk","NA","1.5.0","released",FALSE
"tkyview.moveto","closure","function","TRUE","FALSE","(widget, ...) ","tcltk","NA","1.5.0","released",FALSE
"tkyview.scroll","closure","function","TRUE","FALSE","(widget, ...) ","tcltk","NA","1.5.0","released",FALSE
".listFilesWithExts","closure","function","TRUE","FALSE","(dir, exts, path = TRUE) ","tools","NA","1.5.0","released", TRUE
".loadPackageQuietly","closure","function","TRUE","FALSE","(package, lib.loc) ","tools","NA","1.5.0","released", TRUE
".makeS3MethodsStopList","closure","function","TRUE","FALSE","(package) ","tools","NA","1.5.0","released", TRUE
".sourceAssignments","closure","function","TRUE","FALSE","(file, envir) ","tools","NA","1.5.0","released", TRUE
"Rtangle","closure","function","TRUE","FALSE","() ","tools","NA","1.5.0","released",FALSE
"RtangleFinish","closure","function","TRUE","FALSE","(object, error = FALSE) ","tools","NA","1.5.0","released",FALSE
"RtangleRuncode","closure","function","TRUE","FALSE","(object, chunk, options) ","tools","NA","1.5.0","released",FALSE
"RtangleSetup","closure","function","TRUE","FALSE","(file, syntax, output = NULL, annotate = TRUE, split = FALSE,     prefix = TRUE, quiet = FALSE) ","tools","NA","1.5.0","released",FALSE
"RtangleWritedoc","closure","function","TRUE","FALSE","(object, chunk) ","tools","NA","1.5.0","released",FALSE
"RweaveChunkPrefix","closure","function","TRUE","FALSE","(options) ","tools","NA","1.5.0","released",FALSE
"RweaveEvalWithOpt","closure","function","TRUE","FALSE","(expr, options) ","tools","NA","1.5.0","released",FALSE
"RweaveLatex","closure","function","TRUE","FALSE","() ","tools","NA","1.5.0","released",FALSE
"RweaveLatexFinish","closure","function","TRUE","FALSE","(object, error = FALSE) ","tools","NA","1.5.0","released",FALSE
"RweaveLatexOptions","closure","function","TRUE","FALSE","(options) ","tools","NA","1.5.0","released",FALSE
"RweaveLatexRuncode","closure","function","TRUE","FALSE","(object, chunk, options) ","tools","NA","1.5.0","released",FALSE
"RweaveLatexSetup","closure","function","TRUE","FALSE","(file, syntax, output = NULL, quiet = FALSE, debug = FALSE,     echo = TRUE, eval = TRUE, split = FALSE, stylepath = TRUE,     pdf = TRUE, eps = TRUE) ","tools","NA","1.5.0","released",FALSE
"RweaveLatexWritedoc","closure","function","TRUE","FALSE","(object, chunk) ","tools","NA","1.5.0","released",FALSE
"Stangle","closure","function","TRUE","FALSE","(file, driver = Rtangle(), syntax = getOption(""SweaveSyntax""),     ...) ","tools","NA","1.5.0","released",FALSE
"Sweave","closure","function","TRUE","FALSE","(file, driver = RweaveLatex(), syntax = getOption(""SweaveSyntax""),     ...) ","tools","NA","1.5.0","released",FALSE
"SweaveGetSyntax","closure","function","TRUE","FALSE","(file) ","tools","NA","1.5.0","released",FALSE
"SweaveHooks","closure","function","TRUE","FALSE","(options, run = FALSE, envir = .GlobalEnv) ","tools","NA","1.5.0","released",FALSE
"SweaveParseOptions","closure","function","TRUE","FALSE","(text, defaults = list(), check = NULL) ","tools","NA","1.5.0","released",FALSE
"SweaveSyntaxLatex","list","SweaveSyntax","TRUE","FALSE","NA","tools","NA","1.5.0","released",FALSE
"SweaveSyntaxNoweb","list","SweaveSyntax","TRUE","FALSE","NA","tools","NA","1.5.0","released",FALSE
"buildVignettes","closure","function","TRUE","FALSE","(package, dir, lib.loc = NULL) ","tools","NA","1.5.0","released",FALSE
"checkAssignFuns","closure","function","TRUE","FALSE","(package, dir, lib.loc = NULL) ","tools","NA","1.5.0","released",FALSE
"checkDocArgs","closure","function","TRUE","FALSE","(package, dir, lib.loc = NULL) ","tools","NA","1.5.0","released",FALSE
"checkDocStyle","closure","function","TRUE","FALSE","(package, dir, lib.loc = NULL) ","tools","NA","1.5.0","released",FALSE
"checkFF","closure","function","TRUE","FALSE","(package, dir, file, lib.loc = NULL, verbose = getOption(""verbose"")) ","tools","NA","1.5.0","released",FALSE
"checkMethods","closure","function","TRUE","FALSE","(package, dir, lib.loc = NULL) ","tools","NA","1.5.0","released",FALSE
"checkTnF","closure","function","TRUE","FALSE","(package, dir, file, lib.loc = NULL) ","tools","NA","1.5.0","released",FALSE
"checkVignettes","closure","function","TRUE","FALSE","(package, dir, lib.loc = NULL, tangle = TRUE, weave = TRUE,     workdir = c(""tmp"", ""src"", ""cur""), keepfiles = FALSE) ","tools","NA","1.5.0","released",FALSE
"codoc","closure","function","TRUE","FALSE","(package, dir, lib.loc = NULL, use.values = FALSE, use.positions = TRUE,     ignore.generic.functions = FALSE, verbose = getOption(""verbose"")) ","tools","NA","1.5.0","released",FALSE
"pkgVignettes","closure","function","TRUE","FALSE","(package, dir, lib.loc = NULL) ","tools","NA","1.5.0","released",FALSE
"print.checkAssignFuns","closure","function","TRUE","FALSE","(x, ...) ","tools","NA","1.5.0","released",FALSE
"print.checkDocArgs","closure","function","TRUE","FALSE","(x, ...) ","tools","NA","1.5.0","released",FALSE
"print.checkDocStyle","closure","function","TRUE","FALSE","(x, ...) ","tools","NA","1.5.0","released",FALSE
"print.checkFF","closure","function","TRUE","FALSE","(x, ...) ","tools","NA","1.5.0","released",FALSE
"print.checkMethods","closure","function","TRUE","FALSE","(x, ...) ","tools","NA","1.5.0","released",FALSE
"print.checkTnF","closure","function","TRUE","FALSE","(x, ...) ","tools","NA","1.5.0","released",FALSE
"print.checkVignettes","closure","function","TRUE","FALSE","(x, ...) ","tools","NA","1.5.0","released",FALSE
"print.codoc","closure","function","TRUE","FALSE","(x, ...) ","tools","NA","1.5.0","released",FALSE
"print.undoc","closure","function","TRUE","FALSE","(x, ...) ","tools","NA","1.5.0","released",FALSE
"sQuote","closure","function","TRUE","FALSE","(s) ","tools","NA","1.5.0","released",FALSE
"undoc","closure","function","TRUE","FALSE","(package, dir, lib.loc = NULL) ","tools","NA","1.5.0","released",FALSE
".First.lib","closure","function","TRUE","FALSE","(lib, pkg) ","ts","NA","1.5.0","released", TRUE
"ARMAacf","closure","function","TRUE","FALSE","(ar = numeric(0), ma = numeric(0), lag.max = r, pacf = FALSE) ","ts","NA","1.5.0","released",FALSE
"ARMAtoMA","closure","function","TRUE","FALSE","(ar = numeric(0), ma = numeric(0), lag.max) ","ts","NA","1.5.0","released",FALSE
"Box.test","closure","function","TRUE","FALSE","(x, lag = 1, type = c(""Box-Pierce"", ""Ljung-Box"")) ","ts","NA","1.5.0","released",FALSE
"HoltWinters","closure","function","TRUE","FALSE","(x, alpha = NULL, beta = NULL, gamma = NULL, seasonal = c(""additive"",     ""multiplicative""), start.periods = 3, l.start = NULL, b.start = NULL,     s.start = NULL) ","ts","NA","1.5.0","released",FALSE
"KalmanForecast","closure","function","TRUE","FALSE","(n.ahead = 10, mod) ","ts","NA","1.5.0","released",FALSE
"KalmanLike","closure","function","TRUE","FALSE","(y, mod, nit = 0) ","ts","NA","1.5.0","released",FALSE
"KalmanRun","closure","function","TRUE","FALSE","(y, mod, nit = 0) ","ts","NA","1.5.0","released",FALSE
"KalmanSmooth","closure","function","TRUE","FALSE","(y, mod, nit = 0) ","ts","NA","1.5.0","released",FALSE
"PP.test","closure","function","TRUE","FALSE","(x, lshort = TRUE) ","ts","NA","1.5.0","released",FALSE
"StructTS","closure","function","TRUE","FALSE","(x, type = c(""level"", ""trend"", ""BSM""), init = NULL,     fixed = NULL, optim.control = NULL) ","ts","NA","1.5.0","released",FALSE
"[.tskernel","closure","function","TRUE","FALSE","(k, i) ","ts","NA","1.5.0","released",FALSE
"acf","closure","function","TRUE","FALSE","(x, lag.max = NULL, type = c(""correlation"", ""covariance"",     ""partial""), plot = TRUE, na.action = na.fail, demean = TRUE,     ...) ","ts","NA","1.5.0","released",FALSE
"acf2AR","closure","function","TRUE","FALSE","(acf) ","ts","NA","1.5.0","released",FALSE
"ar","closure","function","TRUE","FALSE","(x, aic = TRUE, order.max = NULL, method = c(""yule-walker"",     ""burg"", ""ols"", ""mle"", ""yw"", ), na.action = na.fail, series = deparse(substitute(x)),     ...) ","ts","NA","1.5.0","released",FALSE
"ar.burg","closure","function","TRUE","FALSE","(x, ...) ","ts","NA","1.5.0","released",FALSE
"ar.burg.default","closure","function","TRUE","FALSE","(x, aic = TRUE, order.max = NULL, na.action = na.fail,     demean = TRUE, series = NULL, var.method = 1, ...) ","ts","NA","1.5.0","released",FALSE
"ar.burg.mts","closure","function","TRUE","FALSE","(x, aic = TRUE, order.max = NULL, na.action = na.fail,     demean = TRUE, series = NULL, var.method = 1, ...) ","ts","NA","1.5.0","released",FALSE
"ar.mle","closure","function","TRUE","FALSE","(x, aic = TRUE, order.max = NULL, na.action = na.fail,     demean = TRUE, series = NULL, ...) ","ts","NA","1.5.0","released",FALSE
"ar.ols","closure","function","TRUE","FALSE","(x, aic = TRUE, order.max = NULL, na.action = na.fail,     demean = TRUE, intercept = demean, series = NULL, ...) ","ts","NA","1.5.0","released",FALSE
"ar.yw","closure","function","TRUE","FALSE","(x, ...) ","ts","NA","1.5.0","released",FALSE
"ar.yw.default","closure","function","TRUE","FALSE","(x, aic = TRUE, order.max = NULL, na.action = na.fail,     demean = TRUE, series = NULL, ...) ","ts","NA","1.5.0","released",FALSE
"ar.yw.mts","closure","function","TRUE","FALSE","(x, aic = TRUE, order.max = NULL, na.action = na.fail,     demean = TRUE, series = NULL, var.method = 1, ...) ","ts","NA","1.5.0","released",FALSE
"arima","closure","function","TRUE","FALSE","(x, order = c(0, 0, 0), seasonal = list(order = c(0,     0, 0), period = NA), xreg = NULL, include.mean = TRUE, transform.pars = TRUE,     fixed = NULL, init = NULL, method = c(""CSS-ML"", ""ML"", ""CSS""),     n.cond, optim.control = list(), kappa = 1e+06) ","ts","NA","1.5.0","released",FALSE
"arima.sim","closure","function","TRUE","FALSE","(model, n, rand.gen = rnorm, innov = rand.gen(n, ...),     n.start = NA, ...) ","ts","NA","1.5.0","released",FALSE
"arima0","closure","function","TRUE","FALSE","(x, order = c(0, 0, 0), seasonal = list(order = c(0,     0, 0), period = NA), xreg = NULL, include.mean = TRUE, delta = 0.01,     transform.pars = TRUE, fixed = NULL, init = NULL, method = c(""ML"",         ""CSS""), n.cond, optim.control = list()) ","ts","NA","1.5.0","released",FALSE
"arima0.diag","closure","function","TRUE","FALSE","(object, gof.lag = 10) ","ts","NA","1.5.0","released",FALSE
"bandwidth.kernel","closure","function","TRUE","FALSE","(k) ","ts","NA","1.5.0","released",FALSE
"ccf","closure","function","TRUE","FALSE","(x, y, lag.max = NULL, type = c(""correlation"", ""covariance""),     plot = TRUE, na.action = na.fail, ...) ","ts","NA","1.5.0","released",FALSE
"cpgram","closure","function","TRUE","FALSE","(ts, taper = 0.1, main = paste(""Series: "", deparse(substitute(ts))),     ci.col = ""blue"") ","ts","NA","1.5.0","released",FALSE
"decompose","closure","function","TRUE","FALSE","(x, type = c(""additive"", ""multiplicative"")) ","ts","NA","1.5.0","released",FALSE
"df.kernel","closure","function","TRUE","FALSE","(k) ","ts","NA","1.5.0","released",FALSE
"diffinv","closure","function","TRUE","FALSE","(x, ...) ","ts","NA","1.5.0","released",FALSE
"diffinv.default","closure","function","TRUE","FALSE","(x, lag = 1, differences = 1, xi = rep(0, lag * differences *     dim(as.matrix(x))[2]), ...) ","ts","NA","1.5.0","released",FALSE
"diffinv.ts","closure","function","TRUE","FALSE","(x, lag = 1, differences = 1, xi = rep(0, lag * differences *     NCOL(x)), ...) ","ts","NA","1.5.0","released",FALSE
"diffinv.vector","closure","function","TRUE","FALSE","(x, lag = 1, differences = 1, xi = rep(0, lag * differences),     ...) ","ts","NA","1.5.0","released",FALSE
"embed","closure","function","TRUE","FALSE","(x, dimension = 1) ","ts","NA","1.5.0","released",FALSE
"filter","closure","function","TRUE","FALSE","(x, filter, method = c(""convolution"", ""recursive""),     sides = 2, circular = FALSE, init = NULL) ","ts","NA","1.5.0","released",FALSE
"is.tskernel","closure","function","TRUE","FALSE","(k) ","ts","NA","1.5.0","released",FALSE
"kernapply","closure","function","TRUE","FALSE","(x, ...) ","ts","NA","1.5.0","released",FALSE
"kernapply.default","closure","function","TRUE","FALSE","(x, k, circular = FALSE, ...) ","ts","NA","1.5.0","released",FALSE
"kernapply.ts","closure","function","TRUE","FALSE","(x, k, circular = FALSE, ...) ","ts","NA","1.5.0","released",FALSE
"kernapply.tskernel","closure","function","TRUE","FALSE","(k1, k2) ","ts","NA","1.5.0","released",FALSE
"kernapply.vector","closure","function","TRUE","FALSE","(x, k, circular = FALSE, ...) ","ts","NA","1.5.0","released",FALSE
"kernel","closure","function","TRUE","FALSE","(coef, m = length(coef) + 1, r, name = ""unknown"") ","ts","NA","1.5.0","released",FALSE
"lag","closure","function","TRUE","FALSE","(x, ...) ","ts","NA","1.5.0","released",FALSE
"lag.default","closure","function","TRUE","FALSE","(x, k = 1, ...) ","ts","NA","1.5.0","released",FALSE
"lag.plot","closure","function","TRUE","FALSE","(x, lags = 1, layout = NULL, set.lags = 1:lags, main = NULL,     asp = 1, font.main = par(""font.main""), cex.main = par(""cex.main""),     diag = TRUE, diag.col = ""gray"", type = ""p"", oma = NULL, ask = NULL,     do.lines = n <= 150, labels = do.lines, ...) ","ts","NA","1.5.0","released",FALSE
"makeARIMA","closure","function","TRUE","FALSE","(phi, theta, Delta, kappa = 1e+06) ","ts","NA","1.5.0","released",FALSE
"monthplot","closure","function","TRUE","FALSE","(x, ...) ","ts","NA","1.5.0","released",FALSE
"monthplot.StructTS","closure","function","TRUE","FALSE","(x, labels = NULL, ylab = choice, choice = ""sea"", ...) ","ts","NA","1.5.0","released",FALSE
"monthplot.default","closure","function","TRUE","FALSE","(x, labels = 1:12, times = 1:length(x), phase = (times -     1)%%length(labels) + 1, base = mean, xlim = c(0.55, f + 0.45),     ylim = range(x, na.rm = TRUE), axes = TRUE, xlab = """", ylab = deparse(substitute(x)),     type = ""l"", box = TRUE, add = FALSE, ...) ","ts","NA","1.5.0","released",FALSE
"monthplot.stl","closure","function","TRUE","FALSE","(x, labels = NULL, ylab = choice, choice = ""seasonal"",     ...) ","ts","NA","1.5.0","released",FALSE
"monthplot.ts","closure","function","TRUE","FALSE","(x, labels = NULL, times = time(x), phase = cycle(x),     ylab = deparse(substitute(x)), ...) ","ts","NA","1.5.0","released",FALSE
"na.contiguous","closure","function","TRUE","FALSE","(frame) ","ts","NA","1.5.0","released",FALSE
"pacf","closure","function","TRUE","FALSE","(x, lag.max, plot, na.action, ...) ","ts","NA","1.5.0","released",FALSE
"pacf.default","closure","function","TRUE","FALSE","(x, lag.max = NULL, plot = TRUE, na.action = na.fail,     ...) ","ts","NA","1.5.0","released",FALSE
"pacf.mts","closure","function","TRUE","FALSE","(x, lag.max = NULL, plot = TRUE, na.action = na.fail,     ...) ","ts","NA","1.5.0","released",FALSE
"plot.HoltWinters","closure","function","TRUE","FALSE","(x, predicted.values = NA, intervals = TRUE, separator = TRUE,     col = 1, col.predicted = 2, col.intervals = 4, lty.separator = 3,     ylab = ""Observed / Fitted"", main = ""Holt-Winters filtering"",     ...) ","ts","NA","1.5.0","released",FALSE
"plot.acf","closure","function","TRUE","FALSE","(x, ci = 0.95, type = ""h"", xlab = ""Lag"", ylab = NULL,     ylim = NULL, main = NULL, ci.col = ""blue"", ci.type = c(""white"",         ""ma""), max.mfrow = 6, ask = Npgs > 1 && dev.interactive(),     mar = if (nser > 2) c(3, 2, 2, 0.8) else par(""mar""), oma = if (nser >         2) c(1, 1.2, 1, 1) else par(""oma""), mgp = if (nser >         2) c(1.5, 0.6, 0) else par(""mgp""), xpd = par(""xpd""),     cex.main = if (nser > 2) 1 else par(""cex.main""), verbose = getOption(""verbose""),     ...) ","ts","NA","1.5.0","released",FALSE
"plot.decomposed.ts","closure","function","TRUE","FALSE","(x, ...) ","ts","NA","1.5.0","released",FALSE
"plot.spec","closure","function","TRUE","FALSE","(x, add = FALSE, ci = 0.95, log = c(""yes"", ""dB"", ""no""),     xlab = ""frequency"", ylab = NULL, type = ""l"", ci.col = ""blue"",     main = NULL, sub = NULL, plot.type = c(""marginal"", ""coherency"",         ""phase""), ...) ","ts","NA","1.5.0","released",FALSE
"plot.spec.coherency","closure","function","TRUE","FALSE","(x, ci = 0.95, xlab = ""frequency"", ylab = ""squared coherency"",     ylim = c(0, 1), type = ""l"", main = NULL, ci.lty = 3, ci.col = ""blue"",     ...) ","ts","NA","1.5.0","released",FALSE
"plot.spec.phase","closure","function","TRUE","FALSE","(x, ci = 0.95, xlab = ""frequency"", ylab = ""phase"", ylim = c(-pi,     pi), type = ""l"", main = NULL, ci.lty = 3, ci.col = ""blue"",     ...) ","ts","NA","1.5.0","released",FALSE
"plot.stl","closure","function","TRUE","FALSE","(x, labels = colnames(X), set.pars = list(mar = c(0,     6, 0, 6), oma = c(6, 0, 4, 0), tck = -0.01, mfrow = c(nplot,     1)), main = NULL, range.bars = TRUE, ...) ","ts","NA","1.5.0","released",FALSE
"plot.tskernel","closure","function","TRUE","FALSE","(x, ...) ","ts","NA","1.5.0","released",FALSE
"predict.Arima","closure","function","TRUE","FALSE","(object, n.ahead = 1, newxreg = NULL, se.fit = TRUE,     ...) ","ts","NA","1.5.0","released",FALSE
"predict.HoltWinters","closure","function","TRUE","FALSE","(object, n.ahead = 1, prediction.interval = FALSE, quantile = qnorm(0.975),     ...) ","ts","NA","1.5.0","released",FALSE
"predict.StructTS","closure","function","TRUE","FALSE","(object, n.ahead = 1, se.fit = TRUE, ...) ","ts","NA","1.5.0","released",FALSE
"predict.ar","closure","function","TRUE","FALSE","(object, newdata, n.ahead = 1, se.fit = TRUE, ...) ","ts","NA","1.5.0","released",FALSE
"predict.arima0","closure","function","TRUE","FALSE","(object, n.ahead = 1, newxreg = NULL, se.fit = TRUE,     ...) ","ts","NA","1.5.0","released",FALSE
"print.Arima","closure","function","TRUE","FALSE","(x, digits = max(3, getOption(""digits"") - 3), se = TRUE,     ...) ","ts","NA","1.5.0","released",FALSE
"print.HoltWinters","closure","function","TRUE","FALSE","(x, ...) ","ts","NA","1.5.0","released",FALSE
"print.StructTS","closure","function","TRUE","FALSE","(x, digits = max(3, getOption(""digits"") - 3), ...) ","ts","NA","1.5.0","released",FALSE
"print.ar","closure","function","TRUE","FALSE","(x, digits = max(3, getOption(""digits"") - 3), ...) ","ts","NA","1.5.0","released",FALSE
"print.arima0","closure","function","TRUE","FALSE","(x, digits = max(3, getOption(""digits"") - 3), se = TRUE,     ...) ","ts","NA","1.5.0","released",FALSE
"print.stl","closure","function","TRUE","FALSE","(x, ...) ","ts","NA","1.5.0","released",FALSE
"print.tskernel","closure","function","TRUE","FALSE","(x, digits = max(3, getOption(""digits"") - 3), ...) ","ts","NA","1.5.0","released",FALSE
"residuals.HoltWinters","closure","function","TRUE","FALSE","(object, ...) ","ts","NA","1.5.0","released",FALSE
"spec.ar","closure","function","TRUE","FALSE","(x, n.freq, order = NULL, plot = TRUE, na.action = na.fail,     method = ""yule-walker"", ...) ","ts","NA","1.5.0","released",FALSE
"spec.pgram","closure","function","TRUE","FALSE","(x, spans = NULL, kernel = NULL, taper = 0.1, pad = 0,     fast = TRUE, demean = FALSE, detrend = TRUE, plot = TRUE,     na.action = na.fail, ...) ","ts","NA","1.5.0","released",FALSE
"spec.taper","closure","function","TRUE","FALSE","(x, p = 0.1) ","ts","NA","1.5.0","released",FALSE
"spectrum","closure","function","TRUE","FALSE","(..., method = c(""pgram"", ""ar"")) ","ts","NA","1.5.0","released",FALSE
"stl","closure","function","TRUE","FALSE","(x, s.window, s.degree = 0, t.window = NULL, t.degree = 1,     l.window = nextodd(period), l.degree = t.degree, s.jump = ceiling(s.window/10),     t.jump = ceiling(t.window/10), l.jump = ceiling(l.window/10),     robust = FALSE, inner = if (robust) 1 else 2, outer = if (robust) 15 else 0,     na.action = na.fail) ","ts","NA","1.5.0","released",FALSE
"summary.stl","closure","function","TRUE","FALSE","(object, digits = getOption(""digits""), ...) ","ts","NA","1.5.0","released",FALSE
"toeplitz","closure","function","TRUE","FALSE","(x) ","ts","NA","1.5.0","released",FALSE
"ts.intersect","closure","function","TRUE","FALSE","(..., dframe = FALSE) ","ts","NA","1.5.0","released",FALSE
"ts.plot","closure","function","TRUE","FALSE","(..., gpars = list()) ","ts","NA","1.5.0","released",FALSE
"ts.union","closure","function","TRUE","FALSE","(..., dframe = FALSE) ","ts","NA","1.5.0","released",FALSE
"tsSmooth","closure","function","TRUE","FALSE","(object, ...) ","ts","NA","1.5.0","released",FALSE
"tsSmooth.StructTS","closure","function","TRUE","FALSE","(object, ...) ","ts","NA","1.5.0","released",FALSE
"tsdiag","closure","function","TRUE","FALSE","(object, gof.lag, ...) ","ts","NA","1.5.0","released",FALSE
"tsdiag.Arima","closure","function","TRUE","FALSE","(object, gof.lag = 10, ...) ","ts","NA","1.5.0","released",FALSE
"tsdiag.StructTS","closure","function","TRUE","FALSE","(object, gof.lag = 10, ...) ","ts","NA","1.5.0","released",FALSE
"tsdiag.arima0","closure","function","TRUE","FALSE","(object, gof.lag = 10, ...) ","ts","NA","1.5.0","released",FALSE
