"name","type","class","exported","S4generic","args","package","priority","Rversion","status","hidden"
"bkde","closure","function","TRUE","FALSE","(x, kernel = ""normal"", canonical = FALSE, bandwidth,     gridsize = 401, range.x, truncate = TRUE) ","KernSmooth","recommended","2.6.0","released",FALSE
"bkde2D","closure","function","TRUE","FALSE","(x, bandwidth, gridsize = c(51, 51), range.x, truncate = TRUE) ","KernSmooth","recommended","2.6.0","released",FALSE
"bkfe","closure","function","TRUE","FALSE","(x, drv, bandwidth, gridsize = 401, range.x, binned = FALSE,     truncate = TRUE) ","KernSmooth","recommended","2.6.0","released",FALSE
"dpih","closure","function","TRUE","FALSE","(x, scalest = ""minim"", level = 2, gridsize = 401, range.x = range(x),     truncate = TRUE) ","KernSmooth","recommended","2.6.0","released",FALSE
"dpik","closure","function","TRUE","FALSE","(x, scalest = ""minim"", level = 2, kernel = ""normal"",     canonical = FALSE, gridsize = 401, range.x = range(x), truncate = TRUE) ","KernSmooth","recommended","2.6.0","released",FALSE
"dpill","closure","function","TRUE","FALSE","(x, y, blockmax = 5, divisor = 20, trim = 0.01, proptrun = 0.05,     gridsize = 401, range.x = range(x), truncate = TRUE) ","KernSmooth","recommended","2.6.0","released",FALSE
"locpoly","closure","function","TRUE","FALSE","(x, y, drv = 0, degree, kernel = ""normal"", bandwidth,     gridsize = 401, bwdisc = 25, range.x, binned = FALSE, truncate = TRUE) ","KernSmooth","recommended","2.6.0","released",FALSE
"Aids2","list","data.frame","FALSE","FALSE","NA","MASS","recommended","2.6.0","released",FALSE
"Animals","list","data.frame","FALSE","FALSE","NA","MASS","recommended","2.6.0","released",FALSE
"Boston","list","data.frame","FALSE","FALSE","NA","MASS","recommended","2.6.0","released",FALSE
"Cars93","list","data.frame","FALSE","FALSE","NA","MASS","recommended","2.6.0","released",FALSE
"Cushings","list","data.frame","FALSE","FALSE","NA","MASS","recommended","2.6.0","released",FALSE
"DDT","double","numeric","FALSE","FALSE","NA","MASS","recommended","2.6.0","released",FALSE
"GAGurine","list","data.frame","FALSE","FALSE","NA","MASS","recommended","2.6.0","released",FALSE
"Insurance","list","data.frame","FALSE","FALSE","NA","MASS","recommended","2.6.0","released",FALSE
"Melanoma","list","data.frame","FALSE","FALSE","NA","MASS","recommended","2.6.0","released",FALSE
"Null","closure","function","TRUE","FALSE","(M) ","MASS","recommended","2.6.0","released",FALSE
"OME","list","data.frame","FALSE","FALSE","NA","MASS","recommended","2.6.0","released",FALSE
"Pima.te","list","data.frame","FALSE","FALSE","NA","MASS","recommended","2.6.0","released",FALSE
"Pima.tr","list","data.frame","FALSE","FALSE","NA","MASS","recommended","2.6.0","released",FALSE
"Pima.tr2","list","data.frame","FALSE","FALSE","NA","MASS","recommended","2.6.0","released",FALSE
"Rabbit","list","data.frame","FALSE","FALSE","NA","MASS","recommended","2.6.0","released",FALSE
"Rubber","list","data.frame","FALSE","FALSE","NA","MASS","recommended","2.6.0","released",FALSE
"SP500","double","numeric","FALSE","FALSE","NA","MASS","recommended","2.6.0","released",FALSE
"Shepard","closure","function","TRUE","FALSE","(d, x, p = 2) ","MASS","recommended","2.6.0","released",FALSE
"Sitka","list","data.frame","FALSE","FALSE","NA","MASS","recommended","2.6.0","released",FALSE
"Sitka89","list","data.frame","FALSE","FALSE","NA","MASS","recommended","2.6.0","released",FALSE
"Skye","list","data.frame","FALSE","FALSE","NA","MASS","recommended","2.6.0","released",FALSE
"Traffic","list","data.frame","FALSE","FALSE","NA","MASS","recommended","2.6.0","released",FALSE
"UScereal","list","data.frame","FALSE","FALSE","NA","MASS","recommended","2.6.0","released",FALSE
"UScrime","list","data.frame","FALSE","FALSE","NA","MASS","recommended","2.6.0","released",FALSE
"VA","list","data.frame","FALSE","FALSE","NA","MASS","recommended","2.6.0","released",FALSE
"abbey","double","numeric","FALSE","FALSE","NA","MASS","recommended","2.6.0","released",FALSE
"accdeaths","double","ts","FALSE","FALSE","NA","MASS","recommended","2.6.0","released",FALSE
"addterm","closure","function","TRUE","FALSE","(object, ...) ","MASS","recommended","2.6.0","released",FALSE
"anorexia","list","data.frame","FALSE","FALSE","NA","MASS","recommended","2.6.0","released",FALSE
"area","closure","function","TRUE","FALSE","(f, a, b, ..., fa = f(a, ...), fb = f(b, ...), limit = 10,     eps = 1e-05) ","MASS","recommended","2.6.0","released",FALSE
"as.fractions","closure","function","TRUE","FALSE","(x) ","MASS","recommended","2.6.0","released",FALSE
"bacteria","list","data.frame","FALSE","FALSE","NA","MASS","recommended","2.6.0","released",FALSE
"bandwidth.nrd","closure","function","TRUE","FALSE","(x) ","MASS","recommended","2.6.0","released",FALSE
"bcv","closure","function","TRUE","FALSE","(x, nb = 1000, lower = 0.1 * hmax, upper = hmax) ","MASS","recommended","2.6.0","released",FALSE
"beav1","list","data.frame","FALSE","FALSE","NA","MASS","recommended","2.6.0","released",FALSE
"beav2","list","data.frame","FALSE","FALSE","NA","MASS","recommended","2.6.0","released",FALSE
"biopsy","list","data.frame","FALSE","FALSE","NA","MASS","recommended","2.6.0","released",FALSE
"birthwt","list","data.frame","FALSE","FALSE","NA","MASS","recommended","2.6.0","released",FALSE
"boxcox","closure","function","TRUE","FALSE","(object, ...) ","MASS","recommended","2.6.0","released",FALSE
"cabbages","list","data.frame","FALSE","FALSE","NA","MASS","recommended","2.6.0","released",FALSE
"caith","list","data.frame","FALSE","FALSE","NA","MASS","recommended","2.6.0","released",FALSE
"cats","list","data.frame","FALSE","FALSE","NA","MASS","recommended","2.6.0","released",FALSE
"cement","list","data.frame","FALSE","FALSE","NA","MASS","recommended","2.6.0","released",FALSE
"chem","double","numeric","FALSE","FALSE","NA","MASS","recommended","2.6.0","released",FALSE
"con2tr","closure","function","TRUE","FALSE","(obj) ","MASS","recommended","2.6.0","released",FALSE
"contr.sdif","closure","function","TRUE","FALSE","(n, contrasts = TRUE) ","MASS","recommended","2.6.0","released",FALSE
"coop","list","data.frame","FALSE","FALSE","NA","MASS","recommended","2.6.0","released",FALSE
"corresp","closure","function","TRUE","FALSE","(x, ...) ","MASS","recommended","2.6.0","released",FALSE
"cov.mcd","closure","function","TRUE","FALSE","(...) ","MASS","recommended","2.6.0","released",FALSE
"cov.mve","closure","function","TRUE","FALSE","(...) ","MASS","recommended","2.6.0","released",FALSE
"cov.rob","closure","function","TRUE","FALSE","(x, cor = FALSE, quantile.used = floor((n + p + 1)/2),     method = c(""mve"", ""mcd"", ""classical""), nsamp = ""best"", seed) ","MASS","recommended","2.6.0","released",FALSE
"cov.trob","closure","function","TRUE","FALSE","(x, wt = rep(1, n), cor = FALSE, center = TRUE, nu = 5,     maxit = 25, tol = 0.01) ","MASS","recommended","2.6.0","released",FALSE
"cpus","list","data.frame","FALSE","FALSE","NA","MASS","recommended","2.6.0","released",FALSE
"crabs","list","data.frame","FALSE","FALSE","NA","MASS","recommended","2.6.0","released",FALSE
"deaths","double","ts","FALSE","FALSE","NA","MASS","recommended","2.6.0","released",FALSE
"denumerate","closure","function","TRUE","FALSE","(x) ","MASS","recommended","2.6.0","released",FALSE
"denumerate.formula","closure","function","TRUE","FALSE","(x) ","MASS","recommended","2.6.0","released",FALSE
"dose.p","closure","function","TRUE","FALSE","(obj, cf = 1:2, p = 0.5) ","MASS","recommended","2.6.0","released",FALSE
"drivers","double","ts","FALSE","FALSE","NA","MASS","recommended","2.6.0","released",FALSE
"dropterm","closure","function","TRUE","FALSE","(object, ...) ","MASS","recommended","2.6.0","released",FALSE
"eagles","list","data.frame","FALSE","FALSE","NA","MASS","recommended","2.6.0","released",FALSE
"enlist","closure","function","TRUE","FALSE","(vec) ","MASS","recommended","2.6.0","released",FALSE
"epil","list","data.frame","FALSE","FALSE","NA","MASS","recommended","2.6.0","released",FALSE
"eqscplot","closure","function","TRUE","FALSE","(x, y, ratio = 1, tol = 0.04, uin, ...) ","MASS","recommended","2.6.0","released",FALSE
"farms","list","data.frame","FALSE","FALSE","NA","MASS","recommended","2.6.0","released",FALSE
"fbeta","closure","function","TRUE","FALSE","(x, alpha, beta) ","MASS","recommended","2.6.0","released",FALSE
"fgl","list","data.frame","FALSE","FALSE","NA","MASS","recommended","2.6.0","released",FALSE
"fitdistr","closure","function","TRUE","FALSE","(x, densfun, start, ...) ","MASS","recommended","2.6.0","released",FALSE
"forbes","list","data.frame","FALSE","FALSE","NA","MASS","recommended","2.6.0","released",FALSE
"fractions","closure","function","TRUE","FALSE","(x, cycles = 10, max.denominator = 2000, ...) ","MASS","recommended","2.6.0","released",FALSE
"frequency.polygon","closure","function","TRUE","FALSE","(x, nclass = nclass.freq(x), xlab = """", ylab = """", ...) ","MASS","recommended","2.6.0","released",FALSE
"galaxies","double","numeric","FALSE","FALSE","NA","MASS","recommended","2.6.0","released",FALSE
"gamma.dispersion","closure","function","TRUE","FALSE","(object, ...) ","MASS","recommended","2.6.0","released",FALSE
"gamma.shape","closure","function","TRUE","FALSE","(object, ...) ","MASS","recommended","2.6.0","released",FALSE
"gehan","list","data.frame","FALSE","FALSE","NA","MASS","recommended","2.6.0","released",FALSE
"genotype","list","data.frame","FALSE","FALSE","NA","MASS","recommended","2.6.0","released",FALSE
"geyser","list","data.frame","FALSE","FALSE","NA","MASS","recommended","2.6.0","released",FALSE
"gilgais","list","data.frame","FALSE","FALSE","NA","MASS","recommended","2.6.0","released",FALSE
"ginv","closure","function","TRUE","FALSE","(X, tol = sqrt(.Machine$double.eps)) ","MASS","recommended","2.6.0","released",FALSE
"glm.convert","closure","function","TRUE","FALSE","(object) ","MASS","recommended","2.6.0","released",FALSE
"glm.nb","closure","function","TRUE","FALSE","(formula, data, weights, subset, na.action, start = NULL,     etastart, mustart, control = glm.control(...), method = ""glm.fit"",     model = TRUE, x = FALSE, y = TRUE, contrasts = NULL, ...,     init.theta, link = log) ","MASS","recommended","2.6.0","released",FALSE
"glmmPQL","closure","function","TRUE","FALSE","(fixed, random, family, data, correlation, weights,     control, niter = 10, verbose = TRUE, ...) ","MASS","recommended","2.6.0","released",FALSE
"hills","list","data.frame","FALSE","FALSE","NA","MASS","recommended","2.6.0","released",FALSE
"hist.FD","closure","function","TRUE","FALSE","(x, prob = TRUE, xlab = deparse(substitute(x)), ...) ","MASS","recommended","2.6.0","released",FALSE
"hist.scott","closure","function","TRUE","FALSE","(x, prob = TRUE, xlab = deparse(substitute(x)), ...) ","MASS","recommended","2.6.0","released",FALSE
"housing","list","data.frame","FALSE","FALSE","NA","MASS","recommended","2.6.0","released",FALSE
"huber","closure","function","TRUE","FALSE","(y, k = 1.5, tol = 1e-06) ","MASS","recommended","2.6.0","released",FALSE
"hubers","closure","function","TRUE","FALSE","(y, k = 1.5, mu, s, initmu = median(y), tol = 1e-06) ","MASS","recommended","2.6.0","released",FALSE
"immer","list","data.frame","FALSE","FALSE","NA","MASS","recommended","2.6.0","released",FALSE
"is.fractions","closure","function","TRUE","FALSE","(f) ","MASS","recommended","2.6.0","released",FALSE
"isoMDS","closure","function","TRUE","FALSE","(d, y = cmdscale(d, k), k = 2, maxit = 50, trace = TRUE,     tol = 0.001, p = 2) ","MASS","recommended","2.6.0","released",FALSE
"kde2d","closure","function","TRUE","FALSE","(x, y, h, n = 25, lims = c(range(x), range(y))) ","MASS","recommended","2.6.0","released",FALSE
"lda","closure","function","TRUE","FALSE","(x, ...) ","MASS","recommended","2.6.0","released",FALSE
"ldahist","closure","function","TRUE","FALSE","(data, g, nbins = 25, h, x0 = -h/1000, breaks, xlim = range(breaks),     ymax = 0, width, type = c(""histogram"", ""density"", ""both""),     sep = (type != ""density""), col = 5, xlab = deparse(substitute(data)),     bty = ""n"", ...) ","MASS","recommended","2.6.0","released",FALSE
"leuk","list","data.frame","FALSE","FALSE","NA","MASS","recommended","2.6.0","released",FALSE
"lm.gls","closure","function","TRUE","FALSE","(formula, data, W, subset, na.action, inverse = FALSE,     method = ""qr"", model = FALSE, x = FALSE, y = FALSE, contrasts = NULL,     ...) ","MASS","recommended","2.6.0","released",FALSE
"lm.ridge","closure","function","TRUE","FALSE","(formula, data, subset, na.action, lambda = 0, model = FALSE,     x = FALSE, y = FALSE, contrasts = NULL, ...) ","MASS","recommended","2.6.0","released",FALSE
"lmsreg","closure","function","TRUE","FALSE","(...) ","MASS","recommended","2.6.0","released",FALSE
"lmwork","closure","function","TRUE","FALSE","(object) ","MASS","recommended","2.6.0","released",FALSE
"loglm","closure","function","TRUE","FALSE","(formula, data, subset, na.action, ...) ","MASS","recommended","2.6.0","released",FALSE
"loglm1","closure","function","TRUE","FALSE","(formula, data, ...) ","MASS","recommended","2.6.0","released",FALSE
"logtrans","closure","function","TRUE","FALSE","(object, ...) ","MASS","recommended","2.6.0","released",FALSE
"lqs","closure","function","TRUE","FALSE","(x, ...) ","MASS","recommended","2.6.0","released",FALSE
"lqs.formula","closure","function","TRUE","FALSE","(formula, data, ..., method = c(""lts"", ""lqs"", ""lms"",     ""S"", ""model.frame""), subset, na.action, model = TRUE, x.ret = FALSE,     y.ret = FALSE, contrasts = NULL) ","MASS","recommended","2.6.0","released",FALSE
"ltsreg","closure","function","TRUE","FALSE","(...) ","MASS","recommended","2.6.0","released",FALSE
"mammals","list","data.frame","FALSE","FALSE","NA","MASS","recommended","2.6.0","released",FALSE
"mca","closure","function","TRUE","FALSE","(df, nf = 2, abbrev = FALSE) ","MASS","recommended","2.6.0","released",FALSE
"mcycle","list","data.frame","FALSE","FALSE","NA","MASS","recommended","2.6.0","released",FALSE
"menarche","list","data.frame","FALSE","FALSE","NA","MASS","recommended","2.6.0","released",FALSE
"michelson","list","data.frame","FALSE","FALSE","NA","MASS","recommended","2.6.0","released",FALSE
"minn38","list","data.frame","FALSE","FALSE","NA","MASS","recommended","2.6.0","released",FALSE
"motors","list","data.frame","FALSE","FALSE","NA","MASS","recommended","2.6.0","released",FALSE
"muscle","list","data.frame","FALSE","FALSE","NA","MASS","recommended","2.6.0","released",FALSE
"mvrnorm","closure","function","TRUE","FALSE","(n = 1, mu, Sigma, tol = 1e-06, empirical = FALSE) ","MASS","recommended","2.6.0","released",FALSE
"nclass.freq","closure","function","TRUE","FALSE","(x) ","MASS","recommended","2.6.0","released",FALSE
"neg.bin","closure","function","TRUE","FALSE","(theta = stop(""'theta' must be given"")) ","MASS","recommended","2.6.0","released",FALSE
"negative.binomial","closure","function","TRUE","FALSE","(theta = stop(""'theta' must be specified""), link = ""log"") ","MASS","recommended","2.6.0","released",FALSE
"negexp.SSival","closure","function","TRUE","FALSE","(mCall, data, LHS) ","MASS","recommended","2.6.0","released",FALSE
"newcomb","double","numeric","FALSE","FALSE","NA","MASS","recommended","2.6.0","released",FALSE
"nlschools","list","data.frame","FALSE","FALSE","NA","MASS","recommended","2.6.0","released",FALSE
"npk","list","data.frame","FALSE","FALSE","NA","MASS","recommended","2.6.0","released",FALSE
"npr1","list","data.frame","FALSE","FALSE","NA","MASS","recommended","2.6.0","released",FALSE
"oats","list","data.frame","FALSE","FALSE","NA","MASS","recommended","2.6.0","released",FALSE
"painters","list","data.frame","FALSE","FALSE","NA","MASS","recommended","2.6.0","released",FALSE
"parcoord","closure","function","TRUE","FALSE","(x, col = 1, lty = 1, var.label = FALSE, ...) ","MASS","recommended","2.6.0","released",FALSE
"petrol","list","data.frame","FALSE","FALSE","NA","MASS","recommended","2.6.0","released",FALSE
"phones","list","list","FALSE","FALSE","NA","MASS","recommended","2.6.0","released",FALSE
"polr","closure","function","TRUE","FALSE","(formula, data, weights, start, ..., subset, na.action,     contrasts = NULL, Hess = FALSE, model = TRUE, method = c(""logistic"",         ""probit"", ""cloglog"", ""cauchit"")) ","MASS","recommended","2.6.0","released",FALSE
"psi.bisquare","closure","function","TRUE","FALSE","(u, c = 4.685, deriv = 0) ","MASS","recommended","2.6.0","released",FALSE
"psi.hampel","closure","function","TRUE","FALSE","(u, a = 2, b = 4, c = 8, deriv = 0) ","MASS","recommended","2.6.0","released",FALSE
"psi.huber","closure","function","TRUE","FALSE","(u, k = 1.345, deriv = 0) ","MASS","recommended","2.6.0","released",FALSE
"qda","closure","function","TRUE","FALSE","(x, ...) ","MASS","recommended","2.6.0","released",FALSE
"quine","list","data.frame","FALSE","FALSE","NA","MASS","recommended","2.6.0","released",FALSE
"rational","closure","function","TRUE","FALSE","(x, cycles = 10, max.denominator = 2000, ...) ","MASS","recommended","2.6.0","released",FALSE
"renumerate","closure","function","TRUE","FALSE","(x) ","MASS","recommended","2.6.0","released",FALSE
"renumerate.formula","closure","function","TRUE","FALSE","(x) ","MASS","recommended","2.6.0","released",FALSE
"rlm","closure","function","TRUE","FALSE","(x, ...) ","MASS","recommended","2.6.0","released",FALSE
"rms.curv","closure","function","TRUE","FALSE","(obj) ","MASS","recommended","2.6.0","released",FALSE
"rnegbin","closure","function","TRUE","FALSE","(n, mu = n, theta = stop(""'theta' must be specified"")) ","MASS","recommended","2.6.0","released",FALSE
"road","list","data.frame","FALSE","FALSE","NA","MASS","recommended","2.6.0","released",FALSE
"rotifer","list","data.frame","FALSE","FALSE","NA","MASS","recommended","2.6.0","released",FALSE
"sammon","closure","function","TRUE","FALSE","(d, y = cmdscale(d, k), k = 2, niter = 100, trace = TRUE,     magic = 0.2, tol = 1e-04) ","MASS","recommended","2.6.0","released",FALSE
"select","closure","function","TRUE","FALSE","(obj) ","MASS","recommended","2.6.0","released",FALSE
"ships","list","data.frame","FALSE","FALSE","NA","MASS","recommended","2.6.0","released",FALSE
"shoes","list","list","FALSE","FALSE","NA","MASS","recommended","2.6.0","released",FALSE
"shrimp","double","numeric","FALSE","FALSE","NA","MASS","recommended","2.6.0","released",FALSE
"shuttle","list","data.frame","FALSE","FALSE","NA","MASS","recommended","2.6.0","released",FALSE
"snails","list","data.frame","FALSE","FALSE","NA","MASS","recommended","2.6.0","released",FALSE
"stdres","closure","function","TRUE","FALSE","(object) ","MASS","recommended","2.6.0","released",FALSE
"steam","list","data.frame","FALSE","FALSE","NA","MASS","recommended","2.6.0","released",FALSE
"stepAIC","closure","function","TRUE","FALSE","(object, scope, scale = 0, direction = c(""both"", ""backward"",     ""forward""), trace = 1, keep = NULL, steps = 1000, use.start = FALSE,     k = 2, ...) ","MASS","recommended","2.6.0","released",FALSE
"stormer","list","data.frame","FALSE","FALSE","NA","MASS","recommended","2.6.0","released",FALSE
"studres","closure","function","TRUE","FALSE","(object) ","MASS","recommended","2.6.0","released",FALSE
"survey","list","data.frame","FALSE","FALSE","NA","MASS","recommended","2.6.0","released",FALSE
"synth.te","list","data.frame","FALSE","FALSE","NA","MASS","recommended","2.6.0","released",FALSE
"synth.tr","list","data.frame","FALSE","FALSE","NA","MASS","recommended","2.6.0","released",FALSE
"theta.md","closure","function","TRUE","FALSE","(y, mu, dfr, weights, limit = 20, eps = .Machine$double.eps^0.25) ","MASS","recommended","2.6.0","released",FALSE
"theta.ml","closure","function","TRUE","FALSE","(y, mu, n = sum(weights), weights, limit = 10, eps = .Machine$double.eps^0.25,     trace = FALSE) ","MASS","recommended","2.6.0","released",FALSE
"theta.mm","closure","function","TRUE","FALSE","(y, mu, dfr, weights, limit = 10, eps = .Machine$double.eps^0.25) ","MASS","recommended","2.6.0","released",FALSE
"topo","list","data.frame","FALSE","FALSE","NA","MASS","recommended","2.6.0","released",FALSE
"truehist","closure","function","TRUE","FALSE","(data, nbins = ""Scott"", h, x0 = -h/1000, breaks, prob = TRUE,     xlim = range(breaks), ymax = max(est), col = 5, xlab = deparse(substitute(data)),     bty = ""n"", ...) ","MASS","recommended","2.6.0","released",FALSE
"ucv","closure","function","TRUE","FALSE","(x, nb = 1000, lower = 0.1 * hmax, upper = hmax) ","MASS","recommended","2.6.0","released",FALSE
"waders","list","data.frame","FALSE","FALSE","NA","MASS","recommended","2.6.0","released",FALSE
"whiteside","list","data.frame","FALSE","FALSE","NA","MASS","recommended","2.6.0","released",FALSE
"width.SJ","closure","function","TRUE","FALSE","(x, nb = 1000, lower = 0.1 * hmax, upper = hmax, method = c(""ste"",     ""dpi"")) ","MASS","recommended","2.6.0","released",FALSE
"write.matrix","closure","function","TRUE","FALSE","(x, file = """", sep = "" "", blocksize) ","MASS","recommended","2.6.0","released",FALSE
"wtloss","list","data.frame","FALSE","FALSE","NA","MASS","recommended","2.6.0","released",FALSE
"!","builtin","function","TRUE","NA","(x) ","base","base","2.6.0","released",FALSE
"!=","builtin","function","TRUE","NA","(e1, e2) ","base","base","2.6.0","released",FALSE
"$","special","function","TRUE","NA","","base","base","2.6.0","released",FALSE
"$.DLLInfo","closure","function","TRUE","FALSE","(x, name) ","base","base","2.6.0","released",FALSE
"$.package_version","closure","function","TRUE","FALSE","(x, name) ","base","base","2.6.0","released",FALSE
"$<-","special","function","TRUE","NA","","base","base","2.6.0","released",FALSE
"$<-.data.frame","closure","function","TRUE","FALSE","(x, i, value) ","base","base","2.6.0","released",FALSE
"%%","builtin","function","TRUE","NA","(e1, e2) ","base","base","2.6.0","released",FALSE
"%*%","builtin","function","TRUE","NA","(x, y) ","base","base","2.6.0","released",FALSE
"%/%","builtin","function","TRUE","NA","(e1, e2) ","base","base","2.6.0","released",FALSE
"%in%","closure","function","TRUE","FALSE","(x, table) ","base","base","2.6.0","released",FALSE
"%o%","closure","function","TRUE","FALSE","(X, Y) ","base","base","2.6.0","released",FALSE
"%x%","closure","function","TRUE","FALSE","(X, Y) ","base","base","2.6.0","released",FALSE
"&","builtin","function","TRUE","NA","(e1, e2) ","base","base","2.6.0","released",FALSE
"&&","special","function","TRUE","NA","","base","base","2.6.0","released",FALSE
"(","builtin","function","TRUE","NA","","base","base","2.6.0","released",FALSE
"*","builtin","function","TRUE","NA","(e1, e2) ","base","base","2.6.0","released",FALSE
"*.difftime","closure","function","TRUE","FALSE","(e1, e2) ","base","base","2.6.0","released",FALSE
"+","builtin","function","TRUE","NA","(e1, e2) ","base","base","2.6.0","released",FALSE
"+.Date","closure","function","TRUE","FALSE","(e1, e2) ","base","base","2.6.0","released",FALSE
"+.POSIXt","closure","function","TRUE","FALSE","(e1, e2) ","base","base","2.6.0","released",FALSE
"-","builtin","function","TRUE","NA","(e1, e2) ","base","base","2.6.0","released",FALSE
"-.Date","closure","function","TRUE","FALSE","(e1, e2) ","base","base","2.6.0","released",FALSE
"-.POSIXt","closure","function","TRUE","FALSE","(e1, e2) ","base","base","2.6.0","released",FALSE
".Alias","closure","function","TRUE","FALSE","(expr) ","base","base","2.6.0","released", TRUE
".ArgsEnv","environment","environment","TRUE","FALSE","NA","base","base","2.6.0","released", TRUE
".AutoloadEnv","environment","environment","TRUE","FALSE","NA","base","base","2.6.0","released", TRUE
".BaseNamespaceEnv","environment","environment","TRUE","FALSE","NA","base","base","2.6.0","released", TRUE
".C","builtin","function","TRUE","NA","(name, ..., NAOK = FALSE, DUP = TRUE, PACKAGE, ENCODING) ","base","base","2.6.0","released", TRUE
".Call","builtin","function","TRUE","NA","(name, ..., PACKAGE) ","base","base","2.6.0","released", TRUE
".Call.graphics","builtin","function","TRUE","NA","(name, ..., PACKAGE) ","base","base","2.6.0","released", TRUE
".Defunct","closure","function","TRUE","FALSE","(new, package = NULL, msg) ","base","base","2.6.0","released", TRUE
".Deprecated","closure","function","TRUE","FALSE","(new, package = NULL, msg) ","base","base","2.6.0","released", TRUE
".Device","character","character","TRUE","FALSE","NA","base","base","2.6.0","released", TRUE
".Devices","pairlist","pairlist","TRUE","FALSE","NA","base","base","2.6.0","released", TRUE
".Export","closure","function","TRUE","FALSE","(...) ","base","base","2.6.0","released", TRUE
".External","builtin","function","TRUE","NA","(name, ..., PACKAGE) ","base","base","2.6.0","released", TRUE
".External.graphics","builtin","function","TRUE","NA","(name, ..., PACKAGE) ","base","base","2.6.0","released", TRUE
".First.sys","closure","function","TRUE","FALSE","() ","base","base","2.6.0","released", TRUE
".Fortran","builtin","function","TRUE","NA","(name, ..., NAOK = FALSE, DUP = TRUE, PACKAGE, ENCODING) ","base","base","2.6.0","released", TRUE
".GenericArgsEnv","environment","environment","TRUE","FALSE","NA","base","base","2.6.0","released", TRUE
".GlobalEnv","environment","environment","TRUE","FALSE","NA","base","base","2.6.0","released", TRUE
".Import","closure","function","TRUE","FALSE","(...) ","base","base","2.6.0","released", TRUE
".ImportFrom","closure","function","TRUE","FALSE","(name, ...) ","base","base","2.6.0","released", TRUE
".Internal","special","function","TRUE","NA","(call) ","base","base","2.6.0","released", TRUE
".Last.value","character","character","TRUE","FALSE","NA","base","base","2.6.0","released", TRUE
".Library","character","character","TRUE","FALSE","NA","base","base","2.6.0","released", TRUE
".Library.site","character","character","TRUE","FALSE","NA","base","base","2.6.0","released", TRUE
".Machine","list","list","TRUE","FALSE","NA","base","base","2.6.0","released", TRUE
".NotYetImplemented","closure","function","TRUE","FALSE","() ","base","base","2.6.0","released", TRUE
".NotYetUsed","closure","function","TRUE","FALSE","(arg, error = TRUE) ","base","base","2.6.0","released", TRUE
".OptRequireMethods","closure","function","TRUE","FALSE","() ","base","base","2.6.0","released", TRUE
".Options","pairlist","pairlist","TRUE","FALSE","NA","base","base","2.6.0","released", TRUE
".Platform","list","list","TRUE","FALSE","NA","base","base","2.6.0","released", TRUE
".Primitive","builtin","function","TRUE","NA","(name) ","base","base","2.6.0","released", TRUE
".S3PrimitiveGenerics","character","character","TRUE","FALSE","NA","base","base","2.6.0","released", TRUE
".S3method","closure","function","TRUE","FALSE","(generic, class, method) ","base","base","2.6.0","released", TRUE
".Script","closure","function","TRUE","FALSE","(interpreter, script, args, ...) ","base","base","2.6.0","released", TRUE
".TAOCP1997init","closure","function","TRUE","FALSE","(seed) ","base","base","2.6.0","released", TRUE
".__H__.cbind","closure","function","TRUE","FALSE","(..., deparse.level = 1) ","base","base","2.6.0","released", TRUE
".__H__.rbind","closure","function","TRUE","FALSE","(..., deparse.level = 1) ","base","base","2.6.0","released", TRUE
".__S3MethodsTable__.","environment","environment","TRUE","FALSE","NA","base","base","2.6.0","released", TRUE
".decode_numeric_version","closure","function","TRUE","FALSE","(x, base = NULL) ","base","base","2.6.0","released", TRUE
".deparseOpts","closure","function","TRUE","FALSE","(control) ","base","base","2.6.0","released", TRUE
".doTrace","closure","function","TRUE","FALSE","(expr, msg) ","base","base","2.6.0","released", TRUE
".dynLibs","closure","function","TRUE","FALSE","(new) ","base","base","2.6.0","released", TRUE
".encode_numeric_version","closure","function","TRUE","FALSE","(x, base = NULL) ","base","base","2.6.0","released", TRUE
".expand_R_libs_env_var","closure","function","TRUE","FALSE","(x) ","base","base","2.6.0","released", TRUE
".find.package","closure","function","TRUE","FALSE","(package = NULL, lib.loc = NULL, quiet = FALSE, verbose = getOption(""verbose"")) ","base","base","2.6.0","released", TRUE
".getRequiredPackages","closure","function","TRUE","FALSE","(file = ""DESCRIPTION"", quietly = FALSE, useImports = FALSE) ","base","base","2.6.0","released", TRUE
".getRequiredPackages2","closure","function","TRUE","FALSE","(pkgInfo, quietly = FALSE, lib.loc = NULL, useImports = FALSE) ","base","base","2.6.0","released", TRUE
".handleSimpleError","closure","function","TRUE","FALSE","(h, msg, call) ","base","base","2.6.0","released", TRUE
".isMethodsDispatchOn","closure","function","TRUE","FALSE","(onOff = NULL) ","base","base","2.6.0","released", TRUE
".isOpen","closure","function","TRUE","FALSE","(srcfile) ","base","base","2.6.0","released", TRUE
".knownS3Generics","character","character","TRUE","FALSE","NA","base","base","2.6.0","released", TRUE
".leap.seconds","double","POSIXt/POSIXct","TRUE","FALSE","NA","base","base","2.6.0","released", TRUE
".libPaths","closure","function","TRUE","FALSE","(new) ","base","base","2.6.0","released", TRUE
".makeMessage","closure","function","TRUE","FALSE","(..., domain = NULL, appendLF = FALSE) ","base","base","2.6.0","released", TRUE
".make_numeric_version","closure","function","TRUE","FALSE","(x, strict = TRUE, regexp, classes = NULL) ","base","base","2.6.0","released", TRUE
".mergeExportMethods","closure","function","TRUE","FALSE","(new, ns) ","base","base","2.6.0","released", TRUE
".mergeImportMethods","closure","function","TRUE","FALSE","(impenv, expenv, metaname) ","base","base","2.6.0","released", TRUE
".noGenerics","logical","logical","TRUE","FALSE","NA","base","base","2.6.0","released", TRUE
".packageStartupMessage","closure","function","TRUE","FALSE","(message, call = NULL) ","base","base","2.6.0","released", TRUE
".packages","closure","function","TRUE","FALSE","(all.available = FALSE, lib.loc = NULL) ","base","base","2.6.0","released", TRUE
".path.package","closure","function","TRUE","FALSE","(package = NULL, quiet = FALSE) ","base","base","2.6.0","released", TRUE
".primTrace","builtin","function","TRUE","NA","(obj) ","base","base","2.6.0","released", TRUE
".primUntrace","builtin","function","TRUE","NA","(obj) ","base","base","2.6.0","released", TRUE
".readRDS","closure","function","TRUE","FALSE","(file, refhook = NULL) ","base","base","2.6.0","released", TRUE
".row_names_info","closure","function","TRUE","FALSE","(x, type = 1L) ","base","base","2.6.0","released", TRUE
".saveRDS","closure","function","TRUE","FALSE","(object, file = """", ascii = FALSE, version = NULL, compress = TRUE,     refhook = NULL) ","base","base","2.6.0","released", TRUE
".set_row_names","closure","function","TRUE","FALSE","(n) ","base","base","2.6.0","released", TRUE
".signalSimpleWarning","closure","function","TRUE","FALSE","(msg, call) ","base","base","2.6.0","released", TRUE
".standard_regexps","closure","function","TRUE","FALSE","() ","base","base","2.6.0","released", TRUE
".subset","builtin","function","TRUE","NA","(x, ...) ","base","base","2.6.0","released", TRUE
".subset2","builtin","function","TRUE","NA","(x, ...) ","base","base","2.6.0","released", TRUE
".userHooksEnv","environment","environment","TRUE","FALSE","NA","base","base","2.6.0","released", TRUE
"/","builtin","function","TRUE","NA","(e1, e2) ","base","base","2.6.0","released",FALSE
"/.difftime","closure","function","TRUE","FALSE","(e1, e2) ","base","base","2.6.0","released",FALSE
":","builtin","function","TRUE","NA","","base","base","2.6.0","released",FALSE
"::","closure","function","TRUE","FALSE","(pkg, name) ","base","base","2.6.0","released",FALSE
":::","closure","function","TRUE","FALSE","(pkg, name) ","base","base","2.6.0","released",FALSE
"<","builtin","function","TRUE","NA","(e1, e2) ","base","base","2.6.0","released",FALSE
"<-","special","function","TRUE","NA","","base","base","2.6.0","released",FALSE
"<<-","special","function","TRUE","NA","","base","base","2.6.0","released",FALSE
"<=","builtin","function","TRUE","NA","(e1, e2) ","base","base","2.6.0","released",FALSE
"=","special","function","TRUE","NA","","base","base","2.6.0","released",FALSE
"==","builtin","function","TRUE","NA","(e1, e2) ","base","base","2.6.0","released",FALSE
">","builtin","function","TRUE","NA","(e1, e2) ","base","base","2.6.0","released",FALSE
">=","builtin","function","TRUE","NA","(e1, e2) ","base","base","2.6.0","released",FALSE
"@","special","function","TRUE","NA","","base","base","2.6.0","released",FALSE
"Arg","builtin","function","TRUE","NA","(z) ","base","base","2.6.0","released",FALSE
"Conj","builtin","function","TRUE","NA","(z) ","base","base","2.6.0","released",FALSE
"Cstack_info","closure","function","TRUE","FALSE","() ","base","base","2.6.0","released",FALSE
"Encoding","closure","function","TRUE","FALSE","(x) ","base","base","2.6.0","released",FALSE
"Encoding<-","closure","function","TRUE","FALSE","(x, value) ","base","base","2.6.0","released",FALSE
"F","logical","logical","TRUE","FALSE","NA","base","base","2.6.0","released",FALSE
"Filter","closure","function","TRUE","FALSE","(f, x) ","base","base","2.6.0","released",FALSE
"I","closure","function","TRUE","FALSE","(x) ","base","base","2.6.0","released",FALSE
"ISOdate","closure","function","TRUE","FALSE","(year, month, day, hour = 12, min = 0, sec = 0, tz = ""GMT"") ","base","base","2.6.0","released",FALSE
"ISOdatetime","closure","function","TRUE","FALSE","(year, month, day, hour, min, sec, tz = """") ","base","base","2.6.0","released",FALSE
"Im","builtin","function","TRUE","NA","(z) ","base","base","2.6.0","released",FALSE
"LETTERS","character","character","TRUE","FALSE","NA","base","base","2.6.0","released",FALSE
"La.chol","closure","function","TRUE","FALSE","(x) ","base","base","2.6.0","released",FALSE
"La.chol2inv","closure","function","TRUE","FALSE","(x, size = ncol(x)) ","base","base","2.6.0","released",FALSE
"La.eigen","closure","function","TRUE","FALSE","(x, symmetric, only.values = FALSE, method = c(""dsyevr"",     ""dsyev"")) ","base","base","2.6.0","released",FALSE
"La.svd","closure","function","TRUE","FALSE","(x, nu = min(n, p), nv = min(n, p)) ","base","base","2.6.0","released",FALSE
"Machine","closure","function","TRUE","FALSE","() ","base","base","2.6.0","released",FALSE
"Map","closure","function","TRUE","FALSE","(f, ...) ","base","base","2.6.0","released",FALSE
"Math.Date","closure","function","TRUE","FALSE","(x, ...) ","base","base","2.6.0","released",FALSE
"Math.POSIXt","closure","function","TRUE","FALSE","(x, ...) ","base","base","2.6.0","released",FALSE
"Math.data.frame","closure","function","TRUE","FALSE","(x, ...) ","base","base","2.6.0","released",FALSE
"Math.difftime","closure","function","TRUE","FALSE","(x, ...) ","base","base","2.6.0","released",FALSE
"Math.factor","closure","function","TRUE","FALSE","(x, ...) ","base","base","2.6.0","released",FALSE
"Mod","builtin","function","TRUE","NA","(z) ","base","base","2.6.0","released",FALSE
"NCOL","closure","function","TRUE","FALSE","(x) ","base","base","2.6.0","released",FALSE
"NROW","closure","function","TRUE","FALSE","(x) ","base","base","2.6.0","released",FALSE
"NextMethod","closure","function","TRUE","FALSE","(generic = NULL, object = NULL, ...) ","base","base","2.6.0","released",FALSE
"Ops.Date","closure","function","TRUE","FALSE","(e1, e2) ","base","base","2.6.0","released",FALSE
"Ops.POSIXt","closure","function","TRUE","FALSE","(e1, e2) ","base","base","2.6.0","released",FALSE
"Ops.data.frame","closure","function","TRUE","FALSE","(e1, e2 = NULL) ","base","base","2.6.0","released",FALSE
"Ops.difftime","closure","function","TRUE","FALSE","(e1, e2) ","base","base","2.6.0","released",FALSE
"Ops.factor","closure","function","TRUE","FALSE","(e1, e2) ","base","base","2.6.0","released",FALSE
"Ops.numeric_version","closure","function","TRUE","FALSE","(e1, e2) ","base","base","2.6.0","released",FALSE
"Ops.ordered","closure","function","TRUE","FALSE","(e1, e2) ","base","base","2.6.0","released",FALSE
"Platform","closure","function","TRUE","FALSE","() ","base","base","2.6.0","released",FALSE
"R.Version","closure","function","TRUE","FALSE","() ","base","base","2.6.0","released",FALSE
"R.home","closure","function","TRUE","FALSE","(component = ""home"") ","base","base","2.6.0","released",FALSE
"R.version","list","simple.list","TRUE","FALSE","NA","base","base","2.6.0","released",FALSE
"R.version.string","character","character","TRUE","FALSE","NA","base","base","2.6.0","released",FALSE
"RNGkind","closure","function","TRUE","FALSE","(kind = NULL, normal.kind = NULL) ","base","base","2.6.0","released",FALSE
"RNGversion","closure","function","TRUE","FALSE","(vstr) ","base","base","2.6.0","released",FALSE
"R_system_version","closure","function","TRUE","FALSE","(x, strict = TRUE) ","base","base","2.6.0","released",FALSE
"Re","builtin","function","TRUE","NA","(z) ","base","base","2.6.0","released",FALSE
"Recall","closure","function","TRUE","FALSE","(...) ","base","base","2.6.0","released",FALSE
"Reduce","closure","function","TRUE","FALSE","(f, x, init, right = FALSE, accumulate = FALSE) ","base","base","2.6.0","released",FALSE
"Summary.Date","closure","function","TRUE","FALSE","(..., na.rm) ","base","base","2.6.0","released",FALSE
"Summary.POSIXct","closure","function","TRUE","FALSE","(..., na.rm) ","base","base","2.6.0","released",FALSE
"Summary.POSIXlt","closure","function","TRUE","FALSE","(..., na.rm) ","base","base","2.6.0","released",FALSE
"Summary.data.frame","closure","function","TRUE","FALSE","(..., na.rm) ","base","base","2.6.0","released",FALSE
"Summary.difftime","closure","function","TRUE","FALSE","(..., na.rm) ","base","base","2.6.0","released",FALSE
"Summary.factor","closure","function","TRUE","FALSE","(..., na.rm) ","base","base","2.6.0","released",FALSE
"Summary.numeric_version","closure","function","TRUE","FALSE","(..., na.rm) ","base","base","2.6.0","released",FALSE
"Sys.Date","closure","function","TRUE","FALSE","() ","base","base","2.6.0","released",FALSE
"Sys.getenv","closure","function","TRUE","FALSE","(x = NULL, unset = """") ","base","base","2.6.0","released",FALSE
"Sys.getlocale","closure","function","TRUE","FALSE","(category = ""LC_ALL"") ","base","base","2.6.0","released",FALSE
"Sys.getpid","closure","function","TRUE","FALSE","() ","base","base","2.6.0","released",FALSE
"Sys.glob","closure","function","TRUE","FALSE","(paths, dirmark = FALSE) ","base","base","2.6.0","released",FALSE
"Sys.info","closure","function","TRUE","FALSE","() ","base","base","2.6.0","released",FALSE
"Sys.localeconv","closure","function","TRUE","FALSE","() ","base","base","2.6.0","released",FALSE
"Sys.putenv","closure","function","TRUE","FALSE","(...) ","base","base","2.6.0","released",FALSE
"Sys.setenv","closure","function","TRUE","FALSE","(...) ","base","base","2.6.0","released",FALSE
"Sys.setlocale","closure","function","TRUE","FALSE","(category = ""LC_ALL"", locale = """") ","base","base","2.6.0","released",FALSE
"Sys.sleep","closure","function","TRUE","FALSE","(time) ","base","base","2.6.0","released",FALSE
"Sys.time","closure","function","TRUE","FALSE","() ","base","base","2.6.0","released",FALSE
"Sys.timezone","closure","function","TRUE","FALSE","() ","base","base","2.6.0","released",FALSE
"Sys.unsetenv","closure","function","TRUE","FALSE","(x) ","base","base","2.6.0","released",FALSE
"Sys.which","closure","function","TRUE","FALSE","(names) ","base","base","2.6.0","released",FALSE
"T","logical","logical","TRUE","FALSE","NA","base","base","2.6.0","released",FALSE
"UseMethod","special","function","TRUE","NA","(generic, object) ","base","base","2.6.0","released",FALSE
"Vectorize","closure","function","TRUE","FALSE","(FUN, vectorize.args = arg.names, SIMPLIFY = TRUE, USE.NAMES = TRUE) ","base","base","2.6.0","released",FALSE
"Version","closure","function","TRUE","FALSE","() ","base","base","2.6.0","released",FALSE
"[","special","function","TRUE","NA","","base","base","2.6.0","released",FALSE
"[.AsIs","closure","function","TRUE","FALSE","(x, i, ...) ","base","base","2.6.0","released",FALSE
"[.Date","closure","function","TRUE","FALSE","(x, ..., drop = TRUE) ","base","base","2.6.0","released",FALSE
"[.POSIXct","closure","function","TRUE","FALSE","(x, ..., drop = TRUE) ","base","base","2.6.0","released",FALSE
"[.POSIXlt","closure","function","TRUE","FALSE","(x, ..., drop = TRUE) ","base","base","2.6.0","released",FALSE
"[.data.frame","closure","function","TRUE","FALSE","(x, i, j, drop = if (missing(i)) TRUE else length(cols) ==     1) ","base","base","2.6.0","released",FALSE
"[.difftime","closure","function","TRUE","FALSE","(x, ..., drop = TRUE) ","base","base","2.6.0","released",FALSE
"[.factor","closure","function","TRUE","FALSE","(x, ..., drop = FALSE) ","base","base","2.6.0","released",FALSE
"[.hexmode","closure","function","TRUE","FALSE","(x, i) ","base","base","2.6.0","released",FALSE
"[.listof","closure","function","TRUE","FALSE","(x, i, ...) ","base","base","2.6.0","released",FALSE
"[.noquote","closure","function","TRUE","FALSE","(x, ...) ","base","base","2.6.0","released",FALSE
"[.numeric_version","closure","function","TRUE","FALSE","(x, i, j) ","base","base","2.6.0","released",FALSE
"[.octmode","closure","function","TRUE","FALSE","(x, i) ","base","base","2.6.0","released",FALSE
"[.simple.list","closure","function","TRUE","FALSE","(x, i, ...) ","base","base","2.6.0","released",FALSE
"[<-","special","function","TRUE","NA","","base","base","2.6.0","released",FALSE
"[<-.Date","closure","function","TRUE","FALSE","(x, ..., value) ","base","base","2.6.0","released",FALSE
"[<-.POSIXct","closure","function","TRUE","FALSE","(x, ..., value) ","base","base","2.6.0","released",FALSE
"[<-.POSIXlt","closure","function","TRUE","FALSE","(x, i, value) ","base","base","2.6.0","released",FALSE
"[<-.data.frame","closure","function","TRUE","FALSE","(x, i, j, value) ","base","base","2.6.0","released",FALSE
"[<-.factor","closure","function","TRUE","FALSE","(x, ..., value) ","base","base","2.6.0","released",FALSE
"[[","special","function","TRUE","NA","","base","base","2.6.0","released",FALSE
"[[.Date","closure","function","TRUE","FALSE","(x, ..., drop = TRUE) ","base","base","2.6.0","released",FALSE
"[[.POSIXct","closure","function","TRUE","FALSE","(x, ..., drop = TRUE) ","base","base","2.6.0","released",FALSE
"[[.data.frame","closure","function","TRUE","FALSE","(x, ...) ","base","base","2.6.0","released",FALSE
"[[.factor","closure","function","TRUE","FALSE","(x, i) ","base","base","2.6.0","released",FALSE
"[[.numeric_version","closure","function","TRUE","FALSE","(x, ..., exact = NA) ","base","base","2.6.0","released",FALSE
"[[<-","special","function","TRUE","NA","","base","base","2.6.0","released",FALSE
"[[<-.data.frame","closure","function","TRUE","FALSE","(x, i, j, value) ","base","base","2.6.0","released",FALSE
"[[<-.numeric_version","closure","function","TRUE","FALSE","(x, ..., value) ","base","base","2.6.0","released",FALSE
"^","builtin","function","TRUE","NA","(e1, e2) ","base","base","2.6.0","released",FALSE
"abbreviate","closure","function","TRUE","FALSE","(names.arg, minlength = 4, use.classes = TRUE, dot = FALSE,     method = c(""left.kept"", ""both.sides"")) ","base","base","2.6.0","released",FALSE
"abs","builtin","function","TRUE","NA","(x) ","base","base","2.6.0","released",FALSE
"acos","builtin","function","TRUE","NA","(x) ","base","base","2.6.0","released",FALSE
"acosh","builtin","function","TRUE","NA","(x) ","base","base","2.6.0","released",FALSE
"addTaskCallback","closure","function","TRUE","FALSE","(f, data = NULL, name = character(0)) ","base","base","2.6.0","released",FALSE
"agrep","closure","function","TRUE","FALSE","(pattern, x, ignore.case = FALSE, value = FALSE, max.distance = 0.1) ","base","base","2.6.0","released",FALSE
"alist","closure","function","TRUE","FALSE","(...) ","base","base","2.6.0","released",FALSE
"all","builtin","function","TRUE","NA","(..., na.rm = FALSE) ","base","base","2.6.0","released",FALSE
"all.equal","closure","function","TRUE","FALSE","(target, current, ...) ","base","base","2.6.0","released",FALSE
"all.equal.POSIXct","closure","function","TRUE","FALSE","(target, current, ..., scale = 1) ","base","base","2.6.0","released",FALSE
"all.equal.character","closure","function","TRUE","FALSE","(target, current, check.attributes = TRUE, ...) ","base","base","2.6.0","released",FALSE
"all.equal.default","closure","function","TRUE","FALSE","(target, current, ...) ","base","base","2.6.0","released",FALSE
"all.equal.factor","closure","function","TRUE","FALSE","(target, current, check.attributes = TRUE, ...) ","base","base","2.6.0","released",FALSE
"all.equal.formula","closure","function","TRUE","FALSE","(target, current, ...) ","base","base","2.6.0","released",FALSE
"all.equal.language","closure","function","TRUE","FALSE","(target, current, ...) ","base","base","2.6.0","released",FALSE
"all.equal.list","closure","function","TRUE","FALSE","(target, current, check.attributes = TRUE, ...) ","base","base","2.6.0","released",FALSE
"all.equal.numeric","closure","function","TRUE","FALSE","(target, current, tolerance = .Machine$double.eps^0.5,     scale = NULL, check.attributes = TRUE, ...) ","base","base","2.6.0","released",FALSE
"all.equal.raw","closure","function","TRUE","FALSE","(target, current, check.attributes = TRUE, ...) ","base","base","2.6.0","released",FALSE
"all.names","closure","function","TRUE","FALSE","(expr, functions = TRUE, max.names = -1L, unique = FALSE) ","base","base","2.6.0","released",FALSE
"all.vars","closure","function","TRUE","FALSE","(expr, functions = FALSE, max.names = -1L, unique = TRUE) ","base","base","2.6.0","released",FALSE
"any","builtin","function","TRUE","NA","(..., na.rm = FALSE) ","base","base","2.6.0","released",FALSE
"aperm","closure","function","TRUE","FALSE","(a, perm, resize = TRUE) ","base","base","2.6.0","released",FALSE
"append","closure","function","TRUE","FALSE","(x, values, after = length(x)) ","base","base","2.6.0","released",FALSE
"apply","closure","function","TRUE","FALSE","(X, MARGIN, FUN, ...) ","base","base","2.6.0","released",FALSE
"args","closure","function","TRUE","FALSE","(name) ","base","base","2.6.0","released",FALSE
"array","closure","function","TRUE","FALSE","(data = NA, dim = length(data), dimnames = NULL) ","base","base","2.6.0","released",FALSE
"as.Date","closure","function","TRUE","FALSE","(x, ...) ","base","base","2.6.0","released",FALSE
"as.Date.POSIXct","closure","function","TRUE","FALSE","(x, ...) ","base","base","2.6.0","released",FALSE
"as.Date.POSIXlt","closure","function","TRUE","FALSE","(x, ...) ","base","base","2.6.0","released",FALSE
"as.Date.character","closure","function","TRUE","FALSE","(x, format = """", ...) ","base","base","2.6.0","released",FALSE
"as.Date.date","closure","function","TRUE","FALSE","(x, ...) ","base","base","2.6.0","released",FALSE
"as.Date.dates","closure","function","TRUE","FALSE","(x, ...) ","base","base","2.6.0","released",FALSE
"as.Date.default","closure","function","TRUE","FALSE","(x, ...) ","base","base","2.6.0","released",FALSE
"as.Date.factor","closure","function","TRUE","FALSE","(x, ...) ","base","base","2.6.0","released",FALSE
"as.POSIXct","closure","function","TRUE","FALSE","(x, tz = """") ","base","base","2.6.0","released",FALSE
"as.POSIXct.Date","closure","function","TRUE","FALSE","(x, ...) ","base","base","2.6.0","released",FALSE
"as.POSIXct.POSIXlt","closure","function","TRUE","FALSE","(x, tz = """") ","base","base","2.6.0","released",FALSE
"as.POSIXct.date","closure","function","TRUE","FALSE","(x, ...) ","base","base","2.6.0","released",FALSE
"as.POSIXct.dates","closure","function","TRUE","FALSE","(x, ...) ","base","base","2.6.0","released",FALSE
"as.POSIXct.default","closure","function","TRUE","FALSE","(x, tz = """") ","base","base","2.6.0","released",FALSE
"as.POSIXlt","closure","function","TRUE","FALSE","(x, tz = """") ","base","base","2.6.0","released",FALSE
"as.array","closure","function","TRUE","FALSE","(x) ","base","base","2.6.0","released",FALSE
"as.call","builtin","function","TRUE","NA","(x) ","base","base","2.6.0","released",FALSE
"as.character","builtin","function","TRUE","NA","(x, ...) ","base","base","2.6.0","released",FALSE
"as.character.Date","closure","function","TRUE","FALSE","(x, ...) ","base","base","2.6.0","released",FALSE
"as.character.POSIXt","closure","function","TRUE","FALSE","(x, ...) ","base","base","2.6.0","released",FALSE
"as.character.condition","closure","function","TRUE","FALSE","(x, ...) ","base","base","2.6.0","released",FALSE
"as.character.default","closure","function","TRUE","FALSE","(x, ...) ","base","base","2.6.0","released",FALSE
"as.character.error","closure","function","TRUE","FALSE","(x, ...) ","base","base","2.6.0","released",FALSE
"as.character.factor","closure","function","TRUE","FALSE","(x, ...) ","base","base","2.6.0","released",FALSE
"as.character.hexmode","closure","function","TRUE","FALSE","(x, ...) ","base","base","2.6.0","released",FALSE
"as.character.numeric_version","closure","function","TRUE","FALSE","(x, ...) ","base","base","2.6.0","released",FALSE
"as.character.octmode","closure","function","TRUE","FALSE","(x, ...) ","base","base","2.6.0","released",FALSE
"as.character.srcref","closure","function","TRUE","FALSE","(x, useSource = TRUE, ...) ","base","base","2.6.0","released",FALSE
"as.complex","builtin","function","TRUE","NA","(x, ...) ","base","base","2.6.0","released",FALSE
"as.data.frame","closure","function","TRUE","FALSE","(x, row.names = NULL, optional = FALSE, ...) ","base","base","2.6.0","released",FALSE
"as.data.frame.AsIs","closure","function","TRUE","FALSE","(x, row.names = NULL, optional = FALSE, ...) ","base","base","2.6.0","released",FALSE
"as.data.frame.Date","closure","function","TRUE","FALSE","(x, row.names = NULL, optional = FALSE, ...) ","base","base","2.6.0","released",FALSE
"as.data.frame.POSIXct","closure","function","TRUE","FALSE","(x, row.names = NULL, optional = FALSE, ...) ","base","base","2.6.0","released",FALSE
"as.data.frame.POSIXlt","closure","function","TRUE","FALSE","(x, row.names = NULL, optional = FALSE, ...) ","base","base","2.6.0","released",FALSE
"as.data.frame.array","closure","function","TRUE","FALSE","(x, row.names = NULL, optional = FALSE, ...) ","base","base","2.6.0","released",FALSE
"as.data.frame.character","closure","function","TRUE","FALSE","(x, ..., stringsAsFactors = default.stringsAsFactors()) ","base","base","2.6.0","released",FALSE
"as.data.frame.complex","closure","function","TRUE","FALSE","(x, row.names = NULL, optional = FALSE, ...) ","base","base","2.6.0","released",FALSE
"as.data.frame.data.frame","closure","function","TRUE","FALSE","(x, row.names = NULL, ...) ","base","base","2.6.0","released",FALSE
"as.data.frame.default","closure","function","TRUE","FALSE","(x, ...) ","base","base","2.6.0","released",FALSE
"as.data.frame.difftime","closure","function","TRUE","FALSE","(x, row.names = NULL, optional = FALSE, ...) ","base","base","2.6.0","released",FALSE
"as.data.frame.factor","closure","function","TRUE","FALSE","(x, row.names = NULL, optional = FALSE, ...) ","base","base","2.6.0","released",FALSE
"as.data.frame.integer","closure","function","TRUE","FALSE","(x, row.names = NULL, optional = FALSE, ...) ","base","base","2.6.0","released",FALSE
"as.data.frame.list","closure","function","TRUE","FALSE","(x, row.names = NULL, optional = FALSE, ..., stringsAsFactors = default.stringsAsFactors()) ","base","base","2.6.0","released",FALSE
"as.data.frame.logical","closure","function","TRUE","FALSE","(x, row.names = NULL, optional = FALSE, ...) ","base","base","2.6.0","released",FALSE
"as.data.frame.matrix","closure","function","TRUE","FALSE","(x, row.names = NULL, optional = FALSE, ..., stringsAsFactors = default.stringsAsFactors()) ","base","base","2.6.0","released",FALSE
"as.data.frame.model.matrix","closure","function","TRUE","FALSE","(x, row.names = NULL, optional = FALSE, ...) ","base","base","2.6.0","released",FALSE
"as.data.frame.numeric","closure","function","TRUE","FALSE","(x, row.names = NULL, optional = FALSE, ...) ","base","base","2.6.0","released",FALSE
"as.data.frame.numeric_version","closure","function","TRUE","FALSE","(x, row.names = NULL, optional = FALSE, ...) ","base","base","2.6.0","released",FALSE
"as.data.frame.ordered","closure","function","TRUE","FALSE","(x, row.names = NULL, optional = FALSE, ...) ","base","base","2.6.0","released",FALSE
"as.data.frame.raw","closure","function","TRUE","FALSE","(x, row.names = NULL, optional = FALSE, ...) ","base","base","2.6.0","released",FALSE
"as.data.frame.table","closure","function","TRUE","FALSE","(x, row.names = NULL, ..., responseName = ""Freq"") ","base","base","2.6.0","released",FALSE
"as.data.frame.ts","closure","function","TRUE","FALSE","(x, ...) ","base","base","2.6.0","released",FALSE
"as.data.frame.vector","closure","function","TRUE","FALSE","(x, row.names = NULL, optional = FALSE, ...) ","base","base","2.6.0","released",FALSE
"as.difftime","closure","function","TRUE","FALSE","(tim, format = ""%X"", units = ""auto"") ","base","base","2.6.0","released",FALSE
"as.double","builtin","function","TRUE","NA","(x, ...) ","base","base","2.6.0","released",FALSE
"as.double.POSIXlt","closure","function","TRUE","FALSE","(x, ...) ","base","base","2.6.0","released",FALSE
"as.double.difftime","closure","function","TRUE","FALSE","(x, units = ""auto"", ...) ","base","base","2.6.0","released",FALSE
"as.environment","builtin","function","TRUE","NA","(object) ","base","base","2.6.0","released",FALSE
"as.expression","closure","function","TRUE","FALSE","(x, ...) ","base","base","2.6.0","released",FALSE
"as.expression.default","closure","function","TRUE","FALSE","(x, ...) ","base","base","2.6.0","released",FALSE
"as.factor","closure","function","TRUE","FALSE","(x) ","base","base","2.6.0","released",FALSE
"as.function","closure","function","TRUE","FALSE","(x, ...) ","base","base","2.6.0","released",FALSE
"as.function.default","closure","function","TRUE","FALSE","(x, envir = parent.frame(), ...) ","base","base","2.6.0","released",FALSE
"as.integer","builtin","function","TRUE","NA","(x, ...) ","base","base","2.6.0","released",FALSE
"as.list","closure","function","TRUE","FALSE","(x, ...) ","base","base","2.6.0","released",FALSE
"as.list.data.frame","closure","function","TRUE","FALSE","(x, ...) ","base","base","2.6.0","released",FALSE
"as.list.default","closure","function","TRUE","FALSE","(x, ...) ","base","base","2.6.0","released",FALSE
"as.list.environment","closure","function","TRUE","FALSE","(x, all.names = FALSE, ...) ","base","base","2.6.0","released",FALSE
"as.list.factor","closure","function","TRUE","FALSE","(x, ...) ","base","base","2.6.0","released",FALSE
"as.list.numeric_version","closure","function","TRUE","FALSE","(x, ...) ","base","base","2.6.0","released",FALSE
"as.logical","builtin","function","TRUE","NA","(x, ...) ","base","base","2.6.0","released",FALSE
"as.matrix","closure","function","TRUE","FALSE","(x, ...) ","base","base","2.6.0","released",FALSE
"as.matrix.POSIXlt","closure","function","TRUE","FALSE","(x, ...) ","base","base","2.6.0","released",FALSE
"as.matrix.data.frame","closure","function","TRUE","FALSE","(x, rownames.force = NA, ...) ","base","base","2.6.0","released",FALSE
"as.matrix.default","closure","function","TRUE","FALSE","(x, ...) ","base","base","2.6.0","released",FALSE
"as.matrix.noquote","closure","function","TRUE","FALSE","(x, ...) ","base","base","2.6.0","released",FALSE
"as.name","closure","function","TRUE","FALSE","(x) ","base","base","2.6.0","released",FALSE
"as.null","closure","function","TRUE","FALSE","(x, ...) ","base","base","2.6.0","released",FALSE
"as.null.default","closure","function","TRUE","FALSE","(x, ...) ","base","base","2.6.0","released",FALSE
"as.numeric","builtin","function","TRUE","NA","(x, ...) ","base","base","2.6.0","released",FALSE
"as.numeric_version","closure","function","TRUE","FALSE","(x) ","base","base","2.6.0","released",FALSE
"as.ordered","closure","function","TRUE","FALSE","(x) ","base","base","2.6.0","released",FALSE
"as.package_version","closure","function","TRUE","FALSE","(x) ","base","base","2.6.0","released",FALSE
"as.pairlist","closure","function","TRUE","FALSE","(x) ","base","base","2.6.0","released",FALSE
"as.qr","closure","function","TRUE","FALSE","(x) ","base","base","2.6.0","released",FALSE
"as.raw","builtin","function","TRUE","NA","(x) ","base","base","2.6.0","released",FALSE
"as.real","builtin","function","TRUE","NA","(x, ...) ","base","base","2.6.0","released",FALSE
"as.single","closure","function","TRUE","FALSE","(x, ...) ","base","base","2.6.0","released",FALSE
"as.single.default","closure","function","TRUE","FALSE","(x, ...) ","base","base","2.6.0","released",FALSE
"as.symbol","closure","function","TRUE","FALSE","(x) ","base","base","2.6.0","released",FALSE
"as.table","closure","function","TRUE","FALSE","(x, ...) ","base","base","2.6.0","released",FALSE
"as.table.default","closure","function","TRUE","FALSE","(x, ...) ","base","base","2.6.0","released",FALSE
"as.vector","closure","function","TRUE","FALSE","(x, mode = ""any"") ","base","base","2.6.0","released",FALSE
"as.vector.factor","closure","function","TRUE","FALSE","(x, mode = ""any"") ","base","base","2.6.0","released",FALSE
"asNamespace","closure","function","TRUE","FALSE","(ns, base.OK = TRUE) ","base","base","2.6.0","released",FALSE
"asS4","closure","function","TRUE","FALSE","(object, value = TRUE) ","base","base","2.6.0","released",FALSE
"asin","builtin","function","TRUE","NA","(x) ","base","base","2.6.0","released",FALSE
"asinh","builtin","function","TRUE","NA","(x) ","base","base","2.6.0","released",FALSE
"assign","closure","function","TRUE","FALSE","(x, value, pos = -1, envir = as.environment(pos), inherits = FALSE,     immediate = TRUE) ","base","base","2.6.0","released",FALSE
"atan","builtin","function","TRUE","NA","(x) ","base","base","2.6.0","released",FALSE
"atan2","closure","function","TRUE","FALSE","(y, x) ","base","base","2.6.0","released",FALSE
"atanh","builtin","function","TRUE","NA","(x) ","base","base","2.6.0","released",FALSE
"attach","closure","function","TRUE","FALSE","(what, pos = 2, name = deparse(substitute(what)), warn.conflicts = TRUE) ","base","base","2.6.0","released",FALSE
"attachNamespace","closure","function","TRUE","FALSE","(ns, pos = 2, dataPath = NULL) ","base","base","2.6.0","released",FALSE
"attr","builtin","function","TRUE","NA","(x, which, exact = FALSE) ","base","base","2.6.0","released",FALSE
"attr.all.equal","closure","function","TRUE","FALSE","(target, current, check.attributes = TRUE, check.names = TRUE,     ...) ","base","base","2.6.0","released",FALSE
"attr<-","builtin","function","TRUE","NA","(x, which, value) ","base","base","2.6.0","released",FALSE
"attributes","builtin","function","TRUE","NA","(obj) ","base","base","2.6.0","released",FALSE
"attributes<-","builtin","function","TRUE","NA","(obj, value) ","base","base","2.6.0","released",FALSE
"autoload","closure","function","TRUE","FALSE","(name, package, reset = FALSE, ...) ","base","base","2.6.0","released",FALSE
"autoloader","closure","function","TRUE","FALSE","(name, package, ...) ","base","base","2.6.0","released",FALSE
"backsolve","closure","function","TRUE","FALSE","(r, x, k = ncol(r), upper.tri = TRUE, transpose = FALSE) ","base","base","2.6.0","released",FALSE
"baseenv","builtin","function","TRUE","NA","() ","base","base","2.6.0","released",FALSE
"basename","closure","function","TRUE","FALSE","(path) ","base","base","2.6.0","released",FALSE
"besselI","closure","function","TRUE","FALSE","(x, nu, expon.scaled = FALSE) ","base","base","2.6.0","released",FALSE
"besselJ","closure","function","TRUE","FALSE","(x, nu) ","base","base","2.6.0","released",FALSE
"besselK","closure","function","TRUE","FALSE","(x, nu, expon.scaled = FALSE) ","base","base","2.6.0","released",FALSE
"besselY","closure","function","TRUE","FALSE","(x, nu) ","base","base","2.6.0","released",FALSE
"beta","closure","function","TRUE","FALSE","(a, b) ","base","base","2.6.0","released",FALSE
"bindingIsActive","closure","function","TRUE","FALSE","(sym, env) ","base","base","2.6.0","released",FALSE
"bindingIsLocked","closure","function","TRUE","FALSE","(sym, env) ","base","base","2.6.0","released",FALSE
"bindtextdomain","closure","function","TRUE","FALSE","(domain, dirname = NULL) ","base","base","2.6.0","released",FALSE
"body","closure","function","TRUE","FALSE","(fun = sys.function(sys.parent())) ","base","base","2.6.0","released",FALSE
"body<-","closure","function","TRUE","TRUE","(fun, envir = environment(fun), value) ","base","base","2.6.0","released",FALSE
"bquote","closure","function","TRUE","FALSE","(expr, where = parent.frame()) ","base","base","2.6.0","released",FALSE
"break","special","function","TRUE","NA","","base","base","2.6.0","released",FALSE
"browser","special","function","TRUE","NA","() ","base","base","2.6.0","released",FALSE
"builtins","closure","function","TRUE","FALSE","(internal = FALSE) ","base","base","2.6.0","released",FALSE
"by","closure","function","TRUE","FALSE","(data, INDICES, FUN, ...) ","base","base","2.6.0","released",FALSE
"by.data.frame","closure","function","TRUE","FALSE","(data, INDICES, FUN, ...) ","base","base","2.6.0","released",FALSE
"by.default","closure","function","TRUE","FALSE","(data, INDICES, FUN, ...) ","base","base","2.6.0","released",FALSE
"bzfile","closure","function","TRUE","FALSE","(description, open = """", encoding = getOption(""encoding"")) ","base","base","2.6.0","released",FALSE
"c","special","function","TRUE","NA","(..., recursive = FALSE) ","base","base","2.6.0","released",FALSE
"c.Date","closure","function","TRUE","FALSE","(..., recursive = FALSE) ","base","base","2.6.0","released",FALSE
"c.POSIXct","closure","function","TRUE","FALSE","(..., recursive = FALSE) ","base","base","2.6.0","released",FALSE
"c.POSIXlt","closure","function","TRUE","FALSE","(..., recursive = FALSE) ","base","base","2.6.0","released",FALSE
"c.noquote","closure","function","TRUE","FALSE","(..., recursive = FALSE) ","base","base","2.6.0","released",FALSE
"c.numeric_version","closure","function","TRUE","FALSE","(..., recursive = FALSE) ","base","base","2.6.0","released",FALSE
"call","special","function","TRUE","NA","(name, ...) ","base","base","2.6.0","released",FALSE
"callCC","closure","function","TRUE","FALSE","(fun) ","base","base","2.6.0","released",FALSE
"capabilities","closure","function","TRUE","FALSE","(what = NULL) ","base","base","2.6.0","released",FALSE
"casefold","closure","function","TRUE","FALSE","(x, upper = FALSE) ","base","base","2.6.0","released",FALSE
"cat","closure","function","TRUE","FALSE","(..., file = """", sep = "" "", fill = FALSE, labels = NULL,     append = FALSE) ","base","base","2.6.0","released",FALSE
"category","closure","function","TRUE","FALSE","(...) ","base","base","2.6.0","released",FALSE
"cbind","closure","function","TRUE","FALSE","(..., deparse.level = 1) ","base","base","2.6.0","released",FALSE
"cbind.data.frame","closure","function","TRUE","FALSE","(..., deparse.level = 1) ","base","base","2.6.0","released",FALSE
"ceiling","builtin","function","TRUE","NA","(x) ","base","base","2.6.0","released",FALSE
"char.expand","closure","function","TRUE","FALSE","(input, target, nomatch = stop(""no match"")) ","base","base","2.6.0","released",FALSE
"charToRaw","closure","function","TRUE","FALSE","(x) ","base","base","2.6.0","released",FALSE
"character","closure","function","TRUE","FALSE","(length = 0) ","base","base","2.6.0","released",FALSE
"charmatch","closure","function","TRUE","FALSE","(x, table, nomatch = NA_integer_) ","base","base","2.6.0","released",FALSE
"chartr","closure","function","TRUE","FALSE","(old, new, x) ","base","base","2.6.0","released",FALSE
"check_tzones","closure","function","TRUE","FALSE","(...) ","base","base","2.6.0","released",FALSE
"chol","closure","function","TRUE","FALSE","(x, ...) ","base","base","2.6.0","released",FALSE
"chol.default","closure","function","TRUE","FALSE","(x, pivot = FALSE, LINPACK = pivot, ...) ","base","base","2.6.0","released",FALSE
"chol2inv","closure","function","TRUE","FALSE","(x, size = NCOL(x), LINPACK = FALSE) ","base","base","2.6.0","released",FALSE
"choose","closure","function","TRUE","FALSE","(n, k) ","base","base","2.6.0","released",FALSE
"class","builtin","function","TRUE","NA","(x) ","base","base","2.6.0","released",FALSE
"class<-","builtin","function","TRUE","NA","(x, value) ","base","base","2.6.0","released",FALSE
"close","closure","function","TRUE","FALSE","(con, ...) ","base","base","2.6.0","released",FALSE
"close.connection","closure","function","TRUE","FALSE","(con, type = ""rw"", ...) ","base","base","2.6.0","released",FALSE
"close.srcfile","closure","function","TRUE","FALSE","(con, ...) ","base","base","2.6.0","released",FALSE
"closeAllConnections","closure","function","TRUE","FALSE","() ","base","base","2.6.0","released",FALSE
"codes","closure","function","TRUE","FALSE","(x, ...) ","base","base","2.6.0","released",FALSE
"codes.factor","closure","function","TRUE","FALSE","(x, ...) ","base","base","2.6.0","released",FALSE
"codes.ordered","closure","function","TRUE","FALSE","(x, ...) ","base","base","2.6.0","released",FALSE
"codes<-","closure","function","TRUE","FALSE","(x, ..., value) ","base","base","2.6.0","released",FALSE
"col","closure","function","TRUE","FALSE","(x, as.factor = FALSE) ","base","base","2.6.0","released",FALSE
"colMeans","closure","function","TRUE","FALSE","(x, na.rm = FALSE, dims = 1) ","base","base","2.6.0","released",FALSE
"colSums","closure","function","TRUE","FALSE","(x, na.rm = FALSE, dims = 1) ","base","base","2.6.0","released",FALSE
"colnames","closure","function","TRUE","FALSE","(x, do.NULL = TRUE, prefix = ""col"") ","base","base","2.6.0","released",FALSE
"colnames<-","closure","function","TRUE","FALSE","(x, value) ","base","base","2.6.0","released",FALSE
"commandArgs","closure","function","TRUE","FALSE","(trailingOnly = FALSE) ","base","base","2.6.0","released",FALSE
"comment","closure","function","TRUE","FALSE","(x) ","base","base","2.6.0","released",FALSE
"comment<-","closure","function","TRUE","FALSE","(x, value) ","base","base","2.6.0","released",FALSE
"complex","closure","function","TRUE","FALSE","(length.out = 0, real = numeric(), imaginary = numeric(),     modulus = 1, argument = 0) ","base","base","2.6.0","released",FALSE
"computeRestarts","closure","function","TRUE","FALSE","(cond = NULL) ","base","base","2.6.0","released",FALSE
"conditionCall","closure","function","TRUE","FALSE","(c) ","base","base","2.6.0","released",FALSE
"conditionCall.condition","closure","function","TRUE","FALSE","(c) ","base","base","2.6.0","released",FALSE
"conditionMessage","closure","function","TRUE","FALSE","(c) ","base","base","2.6.0","released",FALSE
"conditionMessage.condition","closure","function","TRUE","FALSE","(c) ","base","base","2.6.0","released",FALSE
"conflicts","closure","function","TRUE","FALSE","(where = search(), detail = FALSE) ","base","base","2.6.0","released",FALSE
"contributors","closure","function","TRUE","FALSE","() ","base","base","2.6.0","released",FALSE
"cos","builtin","function","TRUE","NA","(x) ","base","base","2.6.0","released",FALSE
"cosh","builtin","function","TRUE","NA","(x) ","base","base","2.6.0","released",FALSE
"crossprod","closure","function","TRUE","FALSE","(x, y = NULL) ","base","base","2.6.0","released",FALSE
"cummax","builtin","function","TRUE","NA","(x) ","base","base","2.6.0","released",FALSE
"cummin","builtin","function","TRUE","NA","(x) ","base","base","2.6.0","released",FALSE
"cumprod","builtin","function","TRUE","NA","(x) ","base","base","2.6.0","released",FALSE
"cumsum","builtin","function","TRUE","NA","(x) ","base","base","2.6.0","released",FALSE
"cut","closure","function","TRUE","FALSE","(x, ...) ","base","base","2.6.0","released",FALSE
"cut.Date","closure","function","TRUE","FALSE","(x, breaks, labels = NULL, start.on.monday = TRUE, right = FALSE,     ...) ","base","base","2.6.0","released",FALSE
"cut.POSIXt","closure","function","TRUE","FALSE","(x, breaks, labels = NULL, start.on.monday = TRUE, right = FALSE,     ...) ","base","base","2.6.0","released",FALSE
"cut.default","closure","function","TRUE","FALSE","(x, breaks, labels = NULL, include.lowest = FALSE, right = TRUE,     dig.lab = 3, ordered_result = FALSE, ...) ","base","base","2.6.0","released",FALSE
"dQuote","closure","function","TRUE","FALSE","(x) ","base","base","2.6.0","released",FALSE
"data.class","closure","function","TRUE","FALSE","(x) ","base","base","2.6.0","released",FALSE
"data.frame","closure","function","TRUE","FALSE","(..., row.names = NULL, check.rows = FALSE, check.names = TRUE,     stringsAsFactors = default.stringsAsFactors()) ","base","base","2.6.0","released",FALSE
"data.matrix","closure","function","TRUE","FALSE","(frame, rownames.force = NA) ","base","base","2.6.0","released",FALSE
"date","closure","function","TRUE","FALSE","() ","base","base","2.6.0","released",FALSE
"debug","builtin","function","TRUE","NA","(fun) ","base","base","2.6.0","released",FALSE
"default.stringsAsFactors","closure","function","TRUE","FALSE","() ","base","base","2.6.0","released",FALSE
"delay","closure","function","TRUE","FALSE","(x, env = .GlobalEnv) ","base","base","2.6.0","released",FALSE
"delayedAssign","closure","function","TRUE","FALSE","(x, value, eval.env = parent.frame(1), assign.env = parent.frame(1)) ","base","base","2.6.0","released",FALSE
"deparse","closure","function","TRUE","FALSE","(expr, width.cutoff = 60, backtick = mode(expr) %in%     c(""call"", ""expression"", ""(""), control = c(""keepInteger"",     ""showAttributes"", ""keepNA"")) ","base","base","2.6.0","released",FALSE
"det","closure","function","TRUE","FALSE","(x, ...) ","base","base","2.6.0","released",FALSE
"detach","closure","function","TRUE","FALSE","(name, pos = 2, version, unload = FALSE) ","base","base","2.6.0","released",FALSE
"determinant","closure","function","TRUE","FALSE","(x, logarithm = TRUE, ...) ","base","base","2.6.0","released",FALSE
"determinant.matrix","closure","function","TRUE","FALSE","(x, logarithm = TRUE, ...) ","base","base","2.6.0","released",FALSE
"dget","closure","function","TRUE","FALSE","(file) ","base","base","2.6.0","released",FALSE
"diag","closure","function","TRUE","FALSE","(x = 1, nrow, ncol = n) ","base","base","2.6.0","released",FALSE
"diag<-","closure","function","TRUE","FALSE","(x, value) ","base","base","2.6.0","released",FALSE
"diff","closure","function","TRUE","FALSE","(x, ...) ","base","base","2.6.0","released",FALSE
"diff.Date","closure","function","TRUE","FALSE","(x, lag = 1, differences = 1, ...) ","base","base","2.6.0","released",FALSE
"diff.POSIXt","closure","function","TRUE","FALSE","(x, lag = 1, differences = 1, ...) ","base","base","2.6.0","released",FALSE
"diff.default","closure","function","TRUE","FALSE","(x, lag = 1, differences = 1, ...) ","base","base","2.6.0","released",FALSE
"difftime","closure","function","TRUE","FALSE","(time1, time2, tz = """", units = c(""auto"", ""secs"", ""mins"",     ""hours"", ""days"", ""weeks"")) ","base","base","2.6.0","released",FALSE
"digamma","builtin","function","TRUE","NA","(x) ","base","base","2.6.0","released",FALSE
"dim","builtin","function","TRUE","NA","(x) ","base","base","2.6.0","released",FALSE
"dim.data.frame","closure","function","TRUE","FALSE","(x) ","base","base","2.6.0","released",FALSE
"dim<-","builtin","function","TRUE","NA","(x, value) ","base","base","2.6.0","released",FALSE
"dimnames","builtin","function","TRUE","NA","(x) ","base","base","2.6.0","released",FALSE
"dimnames.data.frame","closure","function","TRUE","FALSE","(x) ","base","base","2.6.0","released",FALSE
"dimnames<-","builtin","function","TRUE","NA","(x, value) ","base","base","2.6.0","released",FALSE
"dimnames<-.data.frame","closure","function","TRUE","FALSE","(x, value) ","base","base","2.6.0","released",FALSE
"dir","closure","function","TRUE","FALSE","(path = ""."", pattern = NULL, all.files = FALSE, full.names = FALSE,     recursive = FALSE) ","base","base","2.6.0","released",FALSE
"dir.create","closure","function","TRUE","FALSE","(path, showWarnings = TRUE, recursive = FALSE) ","base","base","2.6.0","released",FALSE
"dirname","closure","function","TRUE","FALSE","(path) ","base","base","2.6.0","released",FALSE
"do.call","closure","function","TRUE","FALSE","(what, args, quote = FALSE, envir = parent.frame()) ","base","base","2.6.0","released",FALSE
"double","closure","function","TRUE","FALSE","(length = 0) ","base","base","2.6.0","released",FALSE
"dput","closure","function","TRUE","FALSE","(x, file = """", control = c(""keepNA"", ""keepInteger"",     ""showAttributes"")) ","base","base","2.6.0","released",FALSE
"drop","closure","function","TRUE","FALSE","(x) ","base","base","2.6.0","released",FALSE
"dump","closure","function","TRUE","FALSE","(list, file = ""dumpdata.R"", append = FALSE, control = ""all"",     envir = parent.frame(), evaluate = TRUE) ","base","base","2.6.0","released",FALSE
"duplicated","closure","function","TRUE","FALSE","(x, incomparables = FALSE, ...) ","base","base","2.6.0","released",FALSE
"duplicated.POSIXlt","closure","function","TRUE","FALSE","(x, incomparables = FALSE, ...) ","base","base","2.6.0","released",FALSE
"duplicated.array","closure","function","TRUE","FALSE","(x, incomparables = FALSE, MARGIN = 1, fromLast = FALSE,     ...) ","base","base","2.6.0","released",FALSE
"duplicated.data.frame","closure","function","TRUE","FALSE","(x, incomparables = FALSE, fromLast = FALSE, ...) ","base","base","2.6.0","released",FALSE
"duplicated.default","closure","function","TRUE","FALSE","(x, incomparables = FALSE, fromLast = FALSE, ...) ","base","base","2.6.0","released",FALSE
"duplicated.matrix","closure","function","TRUE","FALSE","(x, incomparables = FALSE, MARGIN = 1, fromLast = FALSE,     ...) ","base","base","2.6.0","released",FALSE
"dyn.load","closure","function","TRUE","FALSE","(x, local = TRUE, now = TRUE) ","base","base","2.6.0","released",FALSE
"dyn.unload","closure","function","TRUE","FALSE","(x) ","base","base","2.6.0","released",FALSE
"eapply","closure","function","TRUE","FALSE","(env, FUN, ..., all.names = FALSE) ","base","base","2.6.0","released",FALSE
"eigen","closure","function","TRUE","FALSE","(x, symmetric, only.values = FALSE, EISPACK = FALSE) ","base","base","2.6.0","released",FALSE
"emptyenv","builtin","function","TRUE","NA","() ","base","base","2.6.0","released",FALSE
"encodeString","closure","function","TRUE","FALSE","(x, width = 0, quote = """", na.encode = TRUE, justify = c(""left"",     ""right"", ""centre"", ""none"")) ","base","base","2.6.0","released",FALSE
"env.profile","closure","function","TRUE","FALSE","(env) ","base","base","2.6.0","released",FALSE
"environment","closure","function","TRUE","FALSE","(fun = NULL) ","base","base","2.6.0","released",FALSE
"environment<-","builtin","function","TRUE","NA","(fun, value) ","base","base","2.6.0","released",FALSE
"environmentIsLocked","closure","function","TRUE","FALSE","(env) ","base","base","2.6.0","released",FALSE
"environmentName","closure","function","TRUE","FALSE","(env) ","base","base","2.6.0","released",FALSE
"eval","closure","function","TRUE","FALSE","(expr, envir = parent.frame(), enclos = if (is.list(envir) ||     is.pairlist(envir)) parent.frame() else baseenv()) ","base","base","2.6.0","released",FALSE
"eval.parent","closure","function","TRUE","FALSE","(expr, n = 1) ","base","base","2.6.0","released",FALSE
"evalq","closure","function","TRUE","FALSE","(expr, envir, enclos) ","base","base","2.6.0","released",FALSE
"exists","closure","function","TRUE","FALSE","(x, where = -1, envir = if (missing(frame)) as.environment(where) else sys.frame(frame),     frame, mode = ""any"", inherits = TRUE) ","base","base","2.6.0","released",FALSE
"exp","builtin","function","TRUE","NA","(x) ","base","base","2.6.0","released",FALSE
"expand.grid","closure","function","TRUE","FALSE","(..., KEEP.OUT.ATTRS = TRUE) ","base","base","2.6.0","released",FALSE
"expm1","builtin","function","TRUE","NA","(x) ","base","base","2.6.0","released",FALSE
"expression","special","function","TRUE","NA","(...) ","base","base","2.6.0","released",FALSE
"factor","closure","function","TRUE","FALSE","(x = character(), levels = sort(unique.default(x), na.last = TRUE),     labels = levels, exclude = NA, ordered = is.ordered(x)) ","base","base","2.6.0","released",FALSE
"factorial","closure","function","TRUE","FALSE","(x) ","base","base","2.6.0","released",FALSE
"fifo","closure","function","TRUE","FALSE","(description, open = """", blocking = FALSE, encoding = getOption(""encoding"")) ","base","base","2.6.0","released",FALSE
"file","closure","function","TRUE","FALSE","(description = """", open = """", blocking = TRUE, encoding = getOption(""encoding"")) ","base","base","2.6.0","released",FALSE
"file.access","closure","function","TRUE","FALSE","(names, mode = 0) ","base","base","2.6.0","released",FALSE
"file.append","closure","function","TRUE","FALSE","(file1, file2) ","base","base","2.6.0","released",FALSE
"file.choose","closure","function","TRUE","FALSE","(new = FALSE) ","base","base","2.6.0","released",FALSE
"file.copy","closure","function","TRUE","FALSE","(from, to, overwrite = FALSE) ","base","base","2.6.0","released",FALSE
"file.create","closure","function","TRUE","FALSE","(...) ","base","base","2.6.0","released",FALSE
"file.exists","closure","function","TRUE","FALSE","(...) ","base","base","2.6.0","released",FALSE
"file.info","closure","function","TRUE","FALSE","(...) ","base","base","2.6.0","released",FALSE
"file.path","closure","function","TRUE","FALSE","(..., fsep = .Platform$file.sep) ","base","base","2.6.0","released",FALSE
"file.remove","closure","function","TRUE","FALSE","(...) ","base","base","2.6.0","released",FALSE
"file.rename","closure","function","TRUE","FALSE","(from, to) ","base","base","2.6.0","released",FALSE
"file.show","closure","function","TRUE","FALSE","(..., header = rep("""", nfiles), title = ""R Information"",     delete.file = FALSE, pager = getOption(""pager""), encoding = """") ","base","base","2.6.0","released",FALSE
"file.symlink","closure","function","TRUE","FALSE","(from, to) ","base","base","2.6.0","released",FALSE
"findInterval","closure","function","TRUE","FALSE","(x, vec, rightmost.closed = FALSE, all.inside = FALSE) ","base","base","2.6.0","released",FALSE
"findPackageEnv","closure","function","TRUE","FALSE","(info) ","base","base","2.6.0","released",FALSE
"findRestart","closure","function","TRUE","FALSE","(name, cond = NULL) ","base","base","2.6.0","released",FALSE
"floor","builtin","function","TRUE","NA","(x) ","base","base","2.6.0","released",FALSE
"flush","closure","function","TRUE","FALSE","(con) ","base","base","2.6.0","released",FALSE
"flush.connection","closure","function","TRUE","FALSE","(con) ","base","base","2.6.0","released",FALSE
"for","special","function","TRUE","NA","","base","base","2.6.0","released",FALSE
"force","closure","function","TRUE","FALSE","(x) ","base","base","2.6.0","released",FALSE
"formals","closure","function","TRUE","FALSE","(fun = sys.function(sys.parent())) ","base","base","2.6.0","released",FALSE
"formals<-","closure","function","TRUE","FALSE","(fun, envir = environment(fun), value) ","base","base","2.6.0","released",FALSE
"format","closure","function","TRUE","FALSE","(x, ...) ","base","base","2.6.0","released",FALSE
"format.AsIs","closure","function","TRUE","FALSE","(x, width = 12, ...) ","base","base","2.6.0","released",FALSE
"format.Date","closure","function","TRUE","FALSE","(x, ...) ","base","base","2.6.0","released",FALSE
"format.POSIXct","closure","function","TRUE","FALSE","(x, format = """", tz = """", usetz = FALSE, ...) ","base","base","2.6.0","released",FALSE
"format.POSIXlt","closure","function","TRUE","FALSE","(x, format = """", usetz = FALSE, ...) ","base","base","2.6.0","released",FALSE
"format.char","closure","function","TRUE","FALSE","(x, width = NULL, flag = ""-"") ","base","base","2.6.0","released",FALSE
"format.data.frame","closure","function","TRUE","FALSE","(x, ..., justify = ""none"") ","base","base","2.6.0","released",FALSE
"format.default","closure","function","TRUE","FALSE","(x, trim = FALSE, digits = NULL, nsmall = 0, justify = c(""left"",     ""right"", ""centre"", ""none""), width = NULL, na.encode = TRUE,     scientific = NA, big.mark = """", big.interval = 3, small.mark = """",     small.interval = 5, decimal.mark = ""."", zero.print = NULL,     ...) ","base","base","2.6.0","released",FALSE
"format.difftime","closure","function","TRUE","FALSE","(x, ...) ","base","base","2.6.0","released",FALSE
"format.factor","closure","function","TRUE","FALSE","(x, ...) ","base","base","2.6.0","released",FALSE
"format.hexmode","closure","function","TRUE","FALSE","(x, ...) ","base","base","2.6.0","released",FALSE
"format.info","closure","function","TRUE","FALSE","(x, digits = NULL, nsmall = 0) ","base","base","2.6.0","released",FALSE
"format.octmode","closure","function","TRUE","FALSE","(x, ...) ","base","base","2.6.0","released",FALSE
"format.pval","closure","function","TRUE","FALSE","(pv, digits = max(1, getOption(""digits"") - 2), eps = .Machine$double.eps,     na.form = ""NA"") ","base","base","2.6.0","released",FALSE
"formatC","closure","function","TRUE","FALSE","(x, digits = NULL, width = NULL, format = NULL, flag = """",     mode = NULL, big.mark = """", big.interval = 3, small.mark = """",     small.interval = 5, decimal.mark = ""."", preserve.width = ""individual"") ","base","base","2.6.0","released",FALSE
"formatDL","closure","function","TRUE","FALSE","(x, y, style = c(""table"", ""list""), width = 0.9 * getOption(""width""),     indent = NULL) ","base","base","2.6.0","released",FALSE
"forwardsolve","closure","function","TRUE","FALSE","(l, x, k = ncol(l), upper.tri = FALSE, transpose = FALSE) ","base","base","2.6.0","released",FALSE
"function","special","function","TRUE","NA","","base","base","2.6.0","released",FALSE
"gamma","builtin","function","TRUE","NA","(x) ","base","base","2.6.0","released",FALSE
"gammaCody","closure","function","TRUE","FALSE","(x) ","base","base","2.6.0","released",FALSE
"gc","closure","function","TRUE","FALSE","(verbose = getOption(""verbose""), reset = FALSE) ","base","base","2.6.0","released",FALSE
"gc.time","builtin","function","TRUE","NA","(on = TRUE) ","base","base","2.6.0","released",FALSE
"gcinfo","closure","function","TRUE","FALSE","(verbose) ","base","base","2.6.0","released",FALSE
"gctorture","closure","function","TRUE","FALSE","(on = TRUE) ","base","base","2.6.0","released",FALSE
"get","closure","function","TRUE","FALSE","(x, pos = -1, envir = as.environment(pos), mode = ""any"",     inherits = TRUE) ","base","base","2.6.0","released",FALSE
"getAllConnections","closure","function","TRUE","FALSE","() ","base","base","2.6.0","released",FALSE
"getCConverterDescriptions","closure","function","TRUE","FALSE","() ","base","base","2.6.0","released",FALSE
"getCConverterStatus","closure","function","TRUE","FALSE","() ","base","base","2.6.0","released",FALSE
"getCallingDLL","closure","function","TRUE","FALSE","(f = sys.function(-1), doStop = FALSE) ","base","base","2.6.0","released",FALSE
"getCallingDLLe","closure","function","TRUE","FALSE","(e) ","base","base","2.6.0","released",FALSE
"getConnection","closure","function","TRUE","FALSE","(what) ","base","base","2.6.0","released",FALSE
"getDLLRegisteredRoutines","closure","function","TRUE","FALSE","(dll, addNames = TRUE) ","base","base","2.6.0","released",FALSE
"getDLLRegisteredRoutines.DLLInfo","closure","function","TRUE","FALSE","(dll, addNames = TRUE) ","base","base","2.6.0","released",FALSE
"getDLLRegisteredRoutines.character","closure","function","TRUE","FALSE","(dll, addNames = TRUE) ","base","base","2.6.0","released",FALSE
"getExportedValue","closure","function","TRUE","FALSE","(ns, name) ","base","base","2.6.0","released",FALSE
"getHook","closure","function","TRUE","FALSE","(hookName) ","base","base","2.6.0","released",FALSE
"getLoadedDLLs","closure","function","TRUE","FALSE","() ","base","base","2.6.0","released",FALSE
"getNamespace","closure","function","TRUE","FALSE","(name) ","base","base","2.6.0","released",FALSE
"getNamespaceExports","closure","function","TRUE","FALSE","(ns) ","base","base","2.6.0","released",FALSE
"getNamespaceImports","closure","function","TRUE","FALSE","(ns) ","base","base","2.6.0","released",FALSE
"getNamespaceInfo","closure","function","TRUE","FALSE","(ns, which) ","base","base","2.6.0","released",FALSE
"getNamespaceName","closure","function","TRUE","FALSE","(ns) ","base","base","2.6.0","released",FALSE
"getNamespaceUsers","closure","function","TRUE","FALSE","(ns) ","base","base","2.6.0","released",FALSE
"getNamespaceVersion","closure","function","TRUE","FALSE","(ns) ","base","base","2.6.0","released",FALSE
"getNativeSymbolInfo","closure","function","TRUE","FALSE","(name, PACKAGE, unlist = TRUE, withRegistrationInfo = FALSE) ","base","base","2.6.0","released",FALSE
"getNumCConverters","closure","function","TRUE","FALSE","() ","base","base","2.6.0","released",FALSE
"getOption","closure","function","TRUE","FALSE","(x) ","base","base","2.6.0","released",FALSE
"getRversion","closure","function","TRUE","FALSE","() ","base","base","2.6.0","released",FALSE
"getSrcLines","closure","function","TRUE","FALSE","(srcfile, first, last) ","base","base","2.6.0","released",FALSE
"getTaskCallbackNames","closure","function","TRUE","FALSE","() ","base","base","2.6.0","released",FALSE
"getenv","closure","function","TRUE","FALSE","(...) ","base","base","2.6.0","released",FALSE
"geterrmessage","closure","function","TRUE","FALSE","() ","base","base","2.6.0","released",FALSE
"gettext","closure","function","TRUE","FALSE","(..., domain = NULL) ","base","base","2.6.0","released",FALSE
"gettextf","closure","function","TRUE","FALSE","(fmt, ..., domain = NULL) ","base","base","2.6.0","released",FALSE
"getwd","closure","function","TRUE","FALSE","() ","base","base","2.6.0","released",FALSE
"gl","closure","function","TRUE","FALSE","(n, k, length = n * k, labels = 1:n, ordered = FALSE) ","base","base","2.6.0","released",FALSE
"globalenv","builtin","function","TRUE","NA","() ","base","base","2.6.0","released",FALSE
"gregexpr","closure","function","TRUE","FALSE","(pattern, text, ignore.case = FALSE, extended = TRUE,     perl = FALSE, fixed = FALSE, useBytes = FALSE) ","base","base","2.6.0","released",FALSE
"grep","closure","function","TRUE","FALSE","(pattern, x, ignore.case = FALSE, extended = TRUE, perl = FALSE,     value = FALSE, fixed = FALSE, useBytes = FALSE) ","base","base","2.6.0","released",FALSE
"gsub","closure","function","TRUE","FALSE","(pattern, replacement, x, ignore.case = FALSE, extended = TRUE,     perl = FALSE, fixed = FALSE, useBytes = FALSE) ","base","base","2.6.0","released",FALSE
"gzcon","closure","function","TRUE","FALSE","(con, level = 6, allowNonCompressed = TRUE) ","base","base","2.6.0","released",FALSE
"gzfile","closure","function","TRUE","FALSE","(description, open = """", encoding = getOption(""encoding""),     compression = 6) ","base","base","2.6.0","released",FALSE
"httpclient","closure","function","TRUE","FALSE","(url, port = 80, error.is.fatal = TRUE, check.MIME.type = TRUE,     file = tempfile(), drop.ctrl.z = TRUE) ","base","base","2.6.0","released",FALSE
"iconv","closure","function","TRUE","FALSE","(x, from = """", to = """", sub = NA) ","base","base","2.6.0","released",FALSE
"iconvlist","closure","function","TRUE","FALSE","() ","base","base","2.6.0","released",FALSE
"identical","closure","function","TRUE","FALSE","(x, y) ","base","base","2.6.0","released",FALSE
"if","special","function","TRUE","NA","","base","base","2.6.0","released",FALSE
"ifelse","closure","function","TRUE","FALSE","(test, yes, no) ","base","base","2.6.0","released",FALSE
"importIntoEnv","closure","function","TRUE","FALSE","(impenv, impnames, expenv, expnames) ","base","base","2.6.0","released",FALSE
"inherits","closure","function","TRUE","FALSE","(x, what, which = FALSE) ","base","base","2.6.0","released",FALSE
"intToBits","closure","function","TRUE","FALSE","(x) ","base","base","2.6.0","released",FALSE
"intToUtf8","closure","function","TRUE","FALSE","(x, multiple = FALSE) ","base","base","2.6.0","released",FALSE
"integer","closure","function","TRUE","FALSE","(length = 0) ","base","base","2.6.0","released",FALSE
"interaction","closure","function","TRUE","FALSE","(..., drop = FALSE, sep = ""."", lex.order = FALSE) ","base","base","2.6.0","released",FALSE
"interactive","special","function","TRUE","NA","() ","base","base","2.6.0","released",FALSE
"intersect","closure","function","TRUE","FALSE","(x, y) ","base","base","2.6.0","released",FALSE
"inverse.rle","closure","function","TRUE","FALSE","(x, ...) ","base","base","2.6.0","released",FALSE
"invisible","builtin","function","TRUE","NA","(x) ","base","base","2.6.0","released",FALSE
"invokeRestart","closure","function","TRUE","FALSE","(r, ...) ","base","base","2.6.0","released",FALSE
"invokeRestartInteractively","closure","function","TRUE","FALSE","(r) ","base","base","2.6.0","released",FALSE
"is.R","closure","function","TRUE","FALSE","() ","base","base","2.6.0","released",FALSE
"is.array","builtin","function","TRUE","NA","(x) ","base","base","2.6.0","released",FALSE
"is.atomic","builtin","function","TRUE","NA","(x) ","base","base","2.6.0","released",FALSE
"is.call","builtin","function","TRUE","NA","(x) ","base","base","2.6.0","released",FALSE
"is.character","builtin","function","TRUE","NA","(x) ","base","base","2.6.0","released",FALSE
"is.complex","builtin","function","TRUE","NA","(x) ","base","base","2.6.0","released",FALSE
"is.data.frame","closure","function","TRUE","FALSE","(x) ","base","base","2.6.0","released",FALSE
"is.double","builtin","function","TRUE","NA","(x) ","base","base","2.6.0","released",FALSE
"is.element","closure","function","TRUE","FALSE","(el, set) ","base","base","2.6.0","released",FALSE
"is.environment","builtin","function","TRUE","NA","(x) ","base","base","2.6.0","released",FALSE
"is.expression","builtin","function","TRUE","NA","(x) ","base","base","2.6.0","released",FALSE
"is.factor","closure","function","TRUE","FALSE","(x) ","base","base","2.6.0","released",FALSE
"is.finite","builtin","function","TRUE","NA","(x) ","base","base","2.6.0","released",FALSE
"is.function","builtin","function","TRUE","NA","(x) ","base","base","2.6.0","released",FALSE
"is.infinite","builtin","function","TRUE","NA","(x) ","base","base","2.6.0","released",FALSE
"is.integer","builtin","function","TRUE","NA","(x) ","base","base","2.6.0","released",FALSE
"is.language","builtin","function","TRUE","NA","(x) ","base","base","2.6.0","released",FALSE
"is.list","builtin","function","TRUE","NA","(x) ","base","base","2.6.0","released",FALSE
"is.loaded","closure","function","TRUE","FALSE","(symbol, PACKAGE = """", type = """") ","base","base","2.6.0","released",FALSE
"is.logical","builtin","function","TRUE","NA","(x) ","base","base","2.6.0","released",FALSE
"is.matrix","builtin","function","TRUE","NA","(x) ","base","base","2.6.0","released",FALSE
"is.na","builtin","function","TRUE","NA","(x) ","base","base","2.6.0","released",FALSE
"is.na.POSIXlt","closure","function","TRUE","FALSE","(x) ","base","base","2.6.0","released",FALSE
"is.na.data.frame","closure","function","TRUE","FALSE","(x) ","base","base","2.6.0","released",FALSE
"is.na<-","closure","function","TRUE","FALSE","(x, value) ","base","base","2.6.0","released",FALSE
"is.na<-.default","closure","function","TRUE","FALSE","(x, value) ","base","base","2.6.0","released",FALSE
"is.na<-.factor","closure","function","TRUE","FALSE","(x, value) ","base","base","2.6.0","released",FALSE
"is.name","builtin","function","TRUE","NA","(x) ","base","base","2.6.0","released",FALSE
"is.nan","builtin","function","TRUE","NA","(x) ","base","base","2.6.0","released",FALSE
"is.null","builtin","function","TRUE","NA","(x) ","base","base","2.6.0","released",FALSE
"is.numeric","builtin","function","TRUE","NA","(x) ","base","base","2.6.0","released",FALSE
"is.numeric.Date","closure","function","TRUE","FALSE","(x) ","base","base","2.6.0","released",FALSE
"is.numeric.POSIXt","closure","function","TRUE","FALSE","(x) ","base","base","2.6.0","released",FALSE
"is.numeric_version","closure","function","TRUE","FALSE","(x) ","base","base","2.6.0","released",FALSE
"is.object","builtin","function","TRUE","NA","(x) ","base","base","2.6.0","released",FALSE
"is.ordered","closure","function","TRUE","FALSE","(x) ","base","base","2.6.0","released",FALSE
"is.package_version","closure","function","TRUE","FALSE","(x) ","base","base","2.6.0","released",FALSE
"is.pairlist","builtin","function","TRUE","NA","(x) ","base","base","2.6.0","released",FALSE
"is.primitive","closure","function","TRUE","FALSE","(x) ","base","base","2.6.0","released",FALSE
"is.qr","closure","function","TRUE","FALSE","(x) ","base","base","2.6.0","released",FALSE
"is.raw","builtin","function","TRUE","NA","(x) ","base","base","2.6.0","released",FALSE
"is.real","builtin","function","TRUE","NA","(x) ","base","base","2.6.0","released",FALSE
"is.recursive","builtin","function","TRUE","NA","(x) ","base","base","2.6.0","released",FALSE
"is.single","builtin","function","TRUE","NA","(x) ","base","base","2.6.0","released",FALSE
"is.symbol","builtin","function","TRUE","NA","(x) ","base","base","2.6.0","released",FALSE
"is.table","closure","function","TRUE","FALSE","(x) ","base","base","2.6.0","released",FALSE
"is.unsorted","closure","function","TRUE","FALSE","(x, na.rm = FALSE) ","base","base","2.6.0","released",FALSE
"is.vector","closure","function","TRUE","FALSE","(x, mode = ""any"") ","base","base","2.6.0","released",FALSE
"isBaseNamespace","closure","function","TRUE","FALSE","(ns) ","base","base","2.6.0","released",FALSE
"isIncomplete","closure","function","TRUE","FALSE","(con) ","base","base","2.6.0","released",FALSE
"isNamespace","closure","function","TRUE","FALSE","(ns) ","base","base","2.6.0","released",FALSE
"isOpen","closure","function","TRUE","FALSE","(con, rw = """") ","base","base","2.6.0","released",FALSE
"isRestart","closure","function","TRUE","FALSE","(x) ","base","base","2.6.0","released",FALSE
"isS4","closure","function","TRUE","FALSE","(object) ","base","base","2.6.0","released",FALSE
"isSeekable","closure","function","TRUE","FALSE","(con) ","base","base","2.6.0","released",FALSE
"isSymmetric","closure","function","TRUE","FALSE","(object, ...) ","base","base","2.6.0","released",FALSE
"isSymmetric.matrix","closure","function","TRUE","FALSE","(object, tol = 100 * .Machine$double.eps, ...) ","base","base","2.6.0","released",FALSE
"isTRUE","closure","function","TRUE","FALSE","(x) ","base","base","2.6.0","released",FALSE
"jitter","closure","function","TRUE","FALSE","(x, factor = 1, amount = NULL) ","base","base","2.6.0","released",FALSE
"julian","closure","function","TRUE","FALSE","(x, ...) ","base","base","2.6.0","released",FALSE
"julian.Date","closure","function","TRUE","FALSE","(x, origin = as.Date(""1970-01-01""), ...) ","base","base","2.6.0","released",FALSE
"julian.POSIXt","closure","function","TRUE","FALSE","(x, origin = as.POSIXct(""1970-01-01"", tz = ""GMT""), ...) ","base","base","2.6.0","released",FALSE
"kappa","closure","function","TRUE","FALSE","(z, ...) ","base","base","2.6.0","released",FALSE
"kappa.default","closure","function","TRUE","FALSE","(z, exact = FALSE, ...) ","base","base","2.6.0","released",FALSE
"kappa.lm","closure","function","TRUE","FALSE","(z, ...) ","base","base","2.6.0","released",FALSE
"kappa.qr","closure","function","TRUE","FALSE","(z, ...) ","base","base","2.6.0","released",FALSE
"kappa.tri","closure","function","TRUE","FALSE","(z, exact = FALSE, ...) ","base","base","2.6.0","released",FALSE
"kronecker","closure","function","TRUE","FALSE","(X, Y, FUN = ""*"", make.dimnames = FALSE, ...) ","base","base","2.6.0","released",FALSE
"l10n_info","closure","function","TRUE","FALSE","() ","base","base","2.6.0","released",FALSE
"labels","closure","function","TRUE","FALSE","(object, ...) ","base","base","2.6.0","released",FALSE
"labels.default","closure","function","TRUE","FALSE","(object, ...) ","base","base","2.6.0","released",FALSE
"lapply","closure","function","TRUE","FALSE","(X, FUN, ...) ","base","base","2.6.0","released",FALSE
"lazyLoad","closure","function","TRUE","FALSE","(filebase, envir = parent.frame(), filter) ","base","base","2.6.0","released",FALSE
"lazyLoadDBfetch","builtin","function","TRUE","NA","(key, file, compressed, hook) ","base","base","2.6.0","released",FALSE
"lbeta","closure","function","TRUE","FALSE","(a, b) ","base","base","2.6.0","released",FALSE
"lchoose","closure","function","TRUE","FALSE","(n, k) ","base","base","2.6.0","released",FALSE
"length","builtin","function","TRUE","NA","(x) ","base","base","2.6.0","released",FALSE
"length<-","builtin","function","TRUE","NA","(x, value) ","base","base","2.6.0","released",FALSE
"length<-.factor","closure","function","TRUE","FALSE","(x, value) ","base","base","2.6.0","released",FALSE
"letters","character","character","TRUE","FALSE","NA","base","base","2.6.0","released",FALSE
"levels","closure","function","TRUE","FALSE","(x) ","base","base","2.6.0","released",FALSE
"levels.default","closure","function","TRUE","FALSE","(x) ","base","base","2.6.0","released",FALSE
"levels<-","builtin","function","TRUE","NA","(x, value) ","base","base","2.6.0","released",FALSE
"levels<-.factor","closure","function","TRUE","FALSE","(x, value) ","base","base","2.6.0","released",FALSE
"lfactorial","closure","function","TRUE","FALSE","(x) ","base","base","2.6.0","released",FALSE
"lgamma","builtin","function","TRUE","NA","(x) ","base","base","2.6.0","released",FALSE
"library","closure","function","TRUE","FALSE","(package, help, pos = 2, lib.loc = NULL, character.only = FALSE,     logical.return = FALSE, warn.conflicts = TRUE, keep.source = getOption(""keep.source.pkgs""),     verbose = getOption(""verbose""), version) ","base","base","2.6.0","released",FALSE
"library.dynam","closure","function","TRUE","FALSE","(chname, package = NULL, lib.loc = NULL, verbose = getOption(""verbose""),     file.ext = .Platform$dynlib.ext, ...) ","base","base","2.6.0","released",FALSE
"library.dynam.unload","closure","function","TRUE","FALSE","(chname, libpath, verbose = getOption(""verbose""), file.ext = .Platform$dynlib.ext) ","base","base","2.6.0","released",FALSE
"licence","closure","function","TRUE","FALSE","() ","base","base","2.6.0","released",FALSE
"license","closure","function","TRUE","FALSE","() ","base","base","2.6.0","released",FALSE
"list","builtin","function","TRUE","NA","(...) ","base","base","2.6.0","released",FALSE
"list.files","closure","function","TRUE","FALSE","(path = ""."", pattern = NULL, all.files = FALSE, full.names = FALSE,     recursive = FALSE) ","base","base","2.6.0","released",FALSE
"load","closure","function","TRUE","FALSE","(file, envir = parent.frame()) ","base","base","2.6.0","released",FALSE
"loadNamespace","closure","function","TRUE","FALSE","(package, lib.loc = NULL, keep.source = getOption(""keep.source.pkgs""),     partial = FALSE, declarativeOnly = FALSE) ","base","base","2.6.0","released",FALSE
"loadURL","closure","function","TRUE","FALSE","(url, envir = parent.frame(), quiet = TRUE, ...) ","base","base","2.6.0","released",FALSE
"loadedNamespaces","closure","function","TRUE","FALSE","() ","base","base","2.6.0","released",FALSE
"loadingNamespaceInfo","closure","function","TRUE","FALSE","() ","base","base","2.6.0","released",FALSE
"local","closure","function","TRUE","FALSE","(expr, envir = new.env()) ","base","base","2.6.0","released",FALSE
"lockBinding","closure","function","TRUE","FALSE","(sym, env) ","base","base","2.6.0","released",FALSE
"lockEnvironment","closure","function","TRUE","FALSE","(env, bindings = FALSE) ","base","base","2.6.0","released",FALSE
"log","special","function","TRUE","NA","(x, base = exp(1)) ","base","base","2.6.0","released",FALSE
"log10","builtin","function","TRUE","NA","(x) ","base","base","2.6.0","released",FALSE
"log1p","builtin","function","TRUE","NA","(x) ","base","base","2.6.0","released",FALSE
"log2","builtin","function","TRUE","NA","(x) ","base","base","2.6.0","released",FALSE
"logb","closure","function","TRUE","FALSE","(x, base = exp(1)) ","base","base","2.6.0","released",FALSE
"logical","closure","function","TRUE","FALSE","(length = 0) ","base","base","2.6.0","released",FALSE
"lower.tri","closure","function","TRUE","FALSE","(x, diag = FALSE) ","base","base","2.6.0","released",FALSE
"ls","closure","function","TRUE","FALSE","(name, pos = -1, envir = as.environment(pos), all.names = FALSE,     pattern) ","base","base","2.6.0","released",FALSE
"machine","closure","function","TRUE","FALSE","() ","base","base","2.6.0","released",FALSE
"make.names","closure","function","TRUE","FALSE","(names, unique = FALSE, allow_ = TRUE) ","base","base","2.6.0","released",FALSE
"make.unique","closure","function","TRUE","FALSE","(names, sep = ""."") ","base","base","2.6.0","released",FALSE
"makeActiveBinding","closure","function","TRUE","FALSE","(sym, fun, env) ","base","base","2.6.0","released",FALSE
"manglePackageName","closure","function","TRUE","FALSE","(pkgName, pkgVersion) ","base","base","2.6.0","released",FALSE
"mapply","closure","function","TRUE","FALSE","(FUN, ..., MoreArgs = NULL, SIMPLIFY = TRUE, USE.NAMES = TRUE) ","base","base","2.6.0","released",FALSE
"margin.table","closure","function","TRUE","FALSE","(x, margin = NULL) ","base","base","2.6.0","released",FALSE
"mat.or.vec","closure","function","TRUE","FALSE","(nr, nc) ","base","base","2.6.0","released",FALSE
"match","closure","function","TRUE","FALSE","(x, table, nomatch = NA_integer_, incomparables = FALSE) ","base","base","2.6.0","released",FALSE
"match.arg","closure","function","TRUE","FALSE","(arg, choices, several.ok = FALSE) ","base","base","2.6.0","released",FALSE
"match.call","closure","function","TRUE","FALSE","(definition = NULL, call = sys.call(sys.parent()), expand.dots = TRUE) ","base","base","2.6.0","released",FALSE
"match.fun","closure","function","TRUE","FALSE","(FUN, descend = TRUE) ","base","base","2.6.0","released",FALSE
"matrix","closure","function","TRUE","FALSE","(data = NA, nrow = 1, ncol = 1, byrow = FALSE, dimnames = NULL) ","base","base","2.6.0","released",FALSE
"max","builtin","function","TRUE","NA","(..., na.rm = FALSE) ","base","base","2.6.0","released",FALSE
"max.col","closure","function","TRUE","FALSE","(m, ties.method = c(""random"", ""first"", ""last"")) ","base","base","2.6.0","released",FALSE
"mean","closure","function","TRUE","FALSE","(x, ...) ","base","base","2.6.0","released",FALSE
"mean.Date","closure","function","TRUE","FALSE","(x, ...) ","base","base","2.6.0","released",FALSE
"mean.POSIXct","closure","function","TRUE","FALSE","(x, ...) ","base","base","2.6.0","released",FALSE
"mean.POSIXlt","closure","function","TRUE","FALSE","(x, ...) ","base","base","2.6.0","released",FALSE
"mean.data.frame","closure","function","TRUE","FALSE","(x, ...) ","base","base","2.6.0","released",FALSE
"mean.default","closure","function","TRUE","FALSE","(x, trim = 0, na.rm = FALSE, ...) ","base","base","2.6.0","released",FALSE
"mean.difftime","closure","function","TRUE","FALSE","(x, ..., na.rm = FALSE) ","base","base","2.6.0","released",FALSE
"mem.limits","closure","function","TRUE","FALSE","(nsize = NA, vsize = NA) ","base","base","2.6.0","released",FALSE
"memory.profile","closure","function","TRUE","FALSE","() ","base","base","2.6.0","released",FALSE
"merge","closure","function","TRUE","FALSE","(x, y, ...) ","base","base","2.6.0","released",FALSE
"merge.data.frame","closure","function","TRUE","FALSE","(x, y, by = intersect(names(x), names(y)), by.x = by,     by.y = by, all = FALSE, all.x = all, all.y = all, sort = TRUE,     suffixes = c("".x"", "".y""), ...) ","base","base","2.6.0","released",FALSE
"merge.default","closure","function","TRUE","FALSE","(x, y, ...) ","base","base","2.6.0","released",FALSE
"message","closure","function","TRUE","FALSE","(..., domain = NULL, appendLF = TRUE) ","base","base","2.6.0","released",FALSE
"mget","closure","function","TRUE","FALSE","(x, envir, mode = ""any"", ifnotfound = list(function(x) stop(paste(""value for '"",     x, ""' not found"", sep = """"), call. = FALSE)), inherits = FALSE) ","base","base","2.6.0","released",FALSE
"min","builtin","function","TRUE","NA","(..., na.rm = FALSE) ","base","base","2.6.0","released",FALSE
"missing","special","function","TRUE","NA","(x) ","base","base","2.6.0","released",FALSE
"mode","closure","function","TRUE","FALSE","(x) ","base","base","2.6.0","released",FALSE
"mode<-","closure","function","TRUE","FALSE","(x, value) ","base","base","2.6.0","released",FALSE
"month.abb","character","character","TRUE","FALSE","NA","base","base","2.6.0","released",FALSE
"month.name","character","character","TRUE","FALSE","NA","base","base","2.6.0","released",FALSE
"months","closure","function","TRUE","FALSE","(x, abbreviate) ","base","base","2.6.0","released",FALSE
"months.Date","closure","function","TRUE","FALSE","(x, abbreviate = FALSE) ","base","base","2.6.0","released",FALSE
"months.POSIXt","closure","function","TRUE","FALSE","(x, abbreviate = FALSE) ","base","base","2.6.0","released",FALSE
"mostattributes<-","closure","function","TRUE","FALSE","(obj, value) ","base","base","2.6.0","released",FALSE
"names","builtin","function","TRUE","NA","(x) ","base","base","2.6.0","released",FALSE
"names<-","builtin","function","TRUE","NA","(x, value) ","base","base","2.6.0","released",FALSE
"namespaceExport","closure","function","TRUE","FALSE","(ns, vars) ","base","base","2.6.0","released",FALSE
"namespaceImport","closure","function","TRUE","FALSE","(self, ...) ","base","base","2.6.0","released",FALSE
"namespaceImportClasses","closure","function","TRUE","FALSE","(self, ns, vars) ","base","base","2.6.0","released",FALSE
"namespaceImportFrom","closure","function","TRUE","FALSE","(self, ns, vars, generics, packages) ","base","base","2.6.0","released",FALSE
"namespaceImportMethods","closure","function","TRUE","FALSE","(self, ns, vars) ","base","base","2.6.0","released",FALSE
"nargs","special","function","TRUE","NA","() ","base","base","2.6.0","released",FALSE
"nchar","closure","function","TRUE","FALSE","(x, type = ""chars"", allowNA = FALSE) ","base","base","2.6.0","released",FALSE
"ncol","closure","function","TRUE","FALSE","(x) ","base","base","2.6.0","released",FALSE
"new.env","closure","function","TRUE","FALSE","(hash = FALSE, parent = parent.frame(), size = 29L) ","base","base","2.6.0","released",FALSE
"next","special","function","TRUE","NA","","base","base","2.6.0","released",FALSE
"ngettext","closure","function","TRUE","FALSE","(n, msg1, msg2, domain = NULL) ","base","base","2.6.0","released",FALSE
"nlevels","closure","function","TRUE","FALSE","(x) ","base","base","2.6.0","released",FALSE
"noquote","closure","function","TRUE","FALSE","(obj) ","base","base","2.6.0","released",FALSE
"nrow","closure","function","TRUE","FALSE","(x) ","base","base","2.6.0","released",FALSE
"numeric","closure","function","TRUE","FALSE","(length = 0) ","base","base","2.6.0","released",FALSE
"numeric_version","closure","function","TRUE","FALSE","(x, strict = TRUE) ","base","base","2.6.0","released",FALSE
"nzchar","builtin","function","TRUE","NA","(x) ","base","base","2.6.0","released",FALSE
"objects","closure","function","TRUE","FALSE","(name, pos = -1, envir = as.environment(pos), all.names = FALSE,     pattern) ","base","base","2.6.0","released",FALSE
"oldClass","builtin","function","TRUE","NA","(x) ","base","base","2.6.0","released",FALSE
"oldClass<-","builtin","function","TRUE","NA","(x, value) ","base","base","2.6.0","released",FALSE
"on.exit","special","function","TRUE","NA","(expr, add = FALSE) ","base","base","2.6.0","released",FALSE
"open","closure","function","TRUE","FALSE","(con, ...) ","base","base","2.6.0","released",FALSE
"open.connection","closure","function","TRUE","FALSE","(con, open = ""r"", blocking = TRUE, ...) ","base","base","2.6.0","released",FALSE
"open.srcfile","closure","function","TRUE","FALSE","(con, line, ...) ","base","base","2.6.0","released",FALSE
"open.srcfilecopy","closure","function","TRUE","FALSE","(con, line, ...) ","base","base","2.6.0","released",FALSE
"options","closure","function","TRUE","FALSE","(...) ","base","base","2.6.0","released",FALSE
"order","closure","function","TRUE","FALSE","(..., na.last = TRUE, decreasing = FALSE) ","base","base","2.6.0","released",FALSE
"ordered","closure","function","TRUE","FALSE","(x, ...) ","base","base","2.6.0","released",FALSE
"outer","closure","function","TRUE","FALSE","(X, Y, FUN = ""*"", ...) ","base","base","2.6.0","released",FALSE
"packBits","closure","function","TRUE","FALSE","(x, type = c(""raw"", ""integer"")) ","base","base","2.6.0","released",FALSE
"package.description","closure","function","TRUE","FALSE","(pkg, lib.loc = NULL, fields = NULL) ","base","base","2.6.0","released",FALSE
"packageEvent","closure","function","TRUE","FALSE","(pkgname, event = c(""onLoad"", ""attach"", ""detach"", ""onUnload"")) ","base","base","2.6.0","released",FALSE
"packageHasNamespace","closure","function","TRUE","FALSE","(package, package.lib) ","base","base","2.6.0","released",FALSE
"packageStartupMessage","closure","function","TRUE","FALSE","(..., domain = NULL, appendLF = TRUE) ","base","base","2.6.0","released",FALSE
"package_version","closure","function","TRUE","FALSE","(x, strict = TRUE) ","base","base","2.6.0","released",FALSE
"pairlist","closure","function","TRUE","FALSE","(...) ","base","base","2.6.0","released",FALSE
"parent.env","closure","function","TRUE","FALSE","(env) ","base","base","2.6.0","released",FALSE
"parent.env<-","closure","function","TRUE","FALSE","(env, value) ","base","base","2.6.0","released",FALSE
"parent.frame","closure","function","TRUE","FALSE","(n = 1) ","base","base","2.6.0","released",FALSE
"parse","closure","function","TRUE","FALSE","(file = """", n = NULL, text = NULL, prompt = ""?"", srcfile = NULL,     encoding = ""unknown"") ","base","base","2.6.0","released",FALSE
"parse.dcf","closure","function","TRUE","FALSE","(text = NULL, file = """", fields = NULL, versionfix = FALSE) ","base","base","2.6.0","released",FALSE
"parseNamespaceFile","closure","function","TRUE","FALSE","(package, package.lib, mustExist = TRUE) ","base","base","2.6.0","released",FALSE
"paste","closure","function","TRUE","FALSE","(..., sep = "" "", collapse = NULL) ","base","base","2.6.0","released",FALSE
"path.expand","closure","function","TRUE","FALSE","(path) ","base","base","2.6.0","released",FALSE
"pentagamma","closure","function","TRUE","FALSE","(x) ","base","base","2.6.0","released",FALSE
"pi","double","numeric","TRUE","FALSE","NA","base","base","2.6.0","released",FALSE
"pipe","closure","function","TRUE","FALSE","(description, open = """", encoding = getOption(""encoding"")) ","base","base","2.6.0","released",FALSE
"pmatch","closure","function","TRUE","FALSE","(x, table, nomatch = NA_integer_, duplicates.ok = FALSE) ","base","base","2.6.0","released",FALSE
"pmax","closure","function","TRUE","FALSE","(..., na.rm = FALSE) ","base","base","2.6.0","released",FALSE
"pmax.int","closure","function","TRUE","FALSE","(..., na.rm = FALSE) ","base","base","2.6.0","released",FALSE
"pmin","closure","function","TRUE","FALSE","(..., na.rm = FALSE) ","base","base","2.6.0","released",FALSE
"pmin.int","closure","function","TRUE","FALSE","(..., na.rm = FALSE) ","base","base","2.6.0","released",FALSE
"polyroot","closure","function","TRUE","FALSE","(z) ","base","base","2.6.0","released",FALSE
"pos.to.env","builtin","function","TRUE","NA","(x) ","base","base","2.6.0","released",FALSE
"pretty","closure","function","TRUE","FALSE","(x, n = 5, min.n = n%/%3, shrink.sml = 0.75, high.u.bias = 1.5,     u5.bias = 0.5 + 1.5 * high.u.bias, eps.correct = 0) ","base","base","2.6.0","released",FALSE
"prettyNum","closure","function","TRUE","FALSE","(x, big.mark = """", big.interval = 3, small.mark = """",     small.interval = 5, decimal.mark = ""."", preserve.width = c(""common"",         ""individual"", ""none""), zero.print = NULL, ...) ","base","base","2.6.0","released",FALSE
"print","closure","function","TRUE","FALSE","(x, ...) ","base","base","2.6.0","released",FALSE
"print.AsIs","closure","function","TRUE","FALSE","(x, ...) ","base","base","2.6.0","released",FALSE
"print.DLLInfo","closure","function","TRUE","FALSE","(x, ...) ","base","base","2.6.0","released",FALSE
"print.DLLInfoList","closure","function","TRUE","FALSE","(x, ...) ","base","base","2.6.0","released",FALSE
"print.DLLRegisteredRoutines","closure","function","TRUE","FALSE","(x, ...) ","base","base","2.6.0","released",FALSE
"print.Date","closure","function","TRUE","FALSE","(x, ...) ","base","base","2.6.0","released",FALSE
"print.NativeRoutineList","closure","function","TRUE","FALSE","(x, ...) ","base","base","2.6.0","released",FALSE
"print.POSIXct","closure","function","TRUE","FALSE","(x, ...) ","base","base","2.6.0","released",FALSE
"print.POSIXlt","closure","function","TRUE","FALSE","(x, ...) ","base","base","2.6.0","released",FALSE
"print.atomic","closure","function","TRUE","FALSE","(x, quote = TRUE, ...) ","base","base","2.6.0","released",FALSE
"print.by","closure","function","TRUE","FALSE","(x, ..., vsep) ","base","base","2.6.0","released",FALSE
"print.condition","closure","function","TRUE","FALSE","(x, ...) ","base","base","2.6.0","released",FALSE
"print.connection","closure","function","TRUE","FALSE","(x, ...) ","base","base","2.6.0","released",FALSE
"print.data.frame","closure","function","TRUE","FALSE","(x, ..., digits = NULL, quote = FALSE, right = TRUE) ","base","base","2.6.0","released",FALSE
"print.default","closure","function","TRUE","FALSE","(x, digits = NULL, quote = TRUE, na.print = NULL, print.gap = NULL,     right = FALSE, max = NULL, useSource = TRUE, ...) ","base","base","2.6.0","released",FALSE
"print.difftime","closure","function","TRUE","FALSE","(x, digits = getOption(""digits""), ...) ","base","base","2.6.0","released",FALSE
"print.factor","closure","function","TRUE","FALSE","(x, quote = FALSE, max.levels = NULL, width = getOption(""width""),     ...) ","base","base","2.6.0","released",FALSE
"print.hexmode","closure","function","TRUE","FALSE","(x, ...) ","base","base","2.6.0","released",FALSE
"print.libraryIQR","closure","function","TRUE","FALSE","(x, ...) ","base","base","2.6.0","released",FALSE
"print.listof","closure","function","TRUE","FALSE","(x, ...) ","base","base","2.6.0","released",FALSE
"print.noquote","closure","function","TRUE","FALSE","(x, ...) ","base","base","2.6.0","released",FALSE
"print.numeric_version","closure","function","TRUE","FALSE","(x, ...) ","base","base","2.6.0","released",FALSE
"print.octmode","closure","function","TRUE","FALSE","(x, ...) ","base","base","2.6.0","released",FALSE
"print.packageInfo","closure","function","TRUE","FALSE","(x, ...) ","base","base","2.6.0","released",FALSE
"print.proc_time","closure","function","TRUE","FALSE","(x, ...) ","base","base","2.6.0","released",FALSE
"print.restart","closure","function","TRUE","FALSE","(x, ...) ","base","base","2.6.0","released",FALSE
"print.rle","closure","function","TRUE","FALSE","(x, digits = getOption(""digits""), ...) ","base","base","2.6.0","released",FALSE
"print.simple.list","closure","function","TRUE","FALSE","(x, ...) ","base","base","2.6.0","released",FALSE
"print.srcfile","closure","function","TRUE","FALSE","(x, ...) ","base","base","2.6.0","released",FALSE
"print.srcref","closure","function","TRUE","FALSE","(x, useSource = TRUE, ...) ","base","base","2.6.0","released",FALSE
"print.summary.table","closure","function","TRUE","FALSE","(x, digits = max(1, getOption(""digits"") - 3), ...) ","base","base","2.6.0","released",FALSE
"print.table","closure","function","TRUE","FALSE","(x, digits = getOption(""digits""), quote = FALSE, na.print = """",     zero.print = ""0"", justify = ""none"", ...) ","base","base","2.6.0","released",FALSE
"print.warnings","closure","function","TRUE","FALSE","(x, ...) ","base","base","2.6.0","released",FALSE
"printNoClass","closure","function","TRUE","FALSE","(x, digits = NULL, quote = TRUE, na.print = NULL, print.gap = NULL,     right = FALSE, ...) ","base","base","2.6.0","released",FALSE
"prmatrix","closure","function","TRUE","FALSE","(x, rowlab = dn[[1]], collab = dn[[2]], quote = TRUE,     right = FALSE, na.print = NULL, ...) ","base","base","2.6.0","released",FALSE
"proc.time","builtin","function","TRUE","NA","() ","base","base","2.6.0","released",FALSE
"prod","builtin","function","TRUE","NA","(..., na.rm = FALSE) ","base","base","2.6.0","released",FALSE
"prop.table","closure","function","TRUE","FALSE","(x, margin = NULL) ","base","base","2.6.0","released",FALSE
"provide","closure","function","TRUE","FALSE","(package) ","base","base","2.6.0","released",FALSE
"psigamma","closure","function","TRUE","FALSE","(x, deriv = 0) ","base","base","2.6.0","released",FALSE
"pushBack","closure","function","TRUE","FALSE","(data, connection, newLine = TRUE) ","base","base","2.6.0","released",FALSE
"pushBackLength","closure","function","TRUE","FALSE","(connection) ","base","base","2.6.0","released",FALSE
"q","closure","function","TRUE","FALSE","(save = ""default"", status = 0, runLast = TRUE) ","base","base","2.6.0","released",FALSE
"qr","closure","function","TRUE","FALSE","(x, ...) ","base","base","2.6.0","released",FALSE
"qr.Q","closure","function","TRUE","FALSE","(qr, complete = FALSE, Dvec = rep.int(if (cmplx) 1 +     (0+0i) else 1, if (complete) dqr[1] else min(dqr))) ","base","base","2.6.0","released",FALSE
"qr.R","closure","function","TRUE","FALSE","(qr, complete = FALSE) ","base","base","2.6.0","released",FALSE
"qr.X","closure","function","TRUE","FALSE","(qr, complete = FALSE, ncol = if (complete) nrow(R) else min(dim(R))) ","base","base","2.6.0","released",FALSE
"qr.coef","closure","function","TRUE","FALSE","(qr, y) ","base","base","2.6.0","released",FALSE
"qr.default","closure","function","TRUE","FALSE","(x, tol = 1e-07, LAPACK = FALSE, ...) ","base","base","2.6.0","released",FALSE
"qr.fitted","closure","function","TRUE","FALSE","(qr, y, k = qr$rank) ","base","base","2.6.0","released",FALSE
"qr.qty","closure","function","TRUE","FALSE","(qr, y) ","base","base","2.6.0","released",FALSE
"qr.qy","closure","function","TRUE","FALSE","(qr, y) ","base","base","2.6.0","released",FALSE
"qr.resid","closure","function","TRUE","FALSE","(qr, y) ","base","base","2.6.0","released",FALSE
"qr.solve","closure","function","TRUE","FALSE","(a, b, tol = 1e-07) ","base","base","2.6.0","released",FALSE
"quarters","closure","function","TRUE","FALSE","(x, abbreviate) ","base","base","2.6.0","released",FALSE
"quarters.Date","closure","function","TRUE","FALSE","(x, ...) ","base","base","2.6.0","released",FALSE
"quarters.POSIXt","closure","function","TRUE","FALSE","(x, ...) ","base","base","2.6.0","released",FALSE
"quit","closure","function","TRUE","FALSE","(save = ""default"", status = 0, runLast = TRUE) ","base","base","2.6.0","released",FALSE
"quote","special","function","TRUE","NA","(expr) ","base","base","2.6.0","released",FALSE
"range","builtin","function","TRUE","NA","(..., na.rm = FALSE) ","base","base","2.6.0","released",FALSE
"range.default","closure","function","TRUE","FALSE","(..., na.rm = FALSE, finite = FALSE) ","base","base","2.6.0","released",FALSE
"rank","closure","function","TRUE","FALSE","(x, na.last = TRUE, ties.method = c(""average"", ""first"",     ""random"", ""max"", ""min"")) ","base","base","2.6.0","released",FALSE
"rapply","closure","function","TRUE","FALSE","(object, f, classes = ""ANY"", deflt = NULL, how = c(""unlist"",     ""replace"", ""list""), ...) ","base","base","2.6.0","released",FALSE
"raw","closure","function","TRUE","FALSE","(length = 0) ","base","base","2.6.0","released",FALSE
"rawShift","closure","function","TRUE","FALSE","(x, n) ","base","base","2.6.0","released",FALSE
"rawToBits","closure","function","TRUE","FALSE","(x) ","base","base","2.6.0","released",FALSE
"rawToChar","closure","function","TRUE","FALSE","(x, multiple = FALSE) ","base","base","2.6.0","released",FALSE
"rbind","closure","function","TRUE","FALSE","(..., deparse.level = 1) ","base","base","2.6.0","released",FALSE
"rbind.data.frame","closure","function","TRUE","FALSE","(..., deparse.level = 1) ","base","base","2.6.0","released",FALSE
"read.dcf","closure","function","TRUE","FALSE","(file, fields = NULL, all = FALSE) ","base","base","2.6.0","released",FALSE
"read.table.url","closure","function","TRUE","FALSE","(url, method, ...) ","base","base","2.6.0","released",FALSE
"readBin","closure","function","TRUE","FALSE","(con, what, n = 1, size = NA, signed = TRUE, endian = .Platform$endian) ","base","base","2.6.0","released",FALSE
"readChar","closure","function","TRUE","FALSE","(con, nchars) ","base","base","2.6.0","released",FALSE
"readLines","closure","function","TRUE","FALSE","(con = stdin(), n = -1, ok = TRUE, warn = TRUE, encoding = ""unknown"") ","base","base","2.6.0","released",FALSE
"readline","closure","function","TRUE","FALSE","(prompt = """") ","base","base","2.6.0","released",FALSE
"real","closure","function","TRUE","FALSE","(length = 0) ","base","base","2.6.0","released",FALSE
"reg.finalizer","closure","function","TRUE","FALSE","(e, f, onexit = FALSE) ","base","base","2.6.0","released",FALSE
"regexpr","closure","function","TRUE","FALSE","(pattern, text, ignore.case = FALSE, extended = TRUE,     perl = FALSE, fixed = FALSE, useBytes = FALSE) ","base","base","2.6.0","released",FALSE
"registerS3method","closure","function","TRUE","FALSE","(genname, class, method, envir = parent.frame()) ","base","base","2.6.0","released",FALSE
"registerS3methods","closure","function","TRUE","FALSE","(info, package, env) ","base","base","2.6.0","released",FALSE
"remove","closure","function","TRUE","FALSE","(..., list = character(0), pos = -1, envir = as.environment(pos),     inherits = FALSE) ","base","base","2.6.0","released",FALSE
"removeCConverter","closure","function","TRUE","FALSE","(id) ","base","base","2.6.0","released",FALSE
"removeTaskCallback","closure","function","TRUE","FALSE","(id) ","base","base","2.6.0","released",FALSE
"rep","special","function","TRUE","NA","(x, ...) ","base","base","2.6.0","released",FALSE
"rep.Date","closure","function","TRUE","FALSE","(x, ...) ","base","base","2.6.0","released",FALSE
"rep.POSIXct","closure","function","TRUE","FALSE","(x, ...) ","base","base","2.6.0","released",FALSE
"rep.POSIXlt","closure","function","TRUE","FALSE","(x, ...) ","base","base","2.6.0","released",FALSE
"rep.factor","closure","function","TRUE","FALSE","(x, ...) ","base","base","2.6.0","released",FALSE
"rep.int","closure","function","TRUE","FALSE","(x, times) ","base","base","2.6.0","released",FALSE
"repeat","special","function","TRUE","NA","","base","base","2.6.0","released",FALSE
"replace","closure","function","TRUE","FALSE","(x, list, values) ","base","base","2.6.0","released",FALSE
"replicate","closure","function","TRUE","FALSE","(n, expr, simplify = TRUE) ","base","base","2.6.0","released",FALSE
"require","closure","function","TRUE","FALSE","(package, lib.loc = NULL, quietly = FALSE, warn.conflicts = TRUE,     keep.source = getOption(""keep.source.pkgs""), character.only = FALSE,     version, save = TRUE) ","base","base","2.6.0","released",FALSE
"restart","closure","function","TRUE","FALSE","() ","base","base","2.6.0","released",FALSE
"restartDescription","closure","function","TRUE","FALSE","(r) ","base","base","2.6.0","released",FALSE
"restartFormals","closure","function","TRUE","FALSE","(r) ","base","base","2.6.0","released",FALSE
"retracemem","builtin","function","TRUE","NA","(x, previous = NULL) ","base","base","2.6.0","released",FALSE
"return","special","function","TRUE","NA","","base","base","2.6.0","released",FALSE
"rev","closure","function","TRUE","FALSE","(x) ","base","base","2.6.0","released",FALSE
"rev.default","closure","function","TRUE","FALSE","(x) ","base","base","2.6.0","released",FALSE
"rle","closure","function","TRUE","FALSE","(x) ","base","base","2.6.0","released",FALSE
"rm","closure","function","TRUE","FALSE","(..., list = character(0), pos = -1, envir = as.environment(pos),     inherits = FALSE) ","base","base","2.6.0","released",FALSE
"round","special","function","TRUE","NA","(x, digits = 0) ","base","base","2.6.0","released",FALSE
"round.Date","closure","function","TRUE","FALSE","(x, ...) ","base","base","2.6.0","released",FALSE
"round.POSIXt","closure","function","TRUE","FALSE","(x, units = c(""secs"", ""mins"", ""hours"", ""days"")) ","base","base","2.6.0","released",FALSE
"round.difftime","closure","function","TRUE","FALSE","(x, digits = 0, ...) ","base","base","2.6.0","released",FALSE
"row","closure","function","TRUE","FALSE","(x, as.factor = FALSE) ","base","base","2.6.0","released",FALSE
"row.names","closure","function","TRUE","FALSE","(x) ","base","base","2.6.0","released",FALSE
"row.names.data.frame","closure","function","TRUE","FALSE","(x) ","base","base","2.6.0","released",FALSE
"row.names.default","closure","function","TRUE","FALSE","(x) ","base","base","2.6.0","released",FALSE
"row.names<-","closure","function","TRUE","FALSE","(x, value) ","base","base","2.6.0","released",FALSE
"row.names<-.data.frame","closure","function","TRUE","FALSE","(x, value) ","base","base","2.6.0","released",FALSE
"row.names<-.default","closure","function","TRUE","FALSE","(x, value) ","base","base","2.6.0","released",FALSE
"rowMeans","closure","function","TRUE","FALSE","(x, na.rm = FALSE, dims = 1) ","base","base","2.6.0","released",FALSE
"rowSums","closure","function","TRUE","FALSE","(x, na.rm = FALSE, dims = 1) ","base","base","2.6.0","released",FALSE
"rownames","closure","function","TRUE","FALSE","(x, do.NULL = TRUE, prefix = ""row"") ","base","base","2.6.0","released",FALSE
"rownames<-","closure","function","TRUE","FALSE","(x, value) ","base","base","2.6.0","released",FALSE
"rowsum","closure","function","TRUE","FALSE","(x, group, reorder = TRUE, ...) ","base","base","2.6.0","released",FALSE
"rowsum.data.frame","closure","function","TRUE","FALSE","(x, group, reorder = TRUE, na.rm = FALSE, ...) ","base","base","2.6.0","released",FALSE
"rowsum.default","closure","function","TRUE","FALSE","(x, group, reorder = TRUE, na.rm = FALSE, ...) ","base","base","2.6.0","released",FALSE
"sQuote","closure","function","TRUE","FALSE","(x) ","base","base","2.6.0","released",FALSE
"sample","closure","function","TRUE","FALSE","(x, size, replace = FALSE, prob = NULL) ","base","base","2.6.0","released",FALSE
"sapply","closure","function","TRUE","FALSE","(X, FUN, ..., simplify = TRUE, USE.NAMES = TRUE) ","base","base","2.6.0","released",FALSE
"save","closure","function","TRUE","FALSE","(..., list = character(0), file = stop(""'file' must be specified""),     ascii = FALSE, version = NULL, envir = parent.frame(), compress = !ascii,     eval.promises = TRUE) ","base","base","2.6.0","released",FALSE
"save.image","closure","function","TRUE","FALSE","(file = "".RData"", version = NULL, ascii = FALSE, compress = !ascii,     safe = TRUE) ","base","base","2.6.0","released",FALSE
"saveNamespaceImage","closure","function","TRUE","FALSE","(package, rdafile, lib.loc = NULL, keep.source = getOption(""keep.source.pkgs""),     compress = TRUE) ","base","base","2.6.0","released",FALSE
"scale","closure","function","TRUE","FALSE","(x, center = TRUE, scale = TRUE) ","base","base","2.6.0","released",FALSE
"scale.default","closure","function","TRUE","FALSE","(x, center = TRUE, scale = TRUE) ","base","base","2.6.0","released",FALSE
"scan","closure","function","TRUE","FALSE","(file = """", what = double(0), nmax = -1, n = -1, sep = """",     quote = if (identical(sep, ""\n"")) """" else ""'\"""", dec = ""."",     skip = 0, nlines = 0, na.strings = ""NA"", flush = FALSE, fill = FALSE,     strip.white = FALSE, quiet = FALSE, blank.lines.skip = TRUE,     multi.line = TRUE, comment.char = """", allowEscapes = FALSE,     encoding = ""unknown"") ","base","base","2.6.0","released",FALSE
"scan.url","closure","function","TRUE","FALSE","(url, file = tempfile(), method, ...) ","base","base","2.6.0","released",FALSE
"search","closure","function","TRUE","FALSE","() ","base","base","2.6.0","released",FALSE
"searchpaths","closure","function","TRUE","FALSE","() ","base","base","2.6.0","released",FALSE
"seek","closure","function","TRUE","FALSE","(con, ...) ","base","base","2.6.0","released",FALSE
"seek.connection","closure","function","TRUE","FALSE","(con, where = NA, origin = ""start"", rw = """", ...) ","base","base","2.6.0","released",FALSE
"seq","closure","function","TRUE","FALSE","(...) ","base","base","2.6.0","released",FALSE
"seq.Date","closure","function","TRUE","FALSE","(from, to, by, length.out = NULL, along.with = NULL,     ...) ","base","base","2.6.0","released",FALSE
"seq.POSIXt","closure","function","TRUE","FALSE","(from, to, by, length.out = NULL, along.with = NULL,     ...) ","base","base","2.6.0","released",FALSE
"seq.default","closure","function","TRUE","FALSE","(from = 1, to = 1, by = ((to - from)/(length.out - 1)),     length.out = NULL, along.with = NULL, ...) ","base","base","2.6.0","released",FALSE
"seq.int","special","function","TRUE","NA","(from, to, by, length.out, along.with, ...) ","base","base","2.6.0","released",FALSE
"seq_along","builtin","function","TRUE","NA","(along.with) ","base","base","2.6.0","released",FALSE
"seq_len","builtin","function","TRUE","NA","(length.out) ","base","base","2.6.0","released",FALSE
"sequence","closure","function","TRUE","FALSE","(nvec) ","base","base","2.6.0","released",FALSE
"serialize","closure","function","TRUE","FALSE","(object, connection, ascii = FALSE, refhook = NULL) ","base","base","2.6.0","released",FALSE
"set.seed","closure","function","TRUE","FALSE","(seed, kind = NULL) ","base","base","2.6.0","released",FALSE
"setCConverterStatus","closure","function","TRUE","FALSE","(id, status) ","base","base","2.6.0","released",FALSE
"setHook","closure","function","TRUE","FALSE","(hookName, value, action = c(""append"", ""prepend"", ""replace"")) ","base","base","2.6.0","released",FALSE
"setNamespaceInfo","closure","function","TRUE","FALSE","(ns, which, val) ","base","base","2.6.0","released",FALSE
"setdiff","closure","function","TRUE","FALSE","(x, y) ","base","base","2.6.0","released",FALSE
"setequal","closure","function","TRUE","FALSE","(x, y) ","base","base","2.6.0","released",FALSE
"setwd","closure","function","TRUE","FALSE","(dir) ","base","base","2.6.0","released",FALSE
"shQuote","closure","function","TRUE","FALSE","(string, type = c(""sh"", ""csh"", ""cmd"")) ","base","base","2.6.0","released",FALSE
"showConnections","closure","function","TRUE","FALSE","(all = FALSE) ","base","base","2.6.0","released",FALSE
"sign","builtin","function","TRUE","NA","(x) ","base","base","2.6.0","released",FALSE
"signalCondition","closure","function","TRUE","FALSE","(cond) ","base","base","2.6.0","released",FALSE
"signif","special","function","TRUE","NA","(x, digits = 6) ","base","base","2.6.0","released",FALSE
"simpleCondition","closure","function","TRUE","FALSE","(message, call = NULL) ","base","base","2.6.0","released",FALSE
"simpleError","closure","function","TRUE","FALSE","(message, call = NULL) ","base","base","2.6.0","released",FALSE
"simpleMessage","closure","function","TRUE","FALSE","(message, call = NULL) ","base","base","2.6.0","released",FALSE
"simpleWarning","closure","function","TRUE","FALSE","(message, call = NULL) ","base","base","2.6.0","released",FALSE
"sin","builtin","function","TRUE","NA","(x) ","base","base","2.6.0","released",FALSE
"single","closure","function","TRUE","FALSE","(length = 0) ","base","base","2.6.0","released",FALSE
"sinh","builtin","function","TRUE","NA","(x) ","base","base","2.6.0","released",FALSE
"sink","closure","function","TRUE","FALSE","(file = NULL, append = FALSE, type = c(""output"", ""message""),     split = FALSE) ","base","base","2.6.0","released",FALSE
"sink.number","closure","function","TRUE","FALSE","(type = c(""output"", ""message"")) ","base","base","2.6.0","released",FALSE
"slice.index","closure","function","TRUE","FALSE","(x, MARGIN) ","base","base","2.6.0","released",FALSE
"socketConnection","closure","function","TRUE","FALSE","(host = ""localhost"", port, server = FALSE, blocking = FALSE,     open = ""a+"", encoding = getOption(""encoding"")) ","base","base","2.6.0","released",FALSE
"socketSelect","closure","function","TRUE","FALSE","(socklist, write = FALSE, timeout = NULL) ","base","base","2.6.0","released",FALSE
"solve","closure","function","TRUE","FALSE","(a, b, ...) ","base","base","2.6.0","released",FALSE
"solve.default","closure","function","TRUE","FALSE","(a, b, tol = ifelse(LINPACK, 1e-07, .Machine$double.eps),     LINPACK = FALSE, ...) ","base","base","2.6.0","released",FALSE
"solve.qr","closure","function","TRUE","FALSE","(a, b, ...) ","base","base","2.6.0","released",FALSE
"sort","closure","function","TRUE","FALSE","(x, decreasing = FALSE, ...) ","base","base","2.6.0","released",FALSE
"sort.POSIXlt","closure","function","TRUE","FALSE","(x, decreasing = FALSE, na.last = NA, ...) ","base","base","2.6.0","released",FALSE
"sort.default","closure","function","TRUE","FALSE","(x, decreasing = FALSE, na.last = NA, ...) ","base","base","2.6.0","released",FALSE
"sort.int","closure","function","TRUE","FALSE","(x, partial = NULL, na.last = NA, decreasing = FALSE,     method = c(""shell"", ""quick""), index.return = FALSE) ","base","base","2.6.0","released",FALSE
"sort.list","closure","function","TRUE","FALSE","(x, partial = NULL, na.last = TRUE, decreasing = FALSE,     method = c(""shell"", ""quick"", ""radix"")) ","base","base","2.6.0","released",FALSE
"source","closure","function","TRUE","FALSE","(file, local = FALSE, echo = verbose, print.eval = echo,     verbose = getOption(""verbose""), prompt.echo = getOption(""prompt""),     max.deparse.length = 150, chdir = FALSE, encoding = getOption(""encoding""),     continue.echo = getOption(""continue""), skip.echo = 0) ","base","base","2.6.0","released",FALSE
"source.url","closure","function","TRUE","FALSE","(url, file = tempfile(), method, ...) ","base","base","2.6.0","released",FALSE
"split","closure","function","TRUE","FALSE","(x, f, drop = FALSE, ...) ","base","base","2.6.0","released",FALSE
"split.data.frame","closure","function","TRUE","FALSE","(x, f, drop = FALSE, ...) ","base","base","2.6.0","released",FALSE
"split.default","closure","function","TRUE","FALSE","(x, f, drop = FALSE, ...) ","base","base","2.6.0","released",FALSE
"split<-","closure","function","TRUE","FALSE","(x, f, drop = FALSE, ..., value) ","base","base","2.6.0","released",FALSE
"split<-.data.frame","closure","function","TRUE","FALSE","(x, f, drop = FALSE, ..., value) ","base","base","2.6.0","released",FALSE
"split<-.default","closure","function","TRUE","FALSE","(x, f, drop = FALSE, ..., value) ","base","base","2.6.0","released",FALSE
"sprintf","closure","function","TRUE","FALSE","(fmt, ...) ","base","base","2.6.0","released",FALSE
"sqrt","builtin","function","TRUE","NA","(x) ","base","base","2.6.0","released",FALSE
"srcfile","closure","function","TRUE","FALSE","(filename, encoding = getOption(""encoding"")) ","base","base","2.6.0","released",FALSE
"srcfilecopy","closure","function","TRUE","FALSE","(filename, lines) ","base","base","2.6.0","released",FALSE
"srcref","closure","function","TRUE","FALSE","(srcfile, lloc) ","base","base","2.6.0","released",FALSE
"standardGeneric","builtin","function","TRUE","NA","(f) ","base","base","2.6.0","released",FALSE
"stderr","closure","function","TRUE","FALSE","() ","base","base","2.6.0","released",FALSE
"stdin","closure","function","TRUE","FALSE","() ","base","base","2.6.0","released",FALSE
"stdout","closure","function","TRUE","FALSE","() ","base","base","2.6.0","released",FALSE
"stop","closure","function","TRUE","FALSE","(..., call. = TRUE, domain = NULL) ","base","base","2.6.0","released",FALSE
"stopifnot","closure","function","TRUE","FALSE","(...) ","base","base","2.6.0","released",FALSE
"storage.mode","closure","function","TRUE","FALSE","(x) ","base","base","2.6.0","released",FALSE
"storage.mode<-","builtin","function","TRUE","NA","(x, value) ","base","base","2.6.0","released",FALSE
"strftime","closure","function","TRUE","FALSE","(x, format = """", usetz = FALSE, ...) ","base","base","2.6.0","released",FALSE
"strptime","closure","function","TRUE","FALSE","(x, format, tz = """") ","base","base","2.6.0","released",FALSE
"strsplit","closure","function","TRUE","FALSE","(x, split, extended = TRUE, fixed = FALSE, perl = FALSE) ","base","base","2.6.0","released",FALSE
"strtrim","closure","function","TRUE","FALSE","(x, width) ","base","base","2.6.0","released",FALSE
"structure","closure","function","TRUE","FALSE","(.Data, ...) ","base","base","2.6.0","released",FALSE
"strwrap","closure","function","TRUE","FALSE","(x, width = 0.9 * getOption(""width""), indent = 0, exdent = 0,     prefix = """", simplify = TRUE) ","base","base","2.6.0","released",FALSE
"sub","closure","function","TRUE","FALSE","(pattern, replacement, x, ignore.case = FALSE, extended = TRUE,     perl = FALSE, fixed = FALSE, useBytes = FALSE) ","base","base","2.6.0","released",FALSE
"subset","closure","function","TRUE","FALSE","(x, ...) ","base","base","2.6.0","released",FALSE
"subset.data.frame","closure","function","TRUE","FALSE","(x, subset, select, drop = FALSE, ...) ","base","base","2.6.0","released",FALSE
"subset.default","closure","function","TRUE","FALSE","(x, subset, ...) ","base","base","2.6.0","released",FALSE
"subset.matrix","closure","function","TRUE","FALSE","(x, subset, select, drop = FALSE, ...) ","base","base","2.6.0","released",FALSE
"substitute","special","function","TRUE","NA","(expr, env) ","base","base","2.6.0","released",FALSE
"substr","closure","function","TRUE","FALSE","(x, start, stop) ","base","base","2.6.0","released",FALSE
"substr<-","closure","function","TRUE","FALSE","(x, start, stop, value) ","base","base","2.6.0","released",FALSE
"substring","closure","function","TRUE","FALSE","(text, first, last = 1e+06) ","base","base","2.6.0","released",FALSE
"substring<-","closure","function","TRUE","FALSE","(text, first, last = 1e+06, value) ","base","base","2.6.0","released",FALSE
"sum","builtin","function","TRUE","NA","(..., na.rm = FALSE) ","base","base","2.6.0","released",FALSE
"summary","closure","function","TRUE","FALSE","(object, ...) ","base","base","2.6.0","released",FALSE
"summary.Date","closure","function","TRUE","FALSE","(object, digits = 12, ...) ","base","base","2.6.0","released",FALSE
"summary.POSIXct","closure","function","TRUE","FALSE","(object, digits = 15, ...) ","base","base","2.6.0","released",FALSE
"summary.POSIXlt","closure","function","TRUE","FALSE","(object, digits = 15, ...) ","base","base","2.6.0","released",FALSE
"summary.connection","closure","function","TRUE","FALSE","(object, ...) ","base","base","2.6.0","released",FALSE
"summary.data.frame","closure","function","TRUE","FALSE","(object, maxsum = 7, digits = max(3, getOption(""digits"") -     3), ...) ","base","base","2.6.0","released",FALSE
"summary.default","closure","function","TRUE","FALSE","(object, ..., digits = max(3, getOption(""digits"") -     3)) ","base","base","2.6.0","released",FALSE
"summary.factor","closure","function","TRUE","FALSE","(object, maxsum = 100, ...) ","base","base","2.6.0","released",FALSE
"summary.matrix","closure","function","TRUE","FALSE","(object, ...) ","base","base","2.6.0","released",FALSE
"summary.table","closure","function","TRUE","FALSE","(object, ...) ","base","base","2.6.0","released",FALSE
"suppressMessages","closure","function","TRUE","FALSE","(expr) ","base","base","2.6.0","released",FALSE
"suppressPackageStartupMessages","closure","function","TRUE","FALSE","(expr) ","base","base","2.6.0","released",FALSE
"suppressWarnings","closure","function","TRUE","FALSE","(expr) ","base","base","2.6.0","released",FALSE
"svd","closure","function","TRUE","FALSE","(x, nu = min(n, p), nv = min(n, p), LINPACK = FALSE) ","base","base","2.6.0","released",FALSE
"sweep","closure","function","TRUE","FALSE","(x, MARGIN, STATS, FUN = ""-"", check.margin = TRUE, ...) ","base","base","2.6.0","released",FALSE
"switch","closure","function","TRUE","FALSE","(EXPR, ...) ","base","base","2.6.0","released",FALSE
"symbol.C","closure","function","TRUE","FALSE","(name) ","base","base","2.6.0","released",FALSE
"symbol.For","closure","function","TRUE","FALSE","(name) ","base","base","2.6.0","released",FALSE
"sys.call","closure","function","TRUE","FALSE","(which = 0) ","base","base","2.6.0","released",FALSE
"sys.calls","closure","function","TRUE","FALSE","() ","base","base","2.6.0","released",FALSE
"sys.frame","closure","function","TRUE","FALSE","(which = 0) ","base","base","2.6.0","released",FALSE
"sys.frames","closure","function","TRUE","FALSE","() ","base","base","2.6.0","released",FALSE
"sys.function","closure","function","TRUE","FALSE","(which = 0) ","base","base","2.6.0","released",FALSE
"sys.load.image","closure","function","TRUE","FALSE","(name, quiet) ","base","base","2.6.0","released",FALSE
"sys.nframe","closure","function","TRUE","FALSE","() ","base","base","2.6.0","released",FALSE
"sys.on.exit","closure","function","TRUE","FALSE","() ","base","base","2.6.0","released",FALSE
"sys.parent","closure","function","TRUE","FALSE","(n = 1) ","base","base","2.6.0","released",FALSE
"sys.parents","closure","function","TRUE","FALSE","() ","base","base","2.6.0","released",FALSE
"sys.save.image","closure","function","TRUE","FALSE","(name) ","base","base","2.6.0","released",FALSE
"sys.source","closure","function","TRUE","FALSE","(file, envir = baseenv(), chdir = FALSE, keep.source = getOption(""keep.source.pkgs"")) ","base","base","2.6.0","released",FALSE
"sys.status","closure","function","TRUE","FALSE","() ","base","base","2.6.0","released",FALSE
"system","closure","function","TRUE","FALSE","(command, intern = FALSE, ignore.stderr = FALSE, wait = TRUE,     input = NULL, show.output.on.console = TRUE, minimized = FALSE,     invisible = TRUE) ","base","base","2.6.0","released",FALSE
"system.file","closure","function","TRUE","FALSE","(..., package = ""base"", lib.loc = NULL) ","base","base","2.6.0","released",FALSE
"system.time","closure","function","TRUE","FALSE","(expr, gcFirst = TRUE) ","base","base","2.6.0","released",FALSE
"t","closure","function","TRUE","FALSE","(x) ","base","base","2.6.0","released",FALSE
"t.data.frame","closure","function","TRUE","FALSE","(x) ","base","base","2.6.0","released",FALSE
"t.default","closure","function","TRUE","FALSE","(x) ","base","base","2.6.0","released",FALSE
"table","closure","function","TRUE","FALSE","(..., exclude = c(NA, NaN), dnn = list.names(...), deparse.level = 1) ","base","base","2.6.0","released",FALSE
"tabulate","closure","function","TRUE","FALSE","(bin, nbins = max(1L, bin)) ","base","base","2.6.0","released",FALSE
"tan","builtin","function","TRUE","NA","(x) ","base","base","2.6.0","released",FALSE
"tanh","builtin","function","TRUE","NA","(x) ","base","base","2.6.0","released",FALSE
"tapply","closure","function","TRUE","FALSE","(X, INDEX, FUN = NULL, ..., simplify = TRUE) ","base","base","2.6.0","released",FALSE
"taskCallbackManager","closure","function","TRUE","FALSE","(handlers = list(), registered = FALSE, verbose = FALSE) ","base","base","2.6.0","released",FALSE
"tcrossprod","closure","function","TRUE","FALSE","(x, y = NULL) ","base","base","2.6.0","released",FALSE
"tempdir","closure","function","TRUE","FALSE","() ","base","base","2.6.0","released",FALSE
"tempfile","closure","function","TRUE","FALSE","(pattern = ""file"", tmpdir = tempdir()) ","base","base","2.6.0","released",FALSE
"testPlatformEquivalence","closure","function","TRUE","FALSE","(built, run) ","base","base","2.6.0","released",FALSE
"tetragamma","closure","function","TRUE","FALSE","(x) ","base","base","2.6.0","released",FALSE
"textConnection","closure","function","TRUE","FALSE","(object, open = ""r"", local = FALSE) ","base","base","2.6.0","released",FALSE
"textConnectionValue","closure","function","TRUE","FALSE","(con) ","base","base","2.6.0","released",FALSE
"toString","closure","function","TRUE","FALSE","(x, ...) ","base","base","2.6.0","released",FALSE
"toString.default","closure","function","TRUE","FALSE","(x, width = NULL, ...) ","base","base","2.6.0","released",FALSE
"tolower","closure","function","TRUE","FALSE","(x) ","base","base","2.6.0","released",FALSE
"topenv","closure","function","TRUE","FALSE","(envir = parent.frame(), matchThisEnv = getOption(""topLevelEnvironment"")) ","base","base","2.6.0","released",FALSE
"toupper","closure","function","TRUE","FALSE","(x) ","base","base","2.6.0","released",FALSE
"trace","closure","function","TRUE","FALSE","(what, tracer, exit, at, print, signature, where = topenv(parent.frame()),     edit = FALSE) ","base","base","2.6.0","released",FALSE
"traceback","closure","function","TRUE","FALSE","(x = NULL, max.lines = getOption(""deparse.max.lines"")) ","base","base","2.6.0","released",FALSE
"tracemem","builtin","function","TRUE","NA","(x) ","base","base","2.6.0","released",FALSE
"tracingState","closure","function","TRUE","FALSE","(on = NULL) ","base","base","2.6.0","released",FALSE
"transform","closure","function","TRUE","FALSE","(""_data"", ...) ","base","base","2.6.0","released",FALSE
"transform.data.frame","closure","function","TRUE","FALSE","(""_data"", ...) ","base","base","2.6.0","released",FALSE
"transform.default","closure","function","TRUE","FALSE","(""_data"", ...) ","base","base","2.6.0","released",FALSE
"trigamma","builtin","function","TRUE","NA","(x) ","base","base","2.6.0","released",FALSE
"trunc","builtin","function","TRUE","NA","(x, ...) ","base","base","2.6.0","released",FALSE
"trunc.Date","closure","function","TRUE","FALSE","(x, ...) ","base","base","2.6.0","released",FALSE
"trunc.POSIXt","closure","function","TRUE","FALSE","(x, units = c(""secs"", ""mins"", ""hours"", ""days""), ...) ","base","base","2.6.0","released",FALSE
"truncate","closure","function","TRUE","FALSE","(con, ...) ","base","base","2.6.0","released",FALSE
"truncate.connection","closure","function","TRUE","FALSE","(con, ...) ","base","base","2.6.0","released",FALSE
"try","closure","function","TRUE","FALSE","(expr, silent = FALSE) ","base","base","2.6.0","released",FALSE
"tryCatch","closure","function","TRUE","FALSE","(expr, ..., finally) ","base","base","2.6.0","released",FALSE
"typeof","closure","function","TRUE","FALSE","(x) ","base","base","2.6.0","released",FALSE
"unclass","builtin","function","TRUE","NA","(x) ","base","base","2.6.0","released",FALSE
"undebug","builtin","function","TRUE","NA","(fun) ","base","base","2.6.0","released",FALSE
"union","closure","function","TRUE","FALSE","(x, y) ","base","base","2.6.0","released",FALSE
"unique","closure","function","TRUE","FALSE","(x, incomparables = FALSE, ...) ","base","base","2.6.0","released",FALSE
"unique.POSIXlt","closure","function","TRUE","FALSE","(x, incomparables = FALSE, ...) ","base","base","2.6.0","released",FALSE
"unique.array","closure","function","TRUE","FALSE","(x, incomparables = FALSE, MARGIN = 1, fromLast = FALSE,     ...) ","base","base","2.6.0","released",FALSE
"unique.data.frame","closure","function","TRUE","FALSE","(x, incomparables = FALSE, fromLast = FALSE, ...) ","base","base","2.6.0","released",FALSE
"unique.default","closure","function","TRUE","FALSE","(x, incomparables = FALSE, fromLast = FALSE, ...) ","base","base","2.6.0","released",FALSE
"unique.matrix","closure","function","TRUE","FALSE","(x, incomparables = FALSE, MARGIN = 1, fromLast = FALSE,     ...) ","base","base","2.6.0","released",FALSE
"units","closure","function","TRUE","FALSE","(x) ","base","base","2.6.0","released",FALSE
"units.difftime","closure","function","TRUE","FALSE","(x) ","base","base","2.6.0","released",FALSE
"units<-","closure","function","TRUE","FALSE","(x, value) ","base","base","2.6.0","released",FALSE
"units<-.difftime","closure","function","TRUE","FALSE","(x, value) ","base","base","2.6.0","released",FALSE
"unix","closure","function","TRUE","FALSE","(call, intern = FALSE) ","base","base","2.6.0","released",FALSE
"unix.time","closure","function","TRUE","FALSE","(expr, gcFirst = TRUE) ","base","base","2.6.0","released",FALSE
"unlink","closure","function","TRUE","FALSE","(x, recursive = FALSE) ","base","base","2.6.0","released",FALSE
"unlist","closure","function","TRUE","FALSE","(x, recursive = TRUE, use.names = TRUE) ","base","base","2.6.0","released",FALSE
"unloadNamespace","closure","function","TRUE","FALSE","(ns) ","base","base","2.6.0","released",FALSE
"unlockBinding","closure","function","TRUE","FALSE","(sym, env) ","base","base","2.6.0","released",FALSE
"unname","closure","function","TRUE","FALSE","(obj, force = FALSE) ","base","base","2.6.0","released",FALSE
"unserialize","closure","function","TRUE","FALSE","(connection, refhook = NULL) ","base","base","2.6.0","released",FALSE
"unsplit","closure","function","TRUE","FALSE","(value, f, drop = FALSE) ","base","base","2.6.0","released",FALSE
"untrace","closure","function","TRUE","FALSE","(what, signature = NULL, where = topenv(parent.frame())) ","base","base","2.6.0","released",FALSE
"untracemem","builtin","function","TRUE","NA","(x) ","base","base","2.6.0","released",FALSE
"unz","closure","function","TRUE","FALSE","(description, filename, open = """", encoding = getOption(""encoding"")) ","base","base","2.6.0","released",FALSE
"upper.tri","closure","function","TRUE","FALSE","(x, diag = FALSE) ","base","base","2.6.0","released",FALSE
"url","closure","function","TRUE","FALSE","(description, open = """", blocking = TRUE, encoding = getOption(""encoding"")) ","base","base","2.6.0","released",FALSE
"utf8ToInt","closure","function","TRUE","FALSE","(x) ","base","base","2.6.0","released",FALSE
"vector","closure","function","TRUE","FALSE","(mode = ""logical"", length = 0) ","base","base","2.6.0","released",FALSE
"version","list","simple.list","TRUE","FALSE","NA","base","base","2.6.0","released",FALSE
"warning","closure","function","TRUE","FALSE","(..., call. = TRUE, immediate. = FALSE, domain = NULL) ","base","base","2.6.0","released",FALSE
"warnings","closure","function","TRUE","FALSE","(...) ","base","base","2.6.0","released",FALSE
"weekdays","closure","function","TRUE","FALSE","(x, abbreviate) ","base","base","2.6.0","released",FALSE
"weekdays.Date","closure","function","TRUE","FALSE","(x, abbreviate = FALSE) ","base","base","2.6.0","released",FALSE
"weekdays.POSIXt","closure","function","TRUE","FALSE","(x, abbreviate = FALSE) ","base","base","2.6.0","released",FALSE
"which","closure","function","TRUE","FALSE","(x, arr.ind = FALSE) ","base","base","2.6.0","released",FALSE
"which.max","closure","function","TRUE","FALSE","(x) ","base","base","2.6.0","released",FALSE
"which.min","closure","function","TRUE","FALSE","(x) ","base","base","2.6.0","released",FALSE
"while","special","function","TRUE","NA","","base","base","2.6.0","released",FALSE
"with","closure","function","TRUE","FALSE","(data, expr, ...) ","base","base","2.6.0","released",FALSE
"with.default","closure","function","TRUE","FALSE","(data, expr, ...) ","base","base","2.6.0","released",FALSE
"withCallingHandlers","closure","function","TRUE","FALSE","(expr, ...) ","base","base","2.6.0","released",FALSE
"withRestarts","closure","function","TRUE","FALSE","(expr, ...) ","base","base","2.6.0","released",FALSE
"within","closure","function","TRUE","FALSE","(data, expr, ...) ","base","base","2.6.0","released",FALSE
"within.data.frame","closure","function","TRUE","FALSE","(data, expr, ...) ","base","base","2.6.0","released",FALSE
"within.list","closure","function","TRUE","FALSE","(data, expr, ...) ","base","base","2.6.0","released",FALSE
"write","closure","function","TRUE","FALSE","(x, file = ""data"", ncolumns = if (is.character(x)) 1 else 5,     append = FALSE, sep = "" "") ","base","base","2.6.0","released",FALSE
"write.dcf","closure","function","TRUE","FALSE","(x, file = """", append = FALSE, indent = 0.1 * getOption(""width""),     width = 0.9 * getOption(""width"")) ","base","base","2.6.0","released",FALSE
"write.table0","closure","function","TRUE","FALSE","(x, file = """", append = FALSE, quote = TRUE, sep = "" "",     eol = ""\n"", na = ""NA"", dec = ""."", row.names = TRUE, col.names = TRUE,     qmethod = c(""escape"", ""double"")) ","base","base","2.6.0","released",FALSE
"writeBin","closure","function","TRUE","FALSE","(object, con, size = NA, endian = .Platform$endian) ","base","base","2.6.0","released",FALSE
"writeChar","closure","function","TRUE","FALSE","(object, con, nchars = nchar(object, type = ""chars""),     eos = """") ","base","base","2.6.0","released",FALSE
"writeLines","closure","function","TRUE","FALSE","(text, con = stdout(), sep = ""\n"") ","base","base","2.6.0","released",FALSE
"xor","closure","function","TRUE","FALSE","(x, y) ","base","base","2.6.0","released",FALSE
"xpdrows.data.frame","closure","function","TRUE","FALSE","(x, old.rows, new.rows) ","base","base","2.6.0","released",FALSE
"zapsmall","closure","function","TRUE","FALSE","(x, digits = getOption(""digits"")) ","base","base","2.6.0","released",FALSE
"{","special","function","TRUE","NA","","base","base","2.6.0","released",FALSE
"|","builtin","function","TRUE","NA","(e1, e2) ","base","base","2.6.0","released",FALSE
"||","special","function","TRUE","NA","","base","base","2.6.0","released",FALSE
"~","special","function","TRUE","NA","","base","base","2.6.0","released",FALSE
"EEF.profile","closure","function","TRUE","FALSE","(y, tmin = min(y) + 0.1, tmax = max(y) - 0.1, n.t = 25,     u = function(y, t) ","boot","recommended","2.6.0","released",FALSE
"EL.profile","closure","function","TRUE","FALSE","(y, tmin = min(y) + 0.1, tmax = max(y) - 0.1, n.t = 25,     u = function(y, t) y - t) ","boot","recommended","2.6.0","released",FALSE
"abc.ci","closure","function","TRUE","FALSE","(data, statistic, index = 1, strata = rep(1, n), conf = 0.95,     eps = 0.001/n, ...) ","boot","recommended","2.6.0","released",FALSE
"acme","list","data.frame","FALSE","FALSE","NA","boot","recommended","2.6.0","released",FALSE
"aids","list","data.frame","FALSE","FALSE","NA","boot","recommended","2.6.0","released",FALSE
"aircondit","list","data.frame","FALSE","FALSE","NA","boot","recommended","2.6.0","released",FALSE
"aircondit7","list","data.frame","FALSE","FALSE","NA","boot","recommended","2.6.0","released",FALSE
"amis","list","data.frame","FALSE","FALSE","NA","boot","recommended","2.6.0","released",FALSE
"aml","list","data.frame","FALSE","FALSE","NA","boot","recommended","2.6.0","released",FALSE
"beaver","double","mts/ts","FALSE","FALSE","NA","boot","recommended","2.6.0","released",FALSE
"bigcity","list","data.frame","FALSE","FALSE","NA","boot","recommended","2.6.0","released",FALSE
"boot","closure","function","TRUE","FALSE","(data, statistic, R, sim = ""ordinary"", stype = ""i"",     strata = rep(1, n), L = NULL, m = 0, weights = NULL, ran.gen = function(d,         p) d, mle = NULL, ...) ","boot","recommended","2.6.0","released",FALSE
"boot.array","closure","function","TRUE","FALSE","(boot.out, indices = FALSE) ","boot","recommended","2.6.0","released",FALSE
"boot.ci","closure","function","TRUE","FALSE","(boot.out, conf = 0.95, type = ""all"", index = 1:min(2,     length(boot.out$t0)), var.t0 = NULL, var.t = NULL, t0 = NULL,     t = NULL, L = NULL, h = function(t) t, hdot = function(t) rep(1,         length(t)), hinv = function(t) t, ...) ","boot","recommended","2.6.0","released",FALSE
"brambles","list","data.frame","FALSE","FALSE","NA","boot","recommended","2.6.0","released",FALSE
"breslow","list","data.frame","FALSE","FALSE","NA","boot","recommended","2.6.0","released",FALSE
"calcium","list","data.frame","FALSE","FALSE","NA","boot","recommended","2.6.0","released",FALSE
"cane","list","data.frame","FALSE","FALSE","NA","boot","recommended","2.6.0","released",FALSE
"capability","list","data.frame","FALSE","FALSE","NA","boot","recommended","2.6.0","released",FALSE
"catsM","list","data.frame","FALSE","FALSE","NA","boot","recommended","2.6.0","released",FALSE
"cav","list","data.frame","FALSE","FALSE","NA","boot","recommended","2.6.0","released",FALSE
"cd4","list","data.frame","FALSE","FALSE","NA","boot","recommended","2.6.0","released",FALSE
"cd4.nested","list","boot","FALSE","FALSE","NA","boot","recommended","2.6.0","released",FALSE
"censboot","closure","function","TRUE","FALSE","(data, statistic, R, F.surv, G.surv, strata = matrix(1,     n, 2), sim = ""ordinary"", cox = NULL, index = c(1, 2), ...) ","boot","recommended","2.6.0","released",FALSE
"channing","list","data.frame","FALSE","FALSE","NA","boot","recommended","2.6.0","released",FALSE
"city","list","data.frame","FALSE","FALSE","NA","boot","recommended","2.6.0","released",FALSE
"claridge","list","data.frame","FALSE","FALSE","NA","boot","recommended","2.6.0","released",FALSE
"cloth","list","data.frame","FALSE","FALSE","NA","boot","recommended","2.6.0","released",FALSE
"co.transfer","list","data.frame","FALSE","FALSE","NA","boot","recommended","2.6.0","released",FALSE
"coal","list","data.frame","FALSE","FALSE","NA","boot","recommended","2.6.0","released",FALSE
"control","closure","function","TRUE","FALSE","(boot.out, L = NULL, distn = NULL, index = 1, t0 = NULL,     t = NULL, bias.adj = FALSE, alpha = NULL, ...) ","boot","recommended","2.6.0","released",FALSE
"corr","closure","function","TRUE","FALSE","(d, w = rep(1, nrow(d))/nrow(d)) ","boot","recommended","2.6.0","released",FALSE
"cum3","closure","function","TRUE","FALSE","(a, b = a, c = a, unbiased = TRUE) ","boot","recommended","2.6.0","released",FALSE
"cv.glm","closure","function","TRUE","FALSE","(data, glmfit, cost = function(y, yhat) mean((y - yhat)^2),     K = n) ","boot","recommended","2.6.0","released",FALSE
"darwin","list","data.frame","FALSE","FALSE","NA","boot","recommended","2.6.0","released",FALSE
"dogs","list","data.frame","FALSE","FALSE","NA","boot","recommended","2.6.0","released",FALSE
"downs.bc","list","data.frame","FALSE","FALSE","NA","boot","recommended","2.6.0","released",FALSE
"ducks","list","data.frame","FALSE","FALSE","NA","boot","recommended","2.6.0","released",FALSE
"empinf","closure","function","TRUE","FALSE","(boot.out = NULL, data = NULL, statistic = NULL, type = NULL,     stype = NULL, index = 1, t = NULL, strata = rep(1, n), eps = 0.001,     ...) ","boot","recommended","2.6.0","released",FALSE
"envelope","closure","function","TRUE","FALSE","(boot.out = NULL, mat = NULL, level = 0.95, index = 1:ncol(mat)) ","boot","recommended","2.6.0","released",FALSE
"exp.tilt","closure","function","TRUE","FALSE","(L, theta = NULL, t0 = 0, lambda = NULL, strata = rep(1,     length(L))) ","boot","recommended","2.6.0","released",FALSE
"fir","list","data.frame","FALSE","FALSE","NA","boot","recommended","2.6.0","released",FALSE
"freq.array","closure","function","TRUE","FALSE","(i.array) ","boot","recommended","2.6.0","released",FALSE
"frets","list","data.frame","FALSE","FALSE","NA","boot","recommended","2.6.0","released",FALSE
"glm.diag","closure","function","TRUE","FALSE","(glmfit) ","boot","recommended","2.6.0","released",FALSE
"glm.diag.plots","closure","function","TRUE","FALSE","(glmfit, glmdiag = glm.diag(glmfit), subset = NULL,     iden = FALSE, labels = NULL, ret = FALSE) ","boot","recommended","2.6.0","released",FALSE
"grav","list","data.frame","FALSE","FALSE","NA","boot","recommended","2.6.0","released",FALSE
"gravity","list","data.frame","FALSE","FALSE","NA","boot","recommended","2.6.0","released",FALSE
"hirose","list","data.frame","FALSE","FALSE","NA","boot","recommended","2.6.0","released",FALSE
"imp.moments","closure","function","TRUE","FALSE","(boot.out = NULL, index = 1, t = boot.out$t[, index],     w = NULL, def = TRUE, q = NULL) ","boot","recommended","2.6.0","released",FALSE
"imp.prob","closure","function","TRUE","FALSE","(boot.out = NULL, index = 1, t0 = boot.out$t0[index],     t = boot.out$t[, index], w = NULL, def = TRUE, q = NULL) ","boot","recommended","2.6.0","released",FALSE
"imp.quantile","closure","function","TRUE","FALSE","(boot.out = NULL, alpha = NULL, index = 1, t = boot.out$t[,     index], w = NULL, def = TRUE, q = NULL) ","boot","recommended","2.6.0","released",FALSE
"imp.weights","closure","function","TRUE","FALSE","(boot.out, def = TRUE, q = NULL) ","boot","recommended","2.6.0","released",FALSE
"inv.logit","closure","function","TRUE","FALSE","(x) ","boot","recommended","2.6.0","released",FALSE
"islay","list","data.frame","FALSE","FALSE","NA","boot","recommended","2.6.0","released",FALSE
"jack.after.boot","closure","function","TRUE","FALSE","(boot.out, index = 1, t = NULL, L = NULL, useJ = TRUE,     stinf = TRUE, alpha = NULL, main = """", ylab = NULL, ...) ","boot","recommended","2.6.0","released",FALSE
"k3.linear","closure","function","TRUE","FALSE","(L, strata = NULL) ","boot","recommended","2.6.0","released",FALSE
"lik.CI","closure","function","TRUE","FALSE","(like, lim) ","boot","recommended","2.6.0","released",FALSE
"linear.approx","closure","function","TRUE","FALSE","(boot.out, L = NULL, index = 1, type = NULL, t0 = NULL,     t = NULL, ...) ","boot","recommended","2.6.0","released",FALSE
"logit","closure","function","TRUE","FALSE","(p) ","boot","recommended","2.6.0","released",FALSE
"manaus","double","ts","FALSE","FALSE","NA","boot","recommended","2.6.0","released",FALSE
"melanoma","list","data.frame","FALSE","FALSE","NA","boot","recommended","2.6.0","released",FALSE
"motor","list","data.frame","FALSE","FALSE","NA","boot","recommended","2.6.0","released",FALSE
"nested.corr","closure","function","TRUE","FALSE","(data, w, t0, M) ","boot","recommended","2.6.0","released",FALSE
"neuro","double","matrix","FALSE","FALSE","NA","boot","recommended","2.6.0","released",FALSE
"nitrofen","list","data.frame","FALSE","FALSE","NA","boot","recommended","2.6.0","released",FALSE
"nodal","list","data.frame","FALSE","FALSE","NA","boot","recommended","2.6.0","released",FALSE
"norm.ci","closure","function","TRUE","FALSE","(boot.out = NULL, conf = 0.95, index = 1, var.t0 = NULL,     t0 = NULL, t = NULL, L = NULL, h = function(t) t, hdot = function(t) 1,     hinv = function(t) t) ","boot","recommended","2.6.0","released",FALSE
"nuclear","list","data.frame","FALSE","FALSE","NA","boot","recommended","2.6.0","released",FALSE
"paulsen","list","data.frame","FALSE","FALSE","NA","boot","recommended","2.6.0","released",FALSE
"poisons","list","data.frame","FALSE","FALSE","NA","boot","recommended","2.6.0","released",FALSE
"polar","list","data.frame","FALSE","FALSE","NA","boot","recommended","2.6.0","released",FALSE
"remission","list","data.frame","FALSE","FALSE","NA","boot","recommended","2.6.0","released",FALSE
"saddle","closure","function","TRUE","FALSE","(A = NULL, u = NULL, wdist = ""m"", type = ""simp"", d = NULL,     d1 = 1, init = rep(0.1, d), mu = rep(0.5, n), LR = FALSE,     strata = NULL, K.adj = NULL, K2 = NULL) ","boot","recommended","2.6.0","released",FALSE
"saddle.distn","closure","function","TRUE","FALSE","(A, u = NULL, alpha = NULL, wdist = ""m"", type = ""simp"",     npts = 20, t = NULL, t0 = NULL, init = rep(0.1, d), mu = rep(0.5,         n), LR = FALSE, strata = NULL, ...) ","boot","recommended","2.6.0","released",FALSE
"salinity","list","data.frame","FALSE","FALSE","NA","boot","recommended","2.6.0","released",FALSE
"simplex","closure","function","TRUE","FALSE","(a, A1 = NULL, b1 = NULL, A2 = NULL, b2 = NULL, A3 = NULL,     b3 = NULL, maxi = FALSE, n.iter = n + 2 * m, eps = 1e-10) ","boot","recommended","2.6.0","released",FALSE
"smooth.f","closure","function","TRUE","FALSE","(theta, boot.out, index = 1, t = boot.out$t[, index],     width = 0.5) ","boot","recommended","2.6.0","released",FALSE
"survival","list","data.frame","FALSE","FALSE","NA","boot","recommended","2.6.0","released",FALSE
"tau","list","data.frame","FALSE","FALSE","NA","boot","recommended","2.6.0","released",FALSE
"tilt.boot","closure","function","TRUE","FALSE","(data, statistic, R, sim = ""ordinary"", stype = ""i"",     strata = rep(1, n), L = NULL, theta = NULL, alpha = c(0.025,         0.975), tilt = TRUE, width = 0.5, index = 1, ...) ","boot","recommended","2.6.0","released",FALSE
"tsboot","closure","function","TRUE","FALSE","(tseries, statistic, R, l = NULL, sim = ""model"", endcorr = TRUE,     n.sim = NROW(tseries), orig.t = TRUE, ran.gen = function(tser,         n.sim, args) tser, ran.args = NULL, norm = TRUE, ...) ","boot","recommended","2.6.0","released",FALSE
"tuna","list","data.frame","FALSE","FALSE","NA","boot","recommended","2.6.0","released",FALSE
"urine","list","data.frame","FALSE","FALSE","NA","boot","recommended","2.6.0","released",FALSE
"var.linear","closure","function","TRUE","FALSE","(L, strata = NULL) ","boot","recommended","2.6.0","released",FALSE
"wool","double","ts","FALSE","FALSE","NA","boot","recommended","2.6.0","released",FALSE
"SOM","closure","function","TRUE","FALSE","(data, grid = somgrid(), rlen = 10000, alpha = seq(0.05,     0, len = rlen), radii = seq(4, 1, len = rlen), init) ","class","recommended","2.6.0","released",FALSE
"batchSOM","closure","function","TRUE","FALSE","(data, grid = somgrid(), radii, init) ","class","recommended","2.6.0","released",FALSE
"condense","closure","function","TRUE","FALSE","(train, class, store = sample(seq(n), 1), trace = TRUE) ","class","recommended","2.6.0","released",FALSE
"knn","closure","function","TRUE","FALSE","(train, test, cl, k = 1, l = 0, prob = FALSE, use.all = TRUE) ","class","recommended","2.6.0","released",FALSE
"knn.cv","closure","function","TRUE","FALSE","(train, cl, k = 1, l = 0, prob = FALSE, use.all = TRUE) ","class","recommended","2.6.0","released",FALSE
"knn1","closure","function","TRUE","FALSE","(train, test, cl) ","class","recommended","2.6.0","released",FALSE
"lvq1","closure","function","TRUE","FALSE","(x, cl, codebk, niter = 100 * nrow(codebk$x), alpha = 0.03) ","class","recommended","2.6.0","released",FALSE
"lvq2","closure","function","TRUE","FALSE","(x, cl, codebk, niter = 100 * nrow(codebk$x), alpha = 0.03,     win = 0.3) ","class","recommended","2.6.0","released",FALSE
"lvq3","closure","function","TRUE","FALSE","(x, cl, codebk, niter = 100 * nrow(codebk$x), alpha = 0.03,     win = 0.3, epsilon = 0.1) ","class","recommended","2.6.0","released",FALSE
"lvqinit","closure","function","TRUE","FALSE","(x, cl, size, prior, k = 5) ","class","recommended","2.6.0","released",FALSE
"lvqtest","closure","function","TRUE","FALSE","(codebk, test) ","class","recommended","2.6.0","released",FALSE
"multiedit","closure","function","TRUE","FALSE","(x, class, k = 1, V = 3, I = 5, trace = TRUE) ","class","recommended","2.6.0","released",FALSE
"olvq1","closure","function","TRUE","FALSE","(x, cl, codebk, niter = 40 * nrow(codebk$x), alpha = 0.3) ","class","recommended","2.6.0","released",FALSE
"reduce.nn","closure","function","TRUE","FALSE","(train, ind, class) ","class","recommended","2.6.0","released",FALSE
"somgrid","closure","function","TRUE","FALSE","(xdim = 8, ydim = 6, topo = c(""rectangular"", ""hexagonal"")) ","class","recommended","2.6.0","released",FALSE
"agnes","closure","function","TRUE","FALSE","(x, diss = inherits(x, ""dist""), metric = ""euclidean"",     stand = FALSE, method = ""average"", par.method, keep.diss = n <         100, keep.data = !diss) ","cluster","recommended","2.6.0","released",FALSE
"agriculture","list","data.frame","FALSE","FALSE","NA","cluster","recommended","2.6.0","released",FALSE
"animals","list","data.frame","FALSE","FALSE","NA","cluster","recommended","2.6.0","released",FALSE
"bannerplot","closure","function","TRUE","FALSE","(x, w = rev(x$height), fromLeft = TRUE, main = NULL,     sub = NULL, xlab = ""Height"", adj = 0, col = c(2, 0), border = 0,     axes = TRUE, frame.plot = axes, rev.xax = !fromLeft, xax.pretty = TRUE,     labels = NULL, nmax.lab = 35, max.strlen = 5, yax.do = axes &&         length(x$order) <= nmax.lab, yaxRight = fromLeft, y.mar = 2.4 +         max.strlen/2.5, ...) ","cluster","recommended","2.6.0","released",FALSE
"chorSub","integer","matrix","FALSE","FALSE","NA","cluster","recommended","2.6.0","released",FALSE
"clara","closure","function","TRUE","FALSE","(x, k, metric = ""euclidean"", stand = FALSE, samples = 5,     sampsize = min(n, 40 + 2 * k), trace = 0, medoids.x = TRUE,     keep.data = medoids.x, rngR = FALSE) ","cluster","recommended","2.6.0","released",FALSE
"clusplot","closure","function","TRUE","FALSE","(x, ...) ","cluster","recommended","2.6.0","released",FALSE
"coef.hclust","closure","function","TRUE","FALSE","(object, ...) ","cluster","recommended","2.6.0","released",FALSE
"daisy","closure","function","TRUE","FALSE","(x, metric = c(""euclidean"", ""manhattan"", ""gower""), stand = FALSE,     type = list()) ","cluster","recommended","2.6.0","released",FALSE
"diana","closure","function","TRUE","FALSE","(x, diss = inherits(x, ""dist""), metric = ""euclidean"",     stand = FALSE, keep.diss = n < 100, keep.data = !diss) ","cluster","recommended","2.6.0","released",FALSE
"ellipsoidPoints","closure","function","TRUE","FALSE","(A, d2, loc, n.half = 201) ","cluster","recommended","2.6.0","released",FALSE
"ellipsoidhull","closure","function","TRUE","FALSE","(x, tol = 0.01, maxit = 5000, ret.wt = FALSE, ret.sqdist = FALSE,     ret.pr = FALSE) ","cluster","recommended","2.6.0","released",FALSE
"fanny","closure","function","TRUE","FALSE","(x, k, diss = inherits(x, ""dist""), memb.exp = 2, metric = c(""euclidean"",     ""manhattan"", ""SqEuclidean""), stand = FALSE, iniMem.p = NULL,     cluster.only = FALSE, keep.diss = !diss && !cluster.only &&         n < 100, keep.data = !diss && !cluster.only, maxit = 500,     tol = 1e-15, trace.lev = 0) ","cluster","recommended","2.6.0","released",FALSE
"flower","list","data.frame","FALSE","FALSE","NA","cluster","recommended","2.6.0","released",FALSE
"lower.to.upper.tri.inds","closure","function","TRUE","FALSE","(n) ","cluster","recommended","2.6.0","released",FALSE
"meanabsdev","closure","function","TRUE","FALSE","(y) ","cluster","recommended","2.6.0","released",FALSE
"mona","closure","function","TRUE","FALSE","(x) ","cluster","recommended","2.6.0","released",FALSE
"pam","closure","function","TRUE","FALSE","(x, k, diss = inherits(x, ""dist""), metric = ""euclidean"",     medoids = NULL, stand = FALSE, cluster.only = FALSE, keep.diss = !diss &&         !cluster.only && n < 100, keep.data = !diss && !cluster.only,     trace.lev = 0) ","cluster","recommended","2.6.0","released",FALSE
"plantTraits","list","data.frame","FALSE","FALSE","NA","cluster","recommended","2.6.0","released",FALSE
"pltree","closure","function","TRUE","FALSE","(x, ...) ","cluster","recommended","2.6.0","released",FALSE
"pluton","list","data.frame","FALSE","FALSE","NA","cluster","recommended","2.6.0","released",FALSE
"predict.ellipsoid","closure","function","TRUE","FALSE","(object, n.out = 201, ...) ","cluster","recommended","2.6.0","released",FALSE
"ruspini","list","data.frame","FALSE","FALSE","NA","cluster","recommended","2.6.0","released",FALSE
"silhouette","closure","function","TRUE","FALSE","(x, ...) ","cluster","recommended","2.6.0","released",FALSE
"sizeDiss","closure","function","TRUE","FALSE","(d) ","cluster","recommended","2.6.0","released",FALSE
"sortSilhouette","closure","function","TRUE","FALSE","(object, ...) ","cluster","recommended","2.6.0","released",FALSE
"upper.to.lower.tri.inds","closure","function","TRUE","FALSE","(n) ","cluster","recommended","2.6.0","released",FALSE
"volume","closure","function","TRUE","FALSE","(object) ","cluster","recommended","2.6.0","released",FALSE
"votes.repub","list","data.frame","FALSE","FALSE","NA","cluster","recommended","2.6.0","released",FALSE
"xclara","list","data.frame","FALSE","FALSE","NA","cluster","recommended","2.6.0","released",FALSE
"checkUsage","closure","function","TRUE","FALSE","(fun, name = ""<anonymous>"", report = cat, all = FALSE,     suppressLocal = FALSE, suppressParamAssigns = !all, suppressParamUnused = !all,     suppressFundefMismatch = FALSE, suppressLocalUnused = FALSE,     suppressNoLocalFun = !all, skipWith = FALSE, suppressUndefined = dfltSuppressUndefined) ","codetools","recommended","2.6.0","released",FALSE
"checkUsageEnv","closure","function","TRUE","FALSE","(env, ...) ","codetools","recommended","2.6.0","released",FALSE
"checkUsagePackage","closure","function","TRUE","FALSE","(pack, ...) ","codetools","recommended","2.6.0","released",FALSE
"collectLocals","closure","function","TRUE","FALSE","(e, collect) ","codetools","recommended","2.6.0","released",FALSE
"collectUsage","closure","function","TRUE","FALSE","(fun, name = ""<anonymous>"", ...) ","codetools","recommended","2.6.0","released",FALSE
"constantFold","closure","function","TRUE","FALSE","(e, env = NULL, fail = NULL) ","codetools","recommended","2.6.0","released",FALSE
"findFuncLocals","closure","function","TRUE","FALSE","(formals, body) ","codetools","recommended","2.6.0","released",FALSE
"findGlobals","closure","function","TRUE","FALSE","(fun, merge = TRUE) ","codetools","recommended","2.6.0","released",FALSE
"findLocals","closure","function","TRUE","FALSE","(e, envir = .BaseEnv) ","codetools","recommended","2.6.0","released",FALSE
"findLocalsList","closure","function","TRUE","FALSE","(elist, envir = .BaseEnv) ","codetools","recommended","2.6.0","released",FALSE
"flattenAssignment","closure","function","TRUE","FALSE","(e) ","codetools","recommended","2.6.0","released",FALSE
"getAssignedVar","closure","function","TRUE","FALSE","(e) ","codetools","recommended","2.6.0","released",FALSE
"isConstantValue","closure","function","TRUE","FALSE","(v, w) ","codetools","recommended","2.6.0","released",FALSE
"makeCodeWalker","closure","function","TRUE","FALSE","(..., handler = function(v, w) NULL, call = function(e,     w) for (ee in as.list(e)) if (!missing(ee)) walkCode(ee,     w), leaf = function(e, w) print(e)) ","codetools","recommended","2.6.0","released",FALSE
"makeConstantFolder","closure","function","TRUE","FALSE","(..., leaf = foldLeaf, handler = function(v, w) if (w$foldable(v,     w)) foldCall, call = function(e, w) exitFolder(e, w), exit = function(e,     w) stop0(paste(""not a foldable expression:"", deparse(e, width.cutoff = 500))),     isLocal = function(v, w) FALSE, foldable = isFoldable, isConstant = isConstantValue,     signal = function(e, msg, w) warning0(msg)) ","codetools","recommended","2.6.0","released",FALSE
"makeLocalsCollector","closure","function","TRUE","FALSE","(..., leaf = function(e, w) character(0), handler = getCollectLocalsHandler,     isLocal = function(v, w) FALSE, exit = function(e, msg, w) stop0(msg),     collect = function(v, e, w) print(v)) ","codetools","recommended","2.6.0","released",FALSE
"makeUsageCollector","closure","function","TRUE","FALSE","(fun, ..., name = NULL, enterLocal = doNothing, enterGlobal = doNothing,     enterInternal = doNothing, startCollectLocals = doNothing,     finishCollectLocals = doNothing, warn = warning0, signal = signalUsageIssue) ","codetools","recommended","2.6.0","released",FALSE
"showTree","closure","function","TRUE","FALSE","(e, write = cat) ","codetools","recommended","2.6.0","released",FALSE
"walkCode","closure","function","TRUE","FALSE","(e, w = makeCodeWalker()) ","codetools","recommended","2.6.0","released",FALSE
".First.lib","closure","function","NA","FALSE","(...) ","datasets","base","2.6.0","released", TRUE
".noGenerics","logical","logical","NA","FALSE","NA","datasets","base","2.6.0","released", TRUE
".packageName","character","character","NA","FALSE","NA","datasets","base","2.6.0","released", TRUE
"AirPassengers","double","ts","NA","FALSE","NA","datasets","base","2.6.0","released",FALSE
"BJsales","double","ts","NA","FALSE","NA","datasets","base","2.6.0","released",FALSE
"BJsales.lead","double","ts","NA","FALSE","NA","datasets","base","2.6.0","released",FALSE
"BOD","list","data.frame","NA","FALSE","NA","datasets","base","2.6.0","released",FALSE
"CO2","list","nfnGroupedData/nfGroupedData/groupedData/data.frame","NA","FALSE","NA","datasets","base","2.6.0","released",FALSE
"ChickWeight","list","nfnGroupedData/nfGroupedData/groupedData/data.frame","NA","FALSE","NA","datasets","base","2.6.0","released",FALSE
"DNase","list","nfnGroupedData/nfGroupedData/groupedData/data.frame","NA","FALSE","NA","datasets","base","2.6.0","released",FALSE
"EuStockMarkets","double","mts/ts","NA","FALSE","NA","datasets","base","2.6.0","released",FALSE
"Formaldehyde","list","data.frame","NA","FALSE","NA","datasets","base","2.6.0","released",FALSE
"HairEyeColor","double","table","NA","FALSE","NA","datasets","base","2.6.0","released",FALSE
"Harman23.cor","list","list","NA","FALSE","NA","datasets","base","2.6.0","released",FALSE
"Harman74.cor","list","list","NA","FALSE","NA","datasets","base","2.6.0","released",FALSE
"Indometh","list","nfnGroupedData/nfGroupedData/groupedData/data.frame","NA","FALSE","NA","datasets","base","2.6.0","released",FALSE
"InsectSprays","list","data.frame","NA","FALSE","NA","datasets","base","2.6.0","released",FALSE
"JohnsonJohnson","double","ts","NA","FALSE","NA","datasets","base","2.6.0","released",FALSE
"LakeHuron","double","ts","NA","FALSE","NA","datasets","base","2.6.0","released",FALSE
"LifeCycleSavings","list","data.frame","NA","FALSE","NA","datasets","base","2.6.0","released",FALSE
"Loblolly","list","nfnGroupedData/nfGroupedData/groupedData/data.frame","NA","FALSE","NA","datasets","base","2.6.0","released",FALSE
"Nile","double","ts","NA","FALSE","NA","datasets","base","2.6.0","released",FALSE
"Orange","list","nfnGroupedData/nfGroupedData/groupedData/data.frame","NA","FALSE","NA","datasets","base","2.6.0","released",FALSE
"OrchardSprays","list","data.frame","NA","FALSE","NA","datasets","base","2.6.0","released",FALSE
"PlantGrowth","list","data.frame","NA","FALSE","NA","datasets","base","2.6.0","released",FALSE
"Puromycin","list","data.frame","NA","FALSE","NA","datasets","base","2.6.0","released",FALSE
"Seatbelts","double","mts/ts","NA","FALSE","NA","datasets","base","2.6.0","released",FALSE
"Theoph","list","nfnGroupedData/nfGroupedData/groupedData/data.frame","NA","FALSE","NA","datasets","base","2.6.0","released",FALSE
"Titanic","double","table","NA","FALSE","NA","datasets","base","2.6.0","released",FALSE
"ToothGrowth","list","data.frame","NA","FALSE","NA","datasets","base","2.6.0","released",FALSE
"UCBAdmissions","double","table","NA","FALSE","NA","datasets","base","2.6.0","released",FALSE
"UKDriverDeaths","double","ts","NA","FALSE","NA","datasets","base","2.6.0","released",FALSE
"UKgas","double","ts","NA","FALSE","NA","datasets","base","2.6.0","released",FALSE
"USAccDeaths","double","ts","NA","FALSE","NA","datasets","base","2.6.0","released",FALSE
"USArrests","list","data.frame","NA","FALSE","NA","datasets","base","2.6.0","released",FALSE
"USJudgeRatings","list","data.frame","NA","FALSE","NA","datasets","base","2.6.0","released",FALSE
"USPersonalExpenditure","double","matrix","NA","FALSE","NA","datasets","base","2.6.0","released",FALSE
"VADeaths","double","matrix","NA","FALSE","NA","datasets","base","2.6.0","released",FALSE
"WWWusage","double","ts","NA","FALSE","NA","datasets","base","2.6.0","released",FALSE
"WorldPhones","double","matrix","NA","FALSE","NA","datasets","base","2.6.0","released",FALSE
"ability.cov","list","list","NA","FALSE","NA","datasets","base","2.6.0","released",FALSE
"airmiles","double","ts","NA","FALSE","NA","datasets","base","2.6.0","released",FALSE
"airquality","list","data.frame","NA","FALSE","NA","datasets","base","2.6.0","released",FALSE
"anscombe","list","data.frame","NA","FALSE","NA","datasets","base","2.6.0","released",FALSE
"attenu","list","data.frame","NA","FALSE","NA","datasets","base","2.6.0","released",FALSE
"attitude","list","data.frame","NA","FALSE","NA","datasets","base","2.6.0","released",FALSE
"austres","double","ts","NA","FALSE","NA","datasets","base","2.6.0","released",FALSE
"beaver1","list","data.frame","NA","FALSE","NA","datasets","base","2.6.0","released",FALSE
"beaver2","list","data.frame","NA","FALSE","NA","datasets","base","2.6.0","released",FALSE
"cars","list","data.frame","NA","FALSE","NA","datasets","base","2.6.0","released",FALSE
"chickwts","list","data.frame","NA","FALSE","NA","datasets","base","2.6.0","released",FALSE
"co2","double","ts","NA","FALSE","NA","datasets","base","2.6.0","released",FALSE
"crimtab","integer","table","NA","FALSE","NA","datasets","base","2.6.0","released",FALSE
"discoveries","double","ts","NA","FALSE","NA","datasets","base","2.6.0","released",FALSE
"esoph","list","data.frame","NA","FALSE","NA","datasets","base","2.6.0","released",FALSE
"euro","double","numeric","NA","FALSE","NA","datasets","base","2.6.0","released",FALSE
"euro.cross","double","matrix","NA","FALSE","NA","datasets","base","2.6.0","released",FALSE
"eurodist","double","dist","NA","FALSE","NA","datasets","base","2.6.0","released",FALSE
"faithful","list","data.frame","NA","FALSE","NA","datasets","base","2.6.0","released",FALSE
"fdeaths","double","ts","NA","FALSE","NA","datasets","base","2.6.0","released",FALSE
"freeny","list","data.frame","NA","FALSE","NA","datasets","base","2.6.0","released",FALSE
"freeny.x","double","matrix","NA","FALSE","NA","datasets","base","2.6.0","released",FALSE
"freeny.y","double","ts","NA","FALSE","NA","datasets","base","2.6.0","released",FALSE
"infert","list","data.frame","NA","FALSE","NA","datasets","base","2.6.0","released",FALSE
"iris","list","data.frame","NA","FALSE","NA","datasets","base","2.6.0","released",FALSE
"iris3","double","array","NA","FALSE","NA","datasets","base","2.6.0","released",FALSE
"islands","double","numeric","NA","FALSE","NA","datasets","base","2.6.0","released",FALSE
"ldeaths","double","ts","NA","FALSE","NA","datasets","base","2.6.0","released",FALSE
"lh","double","ts","NA","FALSE","NA","datasets","base","2.6.0","released",FALSE
"longley","list","data.frame","NA","FALSE","NA","datasets","base","2.6.0","released",FALSE
"lynx","double","ts","NA","FALSE","NA","datasets","base","2.6.0","released",FALSE
"mdeaths","double","ts","NA","FALSE","NA","datasets","base","2.6.0","released",FALSE
"morley","list","data.frame","NA","FALSE","NA","datasets","base","2.6.0","released",FALSE
"mtcars","list","data.frame","NA","FALSE","NA","datasets","base","2.6.0","released",FALSE
"nhtemp","double","ts","NA","FALSE","NA","datasets","base","2.6.0","released",FALSE
"nottem","double","ts","NA","FALSE","NA","datasets","base","2.6.0","released",FALSE
"precip","double","numeric","NA","FALSE","NA","datasets","base","2.6.0","released",FALSE
"presidents","double","ts","NA","FALSE","NA","datasets","base","2.6.0","released",FALSE
"pressure","list","data.frame","NA","FALSE","NA","datasets","base","2.6.0","released",FALSE
"quakes","list","data.frame","NA","FALSE","NA","datasets","base","2.6.0","released",FALSE
"randu","list","data.frame","NA","FALSE","NA","datasets","base","2.6.0","released",FALSE
"rivers","double","numeric","NA","FALSE","NA","datasets","base","2.6.0","released",FALSE
"rock","list","data.frame","NA","FALSE","NA","datasets","base","2.6.0","released",FALSE
"sleep","list","data.frame","NA","FALSE","NA","datasets","base","2.6.0","released",FALSE
"stack.loss","double","numeric","NA","FALSE","NA","datasets","base","2.6.0","released",FALSE
"stack.x","double","matrix","NA","FALSE","NA","datasets","base","2.6.0","released",FALSE
"stackloss","list","data.frame","NA","FALSE","NA","datasets","base","2.6.0","released",FALSE
"state.abb","character","character","NA","FALSE","NA","datasets","base","2.6.0","released",FALSE
"state.area","double","numeric","NA","FALSE","NA","datasets","base","2.6.0","released",FALSE
"state.center","list","list","NA","FALSE","NA","datasets","base","2.6.0","released",FALSE
"state.division","integer","factor","NA","FALSE","NA","datasets","base","2.6.0","released",FALSE
"state.name","character","character","NA","FALSE","NA","datasets","base","2.6.0","released",FALSE
"state.region","integer","factor","NA","FALSE","NA","datasets","base","2.6.0","released",FALSE
"state.x77","double","matrix","NA","FALSE","NA","datasets","base","2.6.0","released",FALSE
"sunspot.month","double","ts","NA","FALSE","NA","datasets","base","2.6.0","released",FALSE
"sunspot.year","double","ts","NA","FALSE","NA","datasets","base","2.6.0","released",FALSE
"sunspots","double","ts","NA","FALSE","NA","datasets","base","2.6.0","released",FALSE
"swiss","list","data.frame","NA","FALSE","NA","datasets","base","2.6.0","released",FALSE
"treering","double","ts","NA","FALSE","NA","datasets","base","2.6.0","released",FALSE
"trees","list","data.frame","NA","FALSE","NA","datasets","base","2.6.0","released",FALSE
"uspop","double","ts","NA","FALSE","NA","datasets","base","2.6.0","released",FALSE
"volcano","double","matrix","NA","FALSE","NA","datasets","base","2.6.0","released",FALSE
"warpbreaks","list","data.frame","NA","FALSE","NA","datasets","base","2.6.0","released",FALSE
"women","list","data.frame","NA","FALSE","NA","datasets","base","2.6.0","released",FALSE
"data.restore","closure","function","TRUE","FALSE","(file, print = FALSE, verbose = FALSE, env = .GlobalEnv) ","foreign","recommended","2.6.0","released",FALSE
"lookup.xport","closure","function","TRUE","FALSE","(file) ","foreign","recommended","2.6.0","released",FALSE
"read.S","closure","function","TRUE","FALSE","(file) ","foreign","recommended","2.6.0","released",FALSE
"read.arff","closure","function","TRUE","FALSE","(file) ","foreign","recommended","2.6.0","released",FALSE
"read.dbf","closure","function","TRUE","FALSE","(file, as.is = FALSE) ","foreign","recommended","2.6.0","released",FALSE
"read.dta","closure","function","TRUE","FALSE","(file, convert.dates = TRUE, tz = NULL, convert.factors = TRUE,     missing.type = FALSE, convert.underscore = TRUE, warn.missing.labels = TRUE) ","foreign","recommended","2.6.0","released",FALSE
"read.epiinfo","closure","function","TRUE","FALSE","(file, read.deleted = FALSE, guess.broken.dates = FALSE,     thisyear = NULL, lower.case.names = FALSE) ","foreign","recommended","2.6.0","released",FALSE
"read.mtp","closure","function","TRUE","FALSE","(file) ","foreign","recommended","2.6.0","released",FALSE
"read.octave","closure","function","TRUE","FALSE","(file) ","foreign","recommended","2.6.0","released",FALSE
"read.spss","closure","function","TRUE","FALSE","(file, use.value.labels = TRUE, to.data.frame = FALSE,     max.value.labels = Inf, trim.factor.names = FALSE, trim_values = TRUE) ","foreign","recommended","2.6.0","released",FALSE
"read.ssd","closure","function","TRUE","FALSE","(libname, sectionnames, tmpXport = tempfile(), tmpProgLoc = tempfile(),     sascmd = ""sas"") ","foreign","recommended","2.6.0","released",FALSE
"read.systat","closure","function","TRUE","FALSE","(file, to.data.frame = TRUE) ","foreign","recommended","2.6.0","released",FALSE
"read.xport","closure","function","TRUE","FALSE","(file) ","foreign","recommended","2.6.0","released",FALSE
"write.arff","closure","function","TRUE","FALSE","(x, file, eol = ""\n"") ","foreign","recommended","2.6.0","released",FALSE
"write.dbf","closure","function","TRUE","FALSE","(dataframe, file, factor2char = TRUE, max_nchar = 254) ","foreign","recommended","2.6.0","released",FALSE
"write.dta","closure","function","TRUE","FALSE","(dataframe, file, version = 6, convert.dates = TRUE,     tz = ""GMT"", convert.factors = c(""labels"", ""string"", ""numeric"",         ""codes"")) ","foreign","recommended","2.6.0","released",FALSE
"write.foreign","closure","function","TRUE","FALSE","(df, datafile, codefile, package = c(""SPSS"", ""Stata"",     ""SAS""), ...) ","foreign","recommended","2.6.0","released",FALSE
"CIDFont","closure","function","TRUE","FALSE","(family, cmap, cmapEncoding, pdfresource = """") ","grDevices","base","2.6.0","released",FALSE
"Hershey","list","list","TRUE","FALSE","NA","grDevices","base","2.6.0","released",FALSE
"Type1Font","closure","function","TRUE","FALSE","(family, metrics, encoding = ""default"") ","grDevices","base","2.6.0","released",FALSE
"X11","closure","function","TRUE","FALSE","(display = """", width = 7, height = 7, pointsize = 12,     gamma = getOption(""gamma""), colortype = getOption(""X11colortype""),     maxcubesize = 256, bg = ""transparent"", canvas = ""white"",     fonts = getOption(""X11fonts""), xpos = NA, ypos = NA) ","grDevices","base","2.6.0","released",FALSE
"X11Font","closure","function","TRUE","FALSE","(font) ","grDevices","base","2.6.0","released",FALSE
"X11Fonts","closure","function","TRUE","FALSE","(...) ","grDevices","base","2.6.0","released",FALSE
"as.graphicsAnnot","closure","function","TRUE","FALSE","(x) ","grDevices","base","2.6.0","released",FALSE
"bitmap","closure","function","TRUE","FALSE","(file, type = ""png256"", height = 6, width = 6, res = 72,     units = ""in"", pointsize, ...) ","grDevices","base","2.6.0","released",FALSE
"boxplot.stats","closure","function","TRUE","FALSE","(x, coef = 1.5, do.conf = TRUE, do.out = TRUE) ","grDevices","base","2.6.0","released",FALSE
"check.options","closure","function","TRUE","FALSE","(new, name.opt, reset = FALSE, assign.opt = FALSE, envir = .GlobalEnv,     check.attributes = c(""mode"", ""length""), override.check = FALSE) ","grDevices","base","2.6.0","released",FALSE
"chull","closure","function","TRUE","FALSE","(x, y = NULL) ","grDevices","base","2.6.0","released",FALSE
"cm","closure","function","TRUE","FALSE","(x) ","grDevices","base","2.6.0","released",FALSE
"cm.colors","closure","function","TRUE","FALSE","(n, alpha = 1) ","grDevices","base","2.6.0","released",FALSE
"col2rgb","closure","function","TRUE","FALSE","(col, alpha = FALSE) ","grDevices","base","2.6.0","released",FALSE
"colorConverter","closure","function","TRUE","FALSE","(toXYZ, fromXYZ, name, white = NULL) ","grDevices","base","2.6.0","released",FALSE
"colorRamp","closure","function","TRUE","FALSE","(colors, bias = 1, space = c(""rgb"", ""Lab""), interpolate = c(""linear"",     ""spline"")) ","grDevices","base","2.6.0","released",FALSE
"colorRampPalette","closure","function","TRUE","FALSE","(colors, ...) ","grDevices","base","2.6.0","released",FALSE
"colors","closure","function","TRUE","FALSE","() ","grDevices","base","2.6.0","released",FALSE
"colorspaces","list","list","TRUE","FALSE","NA","grDevices","base","2.6.0","released",FALSE
"colours","closure","function","TRUE","FALSE","() ","grDevices","base","2.6.0","released",FALSE
"contourLines","closure","function","TRUE","FALSE","(x = seq(0, 1, length.out = nrow(z)), y = seq(0, 1,     length.out = ncol(z)), z, nlevels = 10, levels = pretty(range(z,     na.rm = TRUE), nlevels)) ","grDevices","base","2.6.0","released",FALSE
"convertColor","closure","function","TRUE","FALSE","(color, from, to, from.ref.white = NULL, to.ref.white = NULL,     scale.in = 1, scale.out = 1, clip = TRUE) ","grDevices","base","2.6.0","released",FALSE
"dev.control","closure","function","TRUE","FALSE","(displaylist = c(""inhibit"", ""enable"")) ","grDevices","base","2.6.0","released",FALSE
"dev.copy","closure","function","TRUE","FALSE","(device, ..., which = dev.next()) ","grDevices","base","2.6.0","released",FALSE
"dev.copy2eps","closure","function","TRUE","FALSE","(...) ","grDevices","base","2.6.0","released",FALSE
"dev.cur","closure","function","TRUE","FALSE","() ","grDevices","base","2.6.0","released",FALSE
"dev.interactive","closure","function","TRUE","FALSE","(orNone = FALSE) ","grDevices","base","2.6.0","released",FALSE
"dev.list","closure","function","TRUE","FALSE","() ","grDevices","base","2.6.0","released",FALSE
"dev.next","closure","function","TRUE","FALSE","(which = dev.cur()) ","grDevices","base","2.6.0","released",FALSE
"dev.off","closure","function","TRUE","FALSE","(which = dev.cur()) ","grDevices","base","2.6.0","released",FALSE
"dev.prev","closure","function","TRUE","FALSE","(which = dev.cur()) ","grDevices","base","2.6.0","released",FALSE
"dev.print","closure","function","TRUE","FALSE","(device = postscript, ...) ","grDevices","base","2.6.0","released",FALSE
"dev.set","closure","function","TRUE","FALSE","(which = dev.next()) ","grDevices","base","2.6.0","released",FALSE
"dev2bitmap","closure","function","TRUE","FALSE","(file, type = ""png256"", height = 6, width = 6, res = 72,     units = ""in"", pointsize, ..., method = c(""postscript"", ""pdf"")) ","grDevices","base","2.6.0","released",FALSE
"deviceIsInteractive","closure","function","TRUE","FALSE","(name) ","grDevices","base","2.6.0","released",FALSE
"embedFonts","closure","function","TRUE","FALSE","(file, format, outfile = file, fontpaths = """", options = """") ","grDevices","base","2.6.0","released",FALSE
"extendrange","closure","function","TRUE","FALSE","(x, r = range(x, na.rm = TRUE), f = 0.05) ","grDevices","base","2.6.0","released",FALSE
"getGraphicsEvent","closure","function","TRUE","FALSE","(prompt = ""Waiting for input"", onMouseDown = NULL, onMouseMove = NULL,     onMouseUp = NULL, onKeybd = NULL) ","grDevices","base","2.6.0","released",FALSE
"graphics.off","closure","function","TRUE","FALSE","() ","grDevices","base","2.6.0","released",FALSE
"gray","closure","function","TRUE","FALSE","(level) ","grDevices","base","2.6.0","released",FALSE
"gray.colors","closure","function","TRUE","FALSE","(n, start = 0.3, end = 0.9, gamma = 2.2) ","grDevices","base","2.6.0","released",FALSE
"grey","closure","function","TRUE","FALSE","(level) ","grDevices","base","2.6.0","released",FALSE
"grey.colors","closure","function","TRUE","FALSE","(n, start = 0.3, end = 0.9, gamma = 2.2) ","grDevices","base","2.6.0","released",FALSE
"hcl","closure","function","TRUE","FALSE","(h = 0, c = 35, l = 85, alpha = 1, fixup = TRUE) ","grDevices","base","2.6.0","released",FALSE
"heat.colors","closure","function","TRUE","FALSE","(n, alpha = 1) ","grDevices","base","2.6.0","released",FALSE
"hsv","closure","function","TRUE","FALSE","(h = 1, s = 1, v = 1, gamma = 1, alpha = 1) ","grDevices","base","2.6.0","released",FALSE
"jpeg","closure","function","TRUE","FALSE","(filename = ""Rplot%03d.jpeg"", width = 480, height = 480,     units = ""px"", pointsize = 12, quality = 75, bg = ""white"",     res = NA, ...) ","grDevices","base","2.6.0","released",FALSE
"make.rgb","closure","function","TRUE","FALSE","(red, green, blue, name = NULL, white = ""D65"", gamma = 2.2) ","grDevices","base","2.6.0","released",FALSE
"n2mfrow","closure","function","TRUE","FALSE","(nr.plots) ","grDevices","base","2.6.0","released",FALSE
"nclass.FD","closure","function","TRUE","FALSE","(x) ","grDevices","base","2.6.0","released",FALSE
"nclass.Sturges","closure","function","TRUE","FALSE","(x) ","grDevices","base","2.6.0","released",FALSE
"nclass.scott","closure","function","TRUE","FALSE","(x) ","grDevices","base","2.6.0","released",FALSE
"palette","closure","function","TRUE","FALSE","(value) ","grDevices","base","2.6.0","released",FALSE
"pdf","closure","function","TRUE","FALSE","(file = ifelse(onefile, ""Rplots.pdf"", ""Rplot%03d.pdf""),     width = 6, height = 6, onefile = TRUE, family = ""Helvetica"",     title = ""R Graphics Output"", fonts = NULL, version = ""1.1"",     paper = ""special"", encoding, bg, fg, pointsize, pagecentre) ","grDevices","base","2.6.0","released",FALSE
"pdfFonts","closure","function","TRUE","FALSE","(...) ","grDevices","base","2.6.0","released",FALSE
"pictex","closure","function","TRUE","FALSE","(file = ""Rplots.tex"", width = 5, height = 4, debug = FALSE,     bg = ""white"", fg = ""black"") ","grDevices","base","2.6.0","released",FALSE
"png","closure","function","TRUE","FALSE","(filename = ""Rplot%03d.png"", width = 480, height = 480,     units = ""px"", pointsize = 12, bg = ""white"", res = NA, ...) ","grDevices","base","2.6.0","released",FALSE
"postscript","closure","function","TRUE","FALSE","(file = ifelse(onefile, ""Rplots.ps"", ""Rplot%03d.ps""),     onefile = TRUE, family, title = ""R Graphics Output"", fonts = NULL,     encoding, bg, fg, width, height, horizontal, pointsize, paper,     pagecentre, print.it, command, colormodel) ","grDevices","base","2.6.0","released",FALSE
"postscriptFont","closure","function","TRUE","FALSE","(family, metrics, encoding = ""default"") ","grDevices","base","2.6.0","released",FALSE
"postscriptFonts","closure","function","TRUE","FALSE","(...) ","grDevices","base","2.6.0","released",FALSE
"ps.options","closure","function","TRUE","FALSE","(..., reset = FALSE, override.check = FALSE) ","grDevices","base","2.6.0","released",FALSE
"quartz","closure","function","TRUE","FALSE","(display = """", width = 5, height = 5, pointsize = 12,     family = ""Helvetica"", antialias = TRUE, autorefresh = TRUE) ","grDevices","base","2.6.0","released",FALSE
"quartzFont","closure","function","TRUE","FALSE","(family) ","grDevices","base","2.6.0","released",FALSE
"quartzFonts","closure","function","TRUE","FALSE","(...) ","grDevices","base","2.6.0","released",FALSE
"rainbow","closure","function","TRUE","FALSE","(n, s = 1, v = 1, start = 0, end = max(1, n - 1)/n,     gamma = 1, alpha = 1) ","grDevices","base","2.6.0","released",FALSE
"recordGraphics","closure","function","TRUE","FALSE","(expr, list, env) ","grDevices","base","2.6.0","released",FALSE
"recordPlot","closure","function","TRUE","FALSE","() ","grDevices","base","2.6.0","released",FALSE
"replayPlot","closure","function","TRUE","FALSE","(x) ","grDevices","base","2.6.0","released",FALSE
"rgb","closure","function","TRUE","FALSE","(red, green, blue, alpha, names = NULL, maxColorValue = 1) ","grDevices","base","2.6.0","released",FALSE
"rgb2hsv","closure","function","TRUE","FALSE","(r, g = NULL, b = NULL, gamma = 1, maxColorValue = 255) ","grDevices","base","2.6.0","released",FALSE
"terrain.colors","closure","function","TRUE","FALSE","(n, alpha = 1) ","grDevices","base","2.6.0","released",FALSE
"topo.colors","closure","function","TRUE","FALSE","(n, alpha = 1) ","grDevices","base","2.6.0","released",FALSE
"trans3d","closure","function","TRUE","FALSE","(x, y, z, pmat) ","grDevices","base","2.6.0","released",FALSE
"x11","closure","function","TRUE","FALSE","(display = """", width = 7, height = 7, pointsize = 12,     gamma = getOption(""gamma""), colortype = getOption(""X11colortype""),     maxcubesize = 256, bg = ""transparent"", canvas = ""white"",     fonts = getOption(""X11fonts""), xpos = NA, ypos = NA) ","grDevices","base","2.6.0","released",FALSE
"xfig","closure","function","TRUE","FALSE","(file = ifelse(onefile, ""Rplots.fig"", ""Rplot%03d.fig""),     onefile = FALSE, encoding = ""none"", ...) ","grDevices","base","2.6.0","released",FALSE
"xy.coords","closure","function","TRUE","FALSE","(x, y = NULL, xlab = NULL, ylab = NULL, log = NULL,     recycle = FALSE) ","grDevices","base","2.6.0","released",FALSE
"xyTable","closure","function","TRUE","FALSE","(x, y = NULL, digits) ","grDevices","base","2.6.0","released",FALSE
"xyz.coords","closure","function","TRUE","FALSE","(x, y = NULL, z = NULL, xlab = NULL, ylab = NULL, zlab = NULL,     log = NULL, recycle = FALSE) ","grDevices","base","2.6.0","released",FALSE
"Axis","closure","function","TRUE","FALSE","(x = NULL, at = NULL, ..., side, labels = NULL) ","graphics","base","2.6.0","released",FALSE
"abline","closure","function","TRUE","FALSE","(a = NULL, b = NULL, h = NULL, v = NULL, reg = NULL,     coef = NULL, untf = FALSE, ...) ","graphics","base","2.6.0","released",FALSE
"arrows","closure","function","TRUE","FALSE","(x0, y0, x1, y1, length = 0.25, angle = 30, code = 2,     col = par(""fg""), lty = par(""lty""), lwd = par(""lwd""), ...) ","graphics","base","2.6.0","released",FALSE
"assocplot","closure","function","TRUE","FALSE","(x, col = c(""black"", ""red""), space = 0.3, main = NULL,     xlab = NULL, ylab = NULL) ","graphics","base","2.6.0","released",FALSE
"axTicks","closure","function","TRUE","FALSE","(side, axp = NULL, usr = NULL, log = NULL) ","graphics","base","2.6.0","released",FALSE
"axis","closure","function","TRUE","FALSE","(side, at = NULL, labels = TRUE, tick = TRUE, line = NA,     pos = NA, outer = FALSE, font = NA, lty = ""solid"", lwd = 1,     col = NULL, hadj = NA, padj = NA, ...) ","graphics","base","2.6.0","released",FALSE
"axis.Date","closure","function","TRUE","FALSE","(side, x, at, format, labels = TRUE, ...) ","graphics","base","2.6.0","released",FALSE
"axis.POSIXct","closure","function","TRUE","FALSE","(side, x, at, format, labels = TRUE, ...) ","graphics","base","2.6.0","released",FALSE
"barplot","closure","function","TRUE","FALSE","(height, ...) ","graphics","base","2.6.0","released",FALSE
"barplot.default","closure","function","TRUE","FALSE","(height, width = 1, space = NULL, names.arg = NULL,     legend.text = NULL, beside = FALSE, horiz = FALSE, density = NULL,     angle = 45, col = NULL, border = par(""fg""), main = NULL,     sub = NULL, xlab = NULL, ylab = NULL, xlim = NULL, ylim = NULL,     xpd = TRUE, log = """", axes = TRUE, axisnames = TRUE, cex.axis = par(""cex.axis""),     cex.names = par(""cex.axis""), inside = TRUE, plot = TRUE,     axis.lty = 0, offset = 0, add = FALSE, ...) ","graphics","base","2.6.0","released",FALSE
"box","closure","function","TRUE","FALSE","(which = ""plot"", lty = ""solid"", ...) ","graphics","base","2.6.0","released",FALSE
"boxplot","closure","function","TRUE","FALSE","(x, ...) ","graphics","base","2.6.0","released",FALSE
"boxplot.default","closure","function","TRUE","FALSE","(x, ..., range = 1.5, width = NULL, varwidth = FALSE,     notch = FALSE, outline = TRUE, names, plot = TRUE, border = par(""fg""),     col = NULL, log = """", pars = list(boxwex = 0.8, staplewex = 0.5,         outwex = 0.5), horizontal = FALSE, add = FALSE, at = NULL) ","graphics","base","2.6.0","released",FALSE
"bxp","closure","function","TRUE","FALSE","(z, notch = FALSE, width = NULL, varwidth = FALSE, outline = TRUE,     notch.frac = 0.5, log = """", border = par(""fg""), pars = NULL,     frame.plot = axes, horizontal = FALSE, add = FALSE, at = NULL,     show.names = NULL, ...) ","graphics","base","2.6.0","released",FALSE
"cdplot","closure","function","TRUE","FALSE","(x, ...) ","graphics","base","2.6.0","released",FALSE
"close.screen","closure","function","TRUE","FALSE","(n, all.screens = FALSE) ","graphics","base","2.6.0","released",FALSE
"co.intervals","closure","function","TRUE","FALSE","(x, number = 6, overlap = 0.5) ","graphics","base","2.6.0","released",FALSE
"contour","closure","function","TRUE","FALSE","(x, ...) ","graphics","base","2.6.0","released",FALSE
"contour.default","closure","function","TRUE","FALSE","(x = seq(0, 1, length.out = nrow(z)), y = seq(0, 1,     length.out = ncol(z)), z, nlevels = 10, levels = pretty(zlim,     nlevels), labels = NULL, xlim = range(x, finite = TRUE),     ylim = range(y, finite = TRUE), zlim = range(z, finite = TRUE),     labcex = 0.6, drawlabels = TRUE, method = ""flattest"", vfont = c(""sans serif"",         ""plain""), axes = TRUE, frame.plot = axes, col = par(""fg""),     lty = par(""lty""), lwd = par(""lwd""), add = FALSE, ...) ","graphics","base","2.6.0","released",FALSE
"coplot","closure","function","TRUE","FALSE","(formula, data, given.values, panel = points, rows,     columns, show.given = TRUE, col = par(""fg""), pch = par(""pch""),     bar.bg = c(num = gray(0.8), fac = gray(0.95)), xlab = c(x.name,         paste(""Given :"", a.name)), ylab = c(y.name, paste(""Given :"",         b.name)), subscripts = FALSE, axlabels = function(f) abbreviate(levels(f)),     number = 6, overlap = 0.5, xlim, ylim, ...) ","graphics","base","2.6.0","released",FALSE
"curve","closure","function","TRUE","FALSE","(expr, from = NULL, to = NULL, n = 101, add = FALSE,     type = ""l"", ylab = NULL, log = NULL, xlim = NULL, ...) ","graphics","base","2.6.0","released",FALSE
"dotchart","closure","function","TRUE","FALSE","(x, labels = NULL, groups = NULL, gdata = NULL, cex = par(""cex""),     pch = 21, gpch = 21, bg = par(""bg""), color = par(""fg""), gcolor = par(""fg""),     lcolor = ""gray"", xlim = range(x[is.finite(x)]), main = NULL,     xlab = NULL, ylab = NULL, ...) ","graphics","base","2.6.0","released",FALSE
"erase.screen","closure","function","TRUE","FALSE","(n = cur.screen) ","graphics","base","2.6.0","released",FALSE
"filled.contour","closure","function","TRUE","FALSE","(x = seq(0, 1, length.out = nrow(z)), y = seq(0, 1,     length.out = ncol(z)), z, xlim = range(x, finite = TRUE),     ylim = range(y, finite = TRUE), zlim = range(z, finite = TRUE),     levels = pretty(zlim, nlevels), nlevels = 20, color.palette = cm.colors,     col = color.palette(length(levels) - 1), plot.title, plot.axes,     key.title, key.axes, asp = NA, xaxs = ""i"", yaxs = ""i"", las = 1,     axes = TRUE, frame.plot = axes, ...) ","graphics","base","2.6.0","released",FALSE
"fourfoldplot","closure","function","TRUE","FALSE","(x, color = c(""#99CCFF"", ""#6699CC""), conf.level = 0.95,     std = c(""margins"", ""ind.max"", ""all.max""), margin = c(1, 2),     space = 0.2, main = NULL, mfrow = NULL, mfcol = NULL) ","graphics","base","2.6.0","released",FALSE
"frame","closure","function","TRUE","FALSE","() ","graphics","base","2.6.0","released",FALSE
"grid","closure","function","TRUE","FALSE","(nx = NULL, ny = nx, col = ""lightgray"", lty = ""dotted"",     lwd = par(""lwd""), equilogs = TRUE) ","graphics","base","2.6.0","released",FALSE
"hist","closure","function","TRUE","FALSE","(x, ...) ","graphics","base","2.6.0","released",FALSE
"hist.default","closure","function","TRUE","FALSE","(x, breaks = ""Sturges"", freq = NULL, probability = !freq,     include.lowest = TRUE, right = TRUE, density = NULL, angle = 45,     col = NULL, border = NULL, main = paste(""Histogram of"", xname),     xlim = range(breaks), ylim = NULL, xlab = xname, ylab, axes = TRUE,     plot = TRUE, labels = FALSE, nclass = NULL, ...) ","graphics","base","2.6.0","released",FALSE
"identify","closure","function","TRUE","FALSE","(x, ...) ","graphics","base","2.6.0","released",FALSE
"image","closure","function","TRUE","FALSE","(x, ...) ","graphics","base","2.6.0","released",FALSE
"image.default","closure","function","TRUE","FALSE","(x = seq(0, 1, length.out = nrow(z)), y = seq(0, 1,     length.out = ncol(z)), z, zlim = range(z[is.finite(z)]),     xlim = range(x), ylim = range(y), col = heat.colors(12),     add = FALSE, xaxs = ""i"", yaxs = ""i"", xlab, ylab, breaks,     oldstyle = FALSE, ...) ","graphics","base","2.6.0","released",FALSE
"layout","closure","function","TRUE","FALSE","(mat, widths = rep(1, ncol(mat)), heights = rep(1, nrow(mat)),     respect = FALSE) ","graphics","base","2.6.0","released",FALSE
"layout.show","closure","function","TRUE","FALSE","(n = 1) ","graphics","base","2.6.0","released",FALSE
"lcm","closure","function","TRUE","FALSE","(x) ","graphics","base","2.6.0","released",FALSE
"legend","closure","function","TRUE","FALSE","(x, y = NULL, legend, fill = NULL, col = par(""col""),     lty, lwd, pch, angle = 45, density = NULL, bty = ""o"", bg = par(""bg""),     box.lwd = par(""lwd""), box.lty = par(""lty""), pt.bg = NA, cex = 1,     pt.cex = cex, pt.lwd = lwd, xjust = 0, yjust = 1, x.intersp = 1,     y.intersp = 1, adj = c(0, 0.5), text.width = NULL, text.col = par(""col""),     merge = do.lines && has.pch, trace = FALSE, plot = TRUE,     ncol = 1, horiz = FALSE, title = NULL, inset = 0) ","graphics","base","2.6.0","released",FALSE
"lines","closure","function","TRUE","FALSE","(x, ...) ","graphics","base","2.6.0","released",FALSE
"lines.default","closure","function","TRUE","FALSE","(x, y = NULL, type = ""l"", ...) ","graphics","base","2.6.0","released",FALSE
"locator","closure","function","TRUE","FALSE","(n = 512, type = ""n"", ...) ","graphics","base","2.6.0","released",FALSE
"matlines","closure","function","TRUE","FALSE","(x, y, type = ""l"", lty = 1:5, lwd = 1, pch = NULL, col = 1:6,     ...) ","graphics","base","2.6.0","released",FALSE
"matplot","closure","function","TRUE","FALSE","(x, y, type = ""p"", lty = 1:5, lwd = 1, pch = NULL, col = 1:6,     cex = NULL, bg = NA, xlab = NULL, ylab = NULL, xlim = NULL,     ylim = NULL, ..., add = FALSE, verbose = getOption(""verbose"")) ","graphics","base","2.6.0","released",FALSE
"matpoints","closure","function","TRUE","FALSE","(x, y, type = ""p"", lty = 1:5, lwd = 1, pch = NULL, col = 1:6,     ...) ","graphics","base","2.6.0","released",FALSE
"mosaicplot","closure","function","TRUE","FALSE","(x, ...) ","graphics","base","2.6.0","released",FALSE
"mtext","closure","function","TRUE","FALSE","(text, side = 3, line = 0, outer = FALSE, at = NA, adj = NA,     padj = NA, cex = NA, col = NA, font = NA, ...) ","graphics","base","2.6.0","released",FALSE
"pairs","closure","function","TRUE","FALSE","(x, ...) ","graphics","base","2.6.0","released",FALSE
"pairs.default","closure","function","TRUE","FALSE","(x, labels, panel = points, ..., lower.panel = panel,     upper.panel = panel, diag.panel = NULL, text.panel = textPanel,     label.pos = 0.5 + has.diag/3, cex.labels = NULL, font.labels = 1,     row1attop = TRUE, gap = 1) ","graphics","base","2.6.0","released",FALSE
"panel.smooth","closure","function","TRUE","FALSE","(x, y, col = par(""col""), bg = NA, pch = par(""pch""),     cex = 1, col.smooth = ""red"", span = 2/3, iter = 3, ...) ","graphics","base","2.6.0","released",FALSE
"par","closure","function","TRUE","FALSE","(..., no.readonly = FALSE) ","graphics","base","2.6.0","released",FALSE
"persp","closure","function","TRUE","FALSE","(x, ...) ","graphics","base","2.6.0","released",FALSE
"pie","closure","function","TRUE","FALSE","(x, labels = names(x), edges = 200, radius = 0.8, clockwise = FALSE,     init.angle = if (clockwise) 90 else 0, density = NULL, angle = 45,     col = NULL, border = NULL, lty = NULL, main = NULL, ...) ","graphics","base","2.6.0","released",FALSE
"piechart","closure","function","TRUE","FALSE","(x, labels = names(x), edges = 200, radius = 0.8, density = NULL,     angle = 45, col = NULL, main = NULL, ...) ","graphics","base","2.6.0","released",FALSE
"plot","closure","function","TRUE","FALSE","(x, y, ...) ","graphics","base","2.6.0","released",FALSE
"plot.default","closure","function","TRUE","FALSE","(x, y = NULL, type = ""p"", xlim = NULL, ylim = NULL,     log = """", main = NULL, sub = NULL, xlab = NULL, ylab = NULL,     ann = par(""ann""), axes = TRUE, frame.plot = axes, panel.first = NULL,     panel.last = NULL, asp = NA, ...) ","graphics","base","2.6.0","released",FALSE
"plot.design","closure","function","TRUE","FALSE","(x, y = NULL, fun = mean, data = NULL, ..., ylim = NULL,     xlab = ""Factors"", ylab = NULL, main = NULL, ask = NULL, xaxt = par(""xaxt""),     axes = TRUE, xtick = FALSE) ","graphics","base","2.6.0","released",FALSE
"plot.new","closure","function","TRUE","FALSE","() ","graphics","base","2.6.0","released",FALSE
"plot.window","closure","function","TRUE","FALSE","(xlim, ylim, log = """", asp = NA, ...) ","graphics","base","2.6.0","released",FALSE
"plot.xy","closure","function","TRUE","FALSE","(xy, type, pch = par(""pch""), lty = par(""lty""), col = par(""col""),     bg = NA, cex = 1, lwd = par(""lwd""), ...) ","graphics","base","2.6.0","released",FALSE
"points","closure","function","TRUE","FALSE","(x, ...) ","graphics","base","2.6.0","released",FALSE
"points.default","closure","function","TRUE","FALSE","(x, y = NULL, type = ""p"", ...) ","graphics","base","2.6.0","released",FALSE
"polygon","closure","function","TRUE","FALSE","(x, y = NULL, density = NULL, angle = 45, border = NULL,     col = NA, lty = par(""lty""), ...) ","graphics","base","2.6.0","released",FALSE
"rect","closure","function","TRUE","FALSE","(xleft, ybottom, xright, ytop, density = NULL, angle = 45,     col = NA, border = NULL, lty = par(""lty""), lwd = par(""lwd""),     ...) ","graphics","base","2.6.0","released",FALSE
"rug","closure","function","TRUE","FALSE","(x, ticksize = 0.03, side = 1, lwd = 0.5, col = par(""fg""),     quiet = getOption(""warn"") < 0, ...) ","graphics","base","2.6.0","released",FALSE
"screen","closure","function","TRUE","FALSE","(n = cur.screen, new = TRUE) ","graphics","base","2.6.0","released",FALSE
"segments","closure","function","TRUE","FALSE","(x0, y0, x1, y1, col = par(""fg""), lty = par(""lty""),     lwd = par(""lwd""), ...) ","graphics","base","2.6.0","released",FALSE
"spineplot","closure","function","TRUE","FALSE","(x, ...) ","graphics","base","2.6.0","released",FALSE
"split.screen","closure","function","TRUE","FALSE","(figs, screen, erase = TRUE) ","graphics","base","2.6.0","released",FALSE
"stars","closure","function","TRUE","FALSE","(x, full = TRUE, scale = TRUE, radius = TRUE, labels = dimnames(x)[[1]],     locations = NULL, nrow = NULL, ncol = NULL, len = 1, key.loc = NULL,     key.labels = dimnames(x)[[2]], key.xpd = TRUE, xlim = NULL,     ylim = NULL, flip.labels = NULL, draw.segments = FALSE, col.segments = 1:n.seg,     col.stars = NA, axes = FALSE, frame.plot = axes, main = NULL,     sub = NULL, xlab = """", ylab = """", cex = 0.8, lwd = 0.25,     lty = par(""lty""), xpd = FALSE, mar = pmin(par(""mar""), 1.1 +         c(2 * axes + (xlab != """"), 2 * axes + (ylab != """"), 1,             0)), add = FALSE, plot = TRUE, ...) ","graphics","base","2.6.0","released",FALSE
"stem","closure","function","TRUE","FALSE","(x, scale = 1, width = 80, atom = 1e-08) ","graphics","base","2.6.0","released",FALSE
"strheight","closure","function","TRUE","FALSE","(s, units = ""user"", cex = NULL) ","graphics","base","2.6.0","released",FALSE
"stripchart","closure","function","TRUE","FALSE","(x, method = ""overplot"", jitter = 0.1, offset = 1/3,     vertical = FALSE, group.names, add = FALSE, at = NULL, xlim = NULL,     ylim = NULL, main = """", ylab = """", xlab = """", log = """", pch = 0,     col = par(""fg""), cex = par(""cex"")) ","graphics","base","2.6.0","released",FALSE
"strwidth","closure","function","TRUE","FALSE","(s, units = ""user"", cex = NULL) ","graphics","base","2.6.0","released",FALSE
"sunflowerplot","closure","function","TRUE","FALSE","(x, y = NULL, number, log = """", digits = 6, xlab = NULL,     ylab = NULL, xlim = NULL, ylim = NULL, add = FALSE, rotate = FALSE,     pch = 16, cex = 0.8, cex.fact = 1.5, col = par(""col""), bg = NA,     size = 1/8, seg.col = 2, seg.lwd = 1.5, ...) ","graphics","base","2.6.0","released",FALSE
"symbols","closure","function","TRUE","FALSE","(x, y = NULL, circles, squares, rectangles, stars, thermometers,     boxplots, inches = TRUE, add = FALSE, fg = par(""col""), bg = NA,     xlab = NULL, ylab = NULL, main = NULL, xlim = NULL, ylim = NULL,     ...) ","graphics","base","2.6.0","released",FALSE
"text","closure","function","TRUE","FALSE","(x, ...) ","graphics","base","2.6.0","released",FALSE
"text.default","closure","function","TRUE","FALSE","(x, y = NULL, labels = seq_along(x), adj = NULL, pos = NULL,     offset = 0.5, vfont = NULL, cex = 1, col = NULL, font = NULL,     ...) ","graphics","base","2.6.0","released",FALSE
"title","closure","function","TRUE","FALSE","(main = NULL, sub = NULL, xlab = NULL, ylab = NULL,     line = NA, outer = FALSE, ...) ","graphics","base","2.6.0","released",FALSE
"xinch","closure","function","TRUE","FALSE","(x = 1, warn.log = TRUE) ","graphics","base","2.6.0","released",FALSE
"xspline","closure","function","TRUE","FALSE","(x, y = NULL, shape = 0, open = TRUE, repEnds = TRUE,     draw = TRUE, border = par(""fg""), col = NA, ...) ","graphics","base","2.6.0","released",FALSE
"xyinch","closure","function","TRUE","FALSE","(xy = 1, warn.log = TRUE) ","graphics","base","2.6.0","released",FALSE
"yinch","closure","function","TRUE","FALSE","(y = 1, warn.log = TRUE) ","graphics","base","2.6.0","released",FALSE
"absolute.size","closure","function","TRUE","FALSE","(unit) ","grid","base","2.6.0","released",FALSE
"addGrob","closure","function","TRUE","FALSE","(gTree, child, gPath = NULL, strict = FALSE, grep = FALSE,     global = FALSE) ","grid","base","2.6.0","released",FALSE
"applyEdit","closure","function","TRUE","FALSE","(x, edit) ","grid","base","2.6.0","released",FALSE
"applyEdits","closure","function","TRUE","FALSE","(x, edits) ","grid","base","2.6.0","released",FALSE
"arcCurvature","closure","function","TRUE","FALSE","(theta) ","grid","base","2.6.0","released",FALSE
"arrow","closure","function","TRUE","FALSE","(angle = 30, length = unit(0.25, ""inches""), ends = ""last"",     type = ""open"") ","grid","base","2.6.0","released",FALSE
"arrowsGrob","closure","function","TRUE","FALSE","(x = c(0.25, 0.75), y = 0.5, default.units = ""npc"",     grob = NULL, angle = 30, length = unit(0.25, ""inches""), ends = ""last"",     type = ""open"", name = NULL, gp = gpar(), vp = NULL) ","grid","base","2.6.0","released",FALSE
"childNames","closure","function","TRUE","FALSE","(gTree) ","grid","base","2.6.0","released",FALSE
"circleGrob","closure","function","TRUE","FALSE","(x = 0.5, y = 0.5, r = 0.5, default.units = ""npc"", name = NULL,     gp = gpar(), vp = NULL) ","grid","base","2.6.0","released",FALSE
"clipGrob","closure","function","TRUE","FALSE","(x = unit(0.5, ""npc""), y = unit(0.5, ""npc""), width = unit(1,     ""npc""), height = unit(1, ""npc""), just = ""centre"", hjust = NULL,     vjust = NULL, default.units = ""npc"", name = NULL, vp = NULL) ","grid","base","2.6.0","released",FALSE
"convertHeight","closure","function","TRUE","FALSE","(x, unitTo, valueOnly = FALSE) ","grid","base","2.6.0","released",FALSE
"convertNative","closure","function","TRUE","FALSE","(unit, dimension = ""x"", type = ""location"") ","grid","base","2.6.0","released",FALSE
"convertUnit","closure","function","TRUE","FALSE","(x, unitTo, axisFrom = ""x"", typeFrom = ""location"", axisTo = axisFrom,     typeTo = typeFrom, valueOnly = FALSE) ","grid","base","2.6.0","released",FALSE
"convertWidth","closure","function","TRUE","FALSE","(x, unitTo, valueOnly = FALSE) ","grid","base","2.6.0","released",FALSE
"convertX","closure","function","TRUE","FALSE","(x, unitTo, valueOnly = FALSE) ","grid","base","2.6.0","released",FALSE
"convertY","closure","function","TRUE","FALSE","(x, unitTo, valueOnly = FALSE) ","grid","base","2.6.0","released",FALSE
"current.transform","closure","function","TRUE","FALSE","() ","grid","base","2.6.0","released",FALSE
"current.viewport","closure","function","TRUE","FALSE","(vp = NULL) ","grid","base","2.6.0","released",FALSE
"current.vpPath","closure","function","TRUE","FALSE","() ","grid","base","2.6.0","released",FALSE
"current.vpTree","closure","function","TRUE","FALSE","(all = TRUE) ","grid","base","2.6.0","released",FALSE
"curveGrob","closure","function","TRUE","FALSE","(x1, y1, x2, y2, default.units = ""npc"", curvature = 1,     angle = 90, ncp = 1, shape = 0.5, square = TRUE, squareShape = 1,     inflect = FALSE, arrow = NULL, open = TRUE, debug = FALSE,     name = NULL, gp = gpar(), vp = NULL) ","grid","base","2.6.0","released",FALSE
"dataViewport","closure","function","TRUE","FALSE","(xData = NULL, yData = NULL, xscale = NULL, yscale = NULL,     extension = 0.05, ...) ","grid","base","2.6.0","released",FALSE
"downViewport","closure","function","TRUE","FALSE","(name, strict = FALSE, recording = TRUE) ","grid","base","2.6.0","released",FALSE
"draw.details","closure","function","TRUE","FALSE","(x, recording) ","grid","base","2.6.0","released",FALSE
"drawDetails","closure","function","TRUE","FALSE","(x, recording) ","grid","base","2.6.0","released",FALSE
"editDetails","closure","function","TRUE","FALSE","(x, specs) ","grid","base","2.6.0","released",FALSE
"editGrob","closure","function","TRUE","FALSE","(grob, gPath = NULL, ..., strict = FALSE, grep = FALSE,     global = FALSE) ","grid","base","2.6.0","released",FALSE
"engine.display.list","closure","function","TRUE","FALSE","(on = TRUE) ","grid","base","2.6.0","released",FALSE
"frameGrob","closure","function","TRUE","FALSE","(layout = NULL, name = NULL, gp = gpar(), vp = NULL) ","grid","base","2.6.0","released",FALSE
"gEdit","closure","function","TRUE","FALSE","(...) ","grid","base","2.6.0","released",FALSE
"gEditList","closure","function","TRUE","FALSE","(...) ","grid","base","2.6.0","released",FALSE
"gList","closure","function","TRUE","FALSE","(...) ","grid","base","2.6.0","released",FALSE
"gPath","closure","function","TRUE","FALSE","(...) ","grid","base","2.6.0","released",FALSE
"gTree","closure","function","TRUE","FALSE","(..., name = NULL, gp = NULL, vp = NULL, children = NULL,     childrenvp = NULL, cl = NULL) ","grid","base","2.6.0","released",FALSE
"get.gpar","closure","function","TRUE","FALSE","(names = NULL) ","grid","base","2.6.0","released",FALSE
"getGrob","closure","function","TRUE","FALSE","(gTree, gPath, strict = FALSE, grep = FALSE, global = FALSE) ","grid","base","2.6.0","released",FALSE
"getNames","closure","function","TRUE","FALSE","() ","grid","base","2.6.0","released",FALSE
"gpar","closure","function","TRUE","FALSE","(...) ","grid","base","2.6.0","released",FALSE
"grid.add","closure","function","TRUE","FALSE","(gPath, child, strict = FALSE, grep = FALSE, global = FALSE,     allDevices = FALSE, redraw = TRUE) ","grid","base","2.6.0","released",FALSE
"grid.arrows","closure","function","TRUE","FALSE","(x = c(0.25, 0.75), y = 0.5, default.units = ""npc"",     grob = NULL, angle = 30, length = unit(0.25, ""inches""), ends = ""last"",     type = ""open"", name = NULL, gp = gpar(), draw = TRUE, vp = NULL) ","grid","base","2.6.0","released",FALSE
"grid.circle","closure","function","TRUE","FALSE","(x = 0.5, y = 0.5, r = 0.5, default.units = ""npc"", name = NULL,     gp = gpar(), draw = TRUE, vp = NULL) ","grid","base","2.6.0","released",FALSE
"grid.clip","closure","function","TRUE","FALSE","(...) ","grid","base","2.6.0","released",FALSE
"grid.collection","closure","function","TRUE","FALSE","(..., gp = gpar(), draw = TRUE, vp = NULL) ","grid","base","2.6.0","released",FALSE
"grid.convert","closure","function","TRUE","FALSE","(x, unitTo, axisFrom = ""x"", typeFrom = ""location"", axisTo = axisFrom,     typeTo = typeFrom, valueOnly = FALSE) ","grid","base","2.6.0","released",FALSE
"grid.convertHeight","closure","function","TRUE","FALSE","(x, unitTo, valueOnly = FALSE) ","grid","base","2.6.0","released",FALSE
"grid.convertWidth","closure","function","TRUE","FALSE","(x, unitTo, valueOnly = FALSE) ","grid","base","2.6.0","released",FALSE
"grid.convertX","closure","function","TRUE","FALSE","(x, unitTo, valueOnly = FALSE) ","grid","base","2.6.0","released",FALSE
"grid.convertY","closure","function","TRUE","FALSE","(x, unitTo, valueOnly = FALSE) ","grid","base","2.6.0","released",FALSE
"grid.copy","closure","function","TRUE","FALSE","(grob) ","grid","base","2.6.0","released",FALSE
"grid.curve","closure","function","TRUE","FALSE","(...) ","grid","base","2.6.0","released",FALSE
"grid.display.list","closure","function","TRUE","FALSE","(on = TRUE) ","grid","base","2.6.0","released",FALSE
"grid.draw","closure","function","TRUE","FALSE","(x, recording = TRUE) ","grid","base","2.6.0","released",FALSE
"grid.edit","closure","function","TRUE","FALSE","(gPath, ..., strict = FALSE, grep = FALSE, global = FALSE,     allDevices = FALSE, redraw = TRUE) ","grid","base","2.6.0","released",FALSE
"grid.frame","closure","function","TRUE","FALSE","(layout = NULL, name = NULL, gp = gpar(), vp = NULL,     draw = TRUE) ","grid","base","2.6.0","released",FALSE
"grid.gedit","closure","function","TRUE","FALSE","(..., grep = TRUE, global = TRUE) ","grid","base","2.6.0","released",FALSE
"grid.get","closure","function","TRUE","FALSE","(gPath, strict = FALSE, grep = FALSE, global = FALSE,     allDevices = FALSE) ","grid","base","2.6.0","released",FALSE
"grid.gget","closure","function","TRUE","FALSE","(..., grep = TRUE, global = TRUE) ","grid","base","2.6.0","released",FALSE
"grid.grab","closure","function","TRUE","FALSE","(warn = 2, wrap = FALSE, ...) ","grid","base","2.6.0","released",FALSE
"grid.grabExpr","closure","function","TRUE","FALSE","(expr, warn = 2, wrap = FALSE, ...) ","grid","base","2.6.0","released",FALSE
"grid.gremove","closure","function","TRUE","FALSE","(..., grep = TRUE, global = TRUE) ","grid","base","2.6.0","released",FALSE
"grid.grill","closure","function","TRUE","FALSE","(h = unit(seq(0.25, 0.75, 0.25), ""npc""), v = unit(seq(0.25,     0.75, 0.25), ""npc""), default.units = ""npc"", gp = gpar(col = ""grey""),     vp = NULL) ","grid","base","2.6.0","released",FALSE
"grid.grob","closure","function","TRUE","FALSE","(list.struct, cl = NULL, draw = TRUE) ","grid","base","2.6.0","released",FALSE
"grid.layout","closure","function","TRUE","FALSE","(nrow = 1, ncol = 1, widths = unit(rep(1, ncol), ""null""),     heights = unit(rep(1, nrow), ""null""), default.units = ""null"",     respect = FALSE, just = ""centre"") ","grid","base","2.6.0","released",FALSE
"grid.legend","closure","function","TRUE","FALSE","(pch, labels, frame = TRUE, hgap = unit(0.5, ""lines""),     vgap = unit(0.5, ""lines""), default.units = ""lines"", gp = gpar(),     draw = TRUE, vp = NULL) ","grid","base","2.6.0","released",FALSE
"grid.line.to","closure","function","TRUE","FALSE","(x = 1, y = 1, default.units = ""npc"", arrow = NULL,     name = NULL, gp = gpar(), draw = TRUE, vp = NULL) ","grid","base","2.6.0","released",FALSE
"grid.lines","closure","function","TRUE","FALSE","(x = unit(c(0, 1), ""npc""), y = unit(c(0, 1), ""npc""),     default.units = ""npc"", arrow = NULL, name = NULL, gp = gpar(),     draw = TRUE, vp = NULL) ","grid","base","2.6.0","released",FALSE
"grid.locator","closure","function","TRUE","FALSE","(unit = ""native"") ","grid","base","2.6.0","released",FALSE
"grid.ls","closure","function","TRUE","FALSE","(x = NULL, grobs = TRUE, viewports = FALSE, fullNames = FALSE,     recursive = TRUE, print = TRUE, flatten = TRUE, ...) ","grid","base","2.6.0","released",FALSE
"grid.move.to","closure","function","TRUE","FALSE","(x = 0, y = 0, default.units = ""npc"", name = NULL, draw = TRUE,     vp = NULL) ","grid","base","2.6.0","released",FALSE
"grid.multipanel","closure","function","TRUE","FALSE","(x = stats::runif(90), y = stats::runif(90), z = stats::runif(90),     nplots = 9, nrow = 5, ncol = 2, newpage = TRUE, vp = NULL) ","grid","base","2.6.0","released",FALSE
"grid.newpage","closure","function","TRUE","FALSE","(recording = TRUE) ","grid","base","2.6.0","released",FALSE
"grid.pack","closure","function","TRUE","FALSE","(gPath, grob, redraw = TRUE, side = NULL, row = NULL,     row.before = NULL, row.after = NULL, col = NULL, col.before = NULL,     col.after = NULL, width = NULL, height = NULL, force.width = FALSE,     force.height = FALSE, border = NULL, dynamic = FALSE) ","grid","base","2.6.0","released",FALSE
"grid.panel","closure","function","TRUE","FALSE","(x = stats::runif(10), y = stats::runif(10), zrange = c(0,     1), zbin = stats::runif(2), xscale = extendrange(x), yscale = extendrange(y),     axis.left = TRUE, axis.left.label = TRUE, axis.right = FALSE,     axis.right.label = TRUE, axis.bottom = TRUE, axis.bottom.label = TRUE,     axis.top = FALSE, axis.top.label = TRUE, vp = NULL) ","grid","base","2.6.0","released",FALSE
"grid.place","closure","function","TRUE","FALSE","(gPath, grob, row = 1, col = 1, redraw = TRUE) ","grid","base","2.6.0","released",FALSE
"grid.plot.and.legend","closure","function","TRUE","FALSE","() ","grid","base","2.6.0","released",FALSE
"grid.points","closure","function","TRUE","FALSE","(x = stats::runif(10), y = stats::runif(10), pch = 1,     size = unit(1, ""char""), default.units = ""native"", name = NULL,     gp = gpar(), draw = TRUE, vp = NULL) ","grid","base","2.6.0","released",FALSE
"grid.polygon","closure","function","TRUE","FALSE","(x = c(0, 0.5, 1, 0.5), y = c(0.5, 1, 0.5, 0), id = NULL,     id.lengths = NULL, default.units = ""npc"", name = NULL, gp = gpar(),     draw = TRUE, vp = NULL) ","grid","base","2.6.0","released",FALSE
"grid.polyline","closure","function","TRUE","FALSE","(...) ","grid","base","2.6.0","released",FALSE
"grid.pretty","closure","function","TRUE","FALSE","(range) ","grid","base","2.6.0","released",FALSE
"grid.prompt","closure","function","TRUE","FALSE","(ask) ","grid","base","2.6.0","released",FALSE
"grid.record","closure","function","TRUE","FALSE","(expr, list, name = NULL, gp = NULL, vp = NULL) ","grid","base","2.6.0","released",FALSE
"grid.rect","closure","function","TRUE","FALSE","(x = unit(0.5, ""npc""), y = unit(0.5, ""npc""), width = unit(1,     ""npc""), height = unit(1, ""npc""), just = ""centre"", hjust = NULL,     vjust = NULL, default.units = ""npc"", name = NULL, gp = gpar(),     draw = TRUE, vp = NULL) ","grid","base","2.6.0","released",FALSE
"grid.refresh","closure","function","TRUE","FALSE","() ","grid","base","2.6.0","released",FALSE
"grid.remove","closure","function","TRUE","FALSE","(gPath, warn = TRUE, strict = FALSE, grep = FALSE, global = FALSE,     allDevices = FALSE, redraw = TRUE) ","grid","base","2.6.0","released",FALSE
"grid.segments","closure","function","TRUE","FALSE","(x0 = unit(0, ""npc""), y0 = unit(0, ""npc""), x1 = unit(1,     ""npc""), y1 = unit(1, ""npc""), default.units = ""npc"", arrow = NULL,     name = NULL, gp = gpar(), draw = TRUE, vp = NULL) ","grid","base","2.6.0","released",FALSE
"grid.set","closure","function","TRUE","FALSE","(gPath, newGrob, strict = FALSE, grep = FALSE, redraw = TRUE) ","grid","base","2.6.0","released",FALSE
"grid.show.layout","closure","function","TRUE","FALSE","(l, newpage = TRUE, bg = ""light grey"", cell.border = ""blue"",     cell.fill = ""light blue"", cell.label = TRUE, label.col = ""blue"",     unit.col = ""red"", vp = NULL) ","grid","base","2.6.0","released",FALSE
"grid.show.viewport","closure","function","TRUE","FALSE","(v, parent.layout = NULL, newpage = TRUE, border.fill = ""light grey"",     vp.col = ""blue"", vp.fill = ""light blue"", scale.col = ""red"",     vp = NULL) ","grid","base","2.6.0","released",FALSE
"grid.strip","closure","function","TRUE","FALSE","(label = ""whatever"", range.full = c(0, 1), range.thumb = c(0.3,     0.6), fill = ""#FFBF00"", thumb = ""#FF8000"", vp = NULL) ","grid","base","2.6.0","released",FALSE
"grid.text","closure","function","TRUE","FALSE","(label, x = unit(0.5, ""npc""), y = unit(0.5, ""npc""),     just = ""centre"", hjust = NULL, vjust = NULL, rot = 0, check.overlap = FALSE,     default.units = ""npc"", name = NULL, gp = gpar(), draw = TRUE,     vp = NULL) ","grid","base","2.6.0","released",FALSE
"grid.xaxis","closure","function","TRUE","FALSE","(at = NULL, label = TRUE, main = TRUE, edits = NULL,     name = NULL, gp = gpar(), draw = TRUE, vp = NULL) ","grid","base","2.6.0","released",FALSE
"grid.xspline","closure","function","TRUE","FALSE","(...) ","grid","base","2.6.0","released",FALSE
"grid.yaxis","closure","function","TRUE","FALSE","(at = NULL, label = TRUE, main = TRUE, edits = NULL,     name = NULL, gp = gpar(), draw = TRUE, vp = NULL) ","grid","base","2.6.0","released",FALSE
"grob","closure","function","TRUE","FALSE","(..., name = NULL, gp = NULL, vp = NULL, cl = NULL) ","grid","base","2.6.0","released",FALSE
"grobHeight","closure","function","TRUE","FALSE","(x) ","grid","base","2.6.0","released",FALSE
"grobName","closure","function","TRUE","FALSE","(grob = NULL, prefix = ""GRID"") ","grid","base","2.6.0","released",FALSE
"grobPathListing","closure","function","TRUE","FALSE","(x, ...) ","grid","base","2.6.0","released",FALSE
"grobWidth","closure","function","TRUE","FALSE","(x) ","grid","base","2.6.0","released",FALSE
"grobX","closure","function","TRUE","FALSE","(x, theta) ","grid","base","2.6.0","released",FALSE
"grobY","closure","function","TRUE","FALSE","(x, theta) ","grid","base","2.6.0","released",FALSE
"heightDetails","closure","function","TRUE","FALSE","(x) ","grid","base","2.6.0","released",FALSE
"is.unit","closure","function","TRUE","FALSE","(unit) ","grid","base","2.6.0","released",FALSE
"layout.heights","closure","function","TRUE","FALSE","(lay) ","grid","base","2.6.0","released",FALSE
"layout.torture","closure","function","TRUE","FALSE","() ","grid","base","2.6.0","released",FALSE
"layout.widths","closure","function","TRUE","FALSE","(lay) ","grid","base","2.6.0","released",FALSE
"layoutRegion","closure","function","TRUE","FALSE","(layout.pos.row = 1, layout.pos.col = 1) ","grid","base","2.6.0","released",FALSE
"lineToGrob","closure","function","TRUE","FALSE","(x = 1, y = 1, default.units = ""npc"", arrow = NULL,     name = NULL, gp = gpar(), vp = NULL) ","grid","base","2.6.0","released",FALSE
"linesGrob","closure","function","TRUE","FALSE","(x = unit(c(0, 1), ""npc""), y = unit(c(0, 1), ""npc""),     default.units = ""npc"", arrow = NULL, name = NULL, gp = gpar(),     vp = NULL) ","grid","base","2.6.0","released",FALSE
"moveToGrob","closure","function","TRUE","FALSE","(x = 0, y = 0, default.units = ""npc"", name = NULL, vp = NULL) ","grid","base","2.6.0","released",FALSE
"nestedListing","closure","function","TRUE","FALSE","(x, gindent = ""  "", vpindent = gindent) ","grid","base","2.6.0","released",FALSE
"packGrob","closure","function","TRUE","FALSE","(frame, grob, side = NULL, row = NULL, row.before = NULL,     row.after = NULL, col = NULL, col.before = NULL, col.after = NULL,     width = NULL, height = NULL, force.width = FALSE, force.height = FALSE,     border = NULL, dynamic = FALSE) ","grid","base","2.6.0","released",FALSE
"pathListing","closure","function","TRUE","FALSE","(x, gvpSep = "" | "", gAlign = TRUE) ","grid","base","2.6.0","released",FALSE
"placeGrob","closure","function","TRUE","FALSE","(frame, grob, row = NULL, col = NULL) ","grid","base","2.6.0","released",FALSE
"plotViewport","closure","function","TRUE","FALSE","(margins = c(5.1, 4.1, 4.1, 2.1), ...) ","grid","base","2.6.0","released",FALSE
"pointsGrob","closure","function","TRUE","FALSE","(x = stats::runif(10), y = stats::runif(10), pch = 1,     size = unit(1, ""char""), default.units = ""native"", name = NULL,     gp = gpar(), vp = NULL) ","grid","base","2.6.0","released",FALSE
"polygonGrob","closure","function","TRUE","FALSE","(x = c(0, 0.5, 1, 0.5), y = c(0.5, 1, 0.5, 0), id = NULL,     id.lengths = NULL, default.units = ""npc"", name = NULL, gp = gpar(),     vp = NULL) ","grid","base","2.6.0","released",FALSE
"polylineGrob","closure","function","TRUE","FALSE","(x = unit(c(0, 1), ""npc""), y = unit(c(0, 1), ""npc""),     id = NULL, id.lengths = NULL, default.units = ""npc"", arrow = NULL,     name = NULL, gp = gpar(), vp = NULL) ","grid","base","2.6.0","released",FALSE
"pop.viewport","closure","function","TRUE","FALSE","(n = 1, recording = TRUE) ","grid","base","2.6.0","released",FALSE
"popViewport","closure","function","TRUE","FALSE","(n = 1, recording = TRUE) ","grid","base","2.6.0","released",FALSE
"postDrawDetails","closure","function","TRUE","FALSE","(x) ","grid","base","2.6.0","released",FALSE
"preDrawDetails","closure","function","TRUE","FALSE","(x) ","grid","base","2.6.0","released",FALSE
"push.viewport","closure","function","TRUE","FALSE","(..., recording = TRUE) ","grid","base","2.6.0","released",FALSE
"pushViewport","closure","function","TRUE","FALSE","(..., recording = TRUE) ","grid","base","2.6.0","released",FALSE
"rectGrob","closure","function","TRUE","FALSE","(x = unit(0.5, ""npc""), y = unit(0.5, ""npc""), width = unit(1,     ""npc""), height = unit(1, ""npc""), just = ""centre"", hjust = NULL,     vjust = NULL, default.units = ""npc"", name = NULL, gp = gpar(),     vp = NULL) ","grid","base","2.6.0","released",FALSE
"removeGrob","closure","function","TRUE","FALSE","(gTree, gPath, strict = FALSE, grep = FALSE, global = FALSE,     warn = TRUE) ","grid","base","2.6.0","released",FALSE
"seekViewport","closure","function","TRUE","FALSE","(name, recording = TRUE) ","grid","base","2.6.0","released",FALSE
"segmentsGrob","closure","function","TRUE","FALSE","(x0 = unit(0, ""npc""), y0 = unit(0, ""npc""), x1 = unit(1,     ""npc""), y1 = unit(1, ""npc""), default.units = ""npc"", arrow = NULL,     name = NULL, gp = gpar(), vp = NULL) ","grid","base","2.6.0","released",FALSE
"setChildren","closure","function","TRUE","FALSE","(x, children) ","grid","base","2.6.0","released",FALSE
"setGrob","closure","function","TRUE","FALSE","(gTree, gPath, newGrob, strict = FALSE, grep = FALSE) ","grid","base","2.6.0","released",FALSE
"stringHeight","closure","function","TRUE","FALSE","(string) ","grid","base","2.6.0","released",FALSE
"stringWidth","closure","function","TRUE","FALSE","(string) ","grid","base","2.6.0","released",FALSE
"textGrob","closure","function","TRUE","FALSE","(label, x = unit(0.5, ""npc""), y = unit(0.5, ""npc""),     just = ""centre"", hjust = NULL, vjust = NULL, rot = 0, check.overlap = FALSE,     default.units = ""npc"", name = NULL, gp = gpar(), vp = NULL) ","grid","base","2.6.0","released",FALSE
"unit","closure","function","TRUE","FALSE","(x, units, data = NULL) ","grid","base","2.6.0","released",FALSE
"unit.c","closure","function","TRUE","FALSE","(...) ","grid","base","2.6.0","released",FALSE
"unit.length","closure","function","TRUE","FALSE","(unit) ","grid","base","2.6.0","released",FALSE
"unit.pmax","closure","function","TRUE","FALSE","(...) ","grid","base","2.6.0","released",FALSE
"unit.pmin","closure","function","TRUE","FALSE","(...) ","grid","base","2.6.0","released",FALSE
"unit.rep","closure","function","TRUE","FALSE","(x, ...) ","grid","base","2.6.0","released",FALSE
"upViewport","closure","function","TRUE","FALSE","(n = 1, recording = TRUE) ","grid","base","2.6.0","released",FALSE
"validDetails","closure","function","TRUE","FALSE","(x) ","grid","base","2.6.0","released",FALSE
"viewport","closure","function","TRUE","FALSE","(x = unit(0.5, ""npc""), y = unit(0.5, ""npc""), width = unit(1,     ""npc""), height = unit(1, ""npc""), default.units = ""npc"", just = ""centre"",     gp = gpar(), clip = ""inherit"", xscale = c(0, 1), yscale = c(0,         1), angle = 0, layout = NULL, layout.pos.row = NULL,     layout.pos.col = NULL, name = NULL) ","grid","base","2.6.0","released",FALSE
"viewport.layout","closure","function","TRUE","FALSE","(vp) ","grid","base","2.6.0","released",FALSE
"viewport.transform","closure","function","TRUE","FALSE","(vp) ","grid","base","2.6.0","released",FALSE
"vpList","closure","function","TRUE","FALSE","(...) ","grid","base","2.6.0","released",FALSE
"vpPath","closure","function","TRUE","FALSE","(...) ","grid","base","2.6.0","released",FALSE
"vpStack","closure","function","TRUE","FALSE","(...) ","grid","base","2.6.0","released",FALSE
"vpTree","closure","function","TRUE","FALSE","(parent, children) ","grid","base","2.6.0","released",FALSE
"widthDetails","closure","function","TRUE","FALSE","(x) ","grid","base","2.6.0","released",FALSE
"xDetails","closure","function","TRUE","FALSE","(x, theta) ","grid","base","2.6.0","released",FALSE
"xaxisGrob","closure","function","TRUE","FALSE","(at = NULL, label = TRUE, main = TRUE, edits = NULL,     name = NULL, gp = gpar(), vp = NULL) ","grid","base","2.6.0","released",FALSE
"xsplineGrob","closure","function","TRUE","FALSE","(x = c(0, 0.5, 1, 0.5), y = c(0.5, 1, 0.5, 0), id = NULL,     id.lengths = NULL, default.units = ""npc"", shape = 0, open = TRUE,     arrow = NULL, repEnds = TRUE, name = NULL, gp = gpar(), vp = NULL) ","grid","base","2.6.0","released",FALSE
"yDetails","closure","function","TRUE","FALSE","(x, theta) ","grid","base","2.6.0","released",FALSE
"yaxisGrob","closure","function","TRUE","FALSE","(at = NULL, label = TRUE, main = TRUE, edits = NULL,     name = NULL, gp = gpar(), vp = NULL) ","grid","base","2.6.0","released",FALSE
"Rows","closure","function","TRUE","FALSE","(x, which) ","lattice","recommended","2.6.0","released",FALSE
"as.factorOrShingle","closure","function","TRUE","FALSE","(x, subset = TRUE, drop = FALSE) ","lattice","recommended","2.6.0","released",FALSE
"as.shingle","closure","function","TRUE","FALSE","(x) ","lattice","recommended","2.6.0","released",FALSE
"axis.default","closure","function","TRUE","FALSE","(side = c(""top"", ""bottom"", ""left"", ""right""), scales,     components, as.table, labels = c(""default"", ""yes"", ""no""),     ticks = c(""default"", ""yes"", ""no""), ...) ","lattice","recommended","2.6.0","released",FALSE
"banking","closure","function","TRUE","FALSE","(dx, dy = 1) ","lattice","recommended","2.6.0","released",FALSE
"barchart","closure","function","TRUE","FALSE","(x, data, ...) ","lattice","recommended","2.6.0","released",FALSE
"barley","list","data.frame","FALSE","FALSE","NA","lattice","recommended","2.6.0","released",FALSE
"bwplot","closure","function","TRUE","FALSE","(x, data, ...) ","lattice","recommended","2.6.0","released",FALSE
"canonical.theme","closure","function","TRUE","FALSE","(name = .Device, color = name != ""postscript"") ","lattice","recommended","2.6.0","released",FALSE
"cloud","closure","function","TRUE","FALSE","(x, data, ...) ","lattice","recommended","2.6.0","released",FALSE
"col.whitebg","closure","function","TRUE","FALSE","() ","lattice","recommended","2.6.0","released",FALSE
"contourplot","closure","function","TRUE","FALSE","(x, data, ...) ","lattice","recommended","2.6.0","released",FALSE
"current.column","closure","function","TRUE","FALSE","() ","lattice","recommended","2.6.0","released",FALSE
"current.panel.limits","closure","function","TRUE","FALSE","(unit = ""native"") ","lattice","recommended","2.6.0","released",FALSE
"current.row","closure","function","TRUE","FALSE","() ","lattice","recommended","2.6.0","released",FALSE
"densityplot","closure","function","TRUE","FALSE","(x, data, ...) ","lattice","recommended","2.6.0","released",FALSE
"diag.panel.splom","closure","function","TRUE","FALSE","(x = NULL, varname = NULL, limits, at = NULL, lab = NULL,     draw = TRUE, varname.col = add.text$col, varname.cex = add.text$cex,     varname.lineheight = add.text$lineheight, varname.font = add.text$font,     varname.fontfamily = add.text$fontfamily, varname.fontface = add.text$fontface,     axis.text.col = axis.text$col, axis.text.alpha = axis.text$alpha,     axis.text.cex = axis.text$cex, axis.text.font = axis.text$font,     axis.text.fontfamily = axis.text$fontfamily, axis.text.fontface = axis.text$fontface,     axis.line.col = axis.line$col, axis.line.alpha = axis.line$alpha,     axis.line.lty = axis.line$lty, axis.line.lwd = axis.line$lwd,     axis.line.tck = 1, ...) ","lattice","recommended","2.6.0","released",FALSE
"do.breaks","closure","function","TRUE","FALSE","(endpoints, nint) ","lattice","recommended","2.6.0","released",FALSE
"dotplot","closure","function","TRUE","FALSE","(x, data, ...) ","lattice","recommended","2.6.0","released",FALSE
"draw.colorkey","closure","function","TRUE","FALSE","(key, draw = FALSE, vp = NULL) ","lattice","recommended","2.6.0","released",FALSE
"draw.key","closure","function","TRUE","FALSE","(key, draw = FALSE, vp = NULL) ","lattice","recommended","2.6.0","released",FALSE
"environmental","list","data.frame","FALSE","FALSE","NA","lattice","recommended","2.6.0","released",FALSE
"equal.count","closure","function","TRUE","FALSE","(x, ...) ","lattice","recommended","2.6.0","released",FALSE
"ethanol","list","data.frame","FALSE","FALSE","NA","lattice","recommended","2.6.0","released",FALSE
"histogram","closure","function","TRUE","FALSE","(x, data, ...) ","lattice","recommended","2.6.0","released",FALSE
"is.shingle","closure","function","TRUE","FALSE","(x) ","lattice","recommended","2.6.0","released",FALSE
"larrows","closure","function","TRUE","FALSE","(x0 = NULL, y0 = NULL, x1, y1, x2 = NULL, y2 = NULL,     angle = 30, code = 2, length = 0.25, unit = ""inches"", ends = switch(code,         ""first"", ""last"", ""both""), type = ""open"", col = add.line$col,     alpha = add.line$alpha, lty = add.line$lty, lwd = add.line$lwd,     fill = NULL, ...) ","lattice","recommended","2.6.0","released",FALSE
"lattice.getOption","closure","function","TRUE","FALSE","(name) ","lattice","recommended","2.6.0","released",FALSE
"lattice.options","closure","function","TRUE","FALSE","(...) ","lattice","recommended","2.6.0","released",FALSE
"latticeParseFormula","closure","function","TRUE","FALSE","(model, data, dimension = 2, subset = TRUE, groups = NULL,     multiple = FALSE, outer = FALSE, subscripts = FALSE, drop = NULL) ","lattice","recommended","2.6.0","released",FALSE
"level.colors","closure","function","TRUE","FALSE","(x, at, col.regions, colors = TRUE, ...) ","lattice","recommended","2.6.0","released",FALSE
"levelplot","closure","function","TRUE","FALSE","(x, data, ...) ","lattice","recommended","2.6.0","released",FALSE
"llines","closure","function","TRUE","FALSE","(x, ...) ","lattice","recommended","2.6.0","released",FALSE
"lplot.xy","closure","function","TRUE","FALSE","(xy, type = c(""p"", ""l"", ""o"", ""b"", ""c"", ""s"", ""S"", ""h"",     ""H""), pch = 1, lty = 1, col = 1, cex = 1, lwd = 1, font = 1,     fontfamily = NULL, fontface = NULL, col.line = col, alpha = 1,     fill = NULL, origin = 0, ...) ","lattice","recommended","2.6.0","released",FALSE
"lpoints","closure","function","TRUE","FALSE","(x, ...) ","lattice","recommended","2.6.0","released",FALSE
"lpolygon","closure","function","TRUE","FALSE","(x, y = NULL, border = ""black"", col = ""transparent"",     font, fontface, ...) ","lattice","recommended","2.6.0","released",FALSE
"lrect","closure","function","TRUE","FALSE","(xleft, ybottom, xright, ytop, x = (xleft + xright)/2,     y = (ybottom + ytop)/2, width = xright - xleft, height = ytop -         ybottom, col = ""transparent"", border = ""black"", lty = 1,     lwd = 1, alpha = 1, just = ""center"", hjust = NULL, vjust = NULL,     ...) ","lattice","recommended","2.6.0","released",FALSE
"lsegments","closure","function","TRUE","FALSE","(x0 = NULL, y0 = NULL, x1, y1, x2 = NULL, y2 = NULL,     col = add.line$col, alpha = add.line$alpha, lty = add.line$lty,     lwd = add.line$lwd, ...) ","lattice","recommended","2.6.0","released",FALSE
"ltext","closure","function","TRUE","FALSE","(x, ...) ","lattice","recommended","2.6.0","released",FALSE
"ltransform3dMatrix","closure","function","TRUE","FALSE","(screen, R.mat = diag(4)) ","lattice","recommended","2.6.0","released",FALSE
"ltransform3dto3d","closure","function","TRUE","FALSE","(x, R.mat, dist = 0) ","lattice","recommended","2.6.0","released",FALSE
"make.groups","closure","function","TRUE","FALSE","(...) ","lattice","recommended","2.6.0","released",FALSE
"melanoma","list","data.frame","FALSE","FALSE","NA","lattice","recommended","2.6.0","released",FALSE
"oneway","closure","function","TRUE","FALSE","(formula, data, location = mean, spread = function(x) sqrt(var(x))) ","lattice","recommended","2.6.0","released",FALSE
"packet.number","closure","function","TRUE","FALSE","() ","lattice","recommended","2.6.0","released",FALSE
"packet.panel.default","closure","function","TRUE","FALSE","(layout, condlevels, page, row, column, skip, all.pages.skip = TRUE) ","lattice","recommended","2.6.0","released",FALSE
"panel.3dscatter","closure","function","TRUE","FALSE","(x, y, z, rot.mat = diag(4), distance, groups = NULL,     type = ""p"", xlim.scaled, ylim.scaled, zlim.scaled, zero.scaled,     col, col.point = if (is.null(groups)) plot.symbol$col else superpose.symbol$col,     col.line = if (is.null(groups)) plot.line$col else superpose.line$col,     lty = if (is.null(groups)) plot.line$lty else superpose.line$lty,     lwd = if (is.null(groups)) plot.line$lwd else superpose.line$lwd,     cex = if (is.null(groups)) plot.symbol$cex else superpose.symbol$cex,     pch = if (is.null(groups)) ""+"" else superpose.symbol$pch,     cross, ..., subscripts = TRUE) ","lattice","recommended","2.6.0","released",FALSE
"panel.3dwire","closure","function","TRUE","FALSE","(x, y, z, rot.mat = diag(4), distance, shade = FALSE,     shade.colors.palette = trellis.par.get(""shade.colors"")$palette,     light.source = c(0, 0, 1000), xlim.scaled, ylim.scaled, zlim.scaled,     col = if (shade) ""transparent"" else ""black"", lty = 1, lwd = 1,     alpha, col.groups = superpose.polygon$col, polynum = 100,     ..., drape = FALSE, at, col.regions = regions$col, alpha.regions = regions$alpha) ","lattice","recommended","2.6.0","released",FALSE
"panel.abline","closure","function","TRUE","FALSE","(a = NULL, b = 0, h = NULL, v = NULL, reg = NULL, coef = NULL,     col, col.line = add.line$col, lty = add.line$lty, lwd = add.line$lwd,     alpha = add.line$alpha, type, ...) ","lattice","recommended","2.6.0","released",FALSE
"panel.arrows","closure","function","TRUE","FALSE","(...) ","lattice","recommended","2.6.0","released",FALSE
"panel.average","closure","function","TRUE","FALSE","(x, y, fun = mean, horizontal = TRUE, lwd = reference.line$lwd,     lty = reference.line$lty, col, col.line = reference.line$col,     type, ...) ","lattice","recommended","2.6.0","released",FALSE
"panel.axis","closure","function","TRUE","FALSE","(side = c(""bottom"", ""left"", ""top"", ""right""), at = pretty(scale.range),     labels = TRUE, draw.labels = TRUE, check.overlap = FALSE,     outside = FALSE, ticks = TRUE, half = !outside, which.half = switch(side,         bottom = ""lower"", left = ""upper"", top = ""upper"", right = ""lower""),     tck = as.numeric(ticks), rot = if (is.logical(labels)) 0 else c(90,         0), text.col = axis.text$col, text.alpha = axis.text$alpha,     text.cex = axis.text$cex, text.font = axis.text$font, text.fontfamily = axis.text$fontfamily,     text.fontface = axis.text$fontface, line.col = axis.line$col,     line.lty = axis.line$lty, line.lwd = axis.line$lwd, line.alpha = axis.line$alpha) ","lattice","recommended","2.6.0","released",FALSE
"panel.barchart","closure","function","TRUE","FALSE","(x, y, box.ratio = 1, horizontal = TRUE, origin = NULL,     reference = TRUE, stack = FALSE, groups = NULL, col = if (is.null(groups)) plot.polygon$col else superpose.polygon$col,     border = if (is.null(groups)) plot.polygon$border else superpose.polygon$border,     lty = if (is.null(groups)) plot.polygon$lty else superpose.polygon$lty,     lwd = if (is.null(groups)) plot.polygon$lwd else superpose.polygon$lwd,     ...) ","lattice","recommended","2.6.0","released",FALSE
"panel.brush.splom","closure","function","TRUE","FALSE","(threshold = 18, verbose = getOption(""verbose""), ...) ","lattice","recommended","2.6.0","released",FALSE
"panel.bwplot","closure","function","TRUE","FALSE","(x, y, box.ratio = 1, horizontal = TRUE, pch = box.dot$pch,     col = box.dot$col, cex = box.dot$cex, font = box.dot$font,     fontfamily = box.dot$fontfamily, fontface = box.dot$fontface,     fill = box.rectangle$fill, varwidth = FALSE, ..., levels.fos = if (horizontal) sort(unique(y)) else sort(unique(x)),     stats = boxplot.stats, coef = 1.5, do.out = TRUE) ","lattice","recommended","2.6.0","released",FALSE
"panel.cloud","closure","function","TRUE","FALSE","(x, y, subscripts, z, groups = NULL, perspective = TRUE,     distance = if (perspective) 0.2 else 0, xlim, ylim, zlim,     panel.3d.cloud = ""panel.3dscatter"", panel.3d.wireframe = ""panel.3dwire"",     screen = list(z = 40, x = -60), R.mat = diag(4), aspect = c(1,         1), par.box = NULL, xlab, ylab, zlab, xlab.default, ylab.default,     zlab.default, scales.3d, proportion = 0.6, wireframe = FALSE,     scpos, ..., at) ","lattice","recommended","2.6.0","released",FALSE
"panel.contourplot","closure","function","TRUE","FALSE","(...) ","lattice","recommended","2.6.0","released",FALSE
"panel.curve","closure","function","TRUE","FALSE","(expr, from, to, n = 101, curve.type = ""l"", col = add.line$col,     lty = add.line$lty, lwd = add.line$lwd, type, ...) ","lattice","recommended","2.6.0","released",FALSE
"panel.densityplot","closure","function","TRUE","FALSE","(x, darg = list(n = 30), plot.points = ""jitter"", ref = FALSE,     groups = NULL, jitter.amount = 0.01 * diff(current.panel.limits()$ylim),     type = ""p"", ...) ","lattice","recommended","2.6.0","released",FALSE
"panel.dotplot","closure","function","TRUE","FALSE","(x, y, horizontal = TRUE, pch = if (is.null(groups)) dot.symbol$pch else sup.symbol$pch,     col = if (is.null(groups)) dot.symbol$col else sup.symbol$col,     lty = dot.line$lty, lwd = dot.line$lwd, col.line = dot.line$col,     levels.fos = if (horizontal) unique(y) else unique(x), groups = NULL,     ...) ","lattice","recommended","2.6.0","released",FALSE
"panel.error","closure","function","TRUE","FALSE","(e) ","lattice","recommended","2.6.0","released",FALSE
"panel.fill","closure","function","TRUE","FALSE","(col = trellis.par.get(""background"")$col, border = ""transparent"",     ...) ","lattice","recommended","2.6.0","released",FALSE
"panel.grid","closure","function","TRUE","FALSE","(h = 3, v = 3, col, col.line = reference.line$col, lty = reference.line$lty,     lwd = reference.line$lwd, ...) ","lattice","recommended","2.6.0","released",FALSE
"panel.histogram","closure","function","TRUE","FALSE","(x, breaks, equal.widths = TRUE, type = ""density"", nint = round(log2(length(x)) +     1), alpha = plot.polygon$alpha, col = plot.polygon$col, border = plot.polygon$border,     lty = plot.polygon$lty, lwd = plot.polygon$lwd, ...) ","lattice","recommended","2.6.0","released",FALSE
"panel.identify","closure","function","TRUE","FALSE","(x, y = NULL, subscripts = seq_along(x), labels = subscripts,     n = length(x), offset = 0.5, threshold = 18, panel.args = trellis.panelArgs(),     ...) ","lattice","recommended","2.6.0","released",FALSE
"panel.identify.qqmath","closure","function","TRUE","FALSE","(x = panel.args$x, distribution = panel.args$distribution,     groups = panel.args$groups, subscripts = panel.args$subscripts,     labels = subscripts, panel.args = trellis.panelArgs(), ...) ","lattice","recommended","2.6.0","released",FALSE
"panel.levelplot","closure","function","TRUE","FALSE","(x, y, z, subscripts, at = pretty(z), shrink, labels = NULL,     label.style = c(""mixed"", ""flat"", ""align""), contour = FALSE,     region = TRUE, col = add.line$col, lty = add.line$lty, lwd = add.line$lwd,     ..., col.regions = regions$col, alpha.regions = regions$alpha) ","lattice","recommended","2.6.0","released",FALSE
"panel.linejoin","closure","function","TRUE","FALSE","(x, y, fun = mean, horizontal = TRUE, lwd = reference.line$lwd,     lty = reference.line$lty, col, col.line = reference.line$col,     type, ...) ","lattice","recommended","2.6.0","released",FALSE
"panel.lines","closure","function","TRUE","FALSE","(...) ","lattice","recommended","2.6.0","released",FALSE
"panel.lmline","closure","function","TRUE","FALSE","(x, y, ...) ","lattice","recommended","2.6.0","released",FALSE
"panel.loess","closure","function","TRUE","FALSE","(x, y, span = 2/3, degree = 1, family = c(""symmetric"",     ""gaussian""), evaluation = 50, lwd = plot.line$lwd, lty = plot.line$lty,     col, col.line = plot.line$col, type, horizontal = FALSE,     ...) ","lattice","recommended","2.6.0","released",FALSE
"panel.mathdensity","closure","function","TRUE","FALSE","(dmath = dnorm, args = list(mean = 0, sd = 1), n = 50,     col, col.line = reference.line$col, lwd = reference.line$lwd,     lty = reference.line$lty, type, ...) ","lattice","recommended","2.6.0","released",FALSE
"panel.number","closure","function","TRUE","FALSE","() ","lattice","recommended","2.6.0","released",FALSE
"panel.pairs","closure","function","TRUE","FALSE","(z, panel = lattice.getOption(""panel.splom""), lower.panel = panel,     upper.panel = panel, diag.panel = ""diag.panel.splom"", as.matrix = FALSE,     groups = NULL, panel.subscripts, subscripts, pscales = 5,     prepanel.limits = function(x) if (is.factor(x)) levels(x) else extend.limits(range(as.numeric(x),         finite = TRUE)), varname.col = add.text$col, varname.cex = add.text$cex,     varname.font = add.text$font, varname.fontfamily = add.text$fontfamily,     varname.fontface = add.text$fontface, axis.text.col = axis.text$col,     axis.text.cex = axis.text$cex, axis.text.font = axis.text$font,     axis.text.fontfamily = axis.text$fontfamily, axis.text.fontface = axis.text$fontface,     axis.line.col = axis.line$col, axis.line.lty = axis.line$lty,     axis.line.lwd = axis.line$lwd, axis.line.alpha = axis.line$alpha,     axis.line.tck = 1, ...) ","lattice","recommended","2.6.0","released",FALSE
"panel.parallel","closure","function","TRUE","FALSE","(x, y, z, subscripts, groups = NULL, col = superpose.line$col,     lwd = superpose.line$lwd, lty = superpose.line$lty, alpha = superpose.line$alpha,     common.scale = FALSE, lower = sapply(z, function(x) min(as.numeric(x),         na.rm = TRUE)), upper = sapply(z, function(x) max(as.numeric(x),         na.rm = TRUE)), ...) ","lattice","recommended","2.6.0","released",FALSE
"panel.points","closure","function","TRUE","FALSE","(...) ","lattice","recommended","2.6.0","released",FALSE
"panel.polygon","closure","function","TRUE","FALSE","(...) ","lattice","recommended","2.6.0","released",FALSE
"panel.qq","closure","function","TRUE","FALSE","(...) ","lattice","recommended","2.6.0","released",FALSE
"panel.qqmath","closure","function","TRUE","FALSE","(x, f.value = NULL, distribution = qnorm, qtype = 7,     groups = NULL, ...) ","lattice","recommended","2.6.0","released",FALSE
"panel.qqmathline","closure","function","TRUE","FALSE","(x, y = x, distribution = qnorm, p = c(0.25, 0.75),     qtype = 7, groups = NULL, ...) ","lattice","recommended","2.6.0","released",FALSE
"panel.rect","closure","function","TRUE","FALSE","(...) ","lattice","recommended","2.6.0","released",FALSE
"panel.rug","closure","function","TRUE","FALSE","(x = NULL, y = NULL, regular = TRUE, start = if (regular) 0 else 0.97,     end = if (regular) 0.03 else 1, x.units = rep(""npc"", 2),     y.units = rep(""npc"", 2), col = plot.line$col, lty = plot.line$lty,     lwd = plot.line$lwd, alpha = plot.line$alpha, ...) ","lattice","recommended","2.6.0","released",FALSE
"panel.segments","closure","function","TRUE","FALSE","(...) ","lattice","recommended","2.6.0","released",FALSE
"panel.splom","closure","function","TRUE","FALSE","(...) ","lattice","recommended","2.6.0","released",FALSE
"panel.stripplot","closure","function","TRUE","FALSE","(x, y, jitter.data = FALSE, factor = 0.5, amount = NULL,     horizontal = TRUE, groups = NULL, ...) ","lattice","recommended","2.6.0","released",FALSE
"panel.superpose","closure","function","TRUE","FALSE","(x, y = NULL, subscripts, groups, panel.groups = ""panel.xyplot"",     col = NA, col.line = superpose.line$col, col.symbol = superpose.symbol$col,     pch = superpose.symbol$pch, cex = superpose.symbol$cex, fill = superpose.symbol$fill,     font = superpose.symbol$font, fontface = superpose.symbol$fontface,     fontfamily = superpose.symbol$fontfamily, lty = superpose.line$lty,     lwd = superpose.line$lwd, alpha = superpose.symbol$alpha,     type = ""p"", ..., distribute.type = FALSE) ","lattice","recommended","2.6.0","released",FALSE
"panel.superpose.2","closure","function","TRUE","FALSE","(..., distribute.type = TRUE) ","lattice","recommended","2.6.0","released",FALSE
"panel.text","closure","function","TRUE","FALSE","(...) ","lattice","recommended","2.6.0","released",FALSE
"panel.tmd.default","closure","function","TRUE","FALSE","(x, y, groups = NULL, ...) ","lattice","recommended","2.6.0","released",FALSE
"panel.tmd.qqmath","closure","function","TRUE","FALSE","(x, f.value = NULL, distribution = qnorm, qtype = 7,     groups = NULL, subscripts, ...) ","lattice","recommended","2.6.0","released",FALSE
"panel.violin","closure","function","TRUE","FALSE","(x, y, box.ratio = 1, horizontal = TRUE, alpha = plot.polygon$alpha,     border = plot.polygon$border, lty = plot.polygon$lty, lwd = plot.polygon$lwd,     col = plot.polygon$col, varwidth = FALSE, bw = NULL, adjust = NULL,     kernel = NULL, window = NULL, width = NULL, n = 50, from = NULL,     to = NULL, cut = NULL, na.rm = TRUE, ...) ","lattice","recommended","2.6.0","released",FALSE
"panel.wireframe","closure","function","TRUE","FALSE","(...) ","lattice","recommended","2.6.0","released",FALSE
"panel.xyplot","closure","function","TRUE","FALSE","(x, y, type = ""p"", groups = NULL, pch = if (is.null(groups)) plot.symbol$pch else superpose.symbol$pch,     col, col.line = if (is.null(groups)) plot.line$col else superpose.line$col,     col.symbol = if (is.null(groups)) plot.symbol$col else superpose.symbol$col,     font = if (is.null(groups)) plot.symbol$font else superpose.symbol$font,     fontfamily = if (is.null(groups)) plot.symbol$fontfamily else superpose.symbol$fontfamily,     fontface = if (is.null(groups)) plot.symbol$fontface else superpose.symbol$fontface,     lty = if (is.null(groups)) plot.line$lty else superpose.line$lty,     cex = if (is.null(groups)) plot.symbol$cex else superpose.symbol$cex,     fill = if (is.null(groups)) plot.symbol$fill else superpose.symbol$fill,     lwd = if (is.null(groups)) plot.line$lwd else superpose.line$lwd,     horizontal = FALSE, ..., jitter.x = FALSE, jitter.y = FALSE,     factor = 0.5, amount = NULL) ","lattice","recommended","2.6.0","released",FALSE
"parallel","closure","function","TRUE","FALSE","(x, data, ...) ","lattice","recommended","2.6.0","released",FALSE
"prepanel.default.bwplot","closure","function","TRUE","FALSE","(x, y, horizontal = TRUE, nlevels, origin = NULL, stack = FALSE,     ...) ","lattice","recommended","2.6.0","released",FALSE
"prepanel.default.cloud","closure","function","TRUE","FALSE","(perspective = TRUE, distance = if (perspective) 0.2 else 0,     xlim, ylim, zlim, screen = list(z = 40, x = -60), R.mat = diag(4),     aspect = c(1, 1), panel.aspect = 1, ..., zoom = 0.8) ","lattice","recommended","2.6.0","released",FALSE
"prepanel.default.densityplot","closure","function","TRUE","FALSE","(x, darg, groups = NULL, subscripts = TRUE, ...) ","lattice","recommended","2.6.0","released",FALSE
"prepanel.default.histogram","closure","function","TRUE","FALSE","(x, breaks, equal.widths = TRUE, type = ""density"", nint = round(log2(length(x)) +     1), ...) ","lattice","recommended","2.6.0","released",FALSE
"prepanel.default.levelplot","closure","function","TRUE","FALSE","(x, y, subscripts, ...) ","lattice","recommended","2.6.0","released",FALSE
"prepanel.default.parallel","closure","function","TRUE","FALSE","(x, y, z, ...) ","lattice","recommended","2.6.0","released",FALSE
"prepanel.default.qq","closure","function","TRUE","FALSE","(x, y, ...) ","lattice","recommended","2.6.0","released",FALSE
"prepanel.default.qqmath","closure","function","TRUE","FALSE","(x, f.value = NULL, distribution = qnorm, qtype = 7,     groups = NULL, subscripts, ...) ","lattice","recommended","2.6.0","released",FALSE
"prepanel.default.splom","closure","function","TRUE","FALSE","(z, ...) ","lattice","recommended","2.6.0","released",FALSE
"prepanel.default.xyplot","closure","function","TRUE","FALSE","(x, y, type, subscripts, groups = NULL, ...) ","lattice","recommended","2.6.0","released",FALSE
"prepanel.lmline","closure","function","TRUE","FALSE","(x, y, ...) ","lattice","recommended","2.6.0","released",FALSE
"prepanel.loess","closure","function","TRUE","FALSE","(x, y, span = 2/3, degree = 1, family = c(""symmetric"",     ""gaussian""), evaluation = 50, ...) ","lattice","recommended","2.6.0","released",FALSE
"prepanel.qqmathline","closure","function","TRUE","FALSE","(x, y = x, distribution = qnorm, p = c(0.25, 0.75),     qtype = 7, groups = NULL, subscripts = TRUE, ...) ","lattice","recommended","2.6.0","released",FALSE
"prepanel.tmd.default","closure","function","TRUE","FALSE","(x, y, ...) ","lattice","recommended","2.6.0","released",FALSE
"prepanel.tmd.qqmath","closure","function","TRUE","FALSE","(x, f.value = NULL, distribution = qnorm, qtype = 7,     groups = NULL, subscripts, ...) ","lattice","recommended","2.6.0","released",FALSE
"qq","closure","function","TRUE","FALSE","(x, data, ...) ","lattice","recommended","2.6.0","released",FALSE
"qqmath","closure","function","TRUE","FALSE","(x, data, ...) ","lattice","recommended","2.6.0","released",FALSE
"rfs","closure","function","TRUE","FALSE","(model, layout = c(2, 1), xlab = ""f-value"", ylab = NULL,     distribution = qunif, panel = function(...) ","lattice","recommended","2.6.0","released",FALSE
"shingle","closure","function","TRUE","FALSE","(x, intervals = sort(unique(x))) ","lattice","recommended","2.6.0","released",FALSE
"show.settings","closure","function","TRUE","FALSE","(x = NULL) ","lattice","recommended","2.6.0","released",FALSE
"simpleKey","closure","function","TRUE","FALSE","(text, points = TRUE, rectangles = FALSE, lines = FALSE,     col = add.text$col, cex = add.text$cex, alpha = add.text$alpha,     font = add.text$font, fontface = add.text$fontface, fontfamily = add.text$fontfamily,     lineheight = add.text$lineheight, ...) ","lattice","recommended","2.6.0","released",FALSE
"singer","list","data.frame","FALSE","FALSE","NA","lattice","recommended","2.6.0","released",FALSE
"splom","closure","function","TRUE","FALSE","(x, data, ...) ","lattice","recommended","2.6.0","released",FALSE
"standard.theme","closure","function","TRUE","FALSE","(name = .Device, color = name != ""postscript"") ","lattice","recommended","2.6.0","released",FALSE
"strip.custom","closure","function","TRUE","FALSE","(...) ","lattice","recommended","2.6.0","released",FALSE
"strip.default","closure","function","TRUE","FALSE","(which.given, which.panel, var.name, factor.levels,     shingle.intervals = NULL, strip.names = c(FALSE, TRUE), strip.levels = c(TRUE,         FALSE), sep = "" : "", style = 1, horizontal = TRUE, bg = trellis.par.get(""strip.background"")$col[which.given],     fg = trellis.par.get(""strip.shingle"")$col[which.given], par.strip.text = trellis.par.get(""add.text"")) ","lattice","recommended","2.6.0","released",FALSE
"stripplot","closure","function","TRUE","FALSE","(x, data, ...) ","lattice","recommended","2.6.0","released",FALSE
"tmd","closure","function","TRUE","FALSE","(object, ...) ","lattice","recommended","2.6.0","released",FALSE
"trellis.currentLayout","closure","function","TRUE","FALSE","(which = c(""packet"", ""panel"")) ","lattice","recommended","2.6.0","released",FALSE
"trellis.device","closure","function","TRUE","FALSE","(device = getOption(""device""), color = !(dev.name ==     ""postscript""), theme = lattice.getOption(""default.theme""),     new = TRUE, retain = FALSE, ...) ","lattice","recommended","2.6.0","released",FALSE
"trellis.focus","closure","function","TRUE","FALSE","(name, column = stop(""column must be specified""), row = stop(""row must be specified""),     side = NULL, clip.off = FALSE, highlight = interactive(),     ..., guess = TRUE, verbose = getOption(""verbose"")) ","lattice","recommended","2.6.0","released",FALSE
"trellis.grobname","closure","function","TRUE","FALSE","(name, prefix = lattice.getStatus(""current.prefix"")) ","lattice","recommended","2.6.0","released",FALSE
"trellis.last.object","closure","function","TRUE","FALSE","(warn = TRUE, ...) ","lattice","recommended","2.6.0","released",FALSE
"trellis.panelArgs","closure","function","TRUE","FALSE","(x, packet.number) ","lattice","recommended","2.6.0","released",FALSE
"trellis.par.get","closure","function","TRUE","FALSE","(name = NULL) ","lattice","recommended","2.6.0","released",FALSE
"trellis.par.set","closure","function","TRUE","FALSE","(name, value, ..., theme, warn = TRUE, strict = FALSE) ","lattice","recommended","2.6.0","released",FALSE
"trellis.switchFocus","closure","function","TRUE","FALSE","(name, side = NULL, clip.off = FALSE, highlight, ...) ","lattice","recommended","2.6.0","released",FALSE
"trellis.unfocus","closure","function","TRUE","FALSE","() ","lattice","recommended","2.6.0","released",FALSE
"trellis.vpname","closure","function","TRUE","FALSE","(name = c(""position"", ""split"", ""split.location"", ""toplevel"",     ""panel"", ""strip"", ""strip.left"", ""legend"", ""main"", ""sub"",     ""xlab"", ""ylab"", ""page""), column = lattice.getStatus(""current.focus.column""),     row = lattice.getStatus(""current.focus.row""), side = c(""left"",         ""top"", ""right"", ""bottom"", ""inside""), clip.off = FALSE,     prefix = lattice.getStatus(""current.prefix"")) ","lattice","recommended","2.6.0","released",FALSE
"which.packet","closure","function","TRUE","FALSE","() ","lattice","recommended","2.6.0","released",FALSE
"wireframe","closure","function","TRUE","FALSE","(x, data, ...) ","lattice","recommended","2.6.0","released",FALSE
"xscale.components.default","closure","function","TRUE","FALSE","(lim, packet.number = 0, packet.list = NULL, top = TRUE,     ...) ","lattice","recommended","2.6.0","released",FALSE
"xyplot","closure","function","TRUE","FALSE","(x, data, ...) ","lattice","recommended","2.6.0","released",FALSE
"yscale.components.default","closure","function","TRUE","FALSE","(lim, packet.number = 0, packet.list = NULL, right = TRUE,     ...) ","lattice","recommended","2.6.0","released",FALSE
".EmptyPrimitiveSkeletons","list","list","TRUE","FALSE","NA","methods","base","2.6.0","released", TRUE
".Last.lib","closure","function","TRUE","FALSE","(libpath) ","methods","base","2.6.0","released", TRUE
".ShortPrimitiveSkeletons","list","list","TRUE","FALSE","NA","methods","base","2.6.0","released", TRUE
".TraceWithMethods","closure","function","TRUE","FALSE","(what, tracer = NULL, exit = NULL, at = numeric(), print = TRUE,     signature = NULL, where = .GlobalEnv, edit = FALSE, from = NULL,     untrace = FALSE) ","methods","base","2.6.0","released", TRUE
".__C__(","S4","classRepresentation","TRUE","FALSE","NA","methods","base","2.6.0","released", TRUE
".__C__<-","S4","classRepresentation","TRUE","FALSE","NA","methods","base","2.6.0","released", TRUE
".__C__ANY","S4","classRepresentation","TRUE","FALSE","NA","methods","base","2.6.0","released", TRUE
".__C__ClassUnionRepresentation","S4","classRepresentation","TRUE","FALSE","NA","methods","base","2.6.0","released", TRUE
".__C__EmptyMethodsList","S4","classRepresentation","TRUE","FALSE","NA","methods","base","2.6.0","released", TRUE
".__C__LinearMethodsList","S4","classRepresentation","TRUE","FALSE","NA","methods","base","2.6.0","released", TRUE
".__C__MethodDefinition","S4","classRepresentation","TRUE","FALSE","NA","methods","base","2.6.0","released", TRUE
".__C__MethodDefinitionWithTrace","S4","classRepresentation","TRUE","FALSE","NA","methods","base","2.6.0","released", TRUE
".__C__MethodWithNext","S4","classRepresentation","TRUE","FALSE","NA","methods","base","2.6.0","released", TRUE
".__C__MethodWithNextWithTrace","S4","classRepresentation","TRUE","FALSE","NA","methods","base","2.6.0","released", TRUE
".__C__MethodsList","S4","classRepresentation","TRUE","FALSE","NA","methods","base","2.6.0","released", TRUE
".__C__NULL","S4","classRepresentation","TRUE","FALSE","NA","methods","base","2.6.0","released", TRUE
".__C__ObjectsWithPackage","S4","classRepresentation","TRUE","FALSE","NA","methods","base","2.6.0","released", TRUE
".__C__OptionalFunction","S4","ClassUnionRepresentation","TRUE","FALSE","NA","methods","base","2.6.0","released", TRUE
".__C__POSIXct","S4","classRepresentation","TRUE","FALSE","NA","methods","base","2.6.0","released", TRUE
".__C__POSIXlt","S4","classRepresentation","TRUE","FALSE","NA","methods","base","2.6.0","released", TRUE
".__C__POSIXt","S4","classRepresentation","TRUE","FALSE","NA","methods","base","2.6.0","released", TRUE
".__C__PossibleMethod","S4","ClassUnionRepresentation","TRUE","FALSE","NA","methods","base","2.6.0","released", TRUE
".__C__SClassExtension","S4","classRepresentation","TRUE","FALSE","NA","methods","base","2.6.0","released", TRUE
".__C__SealedMethodDefinition","S4","classRepresentation","TRUE","FALSE","NA","methods","base","2.6.0","released", TRUE
".__C__VIRTUAL","S4","classRepresentation","TRUE","FALSE","NA","methods","base","2.6.0","released", TRUE
".__C__anova","S4","classRepresentation","TRUE","FALSE","NA","methods","base","2.6.0","released", TRUE
".__C__anova.glm","S4","classRepresentation","TRUE","FALSE","NA","methods","base","2.6.0","released", TRUE
".__C__anova.glm.null","S4","classRepresentation","TRUE","FALSE","NA","methods","base","2.6.0","released", TRUE
".__C__aov","S4","classRepresentation","TRUE","FALSE","NA","methods","base","2.6.0","released", TRUE
".__C__array","S4","classRepresentation","TRUE","FALSE","NA","methods","base","2.6.0","released", TRUE
".__C__call","S4","classRepresentation","TRUE","FALSE","NA","methods","base","2.6.0","released", TRUE
".__C__character","S4","classRepresentation","TRUE","FALSE","NA","methods","base","2.6.0","released", TRUE
".__C__classPrototypeDef","S4","classRepresentation","TRUE","FALSE","NA","methods","base","2.6.0","released", TRUE
".__C__classRepresentation","S4","classRepresentation","TRUE","FALSE","NA","methods","base","2.6.0","released", TRUE
".__C__complex","S4","classRepresentation","TRUE","FALSE","NA","methods","base","2.6.0","released", TRUE
".__C__data.frame","S4","classRepresentation","TRUE","FALSE","NA","methods","base","2.6.0","released", TRUE
".__C__density","S4","classRepresentation","TRUE","FALSE","NA","methods","base","2.6.0","released", TRUE
".__C__derivedDefaultMethod","S4","classRepresentation","TRUE","FALSE","NA","methods","base","2.6.0","released", TRUE
".__C__double","S4","classRepresentation","TRUE","FALSE","NA","methods","base","2.6.0","released", TRUE
".__C__dump.frames","S4","classRepresentation","TRUE","FALSE","NA","methods","base","2.6.0","released", TRUE
".__C__environment","S4","classRepresentation","TRUE","FALSE","NA","methods","base","2.6.0","released", TRUE
".__C__expression","S4","classRepresentation","TRUE","FALSE","NA","methods","base","2.6.0","released", TRUE
".__C__externalptr","S4","classRepresentation","TRUE","FALSE","NA","methods","base","2.6.0","released", TRUE
".__C__factor","S4","classRepresentation","TRUE","FALSE","NA","methods","base","2.6.0","released", TRUE
".__C__for","S4","classRepresentation","TRUE","FALSE","NA","methods","base","2.6.0","released", TRUE
".__C__formula","S4","classRepresentation","TRUE","FALSE","NA","methods","base","2.6.0","released", TRUE
".__C__function","S4","classRepresentation","TRUE","FALSE","NA","methods","base","2.6.0","released", TRUE
".__C__functionWithTrace","S4","classRepresentation","TRUE","FALSE","NA","methods","base","2.6.0","released", TRUE
".__C__genericFunction","S4","classRepresentation","TRUE","FALSE","NA","methods","base","2.6.0","released", TRUE
".__C__genericFunctionWithTrace","S4","classRepresentation","TRUE","FALSE","NA","methods","base","2.6.0","released", TRUE
".__C__glm","S4","classRepresentation","TRUE","FALSE","NA","methods","base","2.6.0","released", TRUE
".__C__glm.null","S4","classRepresentation","TRUE","FALSE","NA","methods","base","2.6.0","released", TRUE
".__C__groupGenericFunction","S4","classRepresentation","TRUE","FALSE","NA","methods","base","2.6.0","released", TRUE
".__C__groupGenericFunctionWithTrace","S4","classRepresentation","TRUE","FALSE","NA","methods","base","2.6.0","released", TRUE
".__C__hsearch","S4","classRepresentation","TRUE","FALSE","NA","methods","base","2.6.0","released", TRUE
".__C__if","S4","classRepresentation","TRUE","FALSE","NA","methods","base","2.6.0","released", TRUE
".__C__integer","S4","classRepresentation","TRUE","FALSE","NA","methods","base","2.6.0","released", TRUE
".__C__integrate","S4","classRepresentation","TRUE","FALSE","NA","methods","base","2.6.0","released", TRUE
".__C__language","S4","classRepresentation","TRUE","FALSE","NA","methods","base","2.6.0","released", TRUE
".__C__libraryIQR","S4","classRepresentation","TRUE","FALSE","NA","methods","base","2.6.0","released", TRUE
".__C__list","S4","classRepresentation","TRUE","FALSE","NA","methods","base","2.6.0","released", TRUE
".__C__lm","S4","classRepresentation","TRUE","FALSE","NA","methods","base","2.6.0","released", TRUE
".__C__logLik","S4","classRepresentation","TRUE","FALSE","NA","methods","base","2.6.0","released", TRUE
".__C__logical","S4","classRepresentation","TRUE","FALSE","NA","methods","base","2.6.0","released", TRUE
".__C__maov","S4","classRepresentation","TRUE","FALSE","NA","methods","base","2.6.0","released", TRUE
".__C__matrix","S4","classRepresentation","TRUE","FALSE","NA","methods","base","2.6.0","released", TRUE
".__C__missing","S4","classRepresentation","TRUE","FALSE","NA","methods","base","2.6.0","released", TRUE
".__C__mlm","S4","classRepresentation","TRUE","FALSE","NA","methods","base","2.6.0","released", TRUE
".__C__mtable","S4","classRepresentation","TRUE","FALSE","NA","methods","base","2.6.0","released", TRUE
".__C__mts","S4","classRepresentation","TRUE","FALSE","NA","methods","base","2.6.0","released", TRUE
".__C__name","S4","classRepresentation","TRUE","FALSE","NA","methods","base","2.6.0","released", TRUE
".__C__nonstandardGeneric","S4","classRepresentation","TRUE","FALSE","NA","methods","base","2.6.0","released", TRUE
".__C__nonstandardGenericFunction","S4","classRepresentation","TRUE","FALSE","NA","methods","base","2.6.0","released", TRUE
".__C__nonstandardGroupGenericFunction","S4","classRepresentation","TRUE","FALSE","NA","methods","base","2.6.0","released", TRUE
".__C__numeric","S4","classRepresentation","TRUE","FALSE","NA","methods","base","2.6.0","released", TRUE
".__C__oldClass","S4","classRepresentation","TRUE","FALSE","NA","methods","base","2.6.0","released", TRUE
".__C__ordered","S4","classRepresentation","TRUE","FALSE","NA","methods","base","2.6.0","released", TRUE
".__C__packageIQR","S4","classRepresentation","TRUE","FALSE","NA","methods","base","2.6.0","released", TRUE
".__C__packageInfo","S4","classRepresentation","TRUE","FALSE","NA","methods","base","2.6.0","released", TRUE
".__C__raw","S4","classRepresentation","TRUE","FALSE","NA","methods","base","2.6.0","released", TRUE
".__C__recordedplot","S4","classRepresentation","TRUE","FALSE","NA","methods","base","2.6.0","released", TRUE
".__C__repeat","S4","classRepresentation","TRUE","FALSE","NA","methods","base","2.6.0","released", TRUE
".__C__rle","S4","classRepresentation","TRUE","FALSE","NA","methods","base","2.6.0","released", TRUE
".__C__signature","S4","classRepresentation","TRUE","FALSE","NA","methods","base","2.6.0","released", TRUE
".__C__single","S4","classRepresentation","TRUE","FALSE","NA","methods","base","2.6.0","released", TRUE
".__C__socket","S4","classRepresentation","TRUE","FALSE","NA","methods","base","2.6.0","released", TRUE
".__C__standardGeneric","S4","classRepresentation","TRUE","FALSE","NA","methods","base","2.6.0","released", TRUE
".__C__standardGenericWithTrace","S4","classRepresentation","TRUE","FALSE","NA","methods","base","2.6.0","released", TRUE
".__C__structure","S4","classRepresentation","TRUE","FALSE","NA","methods","base","2.6.0","released", TRUE
".__C__summary.table","S4","classRepresentation","TRUE","FALSE","NA","methods","base","2.6.0","released", TRUE
".__C__table","S4","classRepresentation","TRUE","FALSE","NA","methods","base","2.6.0","released", TRUE
".__C__traceable","S4","classRepresentation","TRUE","FALSE","NA","methods","base","2.6.0","released", TRUE
".__C__ts","S4","classRepresentation","TRUE","FALSE","NA","methods","base","2.6.0","released", TRUE
".__C__vector","S4","classRepresentation","TRUE","FALSE","NA","methods","base","2.6.0","released", TRUE
".__C__while","S4","classRepresentation","TRUE","FALSE","NA","methods","base","2.6.0","released", TRUE
".__C__{","S4","classRepresentation","TRUE","FALSE","NA","methods","base","2.6.0","released", TRUE
".__M__Arith:base","S4","MethodsList","TRUE","FALSE","NA","methods","base","2.6.0","released", TRUE
".__M__Compare:methods","S4","MethodsList","TRUE","FALSE","NA","methods","base","2.6.0","released", TRUE
".__M__Complex:base","S4","MethodsList","TRUE","FALSE","NA","methods","base","2.6.0","released", TRUE
".__M__Logic:base","S4","MethodsList","TRUE","FALSE","NA","methods","base","2.6.0","released", TRUE
".__M__Math2:methods","S4","MethodsList","TRUE","FALSE","NA","methods","base","2.6.0","released", TRUE
".__M__Math:base","S4","MethodsList","TRUE","FALSE","NA","methods","base","2.6.0","released", TRUE
".__M__Ops:base","S4","MethodsList","TRUE","FALSE","NA","methods","base","2.6.0","released", TRUE
".__M__Summary:base","S4","MethodsList","TRUE","FALSE","NA","methods","base","2.6.0","released", TRUE
".__M__addNextMethod:methods","S4","MethodsList","TRUE","FALSE","NA","methods","base","2.6.0","released", TRUE
".__M__body<-:base","S4","MethodsList","TRUE","FALSE","NA","methods","base","2.6.0","released", TRUE
".__M__cbind2:methods","S4","MethodsList","TRUE","FALSE","NA","methods","base","2.6.0","released", TRUE
".__M__coerce:methods","S4","MethodsList","TRUE","FALSE","NA","methods","base","2.6.0","released", TRUE
".__M__coerce<-:methods","S4","MethodsList","TRUE","FALSE","NA","methods","base","2.6.0","released", TRUE
".__M__initialize:methods","S4","MethodsList","TRUE","FALSE","NA","methods","base","2.6.0","released", TRUE
".__M__loadMethod:methods","S4","MethodsList","TRUE","FALSE","NA","methods","base","2.6.0","released", TRUE
".__M__rbind2:methods","S4","MethodsList","TRUE","FALSE","NA","methods","base","2.6.0","released", TRUE
".__M__show:methods","S4","MethodsList","TRUE","FALSE","NA","methods","base","2.6.0","released", TRUE
".__T__Arith:base","environment","environment","TRUE","FALSE","NA","methods","base","2.6.0","released", TRUE
".__T__Compare:methods","environment","environment","TRUE","FALSE","NA","methods","base","2.6.0","released", TRUE
".__T__Complex:base","environment","environment","TRUE","FALSE","NA","methods","base","2.6.0","released", TRUE
".__T__Logic:base","environment","environment","TRUE","FALSE","NA","methods","base","2.6.0","released", TRUE
".__T__Math2:methods","environment","environment","TRUE","FALSE","NA","methods","base","2.6.0","released", TRUE
".__T__Math:base","environment","environment","TRUE","FALSE","NA","methods","base","2.6.0","released", TRUE
".__T__Ops:base","environment","environment","TRUE","FALSE","NA","methods","base","2.6.0","released", TRUE
".__T__Summary:base","environment","environment","TRUE","FALSE","NA","methods","base","2.6.0","released", TRUE
".__T__addNextMethod:methods","environment","environment","TRUE","FALSE","NA","methods","base","2.6.0","released", TRUE
".__T__body<-:base","environment","environment","TRUE","FALSE","NA","methods","base","2.6.0","released", TRUE
".__T__cbind2:methods","environment","environment","TRUE","FALSE","NA","methods","base","2.6.0","released", TRUE
".__T__coerce:methods","environment","environment","TRUE","FALSE","NA","methods","base","2.6.0","released", TRUE
".__T__coerce<-:methods","environment","environment","TRUE","FALSE","NA","methods","base","2.6.0","released", TRUE
".__T__initialize:methods","environment","environment","TRUE","FALSE","NA","methods","base","2.6.0","released", TRUE
".__T__loadMethod:methods","environment","environment","TRUE","FALSE","NA","methods","base","2.6.0","released", TRUE
".__T__rbind2:methods","environment","environment","TRUE","FALSE","NA","methods","base","2.6.0","released", TRUE
".__T__show:methods","environment","environment","TRUE","FALSE","NA","methods","base","2.6.0","released", TRUE
".doTracePrint","closure","function","TRUE","FALSE","(msg = """") ","methods","base","2.6.0","released", TRUE
".slotNames","closure","function","TRUE","FALSE","(x) ","methods","base","2.6.0","released", TRUE
".untracedFunction","closure","function","TRUE","FALSE","(f) ","methods","base","2.6.0","released", TRUE
".valueClassTest","closure","function","TRUE","FALSE","(object, classes, fname) ","methods","base","2.6.0","released", TRUE
"@<-","closure","function","TRUE","FALSE","(object, name, value) ","methods","base","2.6.0","released",FALSE
"Arith","closure","groupGenericFunction","TRUE","TRUE","(e1, e2) ","methods","base","2.6.0","released",FALSE
"Compare","closure","groupGenericFunction","TRUE","TRUE","(e1, e2) ","methods","base","2.6.0","released",FALSE
"Complex","closure","groupGenericFunction","TRUE","TRUE","(z) ","methods","base","2.6.0","released",FALSE
"Logic","closure","groupGenericFunction","TRUE","TRUE","(e1, e2) ","methods","base","2.6.0","released",FALSE
"Math","closure","groupGenericFunction","TRUE","TRUE","(x) ","methods","base","2.6.0","released",FALSE
"Math2","closure","groupGenericFunction","TRUE","TRUE","(x, digits) ","methods","base","2.6.0","released",FALSE
"MethodAddCoerce","closure","function","TRUE","FALSE","(method, argName, thisClass, methodClass) ","methods","base","2.6.0","released",FALSE
"MethodsList","closure","function","TRUE","FALSE","(.ArgName, ...) ","methods","base","2.6.0","released",FALSE
"MethodsListSelect","closure","function","TRUE","FALSE","(f, env, mlist = NULL, fEnv = if (is(fdef, ""genericFunction"")) environment(fdef) else baseenv(),     finalDefault = finalDefaultMethod(mlist, f), evalArgs = TRUE,     useInherited = TRUE, fdef = getGeneric(f, where = env), resetAllowed = TRUE) ","methods","base","2.6.0","released",FALSE
"Ops","closure","groupGenericFunction","TRUE","TRUE","(e1, e2) ","methods","base","2.6.0","released",FALSE
"Quote","special","function","TRUE","NA","(expr) ","methods","base","2.6.0","released",FALSE
"SignatureMethod","closure","function","TRUE","FALSE","(names, signature, definition) ","methods","base","2.6.0","released",FALSE
"Summary","closure","groupGenericFunction","TRUE","TRUE","(x, ..., na.rm = FALSE) ","methods","base","2.6.0","released",FALSE
"addNextMethod","closure","standardGeneric","TRUE","TRUE","(method, f = ""<unknown>"", mlist = getMethods(f), optional = FALSE,     envir) ","methods","base","2.6.0","released",FALSE
"allGenerics","closure","function","TRUE","FALSE","(where, searchForm = FALSE) ","methods","base","2.6.0","released",FALSE
"allNames","closure","function","TRUE","FALSE","(x) ","methods","base","2.6.0","released",FALSE
"as","closure","function","TRUE","FALSE","(object, Class, strict = TRUE, ext = possibleExtends(thisClass,     Class)) ","methods","base","2.6.0","released",FALSE
"as<-","closure","function","TRUE","FALSE","(object, Class, value) ","methods","base","2.6.0","released",FALSE
"asMethodDefinition","closure","function","TRUE","FALSE","(def, signature = list(), sealed = FALSE, functionName = character()) ","methods","base","2.6.0","released",FALSE
"assignClassDef","closure","function","TRUE","FALSE","(Class, def, where = .GlobalEnv, force = FALSE) ","methods","base","2.6.0","released",FALSE
"assignMethodsMetaData","closure","function","TRUE","FALSE","(f, value, fdef, where, deflt = finalDefaultMethod(value)) ","methods","base","2.6.0","released",FALSE
"balanceMethodsList","closure","function","TRUE","FALSE","(mlist, args, check = TRUE) ","methods","base","2.6.0","released",FALSE
"body<-","closure","standardGeneric","TRUE","TRUE","(fun, envir = environment(fun), value) ","methods","base","2.6.0","released",FALSE
"cacheGenericsMetaData","closure","function","TRUE","FALSE","(f, fdef, attach = TRUE, where = topenv(parent.frame()),     package, methods) ","methods","base","2.6.0","released",FALSE
"cacheMetaData","closure","function","TRUE","FALSE","(where, attach = TRUE, searchWhere = as.environment(where)) ","methods","base","2.6.0","released",FALSE
"cacheMethod","closure","function","TRUE","FALSE","(f, sig, def, args = names(sig), fdef, inherited = FALSE) ","methods","base","2.6.0","released",FALSE
"callGeneric","closure","function","TRUE","FALSE","(...) ","methods","base","2.6.0","released",FALSE
"callNextMethod","closure","function","TRUE","FALSE","(...) ","methods","base","2.6.0","released",FALSE
"canCoerce","closure","function","TRUE","FALSE","(object, Class) ","methods","base","2.6.0","released",FALSE
"cbind2","closure","standardGeneric","TRUE","TRUE","(x, y) ","methods","base","2.6.0","released",FALSE
"checkSlotAssignment","closure","function","TRUE","FALSE","(obj, name, value) ","methods","base","2.6.0","released",FALSE
"classMetaName","closure","function","TRUE","FALSE","(name) ","methods","base","2.6.0","released",FALSE
"coerce","closure","standardGeneric","TRUE","TRUE","(from, to, strict = TRUE) ","methods","base","2.6.0","released",FALSE
"coerce<-","closure","standardGeneric","TRUE","TRUE","(from, to, value) ","methods","base","2.6.0","released",FALSE
"completeClassDefinition","closure","function","TRUE","FALSE","(Class, ClassDef = getClassDef(Class), where, doExtends = TRUE) ","methods","base","2.6.0","released",FALSE
"completeExtends","closure","function","TRUE","FALSE","(ClassDef, class2, extensionDef, where) ","methods","base","2.6.0","released",FALSE
"completeSubclasses","closure","function","TRUE","FALSE","(classDef, class2, extensionDef, where, classDef2 = getClassDef(class2,     where)) ","methods","base","2.6.0","released",FALSE
"conformMethod","closure","function","TRUE","FALSE","(signature, mnames, fnames, f = ""<unspecified>"", fdef) ","methods","base","2.6.0","released",FALSE
"defaultDumpName","closure","function","TRUE","FALSE","(generic, signature) ","methods","base","2.6.0","released",FALSE
"defaultPrototype","closure","function","TRUE","FALSE","() ","methods","base","2.6.0","released",FALSE
"doPrimitiveMethod","closure","function","TRUE","FALSE","(name, def, call = sys.call(sys.parent()), ev = sys.frame(sys.parent(2))) ","methods","base","2.6.0","released",FALSE
"dumpMethod","closure","function","TRUE","FALSE","(f, signature = character(), file = defaultDumpName(f,     signature), where = -1, def = getMethod(f, signature, where = where,     optional = TRUE)) ","methods","base","2.6.0","released",FALSE
"dumpMethods","closure","function","TRUE","FALSE","(f, file = """", signature = character(), methods, where = topenv(parent.frame())) ","methods","base","2.6.0","released",FALSE
"el","closure","function","TRUE","FALSE","(object, where) ","methods","base","2.6.0","released",FALSE
"el<-","special","function","TRUE","NA","","methods","base","2.6.0","released",FALSE
"elNamed","closure","function","TRUE","FALSE","(x, name, mustFind = FALSE) ","methods","base","2.6.0","released",FALSE
"elNamed<-","closure","function","TRUE","FALSE","(x, name, value) ","methods","base","2.6.0","released",FALSE
"empty.dump","closure","function","TRUE","FALSE","() ","methods","base","2.6.0","released",FALSE
"emptyMethodsList","closure","function","TRUE","FALSE","(mlist, thisClass = ""ANY"", sublist = list()) ","methods","base","2.6.0","released",FALSE
"existsFunction","closure","function","TRUE","FALSE","(f, generic = TRUE, where = topenv(parent.frame())) ","methods","base","2.6.0","released",FALSE
"existsMethod","closure","function","TRUE","FALSE","(f, signature = character(), where = topenv(parent.frame())) ","methods","base","2.6.0","released",FALSE
"extends","closure","function","TRUE","FALSE","(class1, class2, maybe = TRUE, fullInfo = FALSE) ","methods","base","2.6.0","released",FALSE
"finalDefaultMethod","closure","function","TRUE","FALSE","(mlist, fname = ""NULL"") ","methods","base","2.6.0","released",FALSE
"findClass","closure","function","TRUE","FALSE","(Class, where = topenv(parent.frame()), unique = """") ","methods","base","2.6.0","released",FALSE
"findFunction","closure","function","TRUE","FALSE","(f, generic = TRUE, where = topenv(parent.frame())) ","methods","base","2.6.0","released",FALSE
"findMethod","closure","function","TRUE","FALSE","(f, signature, where = topenv(parent.frame())) ","methods","base","2.6.0","released",FALSE
"findUnique","closure","function","TRUE","FALSE","(what, message, where = topenv(parent.frame())) ","methods","base","2.6.0","released",FALSE
"fixPre1.8","closure","function","TRUE","FALSE","(names, where = topenv(parent.frame())) ","methods","base","2.6.0","released",FALSE
"formalArgs","closure","function","TRUE","FALSE","(def) ","methods","base","2.6.0","released",FALSE
"functionBody","closure","function","TRUE","FALSE","(fun = sys.function(sys.parent())) ","methods","base","2.6.0","released",FALSE
"functionBody<-","closure","function","TRUE","FALSE","(fun, envir = environment(fun), value) ","methods","base","2.6.0","released",FALSE
"generic.skeleton","closure","function","TRUE","FALSE","(name, fdef, fdefault) ","methods","base","2.6.0","released",FALSE
"getAccess","closure","function","TRUE","FALSE","(ClassDef) ","methods","base","2.6.0","released",FALSE
"getAllMethods","closure","function","TRUE","FALSE","(f, fdef, where = topenv(parent.frame())) ","methods","base","2.6.0","released",FALSE
"getAllSuperClasses","closure","function","TRUE","FALSE","(ClassDef, simpleOnly = TRUE) ","methods","base","2.6.0","released",FALSE
"getClass","closure","function","TRUE","FALSE","(Class, .Force = FALSE, where = .classEnv(Class, topenv(parent.frame()),     FALSE)) ","methods","base","2.6.0","released",FALSE
"getClassDef","closure","function","TRUE","FALSE","(Class, where = topenv(parent.frame()), package = packageSlot(Class)) ","methods","base","2.6.0","released",FALSE
"getClassName","closure","function","TRUE","FALSE","(ClassDef) ","methods","base","2.6.0","released",FALSE
"getClassPackage","closure","function","TRUE","FALSE","(ClassDef) ","methods","base","2.6.0","released",FALSE
"getClasses","closure","function","TRUE","FALSE","(where = .externalCallerEnv(), inherits = missing(where)) ","methods","base","2.6.0","released",FALSE
"getDataPart","closure","function","TRUE","FALSE","(object) ","methods","base","2.6.0","released",FALSE
"getExtends","closure","function","TRUE","FALSE","(ClassDef) ","methods","base","2.6.0","released",FALSE
"getFunction","closure","function","TRUE","FALSE","(name, generic = TRUE, mustFind = TRUE, where = topenv(parent.frame())) ","methods","base","2.6.0","released",FALSE
"getGeneric","closure","function","TRUE","FALSE","(f, mustFind = FALSE, where = .genEnv(f, topenv(parent.frame()),     package), package = """") ","methods","base","2.6.0","released",FALSE
"getGenerics","closure","function","TRUE","FALSE","(where, searchForm = FALSE) ","methods","base","2.6.0","released",FALSE
"getGroup","closure","function","TRUE","FALSE","(fdef, recursive = FALSE, where = topenv(parent.frame())) ","methods","base","2.6.0","released",FALSE
"getGroupMembers","closure","function","TRUE","FALSE","(group, recursive = FALSE, character = TRUE) ","methods","base","2.6.0","released",FALSE
"getMethod","closure","function","TRUE","FALSE","(f, signature = character(), where = topenv(parent.frame()),     optional = FALSE, mlist, fdef = getGeneric(f, !optional,         where = where)) ","methods","base","2.6.0","released",FALSE
"getMethods","closure","function","TRUE","FALSE","(f, where = topenv(parent.frame())) ","methods","base","2.6.0","released",FALSE
"getMethodsForDispatch","closure","function","TRUE","FALSE","(f, fdef) ","methods","base","2.6.0","released",FALSE
"getMethodsMetaData","closure","function","TRUE","FALSE","(f, where = topenv(parent.frame())) ","methods","base","2.6.0","released",FALSE
"getPackageName","closure","function","TRUE","FALSE","(where = topenv(parent.frame())) ","methods","base","2.6.0","released",FALSE
"getProperties","closure","function","TRUE","FALSE","(ClassDef) ","methods","base","2.6.0","released",FALSE
"getPrototype","closure","function","TRUE","FALSE","(ClassDef) ","methods","base","2.6.0","released",FALSE
"getSlots","closure","function","TRUE","FALSE","(x) ","methods","base","2.6.0","released",FALSE
"getSubclasses","closure","function","TRUE","FALSE","(ClassDef) ","methods","base","2.6.0","released",FALSE
"getValidity","closure","function","TRUE","FALSE","(ClassDef) ","methods","base","2.6.0","released",FALSE
"getVirtual","closure","function","TRUE","FALSE","(ClassDef) ","methods","base","2.6.0","released",FALSE
"hasArg","closure","function","TRUE","FALSE","(name) ","methods","base","2.6.0","released",FALSE
"hasMethod","closure","function","TRUE","FALSE","(f, signature = character(), where = .genEnv(f, topenv(parent.frame()))) ","methods","base","2.6.0","released",FALSE
"implicitGeneric","closure","function","TRUE","FALSE","(name, where = topenv(parent.frame()), generic = getGeneric(name,     where = where)) ","methods","base","2.6.0","released",FALSE
"initialize","closure","nonstandardGenericFunction","TRUE","TRUE","(.Object, ...) ","methods","base","2.6.0","released",FALSE
"insertMethod","closure","function","TRUE","FALSE","(mlist, signature, args, def, cacheOnly = FALSE) ","methods","base","2.6.0","released",FALSE
"is","closure","function","TRUE","FALSE","(object, class2) ","methods","base","2.6.0","released",FALSE
"isClass","closure","function","TRUE","FALSE","(Class, formal = TRUE, where = topenv(parent.frame())) ","methods","base","2.6.0","released",FALSE
"isClassDef","closure","function","TRUE","FALSE","(object) ","methods","base","2.6.0","released",FALSE
"isClassUnion","closure","function","TRUE","FALSE","(Class) ","methods","base","2.6.0","released",FALSE
"isGeneric","closure","function","TRUE","FALSE","(f, where = topenv(parent.frame()), fdef = NULL, getName = FALSE) ","methods","base","2.6.0","released",FALSE
"isGrammarSymbol","closure","function","TRUE","FALSE","(symbol) ","methods","base","2.6.0","released",FALSE
"isGroup","closure","function","TRUE","FALSE","(f, where = topenv(parent.frame()), fdef = getGeneric(f,     where = where)) ","methods","base","2.6.0","released",FALSE
"isSealedClass","closure","function","TRUE","FALSE","(Class, where = topenv(parent.frame())) ","methods","base","2.6.0","released",FALSE
"isSealedMethod","closure","function","TRUE","FALSE","(f, signature, fdef = getGeneric(f, FALSE, where = where),     where = topenv(parent.frame())) ","methods","base","2.6.0","released",FALSE
"isVirtualClass","closure","function","TRUE","FALSE","(Class, where = topenv(parent.frame())) ","methods","base","2.6.0","released",FALSE
"languageEl","closure","function","TRUE","FALSE","(object, which) ","methods","base","2.6.0","released",FALSE
"languageEl<-","closure","function","TRUE","FALSE","(object, which, value) ","methods","base","2.6.0","released",FALSE
"linearizeMlist","closure","function","TRUE","FALSE","(mlist, inherited = TRUE) ","methods","base","2.6.0","released",FALSE
"listFromMethods","closure","function","TRUE","FALSE","(generic, where, table) ","methods","base","2.6.0","released",FALSE
"listFromMlist","closure","function","TRUE","FALSE","(mlist, prefix = list(), sigs. = TRUE, methods. = TRUE) ","methods","base","2.6.0","released",FALSE
"loadMethod","closure","standardGeneric","TRUE","TRUE","(method, fname, envir) ","methods","base","2.6.0","released",FALSE
"makeClassRepresentation","closure","function","TRUE","FALSE","(name, slots = list(), superClasses = character(), prototype = NULL,     package, validity = NULL, access = list(), version = .newExternalptr(),     sealed = FALSE, virtual = NA, where) ","methods","base","2.6.0","released",FALSE
"makeExtends","closure","function","TRUE","FALSE","(Class, to, coerce = NULL, test = NULL, replace = NULL,     by = character(), package, slots = getSlots(classDef1), classDef1 = getClass(Class),     classDef2) ","methods","base","2.6.0","released",FALSE
"makeGeneric","closure","function","TRUE","FALSE","(f, fdef, fdefault = fdef, group = list(), valueClass = character(),     package = getPackageName(environment(fdef)), signature = NULL,     genericFunction = NULL) ","methods","base","2.6.0","released",FALSE
"makeMethodsList","closure","function","TRUE","FALSE","(object, level = 1) ","methods","base","2.6.0","released",FALSE
"makePrototypeFromClassDef","closure","function","TRUE","FALSE","(slots, ClassDef, extends, where) ","methods","base","2.6.0","released",FALSE
"makeStandardGeneric","closure","function","TRUE","FALSE","(f, fdef) ","methods","base","2.6.0","released",FALSE
"matchSignature","closure","function","TRUE","FALSE","(signature, fun, where = baseenv()) ","methods","base","2.6.0","released",FALSE
"mergeMethods","closure","function","TRUE","FALSE","(m1, m2, genericLabel = character()) ","methods","base","2.6.0","released",FALSE
"metaNameUndo","closure","function","TRUE","FALSE","(strings, prefix = ""M"", searchForm = FALSE) ","methods","base","2.6.0","released",FALSE
"method.skeleton","closure","function","TRUE","FALSE","(generic, signature, file, external = FALSE, where = topenv(parent.frame())) ","methods","base","2.6.0","released",FALSE
"methodSignatureMatrix","closure","function","TRUE","FALSE","(object, sigSlots = c(""target"", ""defined"")) ","methods","base","2.6.0","released",FALSE
"methodsPackageMetaName","closure","function","TRUE","FALSE","(prefix, name) ","methods","base","2.6.0","released",FALSE
"missingArg","closure","function","TRUE","FALSE","(symbol, envir = parent.frame(), eval = FALSE) ","methods","base","2.6.0","released",FALSE
"mlistMetaName","closure","function","TRUE","FALSE","(name = """", package = """") ","methods","base","2.6.0","released",FALSE
"new","closure","function","TRUE","FALSE","(Class, ...) ","methods","base","2.6.0","released",FALSE
"newBasic","closure","function","TRUE","FALSE","(Class, ...) ","methods","base","2.6.0","released",FALSE
"newClassRepresentation","closure","function","TRUE","FALSE","(...) ","methods","base","2.6.0","released",FALSE
"newEmptyObject","closure","function","TRUE","FALSE","() ","methods","base","2.6.0","released",FALSE
"packageSlot","closure","function","TRUE","FALSE","(object) ","methods","base","2.6.0","released",FALSE
"packageSlot<-","closure","function","TRUE","FALSE","(object, value) ","methods","base","2.6.0","released",FALSE
"possibleExtends","closure","function","TRUE","FALSE","(class1, class2, ClassDef1 = getClassDef(class1), ClassDef2 = getClassDef(class2,     where = .classEnv(ClassDef1))) ","methods","base","2.6.0","released",FALSE
"prohibitGeneric","closure","function","TRUE","FALSE","(name, where = topenv(parent.frame())) ","methods","base","2.6.0","released",FALSE
"promptClass","closure","function","TRUE","FALSE","(clName, filename = NULL, type = ""class"", keywords = ""classes"",     where = topenv(parent.frame())) ","methods","base","2.6.0","released",FALSE
"promptMethods","closure","function","TRUE","FALSE","(f, filename = NULL, methods) ","methods","base","2.6.0","released",FALSE
"prototype","closure","function","TRUE","FALSE","(...) ","methods","base","2.6.0","released",FALSE
"rbind2","closure","standardGeneric","TRUE","TRUE","(x, y) ","methods","base","2.6.0","released",FALSE
"reconcilePropertiesAndPrototype","closure","function","TRUE","FALSE","(name, properties, prototype, superClasses, where) ","methods","base","2.6.0","released",FALSE
"registerImplicitGenerics","closure","function","TRUE","FALSE","(what = .ImplicitGenericsTable(where), where = topenv(parent.frame())) ","methods","base","2.6.0","released",FALSE
"rematchDefinition","closure","function","TRUE","FALSE","(definition, generic, mnames, fnames, signature) ","methods","base","2.6.0","released",FALSE
"removeClass","closure","function","TRUE","FALSE","(Class, where = topenv(parent.frame())) ","methods","base","2.6.0","released",FALSE
"removeGeneric","closure","function","TRUE","FALSE","(f, where = topenv(parent.frame())) ","methods","base","2.6.0","released",FALSE
"removeMethod","closure","function","TRUE","FALSE","(f, signature = character(), where = topenv(parent.frame())) ","methods","base","2.6.0","released",FALSE
"removeMethods","closure","function","TRUE","FALSE","(f, where = topenv(parent.frame()), all = TRUE) ","methods","base","2.6.0","released",FALSE
"removeMethodsObject","closure","function","TRUE","FALSE","(f, where = topenv(parent.frame())) ","methods","base","2.6.0","released",FALSE
"representation","closure","function","TRUE","FALSE","(...) ","methods","base","2.6.0","released",FALSE
"requireMethods","closure","function","TRUE","FALSE","(functions, signature, message = """", where = topenv(parent.frame())) ","methods","base","2.6.0","released",FALSE
"resetClass","closure","function","TRUE","FALSE","(Class, classDef, where) ","methods","base","2.6.0","released",FALSE
"resetGeneric","closure","function","TRUE","FALSE","(f, fdef = getGeneric(f, where = where), mlist = getMethodsForDispatch(f,     fdef), where = topenv(parent.frame()), deflt = finalDefaultMethod(mlist)) ","methods","base","2.6.0","released",FALSE
"sealClass","closure","function","TRUE","FALSE","(Class, where = topenv(parent.frame())) ","methods","base","2.6.0","released",FALSE
"seemsS4Object","closure","function","TRUE","FALSE","(object) ","methods","base","2.6.0","released",FALSE
"selectMethod","closure","function","TRUE","FALSE","(f, signature, optional = FALSE, useInherited = TRUE,     mlist = (if (is.null(fdef)) NULL else getMethodsForDispatch(f,         fdef)), fdef = getGeneric(f, !optional), verbose = FALSE) ","methods","base","2.6.0","released",FALSE
"sessionData","closure","function","TRUE","FALSE","() ","methods","base","2.6.0","released",FALSE
"setAs","closure","function","TRUE","FALSE","(from, to, def, replace = NULL, where = topenv(parent.frame())) ","methods","base","2.6.0","released",FALSE
"setClass","closure","function","TRUE","FALSE","(Class, representation = list(), prototype = NULL, contains = character(),     validity = NULL, access = list(), where = topenv(parent.frame()),     version = .newExternalptr(), sealed = FALSE, package = getPackageName(where)) ","methods","base","2.6.0","released",FALSE
"setClassUnion","closure","function","TRUE","FALSE","(name, members = character(), where = topenv(parent.frame())) ","methods","base","2.6.0","released",FALSE
"setDataPart","closure","function","TRUE","FALSE","(object, value) ","methods","base","2.6.0","released",FALSE
"setGeneric","closure","function","TRUE","FALSE","(name, def = NULL, group = list(), valueClass = character(),     where = topenv(parent.frame()), package = NULL, signature = NULL,     useAsDefault = NULL, genericFunction = NULL) ","methods","base","2.6.0","released",FALSE
"setGenericImplicit","closure","function","TRUE","FALSE","(name, where = topenv(parent.frame()), restore = TRUE) ","methods","base","2.6.0","released",FALSE
"setGroupGeneric","closure","function","TRUE","FALSE","(name, def = NULL, group = list(), valueClass = character(),     knownMembers = list(), package = getPackageName(where), where = topenv(parent.frame())) ","methods","base","2.6.0","released",FALSE
"setIs","closure","function","TRUE","FALSE","(class1, class2, test = NULL, coerce = NULL, replace = NULL,     by = character(), where = topenv(parent.frame()), classDef = getClass(class1,         TRUE, where = where), extensionObject = NULL, doComplete = TRUE) ","methods","base","2.6.0","released",FALSE
"setMethod","closure","function","TRUE","FALSE","(f, signature = character(), definition, where = topenv(parent.frame()),     valueClass = NULL, sealed = FALSE) ","methods","base","2.6.0","released",FALSE
"setOldClass","closure","function","TRUE","FALSE","(Classes, prototype, where = topenv(parent.frame()),     test = FALSE) ","methods","base","2.6.0","released",FALSE
"setPackageName","closure","function","TRUE","FALSE","(pkg, env) ","methods","base","2.6.0","released",FALSE
"setPrimitiveMethods","closure","function","TRUE","FALSE","(f, fdef, code, generic, mlist = get("".Methods"", envir = environment(generic))) ","methods","base","2.6.0","released",FALSE
"setReplaceMethod","closure","function","TRUE","FALSE","(f, ..., where = topenv(parent.frame())) ","methods","base","2.6.0","released",FALSE
"setValidity","closure","function","TRUE","FALSE","(Class, method, where = topenv(parent.frame())) ","methods","base","2.6.0","released",FALSE
"show","closure","standardGeneric","TRUE","TRUE","(object) ","methods","base","2.6.0","released",FALSE
"showClass","closure","function","TRUE","FALSE","(Class, complete = TRUE, propertiesAreCalled = ""Slots"") ","methods","base","2.6.0","released",FALSE
"showDefault","closure","function","TRUE","FALSE","(object, oldMethods = TRUE) ","methods","base","2.6.0","released",FALSE
"showExtends","closure","function","TRUE","FALSE","(ext, printTo = stdout()) ","methods","base","2.6.0","released",FALSE
"showMethods","closure","function","TRUE","FALSE","(f = character(), where = topenv(parent.frame()), classes = NULL,     includeDefs = FALSE, inherited = !includeDefs, showEmpty,     printTo = stdout()) ","methods","base","2.6.0","released",FALSE
"showMlist","closure","function","TRUE","FALSE","(mlist, includeDefs = TRUE, inherited = TRUE, classes = NULL,     useArgNames = TRUE, printTo = stdout()) ","methods","base","2.6.0","released",FALSE
"sigToEnv","closure","function","TRUE","FALSE","(signature, generic) ","methods","base","2.6.0","released",FALSE
"signature","closure","function","TRUE","FALSE","(...) ","methods","base","2.6.0","released",FALSE
"slot","closure","function","TRUE","FALSE","(object, name) ","methods","base","2.6.0","released",FALSE
"slot<-","closure","function","TRUE","FALSE","(object, name, check = TRUE, value) ","methods","base","2.6.0","released",FALSE
"slotNames","closure","function","TRUE","FALSE","(x) ","methods","base","2.6.0","released",FALSE
"substituteDirect","closure","function","TRUE","FALSE","(object, frame = parent.frame(), cleanFunction = TRUE) ","methods","base","2.6.0","released",FALSE
"substituteFunctionArgs","closure","function","TRUE","FALSE","(def, newArgs, args = formalArgs(def), silent = FALSE,     functionName = ""a function"") ","methods","base","2.6.0","released",FALSE
"superClassDepth","closure","function","TRUE","FALSE","(ClassDef, soFar = ClassDef@className, simpleOnly = TRUE) ","methods","base","2.6.0","released",FALSE
"testVirtual","closure","function","TRUE","FALSE","(properties, extends, prototype, where) ","methods","base","2.6.0","released",FALSE
"traceOff","closure","function","TRUE","FALSE","(what) ","methods","base","2.6.0","released",FALSE
"traceOn","closure","function","TRUE","FALSE","(what, tracer = browseAll, exit = NULL) ","methods","base","2.6.0","released",FALSE
"tryNew","closure","function","TRUE","FALSE","(Class, where) ","methods","base","2.6.0","released",FALSE
"trySilent","closure","function","TRUE","FALSE","(expr) ","methods","base","2.6.0","released",FALSE
"unRematchDefinition","closure","function","TRUE","FALSE","(definition) ","methods","base","2.6.0","released",FALSE
"validObject","closure","function","TRUE","FALSE","(object, test = FALSE, complete = FALSE) ","methods","base","2.6.0","released",FALSE
"validSlotNames","closure","function","TRUE","FALSE","(names) ","methods","base","2.6.0","released",FALSE
"Dim.pdIdnot","closure","function","TRUE","FALSE","(object, ...) ","mgcv","recommended","2.6.0","released",FALSE
"Predict.matrix","closure","function","TRUE","FALSE","(object, data) ","mgcv","recommended","2.6.0","released",FALSE
"Predict.matrix.cr.smooth","closure","function","TRUE","FALSE","(object, data) ","mgcv","recommended","2.6.0","released",FALSE
"Predict.matrix.cs.smooth","closure","function","TRUE","FALSE","(object, data) ","mgcv","recommended","2.6.0","released",FALSE
"Predict.matrix.cyclic.smooth","closure","function","TRUE","FALSE","(object, data) ","mgcv","recommended","2.6.0","released",FALSE
"Predict.matrix.tensor.smooth","closure","function","TRUE","FALSE","(object, data) ","mgcv","recommended","2.6.0","released",FALSE
"Predict.matrix.tprs.smooth","closure","function","TRUE","FALSE","(object, data) ","mgcv","recommended","2.6.0","released",FALSE
"Predict.matrix.ts.smooth","closure","function","TRUE","FALSE","(object, data) ","mgcv","recommended","2.6.0","released",FALSE
"PredictMat","closure","function","TRUE","FALSE","(object, data) ","mgcv","recommended","2.6.0","released",FALSE
"anova.gam","closure","function","TRUE","FALSE","(object, ..., dispersion = NULL, test = NULL) ","mgcv","recommended","2.6.0","released",FALSE
"coef.pdIdnot","closure","function","TRUE","FALSE","(object, unconstrained = TRUE, ...) ","mgcv","recommended","2.6.0","released",FALSE
"coef.pdTens","closure","function","TRUE","FALSE","(object, unconstrained = TRUE, ...) ","mgcv","recommended","2.6.0","released",FALSE
"corMatrix.pdIdnot","closure","function","TRUE","FALSE","(object, ...) ","mgcv","recommended","2.6.0","released",FALSE
"exclude.too.far","closure","function","TRUE","FALSE","(g1, g2, d1, d2, dist) ","mgcv","recommended","2.6.0","released",FALSE
"extract.lme.cov","closure","function","TRUE","FALSE","(b, data, start.level = 1) ","mgcv","recommended","2.6.0","released",FALSE
"extract.lme.cov2","closure","function","TRUE","FALSE","(b, data, start.level = 1) ","mgcv","recommended","2.6.0","released",FALSE
"fix.family.link","closure","function","TRUE","FALSE","(fam) ","mgcv","recommended","2.6.0","released",FALSE
"fix.family.var","closure","function","TRUE","FALSE","(fam) ","mgcv","recommended","2.6.0","released",FALSE
"fixDependence","closure","function","TRUE","FALSE","(X1, X2, tol = .Machine$double.eps^0.5) ","mgcv","recommended","2.6.0","released",FALSE
"formXtViX","closure","function","TRUE","FALSE","(V, X) ","mgcv","recommended","2.6.0","released",FALSE
"formula.gam","closure","function","TRUE","FALSE","(x, ...) ","mgcv","recommended","2.6.0","released",FALSE
"full.score","closure","function","TRUE","FALSE","(sp, G, family, control, gamma, pearson, ...) ","mgcv","recommended","2.6.0","released",FALSE
"gam","closure","function","TRUE","FALSE","(formula, family = gaussian(), data = list(), weights = NULL,     subset = NULL, na.action, offset = NULL, control = gam.control(),     method = gam.method(), scale = 0, knots = NULL, sp = NULL,     min.sp = NULL, H = NULL, gamma = 1, fit = TRUE, G = NULL,     in.out = NULL, ...) ","mgcv","recommended","2.6.0","released",FALSE
"gam.check","closure","function","TRUE","FALSE","(b) ","mgcv","recommended","2.6.0","released",FALSE
"gam.control","closure","function","TRUE","FALSE","(irls.reg = 0, epsilon = 1e-06, maxit = 100, globit = 20,     mgcv.tol = 1e-07, mgcv.half = 15, nb.theta.mult = 10000,     trace = FALSE, rank.tol = .Machine$double.eps^0.5, absorb.cons = TRUE,     nlm = list(), optim = list(), newton = list(), outerPIsteps = 1) ","mgcv","recommended","2.6.0","released",FALSE
"gam.fit","closure","function","TRUE","FALSE","(G, start = NULL, etastart = NULL, mustart = NULL, family = gaussian(),     control = gam.control(), gamma = 1, fixedSteps = (control$maxit +         control$globit + 1), ...) ","mgcv","recommended","2.6.0","released",FALSE
"gam.fit2","closure","function","TRUE","FALSE","(x, y, sp, S = list(), rS = list(), off, H = NULL, weights = rep(1,     nobs), start = NULL, etastart = NULL, mustart = NULL, offset = rep(0,     nobs), family = gaussian(), control = gam.control(), intercept = TRUE,     deriv = TRUE, gamma = 1, scale = 1, pearson = FALSE, printWarn = TRUE,     ...) ","mgcv","recommended","2.6.0","released",FALSE
"gam.fit3","closure","function","TRUE","FALSE","(x, y, sp, S = list(), rS = list(), off, H = NULL, weights = rep(1,     nobs), start = NULL, etastart = NULL, mustart = NULL, offset = rep(0,     nobs), family = gaussian(), control = gam.control(), intercept = TRUE,     deriv = 2, use.svd = TRUE, gamma = 1, scale = 1, printWarn = TRUE,     ...) ","mgcv","recommended","2.6.0","released",FALSE
"gam.method","closure","function","TRUE","FALSE","(am = ""magic"", gam = ""outer"", outer = ""newton"", gcv = ""deviance"",     family = NULL) ","mgcv","recommended","2.6.0","released",FALSE
"gam.outer","closure","function","TRUE","FALSE","(lsp, fscale, family, control, method, gamma, G, ...) ","mgcv","recommended","2.6.0","released",FALSE
"gam.setup","closure","function","TRUE","FALSE","(formula, pterms, data = stop(""No data supplied to gam.setup""),     knots = NULL, sp = NULL, min.sp = NULL, H = NULL, fit.method = ""magic"",     parametric.only = FALSE, absorb.cons = FALSE) ","mgcv","recommended","2.6.0","released",FALSE
"gam.side","closure","function","TRUE","FALSE","(sm, tol = .Machine$double.eps^0.5) ","mgcv","recommended","2.6.0","released",FALSE
"gam2derivative","closure","function","TRUE","FALSE","(lsp, args, ...) ","mgcv","recommended","2.6.0","released",FALSE
"gam2objective","closure","function","TRUE","FALSE","(lsp, args, printWarn = FALSE, ...) ","mgcv","recommended","2.6.0","released",FALSE
"gam3objective","closure","function","TRUE","FALSE","(lsp, args, ...) ","mgcv","recommended","2.6.0","released",FALSE
"gamm","closure","function","TRUE","FALSE","(formula, random = NULL, correlation = NULL, family = gaussian(),     data = list(), weights = NULL, subset = NULL, na.action,     knots = NULL, control = nlme::lmeControl(niterEM = 0, optimMethod = ""L-BFGS-B""),     niterPQL = 20, verbosePQL = TRUE, method = ""ML"", ...) ","mgcv","recommended","2.6.0","released",FALSE
"gamm.setup","closure","function","TRUE","FALSE","(formula, pterms, data = stop(""No data supplied to gam.setup""),     knots = NULL, parametric.only = FALSE, absorb.cons = FALSE) ","mgcv","recommended","2.6.0","released",FALSE
"get.var","closure","function","TRUE","FALSE","(txt, data) ","mgcv","recommended","2.6.0","released",FALSE
"influence.gam","closure","function","TRUE","FALSE","(model, ...) ","mgcv","recommended","2.6.0","released",FALSE
"initial.sp","closure","function","TRUE","FALSE","(X, S, off, expensive = FALSE) ","mgcv","recommended","2.6.0","released",FALSE
"interpret.gam","closure","function","TRUE","FALSE","(gf) ","mgcv","recommended","2.6.0","released",FALSE
"logDet.pdIdnot","closure","function","TRUE","FALSE","(object, ...) ","mgcv","recommended","2.6.0","released",FALSE
"logLik.gam","closure","function","TRUE","FALSE","(object, ...) ","mgcv","recommended","2.6.0","released",FALSE
"magic","closure","function","TRUE","FALSE","(y, X, sp, S, off, rank = NULL, H = NULL, C = NULL,     w = NULL, gamma = 1, scale = 1, gcv = TRUE, ridge.parameter = NULL,     control = list(maxit = 50, tol = 1e-06, step.half = 25, rank.tol = .Machine$double.eps^0.5),     extra.rss = 0, n.score = length(y)) ","mgcv","recommended","2.6.0","released",FALSE
"magic.post.proc","closure","function","TRUE","FALSE","(X, object, w = NULL) ","mgcv","recommended","2.6.0","released",FALSE
"mgcv","closure","function","TRUE","FALSE","(y, X, sp, S, off, C = NULL, w = rep(1, length(y)),     H = NULL, scale = 1, gcv = TRUE, control = mgcv.control()) ","mgcv","recommended","2.6.0","released",FALSE
"mgcv.control","closure","function","TRUE","FALSE","(conv.tol = 1e-07, max.half = 20, target.edf = NULL,     min.edf = -1) ","mgcv","recommended","2.6.0","released",FALSE
"mgcv.find.theta","closure","function","TRUE","FALSE","(Theta, T.max, T.min, weights, good, mu, mu.eta.val,     G, tol) ","mgcv","recommended","2.6.0","released",FALSE
"mgcv.get.scale","closure","function","TRUE","FALSE","(Theta, weights, good, mu, mu.eta.val, G) ","mgcv","recommended","2.6.0","released",FALSE
"model.matrix.gam","closure","function","TRUE","FALSE","(object, ...) ","mgcv","recommended","2.6.0","released",FALSE
"mono.con","closure","function","TRUE","FALSE","(x, up = TRUE, lower = NA, upper = NA) ","mgcv","recommended","2.6.0","released",FALSE
"mroot","closure","function","TRUE","FALSE","(A, rank = NULL, method = ""chol"") ","mgcv","recommended","2.6.0","released",FALSE
"new.name","closure","function","TRUE","FALSE","(proposed, old.names) ","mgcv","recommended","2.6.0","released",FALSE
"notExp","closure","function","TRUE","FALSE","(x) ","mgcv","recommended","2.6.0","released",FALSE
"notExp2","closure","function","TRUE","FALSE","(x, d = .Options$mgcv.vc.logrange, b = 1/d) ","mgcv","recommended","2.6.0","released",FALSE
"notLog","closure","function","TRUE","FALSE","(x) ","mgcv","recommended","2.6.0","released",FALSE
"notLog2","closure","function","TRUE","FALSE","(x, d = .Options$mgcv.vc.logrange, b = 1/d) ","mgcv","recommended","2.6.0","released",FALSE
"null.space.dimension","closure","function","TRUE","FALSE","(d, m) ","mgcv","recommended","2.6.0","released",FALSE
"pcls","closure","function","TRUE","FALSE","(M) ","mgcv","recommended","2.6.0","released",FALSE
"pdConstruct.pdIdnot","closure","function","TRUE","FALSE","(object, value = numeric(0), form = formula(object),     nam = nlme::Names(object), data = sys.frame(sys.parent()),     ...) ","mgcv","recommended","2.6.0","released",FALSE
"pdConstruct.pdTens","closure","function","TRUE","FALSE","(object, value = numeric(0), form = formula(object),     nam = nlme::Names(object), data = sys.frame(sys.parent()),     ...) ","mgcv","recommended","2.6.0","released",FALSE
"pdFactor.pdIdnot","closure","function","TRUE","FALSE","(object) ","mgcv","recommended","2.6.0","released",FALSE
"pdFactor.pdTens","closure","function","TRUE","FALSE","(object) ","mgcv","recommended","2.6.0","released",FALSE
"pdIdnot","closure","function","TRUE","FALSE","(value = numeric(0), form = NULL, nam = NULL, data = sys.frame(sys.parent())) ","mgcv","recommended","2.6.0","released",FALSE
"pdMatrix.pdIdnot","closure","function","TRUE","FALSE","(object, factor = FALSE) ","mgcv","recommended","2.6.0","released",FALSE
"pdMatrix.pdTens","closure","function","TRUE","FALSE","(object, factor = FALSE) ","mgcv","recommended","2.6.0","released",FALSE
"pdTens","closure","function","TRUE","FALSE","(value = numeric(0), form = NULL, nam = NULL, data = sys.frame(sys.parent())) ","mgcv","recommended","2.6.0","released",FALSE
"place.knots","closure","function","TRUE","FALSE","(x, nk) ","mgcv","recommended","2.6.0","released",FALSE
"plot.gam","closure","function","TRUE","FALSE","(x, residuals = FALSE, rug = TRUE, se = TRUE, pages = 0,     select = NULL, scale = -1, n = 100, n2 = 40, pers = FALSE,     theta = 30, phi = 30, jit = FALSE, xlab = NULL, ylab = NULL,     main = NULL, ylim = NULL, xlim = NULL, too.far = 0.1, all.terms = FALSE,     shade = FALSE, shade.col = ""gray80"", shift = 0, trans = I,     ...) ","mgcv","recommended","2.6.0","released",FALSE
"predict.gam","closure","function","TRUE","FALSE","(object, newdata, type = ""link"", se.fit = FALSE, terms = NULL,     block.size = 1000, newdata.guaranteed = FALSE, na.action = na.pass,     ...) ","mgcv","recommended","2.6.0","released",FALSE
"print.anova.gam","closure","function","TRUE","FALSE","(x, digits = max(3, getOption(""digits"") - 3), ...) ","mgcv","recommended","2.6.0","released",FALSE
"print.gam","closure","function","TRUE","FALSE","(x, ...) ","mgcv","recommended","2.6.0","released",FALSE
"print.summary.gam","closure","function","TRUE","FALSE","(x, digits = max(3, getOption(""digits"") - 3), signif.stars = getOption(""show.signif.stars""),     ...) ","mgcv","recommended","2.6.0","released",FALSE
"residuals.gam","closure","function","TRUE","FALSE","(object, type = c(""deviance"", ""pearson"", ""scaled.pearson"",     ""working"", ""response""), ...) ","mgcv","recommended","2.6.0","released",FALSE
"s","closure","function","TRUE","FALSE","(..., k = -1, fx = FALSE, bs = ""tp"", m = 0, by = NA,     xt = NA) ","mgcv","recommended","2.6.0","released",FALSE
"smooth.construct","closure","function","TRUE","FALSE","(object, data, knots) ","mgcv","recommended","2.6.0","released",FALSE
"smooth.construct.cc.smooth.spec","closure","function","TRUE","FALSE","(object, data, knots) ","mgcv","recommended","2.6.0","released",FALSE
"smooth.construct.cr.smooth.spec","closure","function","TRUE","FALSE","(object, data, knots) ","mgcv","recommended","2.6.0","released",FALSE
"smooth.construct.cs.smooth.spec","closure","function","TRUE","FALSE","(object, data, knots) ","mgcv","recommended","2.6.0","released",FALSE
"smooth.construct.tensor.smooth.spec","closure","function","TRUE","FALSE","(object, data, knots) ","mgcv","recommended","2.6.0","released",FALSE
"smooth.construct.tp.smooth.spec","closure","function","TRUE","FALSE","(object, data, knots) ","mgcv","recommended","2.6.0","released",FALSE
"smooth.construct.ts.smooth.spec","closure","function","TRUE","FALSE","(object, data, knots) ","mgcv","recommended","2.6.0","released",FALSE
"smoothCon","closure","function","TRUE","FALSE","(object, data, knots, absorb.cons = FALSE, scale.penalty = TRUE) ","mgcv","recommended","2.6.0","released",FALSE
"solve.pdIdnot","closure","function","TRUE","FALSE","(a, b, ...) ","mgcv","recommended","2.6.0","released",FALSE
"summary.gam","closure","function","TRUE","FALSE","(object, dispersion = NULL, freq = TRUE, ...) ","mgcv","recommended","2.6.0","released",FALSE
"summary.pdIdnot","closure","function","TRUE","FALSE","(object, structName = ""Multiple of an Identity"", ...) ","mgcv","recommended","2.6.0","released",FALSE
"summary.pdTens","closure","function","TRUE","FALSE","(object, structName = ""Tensor product smooth term"",     ...) ","mgcv","recommended","2.6.0","released",FALSE
"te","closure","function","TRUE","FALSE","(..., k = NA, bs = ""cr"", m = 0, d = NA, by = NA, fx = FALSE,     mp = TRUE, np = TRUE, xt = NA) ","mgcv","recommended","2.6.0","released",FALSE
"tensor.prod.model.matrix","closure","function","TRUE","FALSE","(X) ","mgcv","recommended","2.6.0","released",FALSE
"tensor.prod.penalties","closure","function","TRUE","FALSE","(S) ","mgcv","recommended","2.6.0","released",FALSE
"uniquecombs","closure","function","TRUE","FALSE","(x) ","mgcv","recommended","2.6.0","released",FALSE
"vcov.gam","closure","function","TRUE","FALSE","(object, freq = TRUE, dispersion = NULL, ...) ","mgcv","recommended","2.6.0","released",FALSE
"vis.gam","closure","function","TRUE","FALSE","(x, view = NULL, cond = list(), n.grid = 30, too.far = 0,     col = NA, color = ""heat"", contour.col = NULL, se = -1, type = ""link"",     plot.type = ""persp"", zlim = NULL, nCol = 50, ...) ","mgcv","recommended","2.6.0","released",FALSE
"ACF","closure","function","TRUE","FALSE","(object, maxLag, ...) ","nlme","recommended","2.6.0","released",FALSE
"Alfalfa","list","nmGroupedData/groupedData/data.frame","FALSE","FALSE","NA","nlme","recommended","2.6.0","released",FALSE
"Assay","list","nffGroupedData/nfGroupedData/groupedData/data.frame","FALSE","FALSE","NA","nlme","recommended","2.6.0","released",FALSE
"BIC","closure","function","TRUE","FALSE","(object, ...) ","nlme","recommended","2.6.0","released",FALSE
"BodyWeight","list","nfnGroupedData/nfGroupedData/groupedData/data.frame","FALSE","FALSE","NA","nlme","recommended","2.6.0","released",FALSE
"Cefamandole","list","nfnGroupedData/nfGroupedData/groupedData/data.frame","FALSE","FALSE","NA","nlme","recommended","2.6.0","released",FALSE
"Dialyzer","list","nfnGroupedData/nfGroupedData/groupedData/data.frame","FALSE","FALSE","NA","nlme","recommended","2.6.0","released",FALSE
"Dim","closure","function","TRUE","FALSE","(object, ...) ","nlme","recommended","2.6.0","released",FALSE
"Earthquake","list","nfnGroupedData/nfGroupedData/groupedData/data.frame","FALSE","FALSE","NA","nlme","recommended","2.6.0","released",FALSE
"Fatigue","list","nfnGroupedData/nfGroupedData/groupedData/data.frame","FALSE","FALSE","NA","nlme","recommended","2.6.0","released",FALSE
"Gasoline","list","nfnGroupedData/nfGroupedData/groupedData/data.frame","FALSE","FALSE","NA","nlme","recommended","2.6.0","released",FALSE
"Glucose","list","nfnGroupedData/nfGroupedData/groupedData/data.frame","FALSE","FALSE","NA","nlme","recommended","2.6.0","released",FALSE
"Glucose2","list","nmGroupedData/groupedData/data.frame","FALSE","FALSE","NA","nlme","recommended","2.6.0","released",FALSE
"Gun","list","nffGroupedData/nfGroupedData/groupedData/data.frame","FALSE","FALSE","NA","nlme","recommended","2.6.0","released",FALSE
"IGF","list","nfnGroupedData/nfGroupedData/groupedData/data.frame","FALSE","FALSE","NA","nlme","recommended","2.6.0","released",FALSE
"Initialize","closure","function","TRUE","FALSE","(object, data, ...) ","nlme","recommended","2.6.0","released",FALSE
"LDEsysMat","closure","function","TRUE","FALSE","(pars, incidence) ","nlme","recommended","2.6.0","released",FALSE
"Machines","list","nffGroupedData/nfGroupedData/groupedData/data.frame","FALSE","FALSE","NA","nlme","recommended","2.6.0","released",FALSE
"MathAchSchool","list","data.frame","FALSE","FALSE","NA","nlme","recommended","2.6.0","released",FALSE
"MathAchieve","list","nfnGroupedData/nfGroupedData/groupedData/data.frame","FALSE","FALSE","NA","nlme","recommended","2.6.0","released",FALSE
"Meat","list","nffGroupedData/nfGroupedData/groupedData/data.frame","FALSE","FALSE","NA","nlme","recommended","2.6.0","released",FALSE
"Milk","list","nfnGroupedData/nfGroupedData/groupedData/data.frame","FALSE","FALSE","NA","nlme","recommended","2.6.0","released",FALSE
"Muscle","list","nfnGroupedData/nfGroupedData/groupedData/data.frame","FALSE","FALSE","NA","nlme","recommended","2.6.0","released",FALSE
"Names","closure","function","TRUE","FALSE","(object, ...) ","nlme","recommended","2.6.0","released",FALSE
"Names<-","closure","function","TRUE","FALSE","(object, ..., value) ","nlme","recommended","2.6.0","released",FALSE
"Nitrendipene","list","nfnGroupedData/nfGroupedData/groupedData/data.frame","FALSE","FALSE","NA","nlme","recommended","2.6.0","released",FALSE
"Oats","list","nfnGroupedData/nfGroupedData/groupedData/data.frame","FALSE","FALSE","NA","nlme","recommended","2.6.0","released",FALSE
"Orthodont","list","nfnGroupedData/nfGroupedData/groupedData/data.frame","FALSE","FALSE","NA","nlme","recommended","2.6.0","released",FALSE
"Ovary","list","nfnGroupedData/nfGroupedData/groupedData/data.frame","FALSE","FALSE","NA","nlme","recommended","2.6.0","released",FALSE
"Oxboys","list","nfnGroupedData/nfGroupedData/groupedData/data.frame","FALSE","FALSE","NA","nlme","recommended","2.6.0","released",FALSE
"Oxide","list","nmGroupedData/groupedData/data.frame","FALSE","FALSE","NA","nlme","recommended","2.6.0","released",FALSE
"PBG","list","nfnGroupedData/nfGroupedData/groupedData/data.frame","FALSE","FALSE","NA","nlme","recommended","2.6.0","released",FALSE
"Phenobarb","list","nfnGroupedData/nfGroupedData/groupedData/data.frame","FALSE","FALSE","NA","nlme","recommended","2.6.0","released",FALSE
"Pixel","list","nmGroupedData/groupedData/data.frame","FALSE","FALSE","NA","nlme","recommended","2.6.0","released",FALSE
"Quinidine","list","nfnGroupedData/nfGroupedData/groupedData/data.frame","FALSE","FALSE","NA","nlme","recommended","2.6.0","released",FALSE
"Rail","list","nffGroupedData/nfGroupedData/groupedData/data.frame","FALSE","FALSE","NA","nlme","recommended","2.6.0","released",FALSE
"RatPupWeight","list","nffGroupedData/nfGroupedData/groupedData/data.frame","FALSE","FALSE","NA","nlme","recommended","2.6.0","released",FALSE
"Relaxin","list","nfnGroupedData/nfGroupedData/groupedData/data.frame","FALSE","FALSE","NA","nlme","recommended","2.6.0","released",FALSE
"Remifentanil","list","nfnGroupedData/nfGroupedData/groupedData/data.frame","FALSE","FALSE","NA","nlme","recommended","2.6.0","released",FALSE
"Soybean","list","nfnGroupedData/nfGroupedData/groupedData/data.frame","FALSE","FALSE","NA","nlme","recommended","2.6.0","released",FALSE
"Spruce","list","nfnGroupedData/nfGroupedData/groupedData/data.frame","FALSE","FALSE","NA","nlme","recommended","2.6.0","released",FALSE
"Tetracycline1","list","nfnGroupedData/nfGroupedData/groupedData/data.frame","FALSE","FALSE","NA","nlme","recommended","2.6.0","released",FALSE
"Tetracycline2","list","nfnGroupedData/nfGroupedData/groupedData/data.frame","FALSE","FALSE","NA","nlme","recommended","2.6.0","released",FALSE
"VarCorr","closure","function","TRUE","FALSE","(x, sigma = 1, rdig = 3) ","nlme","recommended","2.6.0","released",FALSE
"Variogram","closure","function","TRUE","FALSE","(object, distance, ...) ","nlme","recommended","2.6.0","released",FALSE
"Wafer","list","nmGroupedData/groupedData/data.frame","FALSE","FALSE","NA","nlme","recommended","2.6.0","released",FALSE
"Wheat","list","nfnGroupedData/nfGroupedData/groupedData/data.frame","FALSE","FALSE","NA","nlme","recommended","2.6.0","released",FALSE
"Wheat2","list","nffGroupedData/nfGroupedData/groupedData/data.frame","FALSE","FALSE","NA","nlme","recommended","2.6.0","released",FALSE
"allCoef","closure","function","TRUE","FALSE","(..., extract = coef) ","nlme","recommended","2.6.0","released",FALSE
"anova.lme","closure","function","TRUE","FALSE","(object, ..., test = TRUE, type = c(""sequential"", ""marginal""),     adjustSigma = TRUE, Terms, L, verbose = FALSE) ","nlme","recommended","2.6.0","released",FALSE
"asOneFormula","closure","function","TRUE","FALSE","(..., omit = c(""."", ""pi"")) ","nlme","recommended","2.6.0","released",FALSE
"asTable","closure","function","TRUE","FALSE","(object) ","nlme","recommended","2.6.0","released",FALSE
"augPred","closure","function","TRUE","FALSE","(object, primary = NULL, minimum = min(primary), maximum = max(primary),     length.out = 51, ...) ","nlme","recommended","2.6.0","released",FALSE
"balancedGrouped","closure","function","TRUE","FALSE","(form, data, labels = NULL, units = NULL) ","nlme","recommended","2.6.0","released",FALSE
"bdf","list","nfnGroupedData/nfGroupedData/groupedData/data.frame","FALSE","FALSE","NA","nlme","recommended","2.6.0","released",FALSE
"coef<-","closure","function","TRUE","FALSE","(object, ..., value) ","nlme","recommended","2.6.0","released",FALSE
"coefficients<-","closure","function","TRUE","FALSE","(object, ..., value) ","nlme","recommended","2.6.0","released",FALSE
"collapse","closure","function","TRUE","FALSE","(object, ...) ","nlme","recommended","2.6.0","released",FALSE
"compareFits","closure","function","TRUE","FALSE","(object1, object2, which = 1:ncol(object1)) ","nlme","recommended","2.6.0","released",FALSE
"comparePred","closure","function","TRUE","FALSE","(object1, object2, primary = NULL, minimum = min(primary),     maximum = max(primary), length.out = 51, level = NULL, ...) ","nlme","recommended","2.6.0","released",FALSE
"corAR1","closure","function","TRUE","FALSE","(value = 0, form = ~1, fixed = FALSE) ","nlme","recommended","2.6.0","released",FALSE
"corARMA","closure","function","TRUE","FALSE","(value = double(p + q), form = ~1, p = 0, q = 0, fixed = FALSE) ","nlme","recommended","2.6.0","released",FALSE
"corCAR1","closure","function","TRUE","FALSE","(value = 0.2, form = ~1, fixed = FALSE) ","nlme","recommended","2.6.0","released",FALSE
"corCompSymm","closure","function","TRUE","FALSE","(value = 0, form = ~1, fixed = FALSE) ","nlme","recommended","2.6.0","released",FALSE
"corExp","closure","function","TRUE","FALSE","(value = numeric(0), form = ~1, nugget = FALSE, metric = c(""euclidean"",     ""maximum"", ""manhattan""), fixed = FALSE) ","nlme","recommended","2.6.0","released",FALSE
"corFactor","closure","function","TRUE","FALSE","(object, ...) ","nlme","recommended","2.6.0","released",FALSE
"corGaus","closure","function","TRUE","FALSE","(value = numeric(0), form = ~1, nugget = FALSE, metric = c(""euclidean"",     ""maximum"", ""manhattan""), fixed = FALSE) ","nlme","recommended","2.6.0","released",FALSE
"corIdent","closure","function","TRUE","FALSE","(form = NULL) ","nlme","recommended","2.6.0","released",FALSE
"corLin","closure","function","TRUE","FALSE","(value = numeric(0), form = ~1, nugget = FALSE, metric = c(""euclidean"",     ""maximum"", ""manhattan""), fixed = FALSE) ","nlme","recommended","2.6.0","released",FALSE
"corMatrix","closure","function","TRUE","FALSE","(object, ...) ","nlme","recommended","2.6.0","released",FALSE
"corNatural","closure","function","TRUE","FALSE","(value = numeric(0), form = ~1, fixed = FALSE) ","nlme","recommended","2.6.0","released",FALSE
"corRatio","closure","function","TRUE","FALSE","(value = numeric(0), form = ~1, nugget = FALSE, metric = c(""euclidean"",     ""maximum"", ""manhattan""), fixed = FALSE) ","nlme","recommended","2.6.0","released",FALSE
"corSpatial","closure","function","TRUE","FALSE","(value = numeric(0), form = ~1, nugget = FALSE, type = c(""spherical"",     ""exponential"", ""gaussian"", ""linear"", ""rational""), metric = c(""euclidean"",     ""maximum"", ""manhattan""), fixed = FALSE) ","nlme","recommended","2.6.0","released",FALSE
"corSpher","closure","function","TRUE","FALSE","(value = numeric(0), form = ~1, nugget = FALSE, metric = c(""euclidean"",     ""maximum"", ""manhattan""), fixed = FALSE) ","nlme","recommended","2.6.0","released",FALSE
"corSymm","closure","function","TRUE","FALSE","(value = numeric(0), form = ~1, fixed = FALSE) ","nlme","recommended","2.6.0","released",FALSE
"covariate<-","closure","function","TRUE","FALSE","(object, value) ","nlme","recommended","2.6.0","released",FALSE
"ergoStool","list","nffGroupedData/nfGroupedData/groupedData/data.frame","FALSE","FALSE","NA","nlme","recommended","2.6.0","released",FALSE
"fdHess","closure","function","TRUE","FALSE","(pars, fun, ..., .relStep = (.Machine$double.eps)^(1/3),     minAbsPar = 0) ","nlme","recommended","2.6.0","released",FALSE
"fixed.effects","closure","function","TRUE","FALSE","(object, ...) ","nlme","recommended","2.6.0","released",FALSE
"fixef","closure","function","TRUE","FALSE","(object, ...) ","nlme","recommended","2.6.0","released",FALSE
"gapply","closure","function","TRUE","FALSE","(object, which, FUN, form = formula(object), level,     groups = getGroups(object, form, level), ...) ","nlme","recommended","2.6.0","released",FALSE
"getCovariate","closure","function","TRUE","FALSE","(object, form = formula(object), data) ","nlme","recommended","2.6.0","released",FALSE
"getCovariateFormula","closure","function","TRUE","FALSE","(object) ","nlme","recommended","2.6.0","released",FALSE
"getData","closure","function","TRUE","FALSE","(object) ","nlme","recommended","2.6.0","released",FALSE
"getGroups","closure","function","TRUE","FALSE","(object, form = formula(object), level, data, sep = ""/"") ","nlme","recommended","2.6.0","released",FALSE
"getGroupsFormula","closure","function","TRUE","FALSE","(object, asList = FALSE, sep = ""/"") ","nlme","recommended","2.6.0","released",FALSE
"getResponse","closure","function","TRUE","FALSE","(object, form = formula(object)) ","nlme","recommended","2.6.0","released",FALSE
"getResponseFormula","closure","function","TRUE","FALSE","(object) ","nlme","recommended","2.6.0","released",FALSE
"getVarCov","closure","function","TRUE","FALSE","(obj, ...) ","nlme","recommended","2.6.0","released",FALSE
"gls","closure","function","TRUE","FALSE","(model, data = sys.frame(sys.parent()), correlation = NULL,     weights = NULL, subset, method = c(""REML"", ""ML""), na.action = na.fail,     control = list(), verbose = FALSE) ","nlme","recommended","2.6.0","released",FALSE
"glsControl","closure","function","TRUE","FALSE","(maxIter = 50, msMaxIter = 200, tolerance = 1e-06, msTol = 1e-07,     msScale = lmeScale, msVerbose = FALSE, singular.ok = FALSE,     qrTol = .Machine$single.eps, returnObject = FALSE, apVar = TRUE,     .relStep = (.Machine$double.eps)^(1/3), nlmStepMax = 100,     opt = c(""nlminb"", ""optim""), optimMethod = ""BFGS"", minAbsParApVar = 0.05,     natural = TRUE) ","nlme","recommended","2.6.0","released",FALSE
"glsStruct","closure","function","TRUE","FALSE","(corStruct = NULL, varStruct = NULL) ","nlme","recommended","2.6.0","released",FALSE
"gnls","closure","function","TRUE","FALSE","(model, data = sys.frame(sys.parent()), params, start,     correlation = NULL, weights = NULL, subset, na.action = na.fail,     naPattern, control = list(), verbose = FALSE) ","nlme","recommended","2.6.0","released",FALSE
"gnlsControl","closure","function","TRUE","FALSE","(maxIter = 50, nlsMaxIter = 7, msMaxIter = 50, minScale = 0.001,     tolerance = 1e-06, nlsTol = 0.001, msTol = 1e-07, msScale = lmeScale,     returnObject = FALSE, msVerbose = FALSE, apVar = TRUE, .relStep = (.Machine$double.eps)^(1/3),     nlmStepMax = 100, opt = c(""nlminb"", ""optim""), optimMethod = ""BFGS"",     minAbsParApVar = 0.05) ","nlme","recommended","2.6.0","released",FALSE
"gnlsStruct","closure","function","TRUE","FALSE","(corStruct = NULL, varStruct = NULL) ","nlme","recommended","2.6.0","released",FALSE
"groupedData","closure","function","TRUE","FALSE","(formula, data = sys.parent(1), order.groups = TRUE,     FUN = function(x) max(x, na.rm = TRUE), outer = NULL, inner = NULL,     labels = NULL, units = NULL) ","nlme","recommended","2.6.0","released",FALSE
"gsummary","closure","function","TRUE","FALSE","(object, FUN = function(x) mean(x, na.rm = TRUE), omitGroupingFactor = FALSE,     form = formula(object), level, groups = getGroups(object,         form, level), invariantsOnly = FALSE, ...) ","nlme","recommended","2.6.0","released",FALSE
"intervals","closure","function","TRUE","FALSE","(object, level = 0.95, ...) ","nlme","recommended","2.6.0","released",FALSE
"isBalanced","closure","function","TRUE","FALSE","(object, countOnly = FALSE, level) ","nlme","recommended","2.6.0","released",FALSE
"isInitialized","closure","function","TRUE","FALSE","(object) ","nlme","recommended","2.6.0","released",FALSE
"lmList","closure","function","TRUE","FALSE","(object, data, level, subset, na.action = na.fail, pool = TRUE) ","nlme","recommended","2.6.0","released",FALSE
"lmList.formula","closure","function","TRUE","FALSE","(object, data, level, subset, na.action = na.fail, pool = TRUE) ","nlme","recommended","2.6.0","released",FALSE
"lme","closure","function","TRUE","FALSE","(fixed, data = sys.frame(sys.parent()), random, correlation = NULL,     weights = NULL, subset, method = c(""REML"", ""ML""), na.action = na.fail,     control = list(), contrasts = NULL, keep.data = TRUE) ","nlme","recommended","2.6.0","released",FALSE
"lme.formula","closure","function","TRUE","FALSE","(fixed, data = sys.frame(sys.parent()), random = pdSymm(eval(as.call(fixed[-2]))),     correlation = NULL, weights = NULL, subset, method = c(""REML"",         ""ML""), na.action = na.fail, control = list(), contrasts = NULL,     keep.data = TRUE) ","nlme","recommended","2.6.0","released",FALSE
"lme.lmList","closure","function","TRUE","FALSE","(fixed, data = sys.frame(sys.parent()), random, correlation = NULL,     weights = NULL, subset, method = c(""REML"", ""ML""), na.action = na.fail,     control = list(), contrasts = NULL, keep.data = TRUE) ","nlme","recommended","2.6.0","released",FALSE
"lmeControl","closure","function","TRUE","FALSE","(maxIter = 50, msMaxIter = 50, tolerance = 1e-06, niterEM = 25,     msMaxEval = 200, msTol = 1e-07, msScale = lmeScale, msVerbose = FALSE,     returnObject = FALSE, gradHess = TRUE, apVar = TRUE, .relStep = (.Machine$double.eps)^(1/3),     minAbsParApVar = 0.05, nlmStepMax = 100, opt = c(""nlminb"",         ""optim""), optimMethod = ""BFGS"", natural = TRUE) ","nlme","recommended","2.6.0","released",FALSE
"lmeScale","closure","function","TRUE","FALSE","(start) ","nlme","recommended","2.6.0","released",FALSE
"lmeStruct","closure","function","TRUE","FALSE","(reStruct, corStruct = NULL, varStruct = NULL) ","nlme","recommended","2.6.0","released",FALSE
"logDet","closure","function","TRUE","FALSE","(object, ...) ","nlme","recommended","2.6.0","released",FALSE
"matrix<-","closure","function","TRUE","FALSE","(object, value) ","nlme","recommended","2.6.0","released",FALSE
"needUpdate","closure","function","TRUE","FALSE","(object) ","nlme","recommended","2.6.0","released",FALSE
"nfGroupedData","closure","function","TRUE","FALSE","(formula, data = sys.parent(1), order.groups = TRUE,     FUN = function(x) max(x, na.rm = TRUE), outer = NULL, inner = NULL,     labels = NULL, units = NULL) ","nlme","recommended","2.6.0","released",FALSE
"nlme","closure","function","TRUE","FALSE","(model, data = sys.frame(sys.parent()), fixed, random = fixed,     groups, start, correlation = NULL, weights = NULL, subset,     method = c(""ML"", ""REML""), na.action = na.fail, naPattern,     control = list(), verbose = FALSE) ","nlme","recommended","2.6.0","released",FALSE
"nlme.formula","closure","function","TRUE","FALSE","(model, data = sys.frame(sys.parent()), fixed, random,     groups, start, correlation = NULL, weights = NULL, subset,     method = c(""ML"", ""REML""), na.action = na.fail, naPattern,     control = list(), verbose = FALSE) ","nlme","recommended","2.6.0","released",FALSE
"nlme.nlsList","closure","function","TRUE","FALSE","(model, data = sys.frame(sys.parent()), fixed, random = fixed,     groups, start, correlation = NULL, weights = NULL, subset,     method = c(""ML"", ""REML""), na.action = na.fail, naPattern,     control = list(), verbose = FALSE) ","nlme","recommended","2.6.0","released",FALSE
"nlmeControl","closure","function","TRUE","FALSE","(maxIter = 50, pnlsMaxIter = 7, msMaxIter = 50, minScale = 0.001,     tolerance = 1e-05, niterEM = 25, pnlsTol = 0.001, msTol = 1e-06,     msScale = lmeScale, returnObject = FALSE, msVerbose = FALSE,     gradHess = TRUE, apVar = TRUE, .relStep = (.Machine$double.eps)^(1/3),     nlmStepMax = 100, minAbsParApVar = 0.05, opt = c(""nlminb"",         ""nlm""), natural = TRUE) ","nlme","recommended","2.6.0","released",FALSE
"nlmeStruct","closure","function","TRUE","FALSE","(reStruct, corStruct = NULL, varStruct = NULL) ","nlme","recommended","2.6.0","released",FALSE
"nlsList","closure","function","TRUE","FALSE","(model, data, start, control, level, subset, na.action = na.fail,     pool = TRUE) ","nlme","recommended","2.6.0","released",FALSE
"nlsList.formula","closure","function","TRUE","FALSE","(model, data, start = NULL, control, level, subset,     na.action = na.fail, pool = TRUE) ","nlme","recommended","2.6.0","released",FALSE
"nmGroupedData","closure","function","TRUE","FALSE","(formula, data = sys.parent(1), order.groups = TRUE,     FUN = function(x) max(x, na.rm = TRUE), outer = NULL, inner = NULL,     labels = NULL, units = NULL) ","nlme","recommended","2.6.0","released",FALSE
"pdBlocked","closure","function","TRUE","FALSE","(value = numeric(0), form = NULL, nam = NULL, data = sys.frame(sys.parent()),     pdClass = ""pdSymm"") ","nlme","recommended","2.6.0","released",FALSE
"pdCompSymm","closure","function","TRUE","FALSE","(value = numeric(0), form = NULL, nam = NULL, data = sys.frame(sys.parent())) ","nlme","recommended","2.6.0","released",FALSE
"pdConstruct","closure","function","TRUE","FALSE","(object, value, form, nam, data, ...) ","nlme","recommended","2.6.0","released",FALSE
"pdDiag","closure","function","TRUE","FALSE","(value = numeric(0), form = NULL, nam = NULL, data = sys.frame(sys.parent())) ","nlme","recommended","2.6.0","released",FALSE
"pdFactor","closure","function","TRUE","FALSE","(object) ","nlme","recommended","2.6.0","released",FALSE
"pdIdent","closure","function","TRUE","FALSE","(value = numeric(0), form = NULL, nam = NULL, data = sys.frame(sys.parent())) ","nlme","recommended","2.6.0","released",FALSE
"pdLogChol","closure","function","TRUE","FALSE","(value = numeric(0), form = NULL, nam = NULL, data = sys.parent()) ","nlme","recommended","2.6.0","released",FALSE
"pdMat","closure","function","TRUE","FALSE","(value = numeric(0), form = NULL, nam = NULL, data = sys.frame(sys.parent()),     pdClass = ""pdSymm"") ","nlme","recommended","2.6.0","released",FALSE
"pdMatrix","closure","function","TRUE","FALSE","(object, factor = FALSE) ","nlme","recommended","2.6.0","released",FALSE
"pdNatural","closure","function","TRUE","FALSE","(value = numeric(0), form = NULL, nam = NULL, data = sys.frame(sys.parent())) ","nlme","recommended","2.6.0","released",FALSE
"pdSymm","closure","function","TRUE","FALSE","(value = numeric(0), form = NULL, nam = NULL, data = parent.frame()) ","nlme","recommended","2.6.0","released",FALSE
"phenoModel","closure","function","TRUE","FALSE","(Subject, time, dose, lCl, lV) ","nlme","recommended","2.6.0","released",FALSE
"plot.lme","closure","function","TRUE","FALSE","(x, form = resid(., type = ""pearson"") ~ fitted(.), abline,     id = NULL, idLabels = NULL, idResType = c(""pearson"", ""normalized""),     grid, ...) ","nlme","recommended","2.6.0","released",FALSE
"pooledSD","closure","function","TRUE","FALSE","(object) ","nlme","recommended","2.6.0","released",FALSE
"quinModel","closure","function","TRUE","FALSE","(Subject, time, conc, dose, interval, lV, lKa, lCl) ","nlme","recommended","2.6.0","released",FALSE
"random.effects","closure","function","TRUE","FALSE","(object, ...) ","nlme","recommended","2.6.0","released",FALSE
"ranef","closure","function","TRUE","FALSE","(object, ...) ","nlme","recommended","2.6.0","released",FALSE
"reStruct","closure","function","TRUE","FALSE","(object, pdClass = ""pdLogChol"", REML = FALSE, data = sys.frame(sys.parent())) ","nlme","recommended","2.6.0","released",FALSE
"recalc","closure","function","TRUE","FALSE","(object, conLin, ...) ","nlme","recommended","2.6.0","released",FALSE
"simulate.lme","closure","function","TRUE","FALSE","(object, nsim = 1, seed = as.integer(runif(1, 0, .Machine$integer.max)),     m2, method = c(""REML"", ""ML""), niterEM = c(40, 200), useGen = FALSE,     ...) ","nlme","recommended","2.6.0","released",FALSE
"splitFormula","closure","function","TRUE","FALSE","(form, sep = ""/"") ","nlme","recommended","2.6.0","released",FALSE
"varComb","closure","function","TRUE","FALSE","(...) ","nlme","recommended","2.6.0","released",FALSE
"varConstPower","closure","function","TRUE","FALSE","(const = numeric(0), power = numeric(0), form = ~fitted(.),     fixed = NULL) ","nlme","recommended","2.6.0","released",FALSE
"varExp","closure","function","TRUE","FALSE","(value = numeric(0), form = ~fitted(.), fixed = NULL) ","nlme","recommended","2.6.0","released",FALSE
"varFixed","closure","function","TRUE","FALSE","(value = ~1) ","nlme","recommended","2.6.0","released",FALSE
"varFunc","closure","function","TRUE","FALSE","(object) ","nlme","recommended","2.6.0","released",FALSE
"varIdent","closure","function","TRUE","FALSE","(value = numeric(0), form = ~1, fixed = NULL) ","nlme","recommended","2.6.0","released",FALSE
"varPower","closure","function","TRUE","FALSE","(value = numeric(0), form = ~fitted(.), fixed = NULL) ","nlme","recommended","2.6.0","released",FALSE
"varWeights","closure","function","TRUE","FALSE","(object) ","nlme","recommended","2.6.0","released",FALSE
"class.ind","closure","function","TRUE","FALSE","(cl) ","nnet","recommended","2.6.0","released",FALSE
"multinom","closure","function","TRUE","FALSE","(formula, data, weights, subset, na.action, contrasts = NULL,     Hess = FALSE, summ = 0, censored = FALSE, model = FALSE,     ...) ","nnet","recommended","2.6.0","released",FALSE
"nnet","closure","function","TRUE","FALSE","(x, ...) ","nnet","recommended","2.6.0","released",FALSE
"nnet.default","closure","function","TRUE","FALSE","(x, y, weights, size, Wts, mask = rep(TRUE, length(wts)),     linout = FALSE, entropy = FALSE, softmax = FALSE, censored = FALSE,     skip = FALSE, rang = 0.7, decay = 0, maxit = 100, Hess = FALSE,     trace = TRUE, MaxNWts = 1000, abstol = 1e-04, reltol = 1e-08,     ...) ","nnet","recommended","2.6.0","released",FALSE
"nnet.formula","closure","function","TRUE","FALSE","(formula, data, weights, ..., subset, na.action, contrasts = NULL) ","nnet","recommended","2.6.0","released",FALSE
"nnetHess","closure","function","TRUE","FALSE","(net, x, y, weights) ","nnet","recommended","2.6.0","released",FALSE
"which.is.max","closure","function","TRUE","FALSE","(x) ","nnet","recommended","2.6.0","released",FALSE
"rc.getOption","closure","function","TRUE","FALSE","(name) ","rcompgen","recommended","2.6.0","released",FALSE
"rc.options","closure","function","TRUE","FALSE","(...) ","rcompgen","recommended","2.6.0","released",FALSE
"rc.settings","closure","function","TRUE","FALSE","(ops, ns, args, func, ipck, S3, data, help, argdb, files) ","rcompgen","recommended","2.6.0","released",FALSE
"rc.status","closure","function","TRUE","FALSE","() ","rcompgen","recommended","2.6.0","released",FALSE
"car.test.frame","list","data.frame","FALSE","FALSE","NA","rpart","recommended","2.6.0","released",FALSE
"cu.summary","list","data.frame","FALSE","FALSE","NA","rpart","recommended","2.6.0","released",FALSE
"kyphosis","list","data.frame","FALSE","FALSE","NA","rpart","recommended","2.6.0","released",FALSE
"meanvar","closure","function","TRUE","FALSE","(tree, ...) ","rpart","recommended","2.6.0","released",FALSE
"na.rpart","closure","function","TRUE","FALSE","(x) ","rpart","recommended","2.6.0","released",FALSE
"path.rpart","closure","function","TRUE","FALSE","(tree, nodes, pretty = 0, print.it = TRUE) ","rpart","recommended","2.6.0","released",FALSE
"plotcp","closure","function","TRUE","FALSE","(x, minline = TRUE, lty = 3, col = 1, upper = c(""size"",     ""splits"", ""none""), ...) ","rpart","recommended","2.6.0","released",FALSE
"post","closure","function","TRUE","FALSE","(tree, ...) ","rpart","recommended","2.6.0","released",FALSE
"printcp","closure","function","TRUE","FALSE","(x, digits = getOption(""digits"") - 2) ","rpart","recommended","2.6.0","released",FALSE
"prune","closure","function","TRUE","FALSE","(tree, ...) ","rpart","recommended","2.6.0","released",FALSE
"prune.rpart","closure","function","TRUE","FALSE","(tree, cp, ...) ","rpart","recommended","2.6.0","released",FALSE
"rpart","closure","function","TRUE","FALSE","(formula, data, weights, subset, na.action = na.rpart,     method, model = FALSE, x = FALSE, y = TRUE, parms, control,     cost, ...) ","rpart","recommended","2.6.0","released",FALSE
"rpart.control","closure","function","TRUE","FALSE","(minsplit = 20, minbucket = round(minsplit/3), cp = 0.01,     maxcompete = 4, maxsurrogate = 5, usesurrogate = 2, xval = 10,     surrogatestyle = 0, maxdepth = 30, ...) ","rpart","recommended","2.6.0","released",FALSE
"rpconvert","closure","function","TRUE","FALSE","(x) ","rpart","recommended","2.6.0","released",FALSE
"rsq.rpart","closure","function","TRUE","FALSE","(x) ","rpart","recommended","2.6.0","released",FALSE
"snip.rpart","closure","function","TRUE","FALSE","(x, toss) ","rpart","recommended","2.6.0","released",FALSE
"solder","list","data.frame","FALSE","FALSE","NA","rpart","recommended","2.6.0","released",FALSE
"xpred.rpart","closure","function","TRUE","FALSE","(fit, xval = 10, cp) ","rpart","recommended","2.6.0","released",FALSE
"Kaver","closure","function","TRUE","FALSE","(fs, nsim, ...) ","spatial","recommended","2.6.0","released",FALSE
"Kenvl","closure","function","TRUE","FALSE","(fs, nsim, ...) ","spatial","recommended","2.6.0","released",FALSE
"Kfn","closure","function","TRUE","FALSE","(pp, fs, k = 100) ","spatial","recommended","2.6.0","released",FALSE
"Psim","closure","function","TRUE","FALSE","(n) ","spatial","recommended","2.6.0","released",FALSE
"SSI","closure","function","TRUE","FALSE","(n, r) ","spatial","recommended","2.6.0","released",FALSE
"Strauss","closure","function","TRUE","FALSE","(n, c = 0, r) ","spatial","recommended","2.6.0","released",FALSE
"anova.trls","closure","function","TRUE","FALSE","(object, ...) ","spatial","recommended","2.6.0","released",FALSE
"anovalist.trls","closure","function","TRUE","FALSE","(object, ...) ","spatial","recommended","2.6.0","released",FALSE
"correlogram","closure","function","TRUE","FALSE","(krig, nint, plotit = TRUE, ...) ","spatial","recommended","2.6.0","released",FALSE
"expcov","closure","function","TRUE","FALSE","(r, d, alpha = 0, se = 1) ","spatial","recommended","2.6.0","released",FALSE
"gaucov","closure","function","TRUE","FALSE","(r, d, alpha = 0, se = 1) ","spatial","recommended","2.6.0","released",FALSE
"plot.trls","closure","function","TRUE","FALSE","(x, border = ""red"", col = NA, pch = 4, cex = 0.6, add = FALSE,     div = 8, ...) ","spatial","recommended","2.6.0","released",FALSE
"ppgetregion","closure","function","TRUE","FALSE","() ","spatial","recommended","2.6.0","released",FALSE
"ppinit","closure","function","TRUE","FALSE","(file) ","spatial","recommended","2.6.0","released",FALSE
"pplik","closure","function","TRUE","FALSE","(pp, R, ng = 50, trace = FALSE) ","spatial","recommended","2.6.0","released",FALSE
"ppregion","closure","function","TRUE","FALSE","(xl = 0, xu = 1, yl = 0, yu = 1) ","spatial","recommended","2.6.0","released",FALSE
"predict.trls","closure","function","TRUE","FALSE","(object, x, y, ...) ","spatial","recommended","2.6.0","released",FALSE
"prmat","closure","function","TRUE","FALSE","(obj, xl, xu, yl, yu, n) ","spatial","recommended","2.6.0","released",FALSE
"semat","closure","function","TRUE","FALSE","(obj, xl, xu, yl, yu, n, se) ","spatial","recommended","2.6.0","released",FALSE
"sphercov","closure","function","TRUE","FALSE","(r, d, alpha = 0, se = 1, D = 2) ","spatial","recommended","2.6.0","released",FALSE
"surf.gls","closure","function","TRUE","FALSE","(np, covmod, x, y, z, nx = 1000, ...) ","spatial","recommended","2.6.0","released",FALSE
"surf.ls","closure","function","TRUE","FALSE","(np, x, y, z) ","spatial","recommended","2.6.0","released",FALSE
"trls.influence","closure","function","TRUE","FALSE","(object) ","spatial","recommended","2.6.0","released",FALSE
"trmat","closure","function","TRUE","FALSE","(obj, xl, xu, yl, yu, n) ","spatial","recommended","2.6.0","released",FALSE
"variogram","closure","function","TRUE","FALSE","(krig, nint, plotit = TRUE, ...) ","spatial","recommended","2.6.0","released",FALSE
"as.polySpline","closure","function","TRUE","FALSE","(object, ...) ","splines","base","2.6.0","released",FALSE
"asVector","closure","function","TRUE","FALSE","(object) ","splines","base","2.6.0","released",FALSE
"backSpline","closure","function","TRUE","FALSE","(object) ","splines","base","2.6.0","released",FALSE
"bs","closure","function","TRUE","FALSE","(x, df = NULL, knots = NULL, degree = 3, intercept = FALSE,     Boundary.knots = range(x)) ","splines","base","2.6.0","released",FALSE
"interpSpline","closure","function","TRUE","FALSE","(obj1, obj2, bSpline = FALSE, period = NULL, na.action = na.fail) ","splines","base","2.6.0","released",FALSE
"ns","closure","function","TRUE","FALSE","(x, df = NULL, knots = NULL, intercept = FALSE, Boundary.knots = range(x)) ","splines","base","2.6.0","released",FALSE
"periodicSpline","closure","function","TRUE","FALSE","(obj1, obj2, knots, period = 2 * pi, ord = 4) ","splines","base","2.6.0","released",FALSE
"polySpline","closure","function","TRUE","FALSE","(object, ...) ","splines","base","2.6.0","released",FALSE
"spline.des","closure","function","TRUE","FALSE","(knots, x, ord = 4, derivs = integer(length(x)), outer.ok = FALSE) ","splines","base","2.6.0","released",FALSE
"splineDesign","closure","function","TRUE","FALSE","(knots, x, ord = 4, derivs = integer(nx), outer.ok = FALSE) ","splines","base","2.6.0","released",FALSE
"splineKnots","closure","function","TRUE","FALSE","(object) ","splines","base","2.6.0","released",FALSE
"splineOrder","closure","function","TRUE","FALSE","(object) ","splines","base","2.6.0","released",FALSE
"xyVector","closure","function","TRUE","FALSE","(x, y) ","splines","base","2.6.0","released",FALSE
".MFclass","closure","function","TRUE","FALSE","(x) ","stats","base","2.6.0","released", TRUE
".checkMFClasses","closure","function","TRUE","FALSE","(cl, m, ordNotOK = FALSE) ","stats","base","2.6.0","released", TRUE
".getXlevels","closure","function","TRUE","FALSE","(Terms, m) ","stats","base","2.6.0","released", TRUE
"AIC","closure","function","TRUE","FALSE","(object, ..., k = 2) ","stats","base","2.6.0","released",FALSE
"ARMAacf","closure","function","TRUE","FALSE","(ar = numeric(0), ma = numeric(0), lag.max = r, pacf = FALSE) ","stats","base","2.6.0","released",FALSE
"ARMAtoMA","closure","function","TRUE","FALSE","(ar = numeric(0), ma = numeric(0), lag.max) ","stats","base","2.6.0","released",FALSE
"Box.test","closure","function","TRUE","FALSE","(x, lag = 1, type = c(""Box-Pierce"", ""Ljung-Box"")) ","stats","base","2.6.0","released",FALSE
"C","closure","function","TRUE","FALSE","(object, contr, how.many, ...) ","stats","base","2.6.0","released",FALSE
"D","closure","function","TRUE","FALSE","(expr, name) ","stats","base","2.6.0","released",FALSE
"Gamma","closure","function","TRUE","FALSE","(link = ""inverse"") ","stats","base","2.6.0","released",FALSE
"HoltWinters","closure","function","TRUE","FALSE","(x, alpha = NULL, beta = NULL, gamma = NULL, seasonal = c(""additive"",     ""multiplicative""), start.periods = 3, l.start = NULL, b.start = NULL,     s.start = NULL, optim.start = c(alpha = 0.3, beta = 0.1,         gamma = 0.1), optim.control = list()) ","stats","base","2.6.0","released",FALSE
"IQR","closure","function","TRUE","FALSE","(x, na.rm = FALSE) ","stats","base","2.6.0","released",FALSE
"KalmanForecast","closure","function","TRUE","FALSE","(n.ahead = 10, mod, fast = TRUE) ","stats","base","2.6.0","released",FALSE
"KalmanLike","closure","function","TRUE","FALSE","(y, mod, nit = 0, fast = TRUE) ","stats","base","2.6.0","released",FALSE
"KalmanRun","closure","function","TRUE","FALSE","(y, mod, nit = 0, fast = TRUE) ","stats","base","2.6.0","released",FALSE
"KalmanSmooth","closure","function","TRUE","FALSE","(y, mod, nit = 0) ","stats","base","2.6.0","released",FALSE
"NLSstAsymptotic","closure","function","TRUE","FALSE","(xy) ","stats","base","2.6.0","released",FALSE
"NLSstClosestX","closure","function","TRUE","FALSE","(xy, yval) ","stats","base","2.6.0","released",FALSE
"NLSstLfAsymptote","closure","function","TRUE","FALSE","(xy) ","stats","base","2.6.0","released",FALSE
"NLSstRtAsymptote","closure","function","TRUE","FALSE","(xy) ","stats","base","2.6.0","released",FALSE
"PP.test","closure","function","TRUE","FALSE","(x, lshort = TRUE) ","stats","base","2.6.0","released",FALSE
"SSD","closure","function","TRUE","FALSE","(object, ...) ","stats","base","2.6.0","released",FALSE
"SSasymp","closure","selfStart","TRUE","FALSE","(input, Asym, R0, lrc) ","stats","base","2.6.0","released",FALSE
"SSasympOff","closure","selfStart","TRUE","FALSE","(input, Asym, lrc, c0) ","stats","base","2.6.0","released",FALSE
"SSasympOrig","closure","selfStart","TRUE","FALSE","(input, Asym, lrc) ","stats","base","2.6.0","released",FALSE
"SSbiexp","closure","selfStart","TRUE","FALSE","(input, A1, lrc1, A2, lrc2) ","stats","base","2.6.0","released",FALSE
"SSfol","closure","selfStart","TRUE","FALSE","(Dose, input, lKe, lKa, lCl) ","stats","base","2.6.0","released",FALSE
"SSfpl","closure","selfStart","TRUE","FALSE","(input, A, B, xmid, scal) ","stats","base","2.6.0","released",FALSE
"SSgompertz","closure","selfStart","TRUE","FALSE","(x, Asym, b2, b3) ","stats","base","2.6.0","released",FALSE
"SSlogis","closure","selfStart","TRUE","FALSE","(input, Asym, xmid, scal) ","stats","base","2.6.0","released",FALSE
"SSmicmen","closure","selfStart","TRUE","FALSE","(input, Vm, K) ","stats","base","2.6.0","released",FALSE
"SSweibull","closure","selfStart","TRUE","FALSE","(x, Asym, Drop, lrc, pwr) ","stats","base","2.6.0","released",FALSE
"StructTS","closure","function","TRUE","FALSE","(x, type = c(""level"", ""trend"", ""BSM""), init = NULL,     fixed = NULL, optim.control = NULL) ","stats","base","2.6.0","released",FALSE
"TukeyHSD","closure","function","TRUE","FALSE","(x, which, ordered = FALSE, conf.level = 0.95, ...) ","stats","base","2.6.0","released",FALSE
"TukeyHSD.aov","closure","function","TRUE","FALSE","(x, which = seq_along(tabs), ordered = FALSE, conf.level = 0.95,     ...) ","stats","base","2.6.0","released",FALSE
"acf","closure","function","TRUE","FALSE","(x, lag.max = NULL, type = c(""correlation"", ""covariance"",     ""partial""), plot = TRUE, na.action = na.fail, demean = TRUE,     ...) ","stats","base","2.6.0","released",FALSE
"acf2AR","closure","function","TRUE","FALSE","(acf) ","stats","base","2.6.0","released",FALSE
"add.scope","closure","function","TRUE","FALSE","(terms1, terms2) ","stats","base","2.6.0","released",FALSE
"add1","closure","function","TRUE","FALSE","(object, scope, ...) ","stats","base","2.6.0","released",FALSE
"addmargins","closure","function","TRUE","FALSE","(A, margin = 1:length(dim(A)), FUN = sum, quiet = FALSE) ","stats","base","2.6.0","released",FALSE
"aggregate","closure","function","TRUE","FALSE","(x, ...) ","stats","base","2.6.0","released",FALSE
"aggregate.data.frame","closure","function","TRUE","FALSE","(x, by, FUN, ...) ","stats","base","2.6.0","released",FALSE
"aggregate.default","closure","function","TRUE","FALSE","(x, ...) ","stats","base","2.6.0","released",FALSE
"aggregate.ts","closure","function","TRUE","FALSE","(x, nfrequency = 1, FUN = sum, ndeltat = 1, ts.eps = getOption(""ts.eps""),     ...) ","stats","base","2.6.0","released",FALSE
"alias","closure","function","TRUE","FALSE","(object, ...) ","stats","base","2.6.0","released",FALSE
"anova","closure","function","TRUE","FALSE","(object, ...) ","stats","base","2.6.0","released",FALSE
"anova.glm","closure","function","TRUE","FALSE","(object, ..., dispersion = NULL, test = NULL) ","stats","base","2.6.0","released",FALSE
"anova.glmlist","closure","function","TRUE","FALSE","(object, ..., dispersion = NULL, test = NULL) ","stats","base","2.6.0","released",FALSE
"anova.lm","closure","function","TRUE","FALSE","(object, ...) ","stats","base","2.6.0","released",FALSE
"anova.lmlist","closure","function","TRUE","FALSE","(object, ..., scale = 0, test = ""F"") ","stats","base","2.6.0","released",FALSE
"anova.mlm","closure","function","TRUE","FALSE","(object, ..., test = c(""Pillai"", ""Wilks"", ""Hotelling-Lawley"",     ""Roy"", ""Spherical""), Sigma = diag(nrow = p), T = Thin.row(proj(M) -     proj(X)), M = diag(nrow = p), X = ~0, idata = data.frame(index = seq_len(p))) ","stats","base","2.6.0","released",FALSE
"anovalist.lm","closure","function","TRUE","FALSE","(object, ..., test = NULL) ","stats","base","2.6.0","released",FALSE
"ansari.test","closure","function","TRUE","FALSE","(x, ...) ","stats","base","2.6.0","released",FALSE
"aov","closure","function","TRUE","FALSE","(formula, data = NULL, projections = FALSE, qr = TRUE,     contrasts = NULL, ...) ","stats","base","2.6.0","released",FALSE
"approx","closure","function","TRUE","FALSE","(x, y = NULL, xout, method = ""linear"", n = 50, yleft,     yright, rule = 1, f = 0, ties = mean) ","stats","base","2.6.0","released",FALSE
"approxfun","closure","function","TRUE","FALSE","(x, y = NULL, method = ""linear"", yleft, yright, rule = 1,     f = 0, ties = mean) ","stats","base","2.6.0","released",FALSE
"ar","closure","function","TRUE","FALSE","(x, aic = TRUE, order.max = NULL, method = c(""yule-walker"",     ""burg"", ""ols"", ""mle"", ""yw""), na.action = na.fail, series = deparse(substitute(x)),     ...) ","stats","base","2.6.0","released",FALSE
"ar.burg","closure","function","TRUE","FALSE","(x, ...) ","stats","base","2.6.0","released",FALSE
"ar.mle","closure","function","TRUE","FALSE","(x, aic = TRUE, order.max = NULL, na.action = na.fail,     demean = TRUE, series = NULL, ...) ","stats","base","2.6.0","released",FALSE
"ar.ols","closure","function","TRUE","FALSE","(x, aic = TRUE, order.max = NULL, na.action = na.fail,     demean = TRUE, intercept = demean, series = NULL, ...) ","stats","base","2.6.0","released",FALSE
"ar.yw","closure","function","TRUE","FALSE","(x, ...) ","stats","base","2.6.0","released",FALSE
"arima","closure","function","TRUE","FALSE","(x, order = c(0, 0, 0), seasonal = list(order = c(0,     0, 0), period = NA), xreg = NULL, include.mean = TRUE, transform.pars = TRUE,     fixed = NULL, init = NULL, method = c(""CSS-ML"", ""ML"", ""CSS""),     n.cond, optim.control = list(), kappa = 1e+06) ","stats","base","2.6.0","released",FALSE
"arima.sim","closure","function","TRUE","FALSE","(model, n, rand.gen = rnorm, innov = rand.gen(n, ...),     n.start = NA, start.innov = rand.gen(n.start, ...), ...) ","stats","base","2.6.0","released",FALSE
"arima0","closure","function","TRUE","FALSE","(x, order = c(0, 0, 0), seasonal = list(order = c(0,     0, 0), period = NA), xreg = NULL, include.mean = TRUE, delta = 0.01,     transform.pars = TRUE, fixed = NULL, init = NULL, method = c(""ML"",         ""CSS""), n.cond, optim.control = list()) ","stats","base","2.6.0","released",FALSE
"arima0.diag","closure","function","TRUE","FALSE","(...) ","stats","base","2.6.0","released",FALSE
"as.dendrogram","closure","function","TRUE","FALSE","(object, ...) ","stats","base","2.6.0","released",FALSE
"as.dist","closure","function","TRUE","FALSE","(m, diag = FALSE, upper = FALSE) ","stats","base","2.6.0","released",FALSE
"as.formula","closure","function","TRUE","FALSE","(object, env = parent.frame()) ","stats","base","2.6.0","released",FALSE
"as.hclust","closure","function","TRUE","FALSE","(x, ...) ","stats","base","2.6.0","released",FALSE
"as.stepfun","closure","function","TRUE","FALSE","(x, ...) ","stats","base","2.6.0","released",FALSE
"as.ts","closure","function","TRUE","FALSE","(x, ...) ","stats","base","2.6.0","released",FALSE
"asOneSidedFormula","closure","function","TRUE","FALSE","(object) ","stats","base","2.6.0","released",FALSE
"ave","closure","function","TRUE","FALSE","(x, ..., FUN = mean) ","stats","base","2.6.0","released",FALSE
"bandwidth.kernel","closure","function","TRUE","FALSE","(k) ","stats","base","2.6.0","released",FALSE
"bartlett.test","closure","function","TRUE","FALSE","(x, ...) ","stats","base","2.6.0","released",FALSE
"binom.test","closure","function","TRUE","FALSE","(x, n, p = 0.5, alternative = c(""two.sided"", ""less"",     ""greater""), conf.level = 0.95) ","stats","base","2.6.0","released",FALSE
"binomial","closure","function","TRUE","FALSE","(link = ""logit"") ","stats","base","2.6.0","released",FALSE
"biplot","closure","function","TRUE","FALSE","(x, ...) ","stats","base","2.6.0","released",FALSE
"bw.SJ","closure","function","TRUE","FALSE","(x, nb = 1000, lower = 0.1 * hmax, upper = hmax, method = c(""ste"",     ""dpi"")) ","stats","base","2.6.0","released",FALSE
"bw.bcv","closure","function","TRUE","FALSE","(x, nb = 1000, lower = 0.1 * hmax, upper = hmax) ","stats","base","2.6.0","released",FALSE
"bw.nrd","closure","function","TRUE","FALSE","(x) ","stats","base","2.6.0","released",FALSE
"bw.nrd0","closure","function","TRUE","FALSE","(x) ","stats","base","2.6.0","released",FALSE
"bw.ucv","closure","function","TRUE","FALSE","(x, nb = 1000, lower = 0.1 * hmax, upper = hmax) ","stats","base","2.6.0","released",FALSE
"cancor","closure","function","TRUE","FALSE","(x, y, xcenter = TRUE, ycenter = TRUE) ","stats","base","2.6.0","released",FALSE
"case.names","closure","function","TRUE","FALSE","(object, ...) ","stats","base","2.6.0","released",FALSE
"ccf","closure","function","TRUE","FALSE","(x, y, lag.max = NULL, type = c(""correlation"", ""covariance""),     plot = TRUE, na.action = na.fail, ...) ","stats","base","2.6.0","released",FALSE
"chisq.test","closure","function","TRUE","FALSE","(x, y = NULL, correct = TRUE, p = rep(1/length(x), length(x)),     rescale.p = FALSE, simulate.p.value = FALSE, B = 2000) ","stats","base","2.6.0","released",FALSE
"clearNames","closure","function","TRUE","FALSE","(object) ","stats","base","2.6.0","released",FALSE
"cmdscale","closure","function","TRUE","FALSE","(d, k = 2, eig = FALSE, add = FALSE, x.ret = FALSE) ","stats","base","2.6.0","released",FALSE
"coef","closure","function","TRUE","FALSE","(object, ...) ","stats","base","2.6.0","released",FALSE
"coefficients","closure","function","TRUE","FALSE","(object, ...) ","stats","base","2.6.0","released",FALSE
"complete.cases","closure","function","TRUE","FALSE","(...) ","stats","base","2.6.0","released",FALSE
"confint","closure","function","TRUE","FALSE","(object, parm, level = 0.95, ...) ","stats","base","2.6.0","released",FALSE
"confint.default","closure","function","TRUE","FALSE","(object, parm, level = 0.95, ...) ","stats","base","2.6.0","released",FALSE
"constrOptim","closure","function","TRUE","FALSE","(theta, f, grad, ui, ci, mu = 1e-04, control = list(),     method = if (is.null(grad)) ""Nelder-Mead"" else ""BFGS"", outer.iterations = 100,     outer.eps = 1e-05, ...) ","stats","base","2.6.0","released",FALSE
"contr.SAS","closure","function","TRUE","FALSE","(n, contrasts = TRUE) ","stats","base","2.6.0","released",FALSE
"contr.helmert","closure","function","TRUE","FALSE","(n, contrasts = TRUE) ","stats","base","2.6.0","released",FALSE
"contr.poly","closure","function","TRUE","FALSE","(n, scores = 1:n, contrasts = TRUE) ","stats","base","2.6.0","released",FALSE
"contr.sum","closure","function","TRUE","FALSE","(n, contrasts = TRUE) ","stats","base","2.6.0","released",FALSE
"contr.treatment","closure","function","TRUE","FALSE","(n, base = 1, contrasts = TRUE) ","stats","base","2.6.0","released",FALSE
"contrasts","closure","function","TRUE","FALSE","(x, contrasts = TRUE) ","stats","base","2.6.0","released",FALSE
"contrasts<-","closure","function","TRUE","FALSE","(x, how.many, value) ","stats","base","2.6.0","released",FALSE
"convolve","closure","function","TRUE","FALSE","(x, y, conj = TRUE, type = c(""circular"", ""open"", ""filter"")) ","stats","base","2.6.0","released",FALSE
"cooks.distance","closure","function","TRUE","FALSE","(model, ...) ","stats","base","2.6.0","released",FALSE
"cophenetic","closure","function","TRUE","FALSE","(x) ","stats","base","2.6.0","released",FALSE
"cor","closure","function","TRUE","FALSE","(x, y = NULL, use = ""all.obs"", method = c(""pearson"",     ""kendall"", ""spearman"")) ","stats","base","2.6.0","released",FALSE
"cor.test","closure","function","TRUE","FALSE","(x, ...) ","stats","base","2.6.0","released",FALSE
"cov","closure","function","TRUE","FALSE","(x, y = NULL, use = ""all.obs"", method = c(""pearson"",     ""kendall"", ""spearman"")) ","stats","base","2.6.0","released",FALSE
"cov.wt","closure","function","TRUE","FALSE","(x, wt = rep(1/nrow(x), nrow(x)), cor = FALSE, center = TRUE,     method = c(""unbiased"", ""ML"")) ","stats","base","2.6.0","released",FALSE
"cov2cor","closure","function","TRUE","FALSE","(V) ","stats","base","2.6.0","released",FALSE
"covratio","closure","function","TRUE","FALSE","(model, infl = lm.influence(model, do.coef = FALSE),     res = weighted.residuals(model)) ","stats","base","2.6.0","released",FALSE
"cpgram","closure","function","TRUE","FALSE","(ts, taper = 0.1, main = paste(""Series: "", deparse(substitute(ts))),     ci.col = ""blue"") ","stats","base","2.6.0","released",FALSE
"cutree","closure","function","TRUE","FALSE","(tree, k = NULL, h = NULL) ","stats","base","2.6.0","released",FALSE
"cycle","closure","function","TRUE","FALSE","(x, ...) ","stats","base","2.6.0","released",FALSE
"dbeta","closure","function","TRUE","FALSE","(x, shape1, shape2, ncp = 0, log = FALSE) ","stats","base","2.6.0","released",FALSE
"dbinom","closure","function","TRUE","FALSE","(x, size, prob, log = FALSE) ","stats","base","2.6.0","released",FALSE
"dcauchy","closure","function","TRUE","FALSE","(x, location = 0, scale = 1, log = FALSE) ","stats","base","2.6.0","released",FALSE
"dchisq","closure","function","TRUE","FALSE","(x, df, ncp = 0, log = FALSE) ","stats","base","2.6.0","released",FALSE
"decompose","closure","function","TRUE","FALSE","(x, type = c(""additive"", ""multiplicative""), filter = NULL) ","stats","base","2.6.0","released",FALSE
"delete.response","closure","function","TRUE","FALSE","(termobj) ","stats","base","2.6.0","released",FALSE
"deltat","closure","function","TRUE","FALSE","(x, ...) ","stats","base","2.6.0","released",FALSE
"dendrapply","closure","function","TRUE","FALSE","(X, FUN, ...) ","stats","base","2.6.0","released",FALSE
"density","closure","function","TRUE","FALSE","(x, ...) ","stats","base","2.6.0","released",FALSE
"density.default","closure","function","TRUE","FALSE","(x, bw = ""nrd0"", adjust = 1, kernel = c(""gaussian"",     ""epanechnikov"", ""rectangular"", ""triangular"", ""biweight"",     ""cosine"", ""optcosine""), weights = NULL, window = kernel,     width, give.Rkern = FALSE, n = 512, from, to, cut = 3, na.rm = FALSE,     ...) ","stats","base","2.6.0","released",FALSE
"deriv","closure","function","TRUE","FALSE","(expr, ...) ","stats","base","2.6.0","released",FALSE
"deriv.default","closure","function","TRUE","FALSE","(expr, namevec, function.arg = NULL, tag = "".expr"",     hessian = FALSE, ...) ","stats","base","2.6.0","released",FALSE
"deriv.formula","closure","function","TRUE","FALSE","(expr, namevec, function.arg = NULL, tag = "".expr"",     hessian = FALSE, ...) ","stats","base","2.6.0","released",FALSE
"deriv3","closure","function","TRUE","FALSE","(expr, ...) ","stats","base","2.6.0","released",FALSE
"deriv3.default","closure","function","TRUE","FALSE","(expr, namevec, function.arg = NULL, tag = "".expr"",     hessian = TRUE, ...) ","stats","base","2.6.0","released",FALSE
"deriv3.formula","closure","function","TRUE","FALSE","(expr, namevec, function.arg = NULL, tag = "".expr"",     hessian = TRUE, ...) ","stats","base","2.6.0","released",FALSE
"deviance","closure","function","TRUE","FALSE","(object, ...) ","stats","base","2.6.0","released",FALSE
"dexp","closure","function","TRUE","FALSE","(x, rate = 1, log = FALSE) ","stats","base","2.6.0","released",FALSE
"df","closure","function","TRUE","FALSE","(x, df1, df2, ncp, log = FALSE) ","stats","base","2.6.0","released",FALSE
"df.kernel","closure","function","TRUE","FALSE","(k) ","stats","base","2.6.0","released",FALSE
"df.residual","closure","function","TRUE","FALSE","(object, ...) ","stats","base","2.6.0","released",FALSE
"dfbeta","closure","function","TRUE","FALSE","(model, ...) ","stats","base","2.6.0","released",FALSE
"dfbetas","closure","function","TRUE","FALSE","(model, ...) ","stats","base","2.6.0","released",FALSE
"dffits","closure","function","TRUE","FALSE","(model, infl = lm.influence(model, do.coef = FALSE),     res = weighted.residuals(model)) ","stats","base","2.6.0","released",FALSE
"dgamma","closure","function","TRUE","FALSE","(x, shape, rate = 1, scale = 1/rate, log = FALSE) ","stats","base","2.6.0","released",FALSE
"dgeom","closure","function","TRUE","FALSE","(x, prob, log = FALSE) ","stats","base","2.6.0","released",FALSE
"dhyper","closure","function","TRUE","FALSE","(x, m, n, k, log = FALSE) ","stats","base","2.6.0","released",FALSE
"diff.ts","closure","function","TRUE","FALSE","(x, lag = 1, differences = 1, ...) ","stats","base","2.6.0","released",FALSE
"diffinv","closure","function","TRUE","FALSE","(x, ...) ","stats","base","2.6.0","released",FALSE
"dist","closure","function","TRUE","FALSE","(x, method = ""euclidean"", diag = FALSE, upper = FALSE,     p = 2) ","stats","base","2.6.0","released",FALSE
"dlnorm","closure","function","TRUE","FALSE","(x, meanlog = 0, sdlog = 1, log = FALSE) ","stats","base","2.6.0","released",FALSE
"dlogis","closure","function","TRUE","FALSE","(x, location = 0, scale = 1, log = FALSE) ","stats","base","2.6.0","released",FALSE
"dmultinom","closure","function","TRUE","FALSE","(x, size = NULL, prob, log = FALSE) ","stats","base","2.6.0","released",FALSE
"dnbinom","closure","function","TRUE","FALSE","(x, size, prob, mu, log = FALSE) ","stats","base","2.6.0","released",FALSE
"dnorm","closure","function","TRUE","FALSE","(x, mean = 0, sd = 1, log = FALSE) ","stats","base","2.6.0","released",FALSE
"dpois","closure","function","TRUE","FALSE","(x, lambda, log = FALSE) ","stats","base","2.6.0","released",FALSE
"drop.scope","closure","function","TRUE","FALSE","(terms1, terms2) ","stats","base","2.6.0","released",FALSE
"drop.terms","closure","function","TRUE","FALSE","(termobj, dropx = NULL, keep.response = FALSE) ","stats","base","2.6.0","released",FALSE
"drop1","closure","function","TRUE","FALSE","(object, scope, ...) ","stats","base","2.6.0","released",FALSE
"dsignrank","closure","function","TRUE","FALSE","(x, n, log = FALSE) ","stats","base","2.6.0","released",FALSE
"dt","closure","function","TRUE","FALSE","(x, df, ncp, log = FALSE) ","stats","base","2.6.0","released",FALSE
"dummy.coef","closure","function","TRUE","FALSE","(object, ...) ","stats","base","2.6.0","released",FALSE
"dunif","closure","function","TRUE","FALSE","(x, min = 0, max = 1, log = FALSE) ","stats","base","2.6.0","released",FALSE
"dweibull","closure","function","TRUE","FALSE","(x, shape, scale = 1, log = FALSE) ","stats","base","2.6.0","released",FALSE
"dwilcox","closure","function","TRUE","FALSE","(x, m, n, log = FALSE) ","stats","base","2.6.0","released",FALSE
"ecdf","closure","function","TRUE","FALSE","(x) ","stats","base","2.6.0","released",FALSE
"eff.aovlist","closure","function","TRUE","FALSE","(aovlist) ","stats","base","2.6.0","released",FALSE
"effects","closure","function","TRUE","FALSE","(object, ...) ","stats","base","2.6.0","released",FALSE
"embed","closure","function","TRUE","FALSE","(x, dimension = 1) ","stats","base","2.6.0","released",FALSE
"end","closure","function","TRUE","FALSE","(x, ...) ","stats","base","2.6.0","released",FALSE
"estVar","closure","function","TRUE","FALSE","(object, ...) ","stats","base","2.6.0","released",FALSE
"expand.model.frame","closure","function","TRUE","FALSE","(model, extras, envir = environment(formula(model)),     na.expand = FALSE) ","stats","base","2.6.0","released",FALSE
"extractAIC","closure","function","TRUE","FALSE","(fit, scale, k = 2, ...) ","stats","base","2.6.0","released",FALSE
"factanal","closure","function","TRUE","FALSE","(x, factors, data = NULL, covmat = NULL, n.obs = NA,     subset, na.action, start = NULL, scores = c(""none"", ""regression"",         ""Bartlett""), rotation = ""varimax"", control = NULL, ...) ","stats","base","2.6.0","released",FALSE
"factor.scope","closure","function","TRUE","FALSE","(factor, scope) ","stats","base","2.6.0","released",FALSE
"family","closure","function","TRUE","FALSE","(object, ...) ","stats","base","2.6.0","released",FALSE
"fft","closure","function","TRUE","FALSE","(z, inverse = FALSE) ","stats","base","2.6.0","released",FALSE
"filter","closure","function","TRUE","FALSE","(x, filter, method = c(""convolution"", ""recursive""),     sides = 2, circular = FALSE, init = NULL) ","stats","base","2.6.0","released",FALSE
"fisher.test","closure","function","TRUE","FALSE","(x, y = NULL, workspace = 2e+05, hybrid = FALSE, control = list(),     or = 1, alternative = ""two.sided"", conf.int = TRUE, conf.level = 0.95,     simulate.p.value = FALSE, B = 2000) ","stats","base","2.6.0","released",FALSE
"fitted","closure","function","TRUE","FALSE","(object, ...) ","stats","base","2.6.0","released",FALSE
"fitted.values","closure","function","TRUE","FALSE","(object, ...) ","stats","base","2.6.0","released",FALSE
"fivenum","closure","function","TRUE","FALSE","(x, na.rm = TRUE) ","stats","base","2.6.0","released",FALSE
"fligner.test","closure","function","TRUE","FALSE","(x, ...) ","stats","base","2.6.0","released",FALSE
"formula","closure","function","TRUE","FALSE","(x, ...) ","stats","base","2.6.0","released",FALSE
"frequency","closure","function","TRUE","FALSE","(x, ...) ","stats","base","2.6.0","released",FALSE
"friedman.test","closure","function","TRUE","FALSE","(y, ...) ","stats","base","2.6.0","released",FALSE
"ftable","closure","function","TRUE","FALSE","(x, ...) ","stats","base","2.6.0","released",FALSE
"gaussian","closure","function","TRUE","FALSE","(link = ""identity"") ","stats","base","2.6.0","released",FALSE
"getInitial","closure","function","TRUE","FALSE","(object, data, ...) ","stats","base","2.6.0","released",FALSE
"get_all_vars","closure","function","TRUE","FALSE","(formula, data = NULL, ...) ","stats","base","2.6.0","released",FALSE
"glm","closure","function","TRUE","FALSE","(formula, family = gaussian, data, weights, subset,     na.action, start = NULL, etastart, mustart, offset, control = glm.control(...),     model = TRUE, method = ""glm.fit"", x = FALSE, y = TRUE, contrasts = NULL,     ...) ","stats","base","2.6.0","released",FALSE
"glm.control","closure","function","TRUE","FALSE","(epsilon = 1e-08, maxit = 25, trace = FALSE) ","stats","base","2.6.0","released",FALSE
"glm.fit","closure","function","TRUE","FALSE","(x, y, weights = rep(1, nobs), start = NULL, etastart = NULL,     mustart = NULL, offset = rep(0, nobs), family = gaussian(),     control = glm.control(), intercept = TRUE) ","stats","base","2.6.0","released",FALSE
"glm.fit.null","closure","function","TRUE","FALSE","(x, y, weights, start = NULL, etastart = NULL, mustart = NULL,     offset, family = gaussian(), control = glm.control(), intercept = FALSE) ","stats","base","2.6.0","released",FALSE
"hasTsp","closure","function","TRUE","FALSE","(x) ","stats","base","2.6.0","released",FALSE
"hat","closure","function","TRUE","FALSE","(x, intercept = TRUE) ","stats","base","2.6.0","released",FALSE
"hatvalues","closure","function","TRUE","FALSE","(model, ...) ","stats","base","2.6.0","released",FALSE
"hatvalues.lm","closure","function","TRUE","FALSE","(model, infl = lm.influence(model, do.coef = FALSE),     ...) ","stats","base","2.6.0","released",FALSE
"hclust","closure","function","TRUE","FALSE","(d, method = ""complete"", members = NULL) ","stats","base","2.6.0","released",FALSE
"heatmap","closure","function","TRUE","FALSE","(x, Rowv = NULL, Colv = if (symm) ""Rowv"" else NULL,     distfun = dist, hclustfun = hclust, reorderfun = function(d,         w) reorder(d, w), add.expr, symm = FALSE, revC = identical(Colv,         ""Rowv""), scale = c(""row"", ""column"", ""none""), na.rm = TRUE,     margins = c(5, 5), ColSideColors, RowSideColors, cexRow = 0.2 +         1/log10(nr), cexCol = 0.2 + 1/log10(nc), labRow = NULL,     labCol = NULL, main = NULL, xlab = NULL, ylab = NULL, keep.dendro = FALSE,     verbose = getOption(""verbose""), ...) ","stats","base","2.6.0","released",FALSE
"influence","closure","function","TRUE","FALSE","(model, ...) ","stats","base","2.6.0","released",FALSE
"influence.measures","closure","function","TRUE","FALSE","(model) ","stats","base","2.6.0","released",FALSE
"integrate","closure","function","TRUE","FALSE","(f, lower, upper, ..., subdivisions = 100, rel.tol = .Machine$double.eps^0.25,     abs.tol = rel.tol, stop.on.error = TRUE, keep.xy = FALSE,     aux = NULL) ","stats","base","2.6.0","released",FALSE
"interaction.plot","closure","function","TRUE","FALSE","(x.factor, trace.factor, response, fun = mean, type = c(""l"",     ""p"", ""b""), legend = TRUE, trace.label = deparse(substitute(trace.factor)),     fixed = FALSE, xlab = deparse(substitute(x.factor)), ylab = ylabel,     ylim = range(cells, na.rm = TRUE), lty = nc:1, col = 1, pch = c(1:9,         0, letters), xpd = NULL, leg.bg = par(""bg""), leg.bty = ""n"",     xtick = FALSE, xaxt = par(""xaxt""), axes = TRUE, ...) ","stats","base","2.6.0","released",FALSE
"inverse.gaussian","closure","function","TRUE","FALSE","(link = ""1/mu^2"") ","stats","base","2.6.0","released",FALSE
"is.empty.model","closure","function","TRUE","FALSE","(x) ","stats","base","2.6.0","released",FALSE
"is.leaf","closure","function","TRUE","FALSE","(object) ","stats","base","2.6.0","released",FALSE
"is.mts","closure","function","TRUE","FALSE","(x) ","stats","base","2.6.0","released",FALSE
"is.stepfun","closure","function","TRUE","FALSE","(x) ","stats","base","2.6.0","released",FALSE
"is.ts","closure","function","TRUE","FALSE","(x) ","stats","base","2.6.0","released",FALSE
"is.tskernel","closure","function","TRUE","FALSE","(k) ","stats","base","2.6.0","released",FALSE
"isoreg","closure","function","TRUE","FALSE","(x, y = NULL) ","stats","base","2.6.0","released",FALSE
"kernapply","closure","function","TRUE","FALSE","(x, ...) ","stats","base","2.6.0","released",FALSE
"kernel","closure","function","TRUE","FALSE","(coef, m = length(coef) + 1, r, name = ""unknown"") ","stats","base","2.6.0","released",FALSE
"kmeans","closure","function","TRUE","FALSE","(x, centers, iter.max = 10, nstart = 1, algorithm = c(""Hartigan-Wong"",     ""Lloyd"", ""Forgy"", ""MacQueen"")) ","stats","base","2.6.0","released",FALSE
"knots","closure","function","TRUE","FALSE","(Fn, ...) ","stats","base","2.6.0","released",FALSE
"kruskal.test","closure","function","TRUE","FALSE","(x, ...) ","stats","base","2.6.0","released",FALSE
"ks.test","closure","function","TRUE","FALSE","(x, y, ..., alternative = c(""two.sided"", ""less"", ""greater""),     exact = NULL) ","stats","base","2.6.0","released",FALSE
"ksmooth","closure","function","TRUE","FALSE","(x, y, kernel = c(""box"", ""normal""), bandwidth = 0.5,     range.x = range(x), n.points = max(100, length(x)), x.points) ","stats","base","2.6.0","released",FALSE
"lag","closure","function","TRUE","FALSE","(x, ...) ","stats","base","2.6.0","released",FALSE
"lag.plot","closure","function","TRUE","FALSE","(x, lags = 1, layout = NULL, set.lags = 1:lags, main = NULL,     asp = 1, diag = TRUE, diag.col = ""gray"", type = ""p"", oma = NULL,     ask = NULL, do.lines = (n <= 150), labels = do.lines, ...) ","stats","base","2.6.0","released",FALSE
"line","closure","function","TRUE","FALSE","(x, y = NULL) ","stats","base","2.6.0","released",FALSE
"lines.ts","closure","function","TRUE","FALSE","(x, ...) ","stats","base","2.6.0","released",FALSE
"lm","closure","function","TRUE","FALSE","(formula, data, subset, weights, na.action, method = ""qr"",     model = TRUE, x = FALSE, y = FALSE, qr = TRUE, singular.ok = TRUE,     contrasts = NULL, offset, ...) ","stats","base","2.6.0","released",FALSE
"lm.fit","closure","function","TRUE","FALSE","(x, y, offset = NULL, method = ""qr"", tol = 1e-07, singular.ok = TRUE,     ...) ","stats","base","2.6.0","released",FALSE
"lm.fit.null","closure","function","TRUE","FALSE","(x, y, method = ""qr"", tol = 1e-07, ...) ","stats","base","2.6.0","released",FALSE
"lm.influence","closure","function","TRUE","FALSE","(model, do.coef = TRUE) ","stats","base","2.6.0","released",FALSE
"lm.wfit","closure","function","TRUE","FALSE","(x, y, w, offset = NULL, method = ""qr"", tol = 1e-07,     singular.ok = TRUE, ...) ","stats","base","2.6.0","released",FALSE
"lm.wfit.null","closure","function","TRUE","FALSE","(x, y, w, method = ""qr"", tol = 1e-07, ...) ","stats","base","2.6.0","released",FALSE
"loadings","closure","function","TRUE","FALSE","(x) ","stats","base","2.6.0","released",FALSE
"loess","closure","function","TRUE","FALSE","(formula, data, weights, subset, na.action, model = FALSE,     span = 0.75, enp.target, degree = 2, parametric = FALSE,     drop.square = FALSE, normalize = TRUE, family = c(""gaussian"",         ""symmetric""), method = c(""loess"", ""model.frame""), control = loess.control(...),     ...) ","stats","base","2.6.0","released",FALSE
"loess.control","closure","function","TRUE","FALSE","(surface = c(""interpolate"", ""direct""), statistics = c(""approximate"",     ""exact""), trace.hat = c(""exact"", ""approximate""), cell = 0.2,     iterations = 4, ...) ","stats","base","2.6.0","released",FALSE
"loess.smooth","closure","function","TRUE","FALSE","(x, y, span = 2/3, degree = 1, family = c(""symmetric"",     ""gaussian""), evaluation = 50, ...) ","stats","base","2.6.0","released",FALSE
"logLik","closure","function","TRUE","FALSE","(object, ...) ","stats","base","2.6.0","released",FALSE
"loglin","closure","function","TRUE","FALSE","(table, margin, start = rep(1, length(table)), fit = FALSE,     eps = 0.1, iter = 20, param = FALSE, print = TRUE) ","stats","base","2.6.0","released",FALSE
"lowess","closure","function","TRUE","FALSE","(x, y = NULL, f = 2/3, iter = 3, delta = 0.01 * diff(range(xy$x[o]))) ","stats","base","2.6.0","released",FALSE
"ls.diag","closure","function","TRUE","FALSE","(ls.out) ","stats","base","2.6.0","released",FALSE
"ls.print","closure","function","TRUE","FALSE","(ls.out, digits = 4, print.it = TRUE) ","stats","base","2.6.0","released",FALSE
"lsfit","closure","function","TRUE","FALSE","(x, y, wt = NULL, intercept = TRUE, tolerance = 1e-07,     yname = NULL) ","stats","base","2.6.0","released",FALSE
"mad","closure","function","TRUE","FALSE","(x, center = median(x), constant = 1.4826, na.rm = FALSE,     low = FALSE, high = FALSE) ","stats","base","2.6.0","released",FALSE
"mahalanobis","closure","function","TRUE","FALSE","(x, center, cov, inverted = FALSE, ...) ","stats","base","2.6.0","released",FALSE
"make.link","closure","function","TRUE","FALSE","(link) ","stats","base","2.6.0","released",FALSE
"makeARIMA","closure","function","TRUE","FALSE","(phi, theta, Delta, kappa = 1e+06) ","stats","base","2.6.0","released",FALSE
"makepredictcall","closure","function","TRUE","FALSE","(var, call) ","stats","base","2.6.0","released",FALSE
"manova","closure","function","TRUE","FALSE","(...) ","stats","base","2.6.0","released",FALSE
"mantelhaen.test","closure","function","TRUE","FALSE","(x, y = NULL, z = NULL, alternative = c(""two.sided"",     ""less"", ""greater""), correct = TRUE, exact = FALSE, conf.level = 0.95) ","stats","base","2.6.0","released",FALSE
"mauchley.test","closure","function","TRUE","FALSE","(...) ","stats","base","2.6.0","released",FALSE
"mauchly.test","closure","function","TRUE","FALSE","(object, Sigma = diag(nrow = p), T = Thin.row(proj(M) -     proj(X)), M = diag(nrow = p), X = ~0, idata = data.frame(index = seq_len(p)),     ...) ","stats","base","2.6.0","released",FALSE
"mcnemar.test","closure","function","TRUE","FALSE","(x, y = NULL, correct = TRUE) ","stats","base","2.6.0","released",FALSE
"median","closure","function","TRUE","FALSE","(x, na.rm = FALSE) ","stats","base","2.6.0","released",FALSE
"median.default","closure","function","TRUE","FALSE","(x, na.rm = FALSE) ","stats","base","2.6.0","released",FALSE
"medpolish","closure","function","TRUE","FALSE","(x, eps = 0.01, maxiter = 10, trace.iter = TRUE, na.rm = FALSE) ","stats","base","2.6.0","released",FALSE
"model.extract","closure","function","TRUE","FALSE","(frame, component) ","stats","base","2.6.0","released",FALSE
"model.frame","closure","function","TRUE","FALSE","(formula, ...) ","stats","base","2.6.0","released",FALSE
"model.frame.aovlist","closure","function","TRUE","FALSE","(formula, data = NULL, ...) ","stats","base","2.6.0","released",FALSE
"model.frame.default","closure","function","TRUE","FALSE","(formula, data = NULL, subset = NULL, na.action = na.fail,     drop.unused.levels = FALSE, xlev = NULL, ...) ","stats","base","2.6.0","released",FALSE
"model.frame.glm","closure","function","TRUE","FALSE","(formula, ...) ","stats","base","2.6.0","released",FALSE
"model.frame.lm","closure","function","TRUE","FALSE","(formula, ...) ","stats","base","2.6.0","released",FALSE
"model.matrix","closure","function","TRUE","FALSE","(object, ...) ","stats","base","2.6.0","released",FALSE
"model.matrix.default","closure","function","TRUE","FALSE","(object, data = environment(object), contrasts.arg = NULL,     xlev = NULL, ...) ","stats","base","2.6.0","released",FALSE
"model.matrix.lm","closure","function","TRUE","FALSE","(object, ...) ","stats","base","2.6.0","released",FALSE
"model.offset","closure","function","TRUE","FALSE","(x) ","stats","base","2.6.0","released",FALSE
"model.response","closure","function","TRUE","FALSE","(data, type = ""any"") ","stats","base","2.6.0","released",FALSE
"model.tables","closure","function","TRUE","FALSE","(x, ...) ","stats","base","2.6.0","released",FALSE
"model.weights","closure","function","TRUE","FALSE","(x) ","stats","base","2.6.0","released",FALSE
"monthplot","closure","function","TRUE","FALSE","(x, ...) ","stats","base","2.6.0","released",FALSE
"mood.test","closure","function","TRUE","FALSE","(x, ...) ","stats","base","2.6.0","released",FALSE
"mvfft","closure","function","TRUE","FALSE","(z, inverse = FALSE) ","stats","base","2.6.0","released",FALSE
"na.action","closure","function","TRUE","FALSE","(object, ...) ","stats","base","2.6.0","released",FALSE
"na.contiguous","closure","function","TRUE","FALSE","(object, ...) ","stats","base","2.6.0","released",FALSE
"na.exclude","closure","function","TRUE","FALSE","(object, ...) ","stats","base","2.6.0","released",FALSE
"na.fail","closure","function","TRUE","FALSE","(object, ...) ","stats","base","2.6.0","released",FALSE
"na.omit","closure","function","TRUE","FALSE","(object, ...) ","stats","base","2.6.0","released",FALSE
"na.pass","closure","function","TRUE","FALSE","(object, ...) ","stats","base","2.6.0","released",FALSE
"napredict","closure","function","TRUE","FALSE","(omit, x, ...) ","stats","base","2.6.0","released",FALSE
"naprint","closure","function","TRUE","FALSE","(x, ...) ","stats","base","2.6.0","released",FALSE
"naresid","closure","function","TRUE","FALSE","(omit, x, ...) ","stats","base","2.6.0","released",FALSE
"nextn","closure","function","TRUE","FALSE","(n, factors = c(2, 3, 5)) ","stats","base","2.6.0","released",FALSE
"nlm","closure","function","TRUE","FALSE","(f, p, ..., hessian = FALSE, typsize = rep(1, length(p)),     fscale = 1, print.level = 0, ndigit = 12, gradtol = 1e-06,     stepmax = max(1000 * sqrt(sum((p/typsize)^2)), 1000), steptol = 1e-06,     iterlim = 100, check.analyticals = TRUE) ","stats","base","2.6.0","released",FALSE
"nlminb","closure","function","TRUE","FALSE","(start, objective, gradient = NULL, hessian = NULL,     ..., scale = 1, control = list(), lower = -Inf, upper = Inf) ","stats","base","2.6.0","released",FALSE
"nls","closure","function","TRUE","FALSE","(formula, data = parent.frame(), start, control = nls.control(),     algorithm = c(""default"", ""plinear"", ""port""), trace = FALSE,     subset, weights, na.action, model = FALSE, lower = -Inf,     upper = Inf, ...) ","stats","base","2.6.0","released",FALSE
"nls.control","closure","function","TRUE","FALSE","(maxiter = 50, tol = 1e-05, minFactor = 1/1024, printEval = FALSE,     warnOnly = FALSE) ","stats","base","2.6.0","released",FALSE
"numericDeriv","closure","function","TRUE","FALSE","(expr, theta, rho = parent.frame(), dir = 1) ","stats","base","2.6.0","released",FALSE
"offset","closure","function","TRUE","FALSE","(object) ","stats","base","2.6.0","released",FALSE
"oneway.test","closure","function","TRUE","FALSE","(formula, data, subset, na.action, var.equal = FALSE) ","stats","base","2.6.0","released",FALSE
"optim","closure","function","TRUE","FALSE","(par, fn, gr = NULL, ..., method = c(""Nelder-Mead"",     ""BFGS"", ""CG"", ""L-BFGS-B"", ""SANN""), lower = -Inf, upper = Inf,     control = list(), hessian = FALSE) ","stats","base","2.6.0","released",FALSE
"optimise","closure","function","TRUE","FALSE","(f, interval, ..., lower = min(interval), upper = max(interval),     maximum = FALSE, tol = .Machine$double.eps^0.25) ","stats","base","2.6.0","released",FALSE
"optimize","closure","function","TRUE","FALSE","(f, interval, ..., lower = min(interval), upper = max(interval),     maximum = FALSE, tol = .Machine$double.eps^0.25) ","stats","base","2.6.0","released",FALSE
"order.dendrogram","closure","function","TRUE","FALSE","(x) ","stats","base","2.6.0","released",FALSE
"p.adjust","closure","function","TRUE","FALSE","(p, method = p.adjust.methods, n = length(p)) ","stats","base","2.6.0","released",FALSE
"p.adjust.methods","character","character","TRUE","FALSE","NA","stats","base","2.6.0","released",FALSE
"pacf","closure","function","TRUE","FALSE","(x, lag.max, plot, na.action, ...) ","stats","base","2.6.0","released",FALSE
"pairwise.prop.test","closure","function","TRUE","FALSE","(x, n, p.adjust.method = p.adjust.methods, ...) ","stats","base","2.6.0","released",FALSE
"pairwise.t.test","closure","function","TRUE","FALSE","(x, g, p.adjust.method = p.adjust.methods, pool.sd = TRUE,     ...) ","stats","base","2.6.0","released",FALSE
"pairwise.table","closure","function","TRUE","FALSE","(compare.levels, level.names, p.adjust.method) ","stats","base","2.6.0","released",FALSE
"pairwise.wilcox.test","closure","function","TRUE","FALSE","(x, g, p.adjust.method = p.adjust.methods, ...) ","stats","base","2.6.0","released",FALSE
"pbeta","closure","function","TRUE","FALSE","(q, shape1, shape2, ncp = 0, lower.tail = TRUE, log.p = FALSE) ","stats","base","2.6.0","released",FALSE
"pbinom","closure","function","TRUE","FALSE","(q, size, prob, lower.tail = TRUE, log.p = FALSE) ","stats","base","2.6.0","released",FALSE
"pbirthday","closure","function","TRUE","FALSE","(n, classes = 365, coincident = 2) ","stats","base","2.6.0","released",FALSE
"pcauchy","closure","function","TRUE","FALSE","(q, location = 0, scale = 1, lower.tail = TRUE, log.p = FALSE) ","stats","base","2.6.0","released",FALSE
"pchisq","closure","function","TRUE","FALSE","(q, df, ncp = 0, lower.tail = TRUE, log.p = FALSE) ","stats","base","2.6.0","released",FALSE
"pexp","closure","function","TRUE","FALSE","(q, rate = 1, lower.tail = TRUE, log.p = FALSE) ","stats","base","2.6.0","released",FALSE
"pf","closure","function","TRUE","FALSE","(q, df1, df2, ncp, lower.tail = TRUE, log.p = FALSE) ","stats","base","2.6.0","released",FALSE
"pgamma","closure","function","TRUE","FALSE","(q, shape, rate = 1, scale = 1/rate, lower.tail = TRUE,     log.p = FALSE) ","stats","base","2.6.0","released",FALSE
"pgeom","closure","function","TRUE","FALSE","(q, prob, lower.tail = TRUE, log.p = FALSE) ","stats","base","2.6.0","released",FALSE
"phyper","closure","function","TRUE","FALSE","(q, m, n, k, lower.tail = TRUE, log.p = FALSE) ","stats","base","2.6.0","released",FALSE
"plclust","closure","function","TRUE","FALSE","(tree, hang = 0.1, unit = FALSE, level = FALSE, hmin = 0,     square = TRUE, labels = NULL, plot. = TRUE, axes = TRUE,     frame.plot = FALSE, ann = TRUE, main = """", sub = NULL, xlab = NULL,     ylab = ""Height"") ","stats","base","2.6.0","released",FALSE
"plnorm","closure","function","TRUE","FALSE","(q, meanlog = 0, sdlog = 1, lower.tail = TRUE, log.p = FALSE) ","stats","base","2.6.0","released",FALSE
"plogis","closure","function","TRUE","FALSE","(q, location = 0, scale = 1, lower.tail = TRUE, log.p = FALSE) ","stats","base","2.6.0","released",FALSE
"plot.TukeyHSD","closure","function","TRUE","FALSE","(x, ...) ","stats","base","2.6.0","released",FALSE
"plot.density","closure","function","TRUE","FALSE","(x, main = NULL, xlab = NULL, ylab = ""Density"", type = ""l"",     zero.line = TRUE, ...) ","stats","base","2.6.0","released",FALSE
"plot.ecdf","closure","function","TRUE","FALSE","(x, ..., ylab = ""Fn(x)"", verticals = FALSE, col.01line = ""gray70"") ","stats","base","2.6.0","released",FALSE
"plot.lm","closure","function","TRUE","FALSE","(x, which = c(1:3, 5), caption = c(""Residuals vs Fitted"",     ""Normal Q-Q"", ""Scale-Location"", ""Cook's distance"", ""Residuals vs Leverage"",     ""Cook's distance vs Leverage""), panel = if (add.smooth) panel.smooth else points,     sub.caption = NULL, main = """", ask = prod(par(""mfcol"")) <         length(which) && dev.interactive(), ..., id.n = 3, labels.id = names(residuals(x)),     cex.id = 0.75, qqline = TRUE, cook.levels = c(0.5, 1), add.smooth = getOption(""add.smooth""),     label.pos = c(4, 2)) ","stats","base","2.6.0","released",FALSE
"plot.mlm","closure","function","TRUE","FALSE","(x, ...) ","stats","base","2.6.0","released",FALSE
"plot.spec","closure","function","TRUE","FALSE","(x, add = FALSE, ci = 0.95, log = c(""yes"", ""dB"", ""no""),     xlab = ""frequency"", ylab = NULL, type = ""l"", ci.col = ""blue"",     ci.lty = 3, main = NULL, sub = NULL, plot.type = c(""marginal"",         ""coherency"", ""phase""), ...) ","stats","base","2.6.0","released",FALSE
"plot.spec.coherency","closure","function","TRUE","FALSE","(x, ci = 0.95, xlab = ""frequency"", ylab = ""squared coherency"",     ylim = c(0, 1), type = ""l"", main = NULL, ci.col = ""blue"",     ci.lty = 3, ...) ","stats","base","2.6.0","released",FALSE
"plot.spec.phase","closure","function","TRUE","FALSE","(x, ci = 0.95, xlab = ""frequency"", ylab = ""phase"", ylim = c(-pi,     pi), type = ""l"", main = NULL, ci.col = ""blue"", ci.lty = 3,     ...) ","stats","base","2.6.0","released",FALSE
"plot.stepfun","closure","function","TRUE","FALSE","(x, xval, xlim, ylim = range(c(y, Fn.kn)), xlab = ""x"",     ylab = ""f(x)"", main = NULL, add = FALSE, verticals = TRUE,     do.points = TRUE, pch = par(""pch""), col.points = par(""col""),     cex.points = par(""cex""), col.hor = par(""col""), col.vert = par(""col""),     lty = par(""lty""), lwd = par(""lwd""), ...) ","stats","base","2.6.0","released",FALSE
"plot.ts","closure","function","TRUE","FALSE","(x, y = NULL, plot.type = c(""multiple"", ""single""), xy.labels,     xy.lines, panel = lines, nc, yax.flip = FALSE, mar.multi = c(0,         5.1, 0, if (yax.flip) 5.1 else 2.1), oma.multi = c(6,         0, 5, 0), axes = TRUE, ...) ","stats","base","2.6.0","released",FALSE
"pnbinom","closure","function","TRUE","FALSE","(q, size, prob, mu, lower.tail = TRUE, log.p = FALSE) ","stats","base","2.6.0","released",FALSE
"pnorm","closure","function","TRUE","FALSE","(q, mean = 0, sd = 1, lower.tail = TRUE, log.p = FALSE) ","stats","base","2.6.0","released",FALSE
"poisson","closure","function","TRUE","FALSE","(link = ""log"") ","stats","base","2.6.0","released",FALSE
"poly","closure","function","TRUE","FALSE","(x, ..., degree = 1, coefs = NULL, raw = FALSE) ","stats","base","2.6.0","released",FALSE
"polym","closure","function","TRUE","FALSE","(..., degree = 1, raw = FALSE) ","stats","base","2.6.0","released",FALSE
"power","closure","function","TRUE","FALSE","(lambda = 1) ","stats","base","2.6.0","released",FALSE
"power.anova.test","closure","function","TRUE","FALSE","(groups = NULL, n = NULL, between.var = NULL, within.var = NULL,     sig.level = 0.05, power = NULL) ","stats","base","2.6.0","released",FALSE
"power.prop.test","closure","function","TRUE","FALSE","(n = NULL, p1 = NULL, p2 = NULL, sig.level = 0.05, power = NULL,     alternative = c(""two.sided"", ""one.sided""), strict = FALSE) ","stats","base","2.6.0","released",FALSE
"power.t.test","closure","function","TRUE","FALSE","(n = NULL, delta = NULL, sd = 1, sig.level = 0.05, power = NULL,     type = c(""two.sample"", ""one.sample"", ""paired""), alternative = c(""two.sided"",         ""one.sided""), strict = FALSE) ","stats","base","2.6.0","released",FALSE
"ppoints","closure","function","TRUE","FALSE","(n, a = ifelse(n <= 10, 3/8, 1/2)) ","stats","base","2.6.0","released",FALSE
"ppois","closure","function","TRUE","FALSE","(q, lambda, lower.tail = TRUE, log.p = FALSE) ","stats","base","2.6.0","released",FALSE
"ppr","closure","function","TRUE","FALSE","(x, ...) ","stats","base","2.6.0","released",FALSE
"prcomp","closure","function","TRUE","FALSE","(x, ...) ","stats","base","2.6.0","released",FALSE
"predict","closure","function","TRUE","FALSE","(object, ...) ","stats","base","2.6.0","released",FALSE
"predict.glm","closure","function","TRUE","FALSE","(object, newdata = NULL, type = c(""link"", ""response"",     ""terms""), se.fit = FALSE, dispersion = NULL, terms = NULL,     na.action = na.pass, ...) ","stats","base","2.6.0","released",FALSE
"predict.lm","closure","function","TRUE","FALSE","(object, newdata, se.fit = FALSE, scale = NULL, df = Inf,     interval = c(""none"", ""confidence"", ""prediction""), level = 0.95,     type = c(""response"", ""terms""), terms = NULL, na.action = na.pass,     pred.var = res.var/weights, weights = 1, ...) ","stats","base","2.6.0","released",FALSE
"predict.mlm","closure","function","TRUE","FALSE","(object, newdata, se.fit = FALSE, na.action = na.pass,     ...) ","stats","base","2.6.0","released",FALSE
"predict.poly","closure","function","TRUE","FALSE","(object, newdata, ...) ","stats","base","2.6.0","released",FALSE
"preplot","closure","function","TRUE","FALSE","(object, ...) ","stats","base","2.6.0","released",FALSE
"princomp","closure","function","TRUE","FALSE","(x, ...) ","stats","base","2.6.0","released",FALSE
"print.anova","closure","function","TRUE","FALSE","(x, digits = max(getOption(""digits"") - 2, 3), signif.stars = getOption(""show.signif.stars""),     ...) ","stats","base","2.6.0","released",FALSE
"print.coefmat","closure","function","TRUE","FALSE","(x, digits = max(3, getOption(""digits"") - 2), signif.stars = getOption(""show.signif.stars""),     dig.tst = max(1, min(5, digits - 1)), cs.ind, tst.ind, zap.ind = integer(0),     P.values = NULL, has.Pvalue, eps.Pvalue = .Machine$double.eps,     na.print = """", ...) ","stats","base","2.6.0","released",FALSE
"print.density","closure","function","TRUE","FALSE","(x, digits = NULL, ...) ","stats","base","2.6.0","released",FALSE
"print.family","closure","function","TRUE","FALSE","(x, ...) ","stats","base","2.6.0","released",FALSE
"print.formula","closure","function","TRUE","FALSE","(x, ...) ","stats","base","2.6.0","released",FALSE
"print.ftable","closure","function","TRUE","FALSE","(x, digits = getOption(""digits""), ...) ","stats","base","2.6.0","released",FALSE
"print.glm","closure","function","TRUE","FALSE","(x, digits = max(3, getOption(""digits"") - 3), ...) ","stats","base","2.6.0","released",FALSE
"print.infl","closure","function","TRUE","FALSE","(x, digits = max(3, getOption(""digits"") - 4), ...) ","stats","base","2.6.0","released",FALSE
"print.integrate","closure","function","TRUE","FALSE","(x, digits = getOption(""digits""), ...) ","stats","base","2.6.0","released",FALSE
"print.lm","closure","function","TRUE","FALSE","(x, digits = max(3, getOption(""digits"") - 3), ...) ","stats","base","2.6.0","released",FALSE
"print.logLik","closure","function","TRUE","FALSE","(x, digits = getOption(""digits""), ...) ","stats","base","2.6.0","released",FALSE
"print.terms","closure","function","TRUE","FALSE","(x, ...) ","stats","base","2.6.0","released",FALSE
"print.ts","closure","function","TRUE","FALSE","(x, calendar, ...) ","stats","base","2.6.0","released",FALSE
"printCoefmat","closure","function","TRUE","FALSE","(x, digits = max(3, getOption(""digits"") - 2), signif.stars = getOption(""show.signif.stars""),     signif.legend = signif.stars, dig.tst = max(1, min(5, digits -         1)), cs.ind = 1:k, tst.ind = k + 1, zap.ind = integer(0),     P.values = NULL, has.Pvalue = nc >= 4 && substr(colnames(x)[nc],         1, 3) == ""Pr("", eps.Pvalue = .Machine$double.eps, na.print = ""NA"",     ...) ","stats","base","2.6.0","released",FALSE
"profile","closure","function","TRUE","FALSE","(fitted, ...) ","stats","base","2.6.0","released",FALSE
"proj","closure","function","TRUE","FALSE","(object, ...) ","stats","base","2.6.0","released",FALSE
"promax","closure","function","TRUE","FALSE","(x, m = 4) ","stats","base","2.6.0","released",FALSE
"prop.test","closure","function","TRUE","FALSE","(x, n, p = NULL, alternative = c(""two.sided"", ""less"",     ""greater""), conf.level = 0.95, correct = TRUE) ","stats","base","2.6.0","released",FALSE
"prop.trend.test","closure","function","TRUE","FALSE","(x, n, score = 1:length(x)) ","stats","base","2.6.0","released",FALSE
"psignrank","closure","function","TRUE","FALSE","(q, n, lower.tail = TRUE, log.p = FALSE) ","stats","base","2.6.0","released",FALSE
"pt","closure","function","TRUE","FALSE","(q, df, ncp, lower.tail = TRUE, log.p = FALSE) ","stats","base","2.6.0","released",FALSE
"ptukey","closure","function","TRUE","FALSE","(q, nmeans, df, nranges = 1, lower.tail = TRUE, log.p = FALSE) ","stats","base","2.6.0","released",FALSE
"punif","closure","function","TRUE","FALSE","(q, min = 0, max = 1, lower.tail = TRUE, log.p = FALSE) ","stats","base","2.6.0","released",FALSE
"pweibull","closure","function","TRUE","FALSE","(q, shape, scale = 1, lower.tail = TRUE, log.p = FALSE) ","stats","base","2.6.0","released",FALSE
"pwilcox","closure","function","TRUE","FALSE","(q, m, n, lower.tail = TRUE, log.p = FALSE) ","stats","base","2.6.0","released",FALSE
"qbeta","closure","function","TRUE","FALSE","(p, shape1, shape2, ncp = 0, lower.tail = TRUE, log.p = FALSE) ","stats","base","2.6.0","released",FALSE
"qbinom","closure","function","TRUE","FALSE","(p, size, prob, lower.tail = TRUE, log.p = FALSE) ","stats","base","2.6.0","released",FALSE
"qbirthday","closure","function","TRUE","FALSE","(prob = 0.5, classes = 365, coincident = 2) ","stats","base","2.6.0","released",FALSE
"qcauchy","closure","function","TRUE","FALSE","(p, location = 0, scale = 1, lower.tail = TRUE, log.p = FALSE) ","stats","base","2.6.0","released",FALSE
"qchisq","closure","function","TRUE","FALSE","(p, df, ncp = 0, lower.tail = TRUE, log.p = FALSE) ","stats","base","2.6.0","released",FALSE
"qexp","closure","function","TRUE","FALSE","(p, rate = 1, lower.tail = TRUE, log.p = FALSE) ","stats","base","2.6.0","released",FALSE
"qf","closure","function","TRUE","FALSE","(p, df1, df2, ncp, lower.tail = TRUE, log.p = FALSE) ","stats","base","2.6.0","released",FALSE
"qgamma","closure","function","TRUE","FALSE","(p, shape, rate = 1, scale = 1/rate, lower.tail = TRUE,     log.p = FALSE) ","stats","base","2.6.0","released",FALSE
"qgeom","closure","function","TRUE","FALSE","(p, prob, lower.tail = TRUE, log.p = FALSE) ","stats","base","2.6.0","released",FALSE
"qhyper","closure","function","TRUE","FALSE","(p, m, n, k, lower.tail = TRUE, log.p = FALSE) ","stats","base","2.6.0","released",FALSE
"qlnorm","closure","function","TRUE","FALSE","(p, meanlog = 0, sdlog = 1, lower.tail = TRUE, log.p = FALSE) ","stats","base","2.6.0","released",FALSE
"qlogis","closure","function","TRUE","FALSE","(p, location = 0, scale = 1, lower.tail = TRUE, log.p = FALSE) ","stats","base","2.6.0","released",FALSE
"qnbinom","closure","function","TRUE","FALSE","(p, size, prob, mu, lower.tail = TRUE, log.p = FALSE) ","stats","base","2.6.0","released",FALSE
"qnorm","closure","function","TRUE","FALSE","(p, mean = 0, sd = 1, lower.tail = TRUE, log.p = FALSE) ","stats","base","2.6.0","released",FALSE
"qpois","closure","function","TRUE","FALSE","(p, lambda, lower.tail = TRUE, log.p = FALSE) ","stats","base","2.6.0","released",FALSE
"qqline","closure","function","TRUE","FALSE","(y, datax = FALSE, ...) ","stats","base","2.6.0","released",FALSE
"qqnorm","closure","function","TRUE","FALSE","(y, ...) ","stats","base","2.6.0","released",FALSE
"qqnorm.default","closure","function","TRUE","FALSE","(y, ylim, main = ""Normal Q-Q Plot"", xlab = ""Theoretical Quantiles"",     ylab = ""Sample Quantiles"", plot.it = TRUE, datax = FALSE,     ...) ","stats","base","2.6.0","released",FALSE
"qqplot","closure","function","TRUE","FALSE","(x, y, plot.it = TRUE, xlab = deparse(substitute(x)),     ylab = deparse(substitute(y)), ...) ","stats","base","2.6.0","released",FALSE
"qsignrank","closure","function","TRUE","FALSE","(p, n, lower.tail = TRUE, log.p = FALSE) ","stats","base","2.6.0","released",FALSE
"qt","closure","function","TRUE","FALSE","(p, df, ncp, lower.tail = TRUE, log.p = FALSE) ","stats","base","2.6.0","released",FALSE
"qtukey","closure","function","TRUE","FALSE","(p, nmeans, df, nranges = 1, lower.tail = TRUE, log.p = FALSE) ","stats","base","2.6.0","released",FALSE
"quade.test","closure","function","TRUE","FALSE","(y, ...) ","stats","base","2.6.0","released",FALSE
"quantile","closure","function","TRUE","FALSE","(x, ...) ","stats","base","2.6.0","released",FALSE
"quantile.default","closure","function","TRUE","FALSE","(x, probs = seq(0, 1, 0.25), na.rm = FALSE, names = TRUE,     type = 7, ...) ","stats","base","2.6.0","released",FALSE
"quasi","closure","function","TRUE","FALSE","(link = ""identity"", variance = ""constant"") ","stats","base","2.6.0","released",FALSE
"quasibinomial","closure","function","TRUE","FALSE","(link = ""logit"") ","stats","base","2.6.0","released",FALSE
"quasipoisson","closure","function","TRUE","FALSE","(link = ""log"") ","stats","base","2.6.0","released",FALSE
"qunif","closure","function","TRUE","FALSE","(p, min = 0, max = 1, lower.tail = TRUE, log.p = FALSE) ","stats","base","2.6.0","released",FALSE
"qweibull","closure","function","TRUE","FALSE","(p, shape, scale = 1, lower.tail = TRUE, log.p = FALSE) ","stats","base","2.6.0","released",FALSE
"qwilcox","closure","function","TRUE","FALSE","(p, m, n, lower.tail = TRUE, log.p = FALSE) ","stats","base","2.6.0","released",FALSE
"r2dtable","closure","function","TRUE","FALSE","(n, r, c) ","stats","base","2.6.0","released",FALSE
"rbeta","closure","function","TRUE","FALSE","(n, shape1, shape2, ncp = 0) ","stats","base","2.6.0","released",FALSE
"rbinom","closure","function","TRUE","FALSE","(n, size, prob) ","stats","base","2.6.0","released",FALSE
"rcauchy","closure","function","TRUE","FALSE","(n, location = 0, scale = 1) ","stats","base","2.6.0","released",FALSE
"rchisq","closure","function","TRUE","FALSE","(n, df, ncp = 0) ","stats","base","2.6.0","released",FALSE
"read.ftable","closure","function","TRUE","FALSE","(file, sep = """", quote = ""\"""", row.var.names, col.vars,     skip = 0) ","stats","base","2.6.0","released",FALSE
"rect.hclust","closure","function","TRUE","FALSE","(tree, k = NULL, which = NULL, x = NULL, h = NULL, border = 2,     cluster = NULL) ","stats","base","2.6.0","released",FALSE
"reformulate","closure","function","TRUE","FALSE","(termlabels, response = NULL) ","stats","base","2.6.0","released",FALSE
"relevel","closure","function","TRUE","FALSE","(x, ref, ...) ","stats","base","2.6.0","released",FALSE
"reorder","closure","function","TRUE","FALSE","(x, ...) ","stats","base","2.6.0","released",FALSE
"replications","closure","function","TRUE","FALSE","(formula, data = NULL, na.action) ","stats","base","2.6.0","released",FALSE
"reshape","closure","function","TRUE","FALSE","(data, varying = NULL, v.names = NULL, timevar = ""time"",     idvar = ""id"", ids = 1:NROW(data), times = seq_along(varying[[1]]),     drop = NULL, direction, new.row.names = NULL, sep = ""."",     split = if (sep == """") ","stats","base","2.6.0","released",FALSE
"reshapeLong","closure","function","TRUE","FALSE","(x, jvars, ilev = row.names(x), jlev = names(x)[jvars],     iname = ""reshape.i"", jname = ""reshape.j"", vname = ""reshape.v"") ","stats","base","2.6.0","released",FALSE
"reshapeWide","closure","function","TRUE","FALSE","(x, i, j, val, jnames = levels(j)) ","stats","base","2.6.0","released",FALSE
"resid","closure","function","TRUE","FALSE","(object, ...) ","stats","base","2.6.0","released",FALSE
"residuals","closure","function","TRUE","FALSE","(object, ...) ","stats","base","2.6.0","released",FALSE
"residuals.default","closure","function","TRUE","FALSE","(object, ...) ","stats","base","2.6.0","released",FALSE
"residuals.glm","closure","function","TRUE","FALSE","(object, type = c(""deviance"", ""pearson"", ""working"",     ""response"", ""partial""), ...) ","stats","base","2.6.0","released",FALSE
"residuals.lm","closure","function","TRUE","FALSE","(object, type = c(""working"", ""response"", ""deviance"",     ""pearson"", ""partial""), ...) ","stats","base","2.6.0","released",FALSE
"rexp","closure","function","TRUE","FALSE","(n, rate = 1) ","stats","base","2.6.0","released",FALSE
"rf","closure","function","TRUE","FALSE","(n, df1, df2, ncp) ","stats","base","2.6.0","released",FALSE
"rgamma","closure","function","TRUE","FALSE","(n, shape, rate = 1, scale = 1/rate) ","stats","base","2.6.0","released",FALSE
"rgeom","closure","function","TRUE","FALSE","(n, prob) ","stats","base","2.6.0","released",FALSE
"rhyper","closure","function","TRUE","FALSE","(nn, m, n, k) ","stats","base","2.6.0","released",FALSE
"rlnorm","closure","function","TRUE","FALSE","(n, meanlog = 0, sdlog = 1) ","stats","base","2.6.0","released",FALSE
"rlogis","closure","function","TRUE","FALSE","(n, location = 0, scale = 1) ","stats","base","2.6.0","released",FALSE
"rmultinom","closure","function","TRUE","FALSE","(n, size, prob) ","stats","base","2.6.0","released",FALSE
"rnbinom","closure","function","TRUE","FALSE","(n, size, prob, mu) ","stats","base","2.6.0","released",FALSE
"rnorm","closure","function","TRUE","FALSE","(n, mean = 0, sd = 1) ","stats","base","2.6.0","released",FALSE
"rpois","closure","function","TRUE","FALSE","(n, lambda) ","stats","base","2.6.0","released",FALSE
"rsignrank","closure","function","TRUE","FALSE","(nn, n) ","stats","base","2.6.0","released",FALSE
"rstandard","closure","function","TRUE","FALSE","(model, ...) ","stats","base","2.6.0","released",FALSE
"rstandard.glm","closure","function","TRUE","FALSE","(model, infl = lm.influence(model, do.coef = FALSE),     ...) ","stats","base","2.6.0","released",FALSE
"rstandard.lm","closure","function","TRUE","FALSE","(model, infl = lm.influence(model, do.coef = FALSE),     sd = sqrt(deviance(model)/df.residual(model)), ...) ","stats","base","2.6.0","released",FALSE
"rstudent","closure","function","TRUE","FALSE","(model, ...) ","stats","base","2.6.0","released",FALSE
"rstudent.glm","closure","function","TRUE","FALSE","(model, infl = influence(model, do.coef = FALSE), ...) ","stats","base","2.6.0","released",FALSE
"rstudent.lm","closure","function","TRUE","FALSE","(model, infl = lm.influence(model, do.coef = FALSE),     res = infl$wt.res, ...) ","stats","base","2.6.0","released",FALSE
"rt","closure","function","TRUE","FALSE","(n, df, ncp) ","stats","base","2.6.0","released",FALSE
"runif","closure","function","TRUE","FALSE","(n, min = 0, max = 1) ","stats","base","2.6.0","released",FALSE
"runmed","closure","function","TRUE","FALSE","(x, k, endrule = c(""median"", ""keep"", ""constant""), algorithm = NULL,     print.level = 0) ","stats","base","2.6.0","released",FALSE
"rweibull","closure","function","TRUE","FALSE","(n, shape, scale = 1) ","stats","base","2.6.0","released",FALSE
"rwilcox","closure","function","TRUE","FALSE","(nn, m, n) ","stats","base","2.6.0","released",FALSE
"scatter.smooth","closure","function","TRUE","FALSE","(x, y = NULL, span = 2/3, degree = 1, family = c(""symmetric"",     ""gaussian""), xlab = NULL, ylab = NULL, ylim = range(y, prediction$y,     na.rm = TRUE), evaluation = 50, ...) ","stats","base","2.6.0","released",FALSE
"screeplot","closure","function","TRUE","FALSE","(x, ...) ","stats","base","2.6.0","released",FALSE
"sd","closure","function","TRUE","FALSE","(x, na.rm = FALSE) ","stats","base","2.6.0","released",FALSE
"se.contrast","closure","function","TRUE","FALSE","(object, ...) ","stats","base","2.6.0","released",FALSE
"selfStart","closure","function","TRUE","FALSE","(model, initial, parameters, template) ","stats","base","2.6.0","released",FALSE
"setNames","closure","function","TRUE","FALSE","(object, nm) ","stats","base","2.6.0","released",FALSE
"shapiro.test","closure","function","TRUE","FALSE","(x) ","stats","base","2.6.0","released",FALSE
"simulate","closure","function","TRUE","FALSE","(object, nsim = 1, seed = NULL, ...) ","stats","base","2.6.0","released",FALSE
"smooth","closure","function","TRUE","FALSE","(x, kind = c(""3RS3R"", ""3RSS"", ""3RSR"", ""3R"", ""3"", ""S""),     twiceit = FALSE, endrule = ""Tukey"", do.ends = FALSE) ","stats","base","2.6.0","released",FALSE
"smooth.spline","closure","function","TRUE","FALSE","(x, y = NULL, w = NULL, df, spar = NULL, cv = FALSE,     all.knots = FALSE, nknots = NULL, keep.data = TRUE, df.offset = 0,     penalty = 1, control.spar = list()) ","stats","base","2.6.0","released",FALSE
"smoothEnds","closure","function","TRUE","FALSE","(y, k = 3) ","stats","base","2.6.0","released",FALSE
"sortedXyData","closure","function","TRUE","FALSE","(x, y, data) ","stats","base","2.6.0","released",FALSE
"spec.ar","closure","function","TRUE","FALSE","(x, n.freq, order = NULL, plot = TRUE, na.action = na.fail,     method = ""yule-walker"", ...) ","stats","base","2.6.0","released",FALSE
"spec.pgram","closure","function","TRUE","FALSE","(x, spans = NULL, kernel = NULL, taper = 0.1, pad = 0,     fast = TRUE, demean = FALSE, detrend = TRUE, plot = TRUE,     na.action = na.fail, ...) ","stats","base","2.6.0","released",FALSE
"spec.taper","closure","function","TRUE","FALSE","(x, p = 0.1) ","stats","base","2.6.0","released",FALSE
"spectrum","closure","function","TRUE","FALSE","(x, ..., method = c(""pgram"", ""ar"")) ","stats","base","2.6.0","released",FALSE
"spline","closure","function","TRUE","FALSE","(x, y = NULL, n = 3 * length(x), method = ""fmm"", xmin = min(x),     xmax = max(x), ties = mean) ","stats","base","2.6.0","released",FALSE
"splinefun","closure","function","TRUE","FALSE","(x, y = NULL, method = ""fmm"", ties = mean) ","stats","base","2.6.0","released",FALSE
"start","closure","function","TRUE","FALSE","(x, ...) ","stats","base","2.6.0","released",FALSE
"stat.anova","closure","function","TRUE","FALSE","(table, test = c(""Chisq"", ""F"", ""Cp""), scale, df.scale,     n) ","stats","base","2.6.0","released",FALSE
"step","closure","function","TRUE","FALSE","(object, scope, scale = 0, direction = c(""both"", ""backward"",     ""forward""), trace = 1, keep = NULL, steps = 1000, k = 2,     ...) ","stats","base","2.6.0","released",FALSE
"stepfun","closure","function","TRUE","FALSE","(x, y, f = as.numeric(right), ties = ""ordered"", right = FALSE) ","stats","base","2.6.0","released",FALSE
"stl","closure","function","TRUE","FALSE","(x, s.window, s.degree = 0, t.window = NULL, t.degree = 1,     l.window = nextodd(period), l.degree = t.degree, s.jump = ceiling(s.window/10),     t.jump = ceiling(t.window/10), l.jump = ceiling(l.window/10),     robust = FALSE, inner = if (robust) 1 else 2, outer = if (robust) 15 else 0,     na.action = na.fail) ","stats","base","2.6.0","released",FALSE
"summary.aov","closure","function","TRUE","FALSE","(object, intercept = FALSE, split, expand.split = TRUE,     keep.zero.df = TRUE, ...) ","stats","base","2.6.0","released",FALSE
"summary.aovlist","closure","function","TRUE","FALSE","(object, ...) ","stats","base","2.6.0","released",FALSE
"summary.glm","closure","function","TRUE","FALSE","(object, dispersion = NULL, correlation = FALSE, symbolic.cor = FALSE,     ...) ","stats","base","2.6.0","released",FALSE
"summary.infl","closure","function","TRUE","FALSE","(object, digits = max(2, getOption(""digits"") - 5), ...) ","stats","base","2.6.0","released",FALSE
"summary.lm","closure","function","TRUE","FALSE","(object, correlation = FALSE, symbolic.cor = FALSE,     ...) ","stats","base","2.6.0","released",FALSE
"summary.manova","closure","function","TRUE","FALSE","(object, test = c(""Pillai"", ""Wilks"", ""Hotelling-Lawley"",     ""Roy""), intercept = FALSE, ...) ","stats","base","2.6.0","released",FALSE
"summary.mlm","closure","function","TRUE","FALSE","(object, ...) ","stats","base","2.6.0","released",FALSE
"summary.stepfun","closure","function","TRUE","FALSE","(object, ...) ","stats","base","2.6.0","released",FALSE
"supsmu","closure","function","TRUE","FALSE","(x, y, wt = rep(1, n), span = ""cv"", periodic = FALSE,     bass = 0) ","stats","base","2.6.0","released",FALSE
"symnum","closure","function","TRUE","FALSE","(x, cutpoints = c(0.3, 0.6, 0.8, 0.9, 0.95), symbols = if (numeric.x) c("" "",     ""."", "","", ""+"", ""*"", ""B"") else c(""."", ""|""), legend = length(symbols) >=     3, na = ""?"", eps = 1e-05, numeric.x = is.numeric(x), corr = missing(cutpoints) &&     numeric.x, show.max = if (corr) ""1"", show.min = NULL, abbr.colnames = has.colnames,     lower.triangular = corr && is.numeric(x) && is.matrix(x),     diag.lower.tri = corr && !is.null(show.max)) ","stats","base","2.6.0","released",FALSE
"t.test","closure","function","TRUE","FALSE","(x, ...) ","stats","base","2.6.0","released",FALSE
"termplot","closure","function","TRUE","FALSE","(model, data = NULL, envir = environment(formula(model)),     partial.resid = FALSE, rug = FALSE, terms = NULL, se = FALSE,     xlabs = NULL, ylabs = NULL, main = NULL, col.term = 2, lwd.term = 1.5,     col.se = ""orange"", lty.se = 2, lwd.se = 1, col.res = ""gray"",     cex = 1, pch = par(""pch""), col.smth = ""darkred"", lty.smth = 2,     span.smth = 2/3, ask = dev.interactive() && nb.fig < n.tms,     use.factor.levels = TRUE, smooth = NULL, ylim = ""common"",     ...) ","stats","base","2.6.0","released",FALSE
"terms","closure","function","TRUE","FALSE","(x, ...) ","stats","base","2.6.0","released",FALSE
"terms.aovlist","closure","function","TRUE","FALSE","(x, ...) ","stats","base","2.6.0","released",FALSE
"terms.default","closure","function","TRUE","FALSE","(x, ...) ","stats","base","2.6.0","released",FALSE
"terms.formula","closure","function","TRUE","FALSE","(x, specials = NULL, abb = NULL, data = NULL, neg.out = TRUE,     keep.order = FALSE, simplify = FALSE, ..., allowDotAsName = FALSE) ","stats","base","2.6.0","released",FALSE
"terms.terms","closure","function","TRUE","FALSE","(x, ...) ","stats","base","2.6.0","released",FALSE
"time","closure","function","TRUE","FALSE","(x, ...) ","stats","base","2.6.0","released",FALSE
"toeplitz","closure","function","TRUE","FALSE","(x) ","stats","base","2.6.0","released",FALSE
"ts","closure","function","TRUE","FALSE","(data = NA, start = 1, end = numeric(0), frequency = 1,     deltat = 1, ts.eps = getOption(""ts.eps""), class = if (nseries >         1) c(""mts"", ""ts"") else ""ts"", names = if (!is.null(dimnames(data))) colnames(data) else paste(""Series"",         seq(nseries))) ","stats","base","2.6.0","released",FALSE
"ts.intersect","closure","function","TRUE","FALSE","(..., dframe = FALSE) ","stats","base","2.6.0","released",FALSE
"ts.plot","closure","function","TRUE","FALSE","(..., gpars = list()) ","stats","base","2.6.0","released",FALSE
"ts.union","closure","function","TRUE","FALSE","(..., dframe = FALSE) ","stats","base","2.6.0","released",FALSE
"tsSmooth","closure","function","TRUE","FALSE","(object, ...) ","stats","base","2.6.0","released",FALSE
"tsdiag","closure","function","TRUE","FALSE","(object, gof.lag, ...) ","stats","base","2.6.0","released",FALSE
"tsp","closure","function","TRUE","FALSE","(x) ","stats","base","2.6.0","released",FALSE
"tsp<-","closure","function","TRUE","FALSE","(x, value) ","stats","base","2.6.0","released",FALSE
"uniroot","closure","function","TRUE","FALSE","(f, interval, ..., lower = min(interval), upper = max(interval),     f.lower = f(lower, ...), f.upper = f(upper, ...), tol = .Machine$double.eps^0.25,     maxiter = 1000) ","stats","base","2.6.0","released",FALSE
"update","closure","function","TRUE","FALSE","(object, ...) ","stats","base","2.6.0","released",FALSE
"update.default","closure","function","TRUE","FALSE","(object, formula., ..., evaluate = TRUE) ","stats","base","2.6.0","released",FALSE
"update.formula","closure","function","TRUE","FALSE","(old, new, ...) ","stats","base","2.6.0","released",FALSE
"var","closure","function","TRUE","FALSE","(x, y = NULL, na.rm = FALSE, use) ","stats","base","2.6.0","released",FALSE
"var.test","closure","function","TRUE","FALSE","(x, ...) ","stats","base","2.6.0","released",FALSE
"variable.names","closure","function","TRUE","FALSE","(object, ...) ","stats","base","2.6.0","released",FALSE
"varimax","closure","function","TRUE","FALSE","(x, normalize = TRUE, eps = 1e-05) ","stats","base","2.6.0","released",FALSE
"vcov","closure","function","TRUE","FALSE","(object, ...) ","stats","base","2.6.0","released",FALSE
"weighted.mean","closure","function","TRUE","FALSE","(x, w, na.rm = FALSE) ","stats","base","2.6.0","released",FALSE
"weighted.residuals","closure","function","TRUE","FALSE","(obj, drop0 = TRUE) ","stats","base","2.6.0","released",FALSE
"weights","closure","function","TRUE","FALSE","(object, ...) ","stats","base","2.6.0","released",FALSE
"wilcox.test","closure","function","TRUE","FALSE","(x, ...) ","stats","base","2.6.0","released",FALSE
"window","closure","function","TRUE","FALSE","(x, ...) ","stats","base","2.6.0","released",FALSE
"window<-","closure","function","TRUE","FALSE","(x, ..., value) ","stats","base","2.6.0","released",FALSE
"write.ftable","closure","function","TRUE","FALSE","(x, file = """", quote = TRUE, append = FALSE, digits = getOption(""digits"")) ","stats","base","2.6.0","released",FALSE
"xtabs","closure","function","TRUE","FALSE","(formula = ~., data = parent.frame(), subset, na.action,     exclude = c(NA, NaN), drop.unused.levels = FALSE) ","stats","base","2.6.0","released",FALSE
".__C__mle","S4","classRepresentation","TRUE","FALSE","NA","stats4","base","2.6.0","released", TRUE
".__C__profile.mle","S4","classRepresentation","TRUE","FALSE","NA","stats4","base","2.6.0","released", TRUE
".__C__summary.mle","S4","classRepresentation","TRUE","FALSE","NA","stats4","base","2.6.0","released", TRUE
".__M__AIC:stats","S4","MethodsList","TRUE","FALSE","NA","stats4","base","2.6.0","released", TRUE
".__M__BIC:stats4","S4","MethodsList","TRUE","FALSE","NA","stats4","base","2.6.0","released", TRUE
".__M__coef:stats","S4","MethodsList","TRUE","FALSE","NA","stats4","base","2.6.0","released", TRUE
".__M__confint:stats","S4","MethodsList","TRUE","FALSE","NA","stats4","base","2.6.0","released", TRUE
".__M__logLik:stats","S4","MethodsList","TRUE","FALSE","NA","stats4","base","2.6.0","released", TRUE
".__M__plot:graphics","S4","MethodsList","TRUE","FALSE","NA","stats4","base","2.6.0","released", TRUE
".__M__profile:stats","S4","MethodsList","TRUE","FALSE","NA","stats4","base","2.6.0","released", TRUE
".__M__show:methods","S4","MethodsList","TRUE","FALSE","NA","stats4","base","2.6.0","released", TRUE
".__M__summary:base","S4","MethodsList","TRUE","FALSE","NA","stats4","base","2.6.0","released", TRUE
".__M__update:stats","S4","MethodsList","TRUE","FALSE","NA","stats4","base","2.6.0","released", TRUE
".__M__vcov:stats","S4","MethodsList","TRUE","FALSE","NA","stats4","base","2.6.0","released", TRUE
".__T__AIC:stats","environment","environment","TRUE","FALSE","NA","stats4","base","2.6.0","released", TRUE
".__T__BIC:stats4","environment","environment","TRUE","FALSE","NA","stats4","base","2.6.0","released", TRUE
".__T__coef:stats","environment","environment","TRUE","FALSE","NA","stats4","base","2.6.0","released", TRUE
".__T__confint:stats","environment","environment","TRUE","FALSE","NA","stats4","base","2.6.0","released", TRUE
".__T__logLik:stats","environment","environment","TRUE","FALSE","NA","stats4","base","2.6.0","released", TRUE
".__T__plot:graphics","environment","environment","TRUE","FALSE","NA","stats4","base","2.6.0","released", TRUE
".__T__profile:stats","environment","environment","TRUE","FALSE","NA","stats4","base","2.6.0","released", TRUE
".__T__show:methods","environment","environment","TRUE","FALSE","NA","stats4","base","2.6.0","released", TRUE
".__T__summary:base","environment","environment","TRUE","FALSE","NA","stats4","base","2.6.0","released", TRUE
".__T__update:stats","environment","environment","TRUE","FALSE","NA","stats4","base","2.6.0","released", TRUE
".__T__vcov:stats","environment","environment","TRUE","FALSE","NA","stats4","base","2.6.0","released", TRUE
"AIC","closure","standardGeneric","TRUE","TRUE","(object, ..., k = 2) ","stats4","base","2.6.0","released",FALSE
"BIC","closure","standardGeneric","TRUE","TRUE","(object, ...) ","stats4","base","2.6.0","released",FALSE
"coef","closure","standardGeneric","TRUE","TRUE","(object, ...) ","stats4","base","2.6.0","released",FALSE
"confint","closure","standardGeneric","TRUE","TRUE","(object, parm, level = 0.95, ...) ","stats4","base","2.6.0","released",FALSE
"logLik","closure","standardGeneric","TRUE","TRUE","(object, ...) ","stats4","base","2.6.0","released",FALSE
"mle","closure","function","TRUE","FALSE","(minuslogl, start = formals(minuslogl), method = ""BFGS"",     fixed = list(), ...) ","stats4","base","2.6.0","released",FALSE
"plot","closure","standardGeneric","TRUE","TRUE","(x, y, ...) ","stats4","base","2.6.0","released",FALSE
"profile","closure","standardGeneric","TRUE","TRUE","(fitted, ...) ","stats4","base","2.6.0","released",FALSE
"summary","closure","standardGeneric","TRUE","TRUE","(object, ...) ","stats4","base","2.6.0","released",FALSE
"update","closure","standardGeneric","TRUE","TRUE","(object, ...) ","stats4","base","2.6.0","released",FALSE
"vcov","closure","standardGeneric","TRUE","TRUE","(object, ...) ","stats4","base","2.6.0","released",FALSE
"Surv","closure","function","TRUE","FALSE","(time, time2, event, type = c(""right"", ""left"", ""interval"",     ""counting"", ""interval2""), origin = 0) ","survival","recommended","2.6.0","released",FALSE
"aml","list","data.frame","FALSE","FALSE","NA","survival","recommended","2.6.0","released",FALSE
"as.date","closure","function","TRUE","FALSE","(x, order = ""mdy"", ...) ","survival","recommended","2.6.0","released",FALSE
"attrassign","closure","function","TRUE","FALSE","(object, ...) ","survival","recommended","2.6.0","released",FALSE
"basehaz","closure","function","TRUE","FALSE","(fit, centered = TRUE) ","survival","recommended","2.6.0","released",FALSE
"bladder","list","data.frame","FALSE","FALSE","NA","survival","recommended","2.6.0","released",FALSE
"bladder2","list","data.frame","FALSE","FALSE","NA","survival","recommended","2.6.0","released",FALSE
"cancer","list","data.frame","FALSE","FALSE","NA","survival","recommended","2.6.0","released",FALSE
"cch","closure","function","TRUE","FALSE","(formula, data = sys.parent(), subcoh, id, stratum = NULL,     cohort.size, method = c(""Prentice"", ""SelfPrentice"", ""LinYing"",         ""I.Borgan"", ""II.Borgan""), robust = FALSE) ","survival","recommended","2.6.0","released",FALSE
"clogit","closure","function","TRUE","FALSE","(formula, data, method = c(""exact"", ""approximate""),     na.action = getOption(""na.action""), subset = NULL, control = coxph.control()) ","survival","recommended","2.6.0","released",FALSE
"cluster","closure","function","TRUE","FALSE","(x) ","survival","recommended","2.6.0","released",FALSE
"colon","list","data.frame","FALSE","FALSE","NA","survival","recommended","2.6.0","released",FALSE
"cox.zph","closure","function","TRUE","FALSE","(fit, transform = ""km"", global = TRUE) ","survival","recommended","2.6.0","released",FALSE
"coxph","closure","function","TRUE","FALSE","(formula = formula(data), data = parent.frame(), weights,     subset, na.action, init, control, method = c(""efron"", ""breslow"",         ""exact""), singular.ok = TRUE, robust = FALSE, model = FALSE,     x = FALSE, y = TRUE, ...) ","survival","recommended","2.6.0","released",FALSE
"coxph.control","closure","function","TRUE","FALSE","(eps = 1e-09, toler.chol = .Machine$double.eps^0.75,     iter.max = 20, toler.inf = sqrt(eps), outer.max = 10) ","survival","recommended","2.6.0","released",FALSE
"coxph.detail","closure","function","TRUE","FALSE","(object) ","survival","recommended","2.6.0","released",FALSE
"coxph.fit","closure","function","TRUE","FALSE","(x, y, strata, offset, init, control, weights, method,     rownames) ","survival","recommended","2.6.0","released",FALSE
"date.ddmmmyy","closure","function","TRUE","FALSE","(sdate) ","survival","recommended","2.6.0","released",FALSE
"date.mdy","closure","function","TRUE","FALSE","(sdate, weekday = FALSE) ","survival","recommended","2.6.0","released",FALSE
"date.mmddyy","closure","function","TRUE","FALSE","(sdate, sep = ""/"") ","survival","recommended","2.6.0","released",FALSE
"date.mmddyyyy","closure","function","TRUE","FALSE","(sdate, sep = ""/"") ","survival","recommended","2.6.0","released",FALSE
"format.Surv","closure","function","TRUE","FALSE","(x, ...) ","survival","recommended","2.6.0","released",FALSE
"frailty","closure","function","TRUE","FALSE","(x, distribution = ""gamma"", ...) ","survival","recommended","2.6.0","released",FALSE
"frailty.gamma","closure","function","TRUE","FALSE","(x, sparse = (nclass > 5), theta, df, eps = 1e-05, method = c(""em"",     ""aic"", ""df"", ""fixed""), ...) ","survival","recommended","2.6.0","released",FALSE
"frailty.gammacon","closure","function","TRUE","FALSE","(d, nu) ","survival","recommended","2.6.0","released",FALSE
"frailty.gaussian","closure","function","TRUE","FALSE","(x, sparse = (nclass > 5), theta, df, method = c(""reml"",     ""aic"", ""df"", ""fixed""), ...) ","survival","recommended","2.6.0","released",FALSE
"frailty.t","closure","function","TRUE","FALSE","(x, sparse = (nclass > 5), theta, df, eps = 1e-05, tdf = 5,     method = c(""aic"", ""df"", ""fixed""), ...) ","survival","recommended","2.6.0","released",FALSE
"heart","list","data.frame","FALSE","FALSE","NA","survival","recommended","2.6.0","released",FALSE
"is.Surv","closure","function","TRUE","FALSE","(x) ","survival","recommended","2.6.0","released",FALSE
"is.date","closure","function","TRUE","FALSE","(x) ","survival","recommended","2.6.0","released",FALSE
"is.na.Surv","closure","function","TRUE","FALSE","(x) ","survival","recommended","2.6.0","released",FALSE
"is.na.coxph.penalty","closure","function","TRUE","FALSE","(x) ","survival","recommended","2.6.0","released",FALSE
"is.na.date","closure","function","TRUE","FALSE","(x) ","survival","recommended","2.6.0","released",FALSE
"is.na.ratetable","closure","function","TRUE","FALSE","(x) ","survival","recommended","2.6.0","released",FALSE
"is.ratetable","closure","function","TRUE","FALSE","(x, verbose = FALSE) ","survival","recommended","2.6.0","released",FALSE
"jasa","list","data.frame","FALSE","FALSE","NA","survival","recommended","2.6.0","released",FALSE
"jasa1","list","data.frame","FALSE","FALSE","NA","survival","recommended","2.6.0","released",FALSE
"kidney","list","data.frame","FALSE","FALSE","NA","survival","recommended","2.6.0","released",FALSE
"labels.survreg","closure","function","TRUE","FALSE","(object, ...) ","survival","recommended","2.6.0","released",FALSE
"leukemia","list","data.frame","FALSE","FALSE","NA","survival","recommended","2.6.0","released",FALSE
"lung","list","data.frame","FALSE","FALSE","NA","survival","recommended","2.6.0","released",FALSE
"match.ratetable","closure","function","TRUE","FALSE","(R, ratetable) ","survival","recommended","2.6.0","released",FALSE
"mdy.date","closure","function","TRUE","FALSE","(month, day, year, nineteen = TRUE, fillday = FALSE,     fillmonth = FALSE) ","survival","recommended","2.6.0","released",FALSE
"nwtco","list","data.frame","FALSE","FALSE","NA","survival","recommended","2.6.0","released",FALSE
"ovarian","list","data.frame","FALSE","FALSE","NA","survival","recommended","2.6.0","released",FALSE
"pbc","list","data.frame","FALSE","FALSE","NA","survival","recommended","2.6.0","released",FALSE
"pspline","closure","function","TRUE","FALSE","(x, df = 4, theta, nterm = 2.5 * df, degree = 3, eps = 0.1,     method, ...) ","survival","recommended","2.6.0","released",FALSE
"pyears","closure","function","TRUE","FALSE","(formula = formula(data), data = sys.parent(), weights,     subset, na.action, ratetable = survexp.us, scale = 365.25,     expect = c(""event"", ""pyears""), model = FALSE, x = FALSE,     y = FALSE) ","survival","recommended","2.6.0","released",FALSE
"ratetable","closure","function","TRUE","FALSE","(...) ","survival","recommended","2.6.0","released",FALSE
"rats","list","data.frame","FALSE","FALSE","NA","survival","recommended","2.6.0","released",FALSE
"ridge","closure","function","TRUE","FALSE","(..., theta, df = nvar/2, eps = 0.1, scale = TRUE) ","survival","recommended","2.6.0","released",FALSE
"stanford2","list","data.frame","FALSE","FALSE","NA","survival","recommended","2.6.0","released",FALSE
"strata","closure","function","TRUE","FALSE","(..., na.group = FALSE, shortlabel = FALSE) ","survival","recommended","2.6.0","released",FALSE
"survSplit","closure","function","TRUE","FALSE","(data, cut, end, event, start, id = NULL, zero = 0,     episode = NULL) ","survival","recommended","2.6.0","released",FALSE
"survdiff","closure","function","TRUE","FALSE","(formula, data, subset, na.action, rho = 0) ","survival","recommended","2.6.0","released",FALSE
"survexp","closure","function","TRUE","FALSE","(formula = formula(data), data = parent.frame(), weights,     subset, na.action, times, cohort = TRUE, conditional = FALSE,     ratetable = survexp.us, scale = 1, npoints, se.fit, model = FALSE,     x = FALSE, y = FALSE) ","survival","recommended","2.6.0","released",FALSE
"survexp.az","double","ratetable","FALSE","FALSE","NA","survival","recommended","2.6.0","released",FALSE
"survexp.azr","double","ratetable","FALSE","FALSE","NA","survival","recommended","2.6.0","released",FALSE
"survexp.fl","double","ratetable","FALSE","FALSE","NA","survival","recommended","2.6.0","released",FALSE
"survexp.flr","double","ratetable","FALSE","FALSE","NA","survival","recommended","2.6.0","released",FALSE
"survexp.mn","double","ratetable","FALSE","FALSE","NA","survival","recommended","2.6.0","released",FALSE
"survexp.mnwhite","double","ratetable","FALSE","FALSE","NA","survival","recommended","2.6.0","released",FALSE
"survexp.us","double","ratetable","FALSE","FALSE","NA","survival","recommended","2.6.0","released",FALSE
"survexp.usr","double","ratetable","FALSE","FALSE","NA","survival","recommended","2.6.0","released",FALSE
"survexp.wnc","double","ratetable","FALSE","FALSE","NA","survival","recommended","2.6.0","released",FALSE
"survfit","closure","function","TRUE","FALSE","(formula, data, weights, subset, na.action, ...) ","survival","recommended","2.6.0","released",FALSE
"survfit.km","closure","function","TRUE","FALSE","(x, y, casewt = rep(1, n), type = c(""kaplan-meier"",     ""fleming-harrington"", ""fh2""), error = c(""greenwood"", ""tsiatis""),     se.fit = TRUE, conf.int = 0.95, conf.type = c(""log"", ""log-log"",         ""plain"", ""none""), conf.lower = c(""usual"", ""peto"", ""modified""),     new.start) ","survival","recommended","2.6.0","released",FALSE
"survobrien","closure","function","TRUE","FALSE","(formula, data = sys.frame(sys.parent())) ","survival","recommended","2.6.0","released",FALSE
"survreg","closure","function","TRUE","FALSE","(formula = formula(data), data = parent.frame(), weights,     subset, na.action, dist = ""weibull"", init = NULL, scale = 0,     control = survreg.control(), parms = NULL, model = FALSE,     x = FALSE, y = TRUE, robust = FALSE, ...) ","survival","recommended","2.6.0","released",FALSE
"survreg.control","closure","function","TRUE","FALSE","(maxiter = 30, rel.tolerance = 1e-09, failure = 1, toler.chol = 1e-10,     iter.max, debug = 0, outer.max = 10) ","survival","recommended","2.6.0","released",FALSE
"survreg.distributions","list","list","TRUE","FALSE","NA","survival","recommended","2.6.0","released",FALSE
"survreg.fit","closure","function","TRUE","FALSE","(x, y, weights, offset, init, controlvals, dist, scale = 0,     nstrat = 1, strata, parms = NULL) ","survival","recommended","2.6.0","released",FALSE
"survreg.old","closure","function","TRUE","FALSE","(formula, data = sys.frame(sys.parent()), ..., link = c(""log"",     ""identity""), dist = c(""extreme"", ""logistic"", ""gaussian"",     ""exponential"", ""rayleigh"", ""weibull""), fixed = list()) ","survival","recommended","2.6.0","released",FALSE
"tcut","closure","function","TRUE","FALSE","(x, breaks, labels, scale = 1) ","survival","recommended","2.6.0","released",FALSE
"tobin","list","data.frame","FALSE","FALSE","NA","survival","recommended","2.6.0","released",FALSE
"untangle.specials","closure","function","TRUE","FALSE","(tt, special, order = 1) ","survival","recommended","2.6.0","released",FALSE
"veteran","list","data.frame","FALSE","FALSE","NA","survival","recommended","2.6.0","released",FALSE
".Tcl","closure","function","TRUE","FALSE","(...) ","tcltk","base","2.6.0","released", TRUE
".Tcl.args","closure","function","TRUE","FALSE","(...) ","tcltk","base","2.6.0","released", TRUE
".Tcl.args.objv","closure","function","TRUE","FALSE","(...) ","tcltk","base","2.6.0","released", TRUE
".Tcl.callback","closure","function","TRUE","FALSE","(...) ","tcltk","base","2.6.0","released", TRUE
".Tcl.objv","closure","function","TRUE","FALSE","(objv) ","tcltk","base","2.6.0","released", TRUE
".Tk.ID","closure","function","TRUE","FALSE","(win) ","tcltk","base","2.6.0","released", TRUE
".Tk.newwin","closure","function","TRUE","FALSE","(ID) ","tcltk","base","2.6.0","released", TRUE
".Tk.subwin","closure","function","TRUE","FALSE","(parent) ","tcltk","base","2.6.0","released", TRUE
".TkRoot","list","tkwin","TRUE","FALSE","NA","tcltk","base","2.6.0","released", TRUE
"addTclPath","closure","function","TRUE","FALSE","(path = ""."") ","tcltk","base","2.6.0","released",FALSE
"as.tclObj","closure","function","TRUE","FALSE","(x, drop = FALSE) ","tcltk","base","2.6.0","released",FALSE
"is.tclObj","closure","function","TRUE","FALSE","(x) ","tcltk","base","2.6.0","released",FALSE
"is.tkwin","closure","function","TRUE","FALSE","(x) ","tcltk","base","2.6.0","released",FALSE
"tcl","closure","function","TRUE","FALSE","(...) ","tcltk","base","2.6.0","released",FALSE
"tclArray","closure","function","TRUE","FALSE","() ","tcltk","base","2.6.0","released",FALSE
"tclObj","closure","function","TRUE","FALSE","(x) ","tcltk","base","2.6.0","released",FALSE
"tclObj<-","closure","function","TRUE","FALSE","(x, value) ","tcltk","base","2.6.0","released",FALSE
"tclObj<-.tclVar","closure","function","TRUE","FALSE","(x, value) ","tcltk","base","2.6.0","released",FALSE
"tclRequire","closure","function","TRUE","FALSE","(package, warn = TRUE) ","tcltk","base","2.6.0","released",FALSE
"tclServiceMode","closure","function","TRUE","FALSE","(on = NULL) ","tcltk","base","2.6.0","released",FALSE
"tclVar","closure","function","TRUE","FALSE","(init = """") ","tcltk","base","2.6.0","released",FALSE
"tclclose","closure","function","TRUE","FALSE","(...) ","tcltk","base","2.6.0","released",FALSE
"tclfile.dir","closure","function","TRUE","FALSE","(...) ","tcltk","base","2.6.0","released",FALSE
"tclfile.tail","closure","function","TRUE","FALSE","(...) ","tcltk","base","2.6.0","released",FALSE
"tclopen","closure","function","TRUE","FALSE","(...) ","tcltk","base","2.6.0","released",FALSE
"tclputs","closure","function","TRUE","FALSE","(...) ","tcltk","base","2.6.0","released",FALSE
"tclread","closure","function","TRUE","FALSE","(...) ","tcltk","base","2.6.0","released",FALSE
"tclvalue","closure","function","TRUE","FALSE","(x) ","tcltk","base","2.6.0","released",FALSE
"tclvalue<-","closure","function","TRUE","FALSE","(x, value) ","tcltk","base","2.6.0","released",FALSE
"tclvalue<-.default","closure","function","TRUE","FALSE","(x, value) ","tcltk","base","2.6.0","released",FALSE
"tclvalue<-.tclVar","closure","function","TRUE","FALSE","(x, value) ","tcltk","base","2.6.0","released",FALSE
"tclvar","list","tclvar","TRUE","FALSE","NA","tcltk","base","2.6.0","released",FALSE
"tkStartGUI","closure","function","TRUE","FALSE","() ","tcltk","base","2.6.0","released",FALSE
"tkXselection.clear","closure","function","TRUE","FALSE","(...) ","tcltk","base","2.6.0","released",FALSE
"tkXselection.get","closure","function","TRUE","FALSE","(...) ","tcltk","base","2.6.0","released",FALSE
"tkXselection.handle","closure","function","TRUE","FALSE","(...) ","tcltk","base","2.6.0","released",FALSE
"tkXselection.own","closure","function","TRUE","FALSE","(...) ","tcltk","base","2.6.0","released",FALSE
"tk_select.list","closure","function","TRUE","FALSE","(list, preselect = NULL, multiple = FALSE, title = NULL) ","tcltk","base","2.6.0","released",FALSE
"tkactivate","closure","function","TRUE","FALSE","(widget, ...) ","tcltk","base","2.6.0","released",FALSE
"tkadd","closure","function","TRUE","FALSE","(widget, ...) ","tcltk","base","2.6.0","released",FALSE
"tkaddtag","closure","function","TRUE","FALSE","(widget, ...) ","tcltk","base","2.6.0","released",FALSE
"tkbbox","closure","function","TRUE","FALSE","(widget, ...) ","tcltk","base","2.6.0","released",FALSE
"tkbell","closure","function","TRUE","FALSE","(...) ","tcltk","base","2.6.0","released",FALSE
"tkbind","closure","function","TRUE","FALSE","(...) ","tcltk","base","2.6.0","released",FALSE
"tkbindtags","closure","function","TRUE","FALSE","(...) ","tcltk","base","2.6.0","released",FALSE
"tkbutton","closure","function","TRUE","FALSE","(parent, ...) ","tcltk","base","2.6.0","released",FALSE
"tkcanvas","closure","function","TRUE","FALSE","(parent, ...) ","tcltk","base","2.6.0","released",FALSE
"tkcanvasx","closure","function","TRUE","FALSE","(widget, ...) ","tcltk","base","2.6.0","released",FALSE
"tkcanvasy","closure","function","TRUE","FALSE","(widget, ...) ","tcltk","base","2.6.0","released",FALSE
"tkcget","closure","function","TRUE","FALSE","(widget, ...) ","tcltk","base","2.6.0","released",FALSE
"tkcheckbutton","closure","function","TRUE","FALSE","(parent, ...) ","tcltk","base","2.6.0","released",FALSE
"tkchooseDirectory","closure","function","TRUE","FALSE","(...) ","tcltk","base","2.6.0","released",FALSE
"tkclipboard.append","closure","function","TRUE","FALSE","(...) ","tcltk","base","2.6.0","released",FALSE
"tkclipboard.clear","closure","function","TRUE","FALSE","(...) ","tcltk","base","2.6.0","released",FALSE
"tkclose","closure","function","TRUE","FALSE","(...) ","tcltk","base","2.6.0","released",FALSE
"tkcmd","closure","function","TRUE","FALSE","(...) ","tcltk","base","2.6.0","released",FALSE
"tkcompare","closure","function","TRUE","FALSE","(widget, ...) ","tcltk","base","2.6.0","released",FALSE
"tkconfigure","closure","function","TRUE","FALSE","(widget, ...) ","tcltk","base","2.6.0","released",FALSE
"tkcoords","closure","function","TRUE","FALSE","(widget, ...) ","tcltk","base","2.6.0","released",FALSE
"tkcreate","closure","function","TRUE","FALSE","(widget, ...) ","tcltk","base","2.6.0","released",FALSE
"tkcurselection","closure","function","TRUE","FALSE","(widget, ...) ","tcltk","base","2.6.0","released",FALSE
"tkdchars","closure","function","TRUE","FALSE","(widget, ...) ","tcltk","base","2.6.0","released",FALSE
"tkdebug","closure","function","TRUE","FALSE","(widget, ...) ","tcltk","base","2.6.0","released",FALSE
"tkdelete","closure","function","TRUE","FALSE","(widget, ...) ","tcltk","base","2.6.0","released",FALSE
"tkdelta","closure","function","TRUE","FALSE","(widget, ...) ","tcltk","base","2.6.0","released",FALSE
"tkdeselect","closure","function","TRUE","FALSE","(widget, ...) ","tcltk","base","2.6.0","released",FALSE
"tkdestroy","closure","function","TRUE","FALSE","(win) ","tcltk","base","2.6.0","released",FALSE
"tkdialog","closure","function","TRUE","FALSE","(...) ","tcltk","base","2.6.0","released",FALSE
"tkdlineinfo","closure","function","TRUE","FALSE","(widget, ...) ","tcltk","base","2.6.0","released",FALSE
"tkdtag","closure","function","TRUE","FALSE","(widget, ...) ","tcltk","base","2.6.0","released",FALSE
"tkdump","closure","function","TRUE","FALSE","(widget, ...) ","tcltk","base","2.6.0","released",FALSE
"tkentry","closure","function","TRUE","FALSE","(parent, ...) ","tcltk","base","2.6.0","released",FALSE
"tkentrycget","closure","function","TRUE","FALSE","(widget, ...) ","tcltk","base","2.6.0","released",FALSE
"tkentryconfigure","closure","function","TRUE","FALSE","(widget, ...) ","tcltk","base","2.6.0","released",FALSE
"tkevent.add","closure","function","TRUE","FALSE","(...) ","tcltk","base","2.6.0","released",FALSE
"tkevent.delete","closure","function","TRUE","FALSE","(...) ","tcltk","base","2.6.0","released",FALSE
"tkevent.generate","closure","function","TRUE","FALSE","(...) ","tcltk","base","2.6.0","released",FALSE
"tkevent.info","closure","function","TRUE","FALSE","(...) ","tcltk","base","2.6.0","released",FALSE
"tkfile.dir","closure","function","TRUE","FALSE","(...) ","tcltk","base","2.6.0","released",FALSE
"tkfile.tail","closure","function","TRUE","FALSE","(...) ","tcltk","base","2.6.0","released",FALSE
"tkfind","closure","function","TRUE","FALSE","(widget, ...) ","tcltk","base","2.6.0","released",FALSE
"tkflash","closure","function","TRUE","FALSE","(widget, ...) ","tcltk","base","2.6.0","released",FALSE
"tkfocus","closure","function","TRUE","FALSE","(...) ","tcltk","base","2.6.0","released",FALSE
"tkfont.actual","closure","function","TRUE","FALSE","(...) ","tcltk","base","2.6.0","released",FALSE
"tkfont.configure","closure","function","TRUE","FALSE","(...) ","tcltk","base","2.6.0","released",FALSE
"tkfont.create","closure","function","TRUE","FALSE","(...) ","tcltk","base","2.6.0","released",FALSE
"tkfont.delete","closure","function","TRUE","FALSE","(...) ","tcltk","base","2.6.0","released",FALSE
"tkfont.families","closure","function","TRUE","FALSE","(...) ","tcltk","base","2.6.0","released",FALSE
"tkfont.measure","closure","function","TRUE","FALSE","(...) ","tcltk","base","2.6.0","released",FALSE
"tkfont.metrics","closure","function","TRUE","FALSE","(...) ","tcltk","base","2.6.0","released",FALSE
"tkfont.names","closure","function","TRUE","FALSE","(...) ","tcltk","base","2.6.0","released",FALSE
"tkfraction","closure","function","TRUE","FALSE","(widget, ...) ","tcltk","base","2.6.0","released",FALSE
"tkframe","closure","function","TRUE","FALSE","(parent, ...) ","tcltk","base","2.6.0","released",FALSE
"tkget","closure","function","TRUE","FALSE","(widget, ...) ","tcltk","base","2.6.0","released",FALSE
"tkgetOpenFile","closure","function","TRUE","FALSE","(...) ","tcltk","base","2.6.0","released",FALSE
"tkgetSaveFile","closure","function","TRUE","FALSE","(...) ","tcltk","base","2.6.0","released",FALSE
"tkgettags","closure","function","TRUE","FALSE","(widget, ...) ","tcltk","base","2.6.0","released",FALSE
"tkgrab","closure","function","TRUE","FALSE","(...) ","tcltk","base","2.6.0","released",FALSE
"tkgrab.current","closure","function","TRUE","FALSE","(...) ","tcltk","base","2.6.0","released",FALSE
"tkgrab.release","closure","function","TRUE","FALSE","(...) ","tcltk","base","2.6.0","released",FALSE
"tkgrab.set","closure","function","TRUE","FALSE","(...) ","tcltk","base","2.6.0","released",FALSE
"tkgrab.status","closure","function","TRUE","FALSE","(...) ","tcltk","base","2.6.0","released",FALSE
"tkgrid","closure","function","TRUE","FALSE","(...) ","tcltk","base","2.6.0","released",FALSE
"tkgrid.bbox","closure","function","TRUE","FALSE","(...) ","tcltk","base","2.6.0","released",FALSE
"tkgrid.columnconfigure","closure","function","TRUE","FALSE","(...) ","tcltk","base","2.6.0","released",FALSE
"tkgrid.configure","closure","function","TRUE","FALSE","(...) ","tcltk","base","2.6.0","released",FALSE
"tkgrid.forget","closure","function","TRUE","FALSE","(...) ","tcltk","base","2.6.0","released",FALSE
"tkgrid.info","closure","function","TRUE","FALSE","(...) ","tcltk","base","2.6.0","released",FALSE
"tkgrid.location","closure","function","TRUE","FALSE","(...) ","tcltk","base","2.6.0","released",FALSE
"tkgrid.propagate","closure","function","TRUE","FALSE","(...) ","tcltk","base","2.6.0","released",FALSE
"tkgrid.remove","closure","function","TRUE","FALSE","(...) ","tcltk","base","2.6.0","released",FALSE
"tkgrid.rowconfigure","closure","function","TRUE","FALSE","(...) ","tcltk","base","2.6.0","released",FALSE
"tkgrid.size","closure","function","TRUE","FALSE","(...) ","tcltk","base","2.6.0","released",FALSE
"tkgrid.slaves","closure","function","TRUE","FALSE","(...) ","tcltk","base","2.6.0","released",FALSE
"tkicursor","closure","function","TRUE","FALSE","(widget, ...) ","tcltk","base","2.6.0","released",FALSE
"tkidentify","closure","function","TRUE","FALSE","(widget, ...) ","tcltk","base","2.6.0","released",FALSE
"tkimage.cget","closure","function","TRUE","FALSE","(...) ","tcltk","base","2.6.0","released",FALSE
"tkimage.configure","closure","function","TRUE","FALSE","(...) ","tcltk","base","2.6.0","released",FALSE
"tkimage.create","closure","function","TRUE","FALSE","(...) ","tcltk","base","2.6.0","released",FALSE
"tkimage.names","closure","function","TRUE","FALSE","(...) ","tcltk","base","2.6.0","released",FALSE
"tkindex","closure","function","TRUE","FALSE","(widget, ...) ","tcltk","base","2.6.0","released",FALSE
"tkinsert","closure","function","TRUE","FALSE","(widget, ...) ","tcltk","base","2.6.0","released",FALSE
"tkinvoke","closure","function","TRUE","FALSE","(widget, ...) ","tcltk","base","2.6.0","released",FALSE
"tkitembind","closure","function","TRUE","FALSE","(widget, ...) ","tcltk","base","2.6.0","released",FALSE
"tkitemcget","closure","function","TRUE","FALSE","(widget, ...) ","tcltk","base","2.6.0","released",FALSE
"tkitemconfigure","closure","function","TRUE","FALSE","(widget, ...) ","tcltk","base","2.6.0","released",FALSE
"tkitemfocus","closure","function","TRUE","FALSE","(widget, ...) ","tcltk","base","2.6.0","released",FALSE
"tkitemlower","closure","function","TRUE","FALSE","(widget, ...) ","tcltk","base","2.6.0","released",FALSE
"tkitemraise","closure","function","TRUE","FALSE","(widget, ...) ","tcltk","base","2.6.0","released",FALSE
"tkitemscale","closure","function","TRUE","FALSE","(widget, ...) ","tcltk","base","2.6.0","released",FALSE
"tklabel","closure","function","TRUE","FALSE","(parent, ...) ","tcltk","base","2.6.0","released",FALSE
"tklistbox","closure","function","TRUE","FALSE","(parent, ...) ","tcltk","base","2.6.0","released",FALSE
"tklower","closure","function","TRUE","FALSE","(...) ","tcltk","base","2.6.0","released",FALSE
"tkmark.gravity","closure","function","TRUE","FALSE","(widget, ...) ","tcltk","base","2.6.0","released",FALSE
"tkmark.names","closure","function","TRUE","FALSE","(widget, ...) ","tcltk","base","2.6.0","released",FALSE
"tkmark.next","closure","function","TRUE","FALSE","(widget, ...) ","tcltk","base","2.6.0","released",FALSE
"tkmark.previous","closure","function","TRUE","FALSE","(widget, ...) ","tcltk","base","2.6.0","released",FALSE
"tkmark.set","closure","function","TRUE","FALSE","(widget, ...) ","tcltk","base","2.6.0","released",FALSE
"tkmark.unset","closure","function","TRUE","FALSE","(widget, ...) ","tcltk","base","2.6.0","released",FALSE
"tkmenu","closure","function","TRUE","FALSE","(parent, ...) ","tcltk","base","2.6.0","released",FALSE
"tkmenubutton","closure","function","TRUE","FALSE","(parent, ...) ","tcltk","base","2.6.0","released",FALSE
"tkmessage","closure","function","TRUE","FALSE","(parent, ...) ","tcltk","base","2.6.0","released",FALSE
"tkmessageBox","closure","function","TRUE","FALSE","(...) ","tcltk","base","2.6.0","released",FALSE
"tkmove","closure","function","TRUE","FALSE","(widget, ...) ","tcltk","base","2.6.0","released",FALSE
"tknearest","closure","function","TRUE","FALSE","(widget, ...) ","tcltk","base","2.6.0","released",FALSE
"tkopen","closure","function","TRUE","FALSE","(...) ","tcltk","base","2.6.0","released",FALSE
"tkpack","closure","function","TRUE","FALSE","(...) ","tcltk","base","2.6.0","released",FALSE
"tkpack.configure","closure","function","TRUE","FALSE","(...) ","tcltk","base","2.6.0","released",FALSE
"tkpack.forget","closure","function","TRUE","FALSE","(...) ","tcltk","base","2.6.0","released",FALSE
"tkpack.info","closure","function","TRUE","FALSE","(...) ","tcltk","base","2.6.0","released",FALSE
"tkpack.propagate","closure","function","TRUE","FALSE","(...) ","tcltk","base","2.6.0","released",FALSE
"tkpack.slaves","closure","function","TRUE","FALSE","(...) ","tcltk","base","2.6.0","released",FALSE
"tkpager","closure","function","TRUE","FALSE","(file, header, title, delete.file) ","tcltk","base","2.6.0","released",FALSE
"tkplace","closure","function","TRUE","FALSE","(...) ","tcltk","base","2.6.0","released",FALSE
"tkplace.configure","closure","function","TRUE","FALSE","(...) ","tcltk","base","2.6.0","released",FALSE
"tkplace.forget","closure","function","TRUE","FALSE","(...) ","tcltk","base","2.6.0","released",FALSE
"tkplace.info","closure","function","TRUE","FALSE","(...) ","tcltk","base","2.6.0","released",FALSE
"tkplace.slaves","closure","function","TRUE","FALSE","(...) ","tcltk","base","2.6.0","released",FALSE
"tkpopup","closure","function","TRUE","FALSE","(...) ","tcltk","base","2.6.0","released",FALSE
"tkpost","closure","function","TRUE","FALSE","(widget, ...) ","tcltk","base","2.6.0","released",FALSE
"tkpostcascade","closure","function","TRUE","FALSE","(widget, ...) ","tcltk","base","2.6.0","released",FALSE
"tkpostscript","closure","function","TRUE","FALSE","(widget, ...) ","tcltk","base","2.6.0","released",FALSE
"tkputs","closure","function","TRUE","FALSE","(...) ","tcltk","base","2.6.0","released",FALSE
"tkradiobutton","closure","function","TRUE","FALSE","(parent, ...) ","tcltk","base","2.6.0","released",FALSE
"tkraise","closure","function","TRUE","FALSE","(...) ","tcltk","base","2.6.0","released",FALSE
"tkread","closure","function","TRUE","FALSE","(...) ","tcltk","base","2.6.0","released",FALSE
"tkscale","closure","function","TRUE","FALSE","(parent, ...) ","tcltk","base","2.6.0","released",FALSE
"tkscan.dragto","closure","function","TRUE","FALSE","(widget, ...) ","tcltk","base","2.6.0","released",FALSE
"tkscan.mark","closure","function","TRUE","FALSE","(widget, ...) ","tcltk","base","2.6.0","released",FALSE
"tkscrollbar","closure","function","TRUE","FALSE","(parent, ...) ","tcltk","base","2.6.0","released",FALSE
"tksearch","closure","function","TRUE","FALSE","(widget, ...) ","tcltk","base","2.6.0","released",FALSE
"tksee","closure","function","TRUE","FALSE","(widget, ...) ","tcltk","base","2.6.0","released",FALSE
"tkselect","closure","function","TRUE","FALSE","(widget, ...) ","tcltk","base","2.6.0","released",FALSE
"tkselection.adjust","closure","function","TRUE","FALSE","(widget, ...) ","tcltk","base","2.6.0","released",FALSE
"tkselection.anchor","closure","function","TRUE","FALSE","(widget, ...) ","tcltk","base","2.6.0","released",FALSE
"tkselection.clear","closure","function","TRUE","FALSE","(widget, ...) ","tcltk","base","2.6.0","released",FALSE
"tkselection.from","closure","function","TRUE","FALSE","(widget, ...) ","tcltk","base","2.6.0","released",FALSE
"tkselection.includes","closure","function","TRUE","FALSE","(widget, ...) ","tcltk","base","2.6.0","released",FALSE
"tkselection.present","closure","function","TRUE","FALSE","(widget, ...) ","tcltk","base","2.6.0","released",FALSE
"tkselection.range","closure","function","TRUE","FALSE","(widget, ...) ","tcltk","base","2.6.0","released",FALSE
"tkselection.set","closure","function","TRUE","FALSE","(widget, ...) ","tcltk","base","2.6.0","released",FALSE
"tkselection.to","closure","function","TRUE","FALSE","(widget, ...) ","tcltk","base","2.6.0","released",FALSE
"tkset","closure","function","TRUE","FALSE","(widget, ...) ","tcltk","base","2.6.0","released",FALSE
"tksize","closure","function","TRUE","FALSE","(widget, ...) ","tcltk","base","2.6.0","released",FALSE
"tktag.add","closure","function","TRUE","FALSE","(widget, ...) ","tcltk","base","2.6.0","released",FALSE
"tktag.bind","closure","function","TRUE","FALSE","(widget, ...) ","tcltk","base","2.6.0","released",FALSE
"tktag.cget","closure","function","TRUE","FALSE","(widget, ...) ","tcltk","base","2.6.0","released",FALSE
"tktag.configure","closure","function","TRUE","FALSE","(widget, ...) ","tcltk","base","2.6.0","released",FALSE
"tktag.delete","closure","function","TRUE","FALSE","(widget, ...) ","tcltk","base","2.6.0","released",FALSE
"tktag.lower","closure","function","TRUE","FALSE","(widget, ...) ","tcltk","base","2.6.0","released",FALSE
"tktag.names","closure","function","TRUE","FALSE","(widget, ...) ","tcltk","base","2.6.0","released",FALSE
"tktag.nextrange","closure","function","TRUE","FALSE","(widget, ...) ","tcltk","base","2.6.0","released",FALSE
"tktag.prevrange","closure","function","TRUE","FALSE","(widget, ...) ","tcltk","base","2.6.0","released",FALSE
"tktag.raise","closure","function","TRUE","FALSE","(widget, ...) ","tcltk","base","2.6.0","released",FALSE
"tktag.ranges","closure","function","TRUE","FALSE","(widget, ...) ","tcltk","base","2.6.0","released",FALSE
"tktag.remove","closure","function","TRUE","FALSE","(widget, ...) ","tcltk","base","2.6.0","released",FALSE
"tktext","closure","function","TRUE","FALSE","(parent, ...) ","tcltk","base","2.6.0","released",FALSE
"tktitle","closure","function","TRUE","FALSE","(x) ","tcltk","base","2.6.0","released",FALSE
"tktitle<-","closure","function","TRUE","FALSE","(x, value) ","tcltk","base","2.6.0","released",FALSE
"tktoggle","closure","function","TRUE","FALSE","(widget, ...) ","tcltk","base","2.6.0","released",FALSE
"tktoplevel","closure","function","TRUE","FALSE","(parent = .TkRoot, ...) ","tcltk","base","2.6.0","released",FALSE
"tktype","closure","function","TRUE","FALSE","(widget, ...) ","tcltk","base","2.6.0","released",FALSE
"tkunpost","closure","function","TRUE","FALSE","(widget, ...) ","tcltk","base","2.6.0","released",FALSE
"tkwait.variable","closure","function","TRUE","FALSE","(...) ","tcltk","base","2.6.0","released",FALSE
"tkwait.visibility","closure","function","TRUE","FALSE","(...) ","tcltk","base","2.6.0","released",FALSE
"tkwait.window","closure","function","TRUE","FALSE","(...) ","tcltk","base","2.6.0","released",FALSE
"tkwidget","closure","function","TRUE","FALSE","(parent, type, ...) ","tcltk","base","2.6.0","released",FALSE
"tkwindow.cget","closure","function","TRUE","FALSE","(widget, ...) ","tcltk","base","2.6.0","released",FALSE
"tkwindow.configure","closure","function","TRUE","FALSE","(widget, ...) ","tcltk","base","2.6.0","released",FALSE
"tkwindow.create","closure","function","TRUE","FALSE","(widget, ...) ","tcltk","base","2.6.0","released",FALSE
"tkwindow.names","closure","function","TRUE","FALSE","(widget, ...) ","tcltk","base","2.6.0","released",FALSE
"tkwinfo","closure","function","TRUE","FALSE","(...) ","tcltk","base","2.6.0","released",FALSE
"tkwm.aspect","closure","function","TRUE","FALSE","(...) ","tcltk","base","2.6.0","released",FALSE
"tkwm.client","closure","function","TRUE","FALSE","(...) ","tcltk","base","2.6.0","released",FALSE
"tkwm.colormapwindows","closure","function","TRUE","FALSE","(...) ","tcltk","base","2.6.0","released",FALSE
"tkwm.command","closure","function","TRUE","FALSE","(...) ","tcltk","base","2.6.0","released",FALSE
"tkwm.deiconify","closure","function","TRUE","FALSE","(...) ","tcltk","base","2.6.0","released",FALSE
"tkwm.focusmodel","closure","function","TRUE","FALSE","(...) ","tcltk","base","2.6.0","released",FALSE
"tkwm.frame","closure","function","TRUE","FALSE","(...) ","tcltk","base","2.6.0","released",FALSE
"tkwm.geometry","closure","function","TRUE","FALSE","(...) ","tcltk","base","2.6.0","released",FALSE
"tkwm.grid","closure","function","TRUE","FALSE","(...) ","tcltk","base","2.6.0","released",FALSE
"tkwm.group","closure","function","TRUE","FALSE","(...) ","tcltk","base","2.6.0","released",FALSE
"tkwm.iconbitmap","closure","function","TRUE","FALSE","(...) ","tcltk","base","2.6.0","released",FALSE
"tkwm.iconify","closure","function","TRUE","FALSE","(...) ","tcltk","base","2.6.0","released",FALSE
"tkwm.iconmask","closure","function","TRUE","FALSE","(...) ","tcltk","base","2.6.0","released",FALSE
"tkwm.iconname","closure","function","TRUE","FALSE","(...) ","tcltk","base","2.6.0","released",FALSE
"tkwm.iconposition","closure","function","TRUE","FALSE","(...) ","tcltk","base","2.6.0","released",FALSE
"tkwm.iconwindow","closure","function","TRUE","FALSE","(...) ","tcltk","base","2.6.0","released",FALSE
"tkwm.maxsize","closure","function","TRUE","FALSE","(...) ","tcltk","base","2.6.0","released",FALSE
"tkwm.minsize","closure","function","TRUE","FALSE","(...) ","tcltk","base","2.6.0","released",FALSE
"tkwm.overrideredirect","closure","function","TRUE","FALSE","(...) ","tcltk","base","2.6.0","released",FALSE
"tkwm.positionfrom","closure","function","TRUE","FALSE","(...) ","tcltk","base","2.6.0","released",FALSE
"tkwm.protocol","closure","function","TRUE","FALSE","(...) ","tcltk","base","2.6.0","released",FALSE
"tkwm.resizable","closure","function","TRUE","FALSE","(...) ","tcltk","base","2.6.0","released",FALSE
"tkwm.sizefrom","closure","function","TRUE","FALSE","(...) ","tcltk","base","2.6.0","released",FALSE
"tkwm.state","closure","function","TRUE","FALSE","(...) ","tcltk","base","2.6.0","released",FALSE
"tkwm.title","closure","function","TRUE","FALSE","(...) ","tcltk","base","2.6.0","released",FALSE
"tkwm.transient","closure","function","TRUE","FALSE","(...) ","tcltk","base","2.6.0","released",FALSE
"tkwm.withdraw","closure","function","TRUE","FALSE","(...) ","tcltk","base","2.6.0","released",FALSE
"tkxview","closure","function","TRUE","FALSE","(widget, ...) ","tcltk","base","2.6.0","released",FALSE
"tkxview.moveto","closure","function","TRUE","FALSE","(widget, ...) ","tcltk","base","2.6.0","released",FALSE
"tkxview.scroll","closure","function","TRUE","FALSE","(widget, ...) ","tcltk","base","2.6.0","released",FALSE
"tkyposition","closure","function","TRUE","FALSE","(widget, ...) ","tcltk","base","2.6.0","released",FALSE
"tkyview","closure","function","TRUE","FALSE","(widget, ...) ","tcltk","base","2.6.0","released",FALSE
"tkyview.moveto","closure","function","TRUE","FALSE","(widget, ...) ","tcltk","base","2.6.0","released",FALSE
"tkyview.scroll","closure","function","TRUE","FALSE","(widget, ...) ","tcltk","base","2.6.0","released",FALSE
"Adobe_glyphs","list","data.frame","TRUE","FALSE","NA","tools","base","2.6.0","released",FALSE
"Rd_db","closure","function","TRUE","FALSE","(package, dir, lib.loc = NULL) ","tools","base","2.6.0","released",FALSE
"Rd_parse","closure","function","TRUE","FALSE","(file, text = NULL) ","tools","base","2.6.0","released",FALSE
"Rdindex","closure","function","TRUE","FALSE","(RdFiles, outFile = """", type = NULL, width = 0.9 * getOption(""width""),     indent = NULL) ","tools","base","2.6.0","released",FALSE
"buildVignettes","closure","function","TRUE","FALSE","(package, dir, lib.loc = NULL, quiet = TRUE) ","tools","base","2.6.0","released",FALSE
"charset_to_Unicode","integer","noquote/hexmode","TRUE","FALSE","NA","tools","base","2.6.0","released",FALSE
"checkDocFiles","closure","function","TRUE","FALSE","(package, dir, lib.loc = NULL) ","tools","base","2.6.0","released",FALSE
"checkDocStyle","closure","function","TRUE","FALSE","(package, dir, lib.loc = NULL) ","tools","base","2.6.0","released",FALSE
"checkFF","closure","function","TRUE","FALSE","(package, dir, file, lib.loc = NULL, verbose = getOption(""verbose"")) ","tools","base","2.6.0","released",FALSE
"checkMD5sums","closure","function","TRUE","FALSE","(pkg, dir) ","tools","base","2.6.0","released",FALSE
"checkReplaceFuns","closure","function","TRUE","FALSE","(package, dir, lib.loc = NULL) ","tools","base","2.6.0","released",FALSE
"checkS3methods","closure","function","TRUE","FALSE","(package, dir, lib.loc = NULL) ","tools","base","2.6.0","released",FALSE
"checkTnF","closure","function","TRUE","FALSE","(package, dir, file, lib.loc = NULL) ","tools","base","2.6.0","released",FALSE
"checkVignettes","closure","function","TRUE","FALSE","(package, dir, lib.loc = NULL, tangle = TRUE, weave = TRUE,     latex = FALSE, workdir = c(""tmp"", ""src"", ""cur""), keepfiles = FALSE) ","tools","base","2.6.0","released",FALSE
"codoc","closure","function","TRUE","FALSE","(package, dir, lib.loc = NULL, use.values = NULL, verbose = getOption(""verbose"")) ","tools","base","2.6.0","released",FALSE
"codocClasses","closure","function","TRUE","FALSE","(package, lib.loc = NULL) ","tools","base","2.6.0","released",FALSE
"codocData","closure","function","TRUE","FALSE","(package, lib.loc = NULL) ","tools","base","2.6.0","released",FALSE
"delimMatch","closure","function","TRUE","FALSE","(x, delim = c(""","tools","base","2.6.0","released",FALSE
"encoded_text_to_latex","closure","function","TRUE","FALSE","(x, encoding = c(""latin1"", ""latin2"", ""latin9"", ""UTF-8"",     ""utf8"")) ","tools","base","2.6.0","released",FALSE
"file_path_as_absolute","closure","function","TRUE","FALSE","(x) ","tools","base","2.6.0","released",FALSE
"file_path_sans_ext","closure","function","TRUE","FALSE","(x) ","tools","base","2.6.0","released",FALSE
"getDepList","closure","function","TRUE","FALSE","(depMtrx, instPkgs, recursive = TRUE, local = TRUE,     reduce = TRUE, lib.loc = NULL) ","tools","base","2.6.0","released",FALSE
"installFoundDepends","closure","function","TRUE","FALSE","(depPkgList, ...) ","tools","base","2.6.0","released",FALSE
"list_files_with_exts","closure","function","TRUE","FALSE","(dir, exts, all.files = FALSE, full.names = TRUE) ","tools","base","2.6.0","released",FALSE
"list_files_with_type","closure","function","TRUE","FALSE","(dir, type, all.files = FALSE, full.names = TRUE, OS_subdirs = .OStype()) ","tools","base","2.6.0","released",FALSE
"md5sum","closure","function","TRUE","FALSE","(files) ","tools","base","2.6.0","released",FALSE
"package.dependencies","closure","function","TRUE","FALSE","(x, check = FALSE, depLevel = c(""Depends"", ""Imports"",     ""Suggests"")) ","tools","base","2.6.0","released",FALSE
"pkgDepends","closure","function","TRUE","FALSE","(pkg, recursive = TRUE, local = TRUE, reduce = TRUE,     lib.loc = NULL) ","tools","base","2.6.0","released",FALSE
"pkgVignettes","closure","function","TRUE","FALSE","(package, dir, lib.loc = NULL) ","tools","base","2.6.0","released",FALSE
"read.00Index","closure","function","TRUE","FALSE","(file) ","tools","base","2.6.0","released",FALSE
"texi2dvi","closure","function","TRUE","FALSE","(file, pdf = FALSE, clean = FALSE, quiet = TRUE, texi2dvi = getOption(""texi2dvi"")) ","tools","base","2.6.0","released",FALSE
"undoc","closure","function","TRUE","FALSE","(package, dir, lib.loc = NULL) ","tools","base","2.6.0","released",FALSE
"vignetteDepends","closure","function","TRUE","FALSE","(vignette, recursive = TRUE, reduce = TRUE, local = TRUE,     lib.loc = NULL) ","tools","base","2.6.0","released",FALSE
"write_PACKAGES","closure","function","TRUE","FALSE","(dir, fields = NULL, type = c(""source"", ""mac.binary"",     ""win.binary""), verbose = FALSE, unpacked = FALSE) ","tools","base","2.6.0","released",FALSE
"xgettext","closure","function","TRUE","FALSE","(dir, verbose = FALSE, asCall = TRUE) ","tools","base","2.6.0","released",FALSE
"xgettext2pot","closure","function","TRUE","FALSE","(dir, potFile) ","tools","base","2.6.0","released",FALSE
"xngettext","closure","function","TRUE","FALSE","(dir, verbose = FALSE) ","tools","base","2.6.0","released",FALSE
"?","closure","function","TRUE","FALSE","(e1, e2) ","utils","base","2.6.0","released",FALSE
"CRAN.packages","closure","function","TRUE","FALSE","(CRAN = getOption(""repos""), method, contriburl = contrib.url(CRAN)) ","utils","base","2.6.0","released",FALSE
"RShowDoc","closure","function","TRUE","FALSE","(what, type = c(""pdf"", ""html"", ""txt""), package) ","utils","base","2.6.0","released",FALSE
"RSiteSearch","closure","function","TRUE","FALSE","(string, restrict = c(""Rhelp02a"", ""functions"", ""docs""),     format = c(""normal"", ""short""), sortby = c(""score"", ""date:late"",         ""date:early"", ""subject"", ""subject:descending"", ""from"",         ""from:descending"", ""size"", ""size:descending""), matchesPerPage = 20) ","utils","base","2.6.0","released",FALSE
"Rprof","closure","function","TRUE","FALSE","(filename = ""Rprof.out"", append = FALSE, interval = 0.02,     memory.profiling = FALSE) ","utils","base","2.6.0","released",FALSE
"Rprofmem","closure","function","TRUE","FALSE","(filename = ""Rprofmem.out"", append = FALSE, threshold = 0) ","utils","base","2.6.0","released",FALSE
"Rtangle","closure","function","TRUE","FALSE","() ","utils","base","2.6.0","released",FALSE
"RtangleSetup","closure","function","TRUE","FALSE","(file, syntax, output = NULL, annotate = TRUE, split = FALSE,     prefix = TRUE, quiet = FALSE) ","utils","base","2.6.0","released",FALSE
"RtangleWritedoc","closure","function","TRUE","FALSE","(object, chunk) ","utils","base","2.6.0","released",FALSE
"RweaveChunkPrefix","closure","function","TRUE","FALSE","(options) ","utils","base","2.6.0","released",FALSE
"RweaveEvalWithOpt","closure","function","TRUE","FALSE","(expr, options) ","utils","base","2.6.0","released",FALSE
"RweaveLatex","closure","function","TRUE","FALSE","() ","utils","base","2.6.0","released",FALSE
"RweaveLatexFinish","closure","function","TRUE","FALSE","(object, error = FALSE) ","utils","base","2.6.0","released",FALSE
"RweaveLatexOptions","closure","function","TRUE","FALSE","(options) ","utils","base","2.6.0","released",FALSE
"RweaveLatexSetup","closure","function","TRUE","FALSE","(file, syntax, output = NULL, quiet = FALSE, debug = FALSE,     echo = TRUE, eval = TRUE, keep.source = FALSE, split = FALSE,     stylepath = TRUE, pdf = TRUE, eps = TRUE) ","utils","base","2.6.0","released",FALSE
"RweaveLatexWritedoc","closure","function","TRUE","FALSE","(object, chunk) ","utils","base","2.6.0","released",FALSE
"RweaveTryStop","closure","function","TRUE","FALSE","(err, options) ","utils","base","2.6.0","released",FALSE
"Stangle","closure","function","TRUE","FALSE","(file, driver = Rtangle(), syntax = getOption(""SweaveSyntax""),     ...) ","utils","base","2.6.0","released",FALSE
"Sweave","closure","function","TRUE","FALSE","(file, driver = RweaveLatex(), syntax = getOption(""SweaveSyntax""),     ...) ","utils","base","2.6.0","released",FALSE
"SweaveHooks","closure","function","TRUE","FALSE","(options, run = FALSE, envir = .GlobalEnv) ","utils","base","2.6.0","released",FALSE
"SweaveSyntConv","closure","function","TRUE","FALSE","(file, syntax, output = NULL) ","utils","base","2.6.0","released",FALSE
"SweaveSyntaxLatex","list","SweaveSyntax","TRUE","FALSE","NA","utils","base","2.6.0","released",FALSE
"SweaveSyntaxNoweb","list","SweaveSyntax","TRUE","FALSE","NA","utils","base","2.6.0","released",FALSE
"URLdecode","closure","function","TRUE","FALSE","(URL) ","utils","base","2.6.0","released",FALSE
"URLencode","closure","function","TRUE","FALSE","(URL, reserved = FALSE) ","utils","base","2.6.0","released",FALSE
"View","closure","function","TRUE","FALSE","(x, title) ","utils","base","2.6.0","released",FALSE
"alarm","closure","function","TRUE","FALSE","() ","utils","base","2.6.0","released",FALSE
"apropos","closure","function","TRUE","FALSE","(what, where = FALSE, ignore.case = TRUE, mode = ""any"") ","utils","base","2.6.0","released",FALSE
"argsAnywhere","closure","function","TRUE","FALSE","(x) ","utils","base","2.6.0","released",FALSE
"as.person","closure","function","TRUE","FALSE","(x) ","utils","base","2.6.0","released",FALSE
"as.personList","closure","function","TRUE","FALSE","(x) ","utils","base","2.6.0","released",FALSE
"as.relistable","closure","function","TRUE","FALSE","(x) ","utils","base","2.6.0","released",FALSE
"as.roman","closure","function","TRUE","FALSE","(x) ","utils","base","2.6.0","released",FALSE
"assignInNamespace","closure","function","TRUE","FALSE","(x, value, ns, pos = -1, envir = as.environment(pos)) ","utils","base","2.6.0","released",FALSE
"available.packages","closure","function","TRUE","FALSE","(contriburl = contrib.url(getOption(""repos"")), method,     fields = NULL) ","utils","base","2.6.0","released",FALSE
"browseEnv","closure","function","TRUE","FALSE","(envir = .GlobalEnv, pattern, excludepatt = ""^last\\.warning"",     html = .Platform$OS.type != ""mac"", expanded = TRUE, properties = NULL,     main = NULL, debugMe = FALSE) ","utils","base","2.6.0","released",FALSE
"browseURL","closure","function","TRUE","FALSE","(url, browser = getOption(""browser"")) ","utils","base","2.6.0","released",FALSE
"bug.report","closure","function","TRUE","FALSE","(subject = """", ccaddress = Sys.getenv(""USER""), method = getOption(""mailer""),     address = ""r-bugs@r-project.org"", file = ""R.bug.report"") ","utils","base","2.6.0","released",FALSE
"capture.output","closure","function","TRUE","FALSE","(..., file = NULL, append = FALSE) ","utils","base","2.6.0","released",FALSE
"checkCRAN","closure","function","TRUE","FALSE","(method) ","utils","base","2.6.0","released",FALSE
"chooseCRANmirror","closure","function","TRUE","FALSE","(graphics = getOption(""menu.graphics"")) ","utils","base","2.6.0","released",FALSE
"citEntry","closure","function","TRUE","FALSE","(entry, textVersion, header = NULL, footer = NULL, ...) ","utils","base","2.6.0","released",FALSE
"citFooter","closure","function","TRUE","FALSE","(...) ","utils","base","2.6.0","released",FALSE
"citHeader","closure","function","TRUE","FALSE","(...) ","utils","base","2.6.0","released",FALSE
"citation","closure","function","TRUE","FALSE","(package = ""base"", lib.loc = NULL) ","utils","base","2.6.0","released",FALSE
"close.socket","closure","function","TRUE","FALSE","(socket, ...) ","utils","base","2.6.0","released",FALSE
"combn","closure","function","TRUE","FALSE","(x, m, FUN = NULL, simplify = TRUE, ...) ","utils","base","2.6.0","released",FALSE
"compareVersion","closure","function","TRUE","FALSE","(a, b) ","utils","base","2.6.0","released",FALSE
"contrib.url","closure","function","TRUE","FALSE","(repos, type = getOption(""pkgType"")) ","utils","base","2.6.0","released",FALSE
"count.fields","closure","function","TRUE","FALSE","(file, sep = """", quote = ""\""'"", skip = 0, blank.lines.skip = TRUE,     comment.char = ""#"") ","utils","base","2.6.0","released",FALSE
"data","closure","function","TRUE","FALSE","(..., list = character(0), package = NULL, lib.loc = NULL,     verbose = getOption(""verbose""), envir = .GlobalEnv) ","utils","base","2.6.0","released",FALSE
"data.entry","closure","function","TRUE","FALSE","(..., Modes = NULL, Names = NULL) ","utils","base","2.6.0","released",FALSE
"dataentry","closure","function","TRUE","FALSE","(data, modes) ","utils","base","2.6.0","released",FALSE
"de","closure","function","TRUE","FALSE","(..., Modes = list(), Names = NULL) ","utils","base","2.6.0","released",FALSE
"de.ncols","closure","function","TRUE","FALSE","(inlist) ","utils","base","2.6.0","released",FALSE
"de.restore","closure","function","TRUE","FALSE","(inlist, ncols, coltypes, argnames, args) ","utils","base","2.6.0","released",FALSE
"de.setup","closure","function","TRUE","FALSE","(ilist, list.names, incols) ","utils","base","2.6.0","released",FALSE
"debugger","closure","function","TRUE","FALSE","(dump = last.dump) ","utils","base","2.6.0","released",FALSE
"demo","closure","function","TRUE","FALSE","(topic, package = NULL, lib.loc = NULL, character.only = FALSE,     verbose = getOption(""verbose"")) ","utils","base","2.6.0","released",FALSE
"download.file","closure","function","TRUE","FALSE","(url, destfile, method, quiet = FALSE, mode = ""w"", cacheOK = TRUE) ","utils","base","2.6.0","released",FALSE
"download.packages","closure","function","TRUE","FALSE","(pkgs, destdir, available = NULL, repos = getOption(""repos""),     contriburl = contrib.url(repos, type), method, type = getOption(""pkgType"")) ","utils","base","2.6.0","released",FALSE
"dump.frames","closure","function","TRUE","FALSE","(dumpto = ""last.dump"", to.file = FALSE) ","utils","base","2.6.0","released",FALSE
"edit","closure","function","TRUE","FALSE","(name, ...) ","utils","base","2.6.0","released",FALSE
"emacs","closure","function","TRUE","FALSE","(name = NULL, file = """") ","utils","base","2.6.0","released",FALSE
"example","closure","function","TRUE","FALSE","(topic, package = NULL, lib.loc = NULL, local = FALSE,     echo = TRUE, verbose = getOption(""verbose""), setRNG = FALSE,     ask = getOption(""example.ask""), prompt.prefix = abbreviate(topic,         6)) ","utils","base","2.6.0","released",FALSE
"file.edit","closure","function","TRUE","FALSE","(..., title = file, editor = getOption(""editor"")) ","utils","base","2.6.0","released",FALSE
"file_test","closure","function","TRUE","FALSE","(op, x, y) ","utils","base","2.6.0","released",FALSE
"find","closure","function","TRUE","FALSE","(what, mode = ""any"", numeric = FALSE, simple.words = TRUE) ","utils","base","2.6.0","released",FALSE
"fix","closure","function","TRUE","FALSE","(x, ...) ","utils","base","2.6.0","released",FALSE
"fixInNamespace","closure","function","TRUE","FALSE","(x, ns, pos = -1, envir = as.environment(pos), ...) ","utils","base","2.6.0","released",FALSE
"flush.console","closure","function","TRUE","FALSE","() ","utils","base","2.6.0","released",FALSE
"formatOL","closure","function","TRUE","FALSE","(x, type = ""arabic"", offset = 0, start = 1, width = 0.9 *     getOption(""width"")) ","utils","base","2.6.0","released",FALSE
"formatUL","closure","function","TRUE","FALSE","(x, label = ""*"", offset = 0, width = 0.9 * getOption(""width"")) ","utils","base","2.6.0","released",FALSE
"getAnywhere","closure","function","TRUE","FALSE","(x) ","utils","base","2.6.0","released",FALSE
"getCRANmirrors","closure","function","TRUE","FALSE","(all = FALSE, local.only = FALSE) ","utils","base","2.6.0","released",FALSE
"getFromNamespace","closure","function","TRUE","FALSE","(x, ns, pos = -1, envir = as.environment(pos)) ","utils","base","2.6.0","released",FALSE
"getS3method","closure","function","TRUE","FALSE","(f, class, optional = FALSE) ","utils","base","2.6.0","released",FALSE
"glob2rx","closure","function","TRUE","FALSE","(pattern, trim.head = FALSE, trim.tail = TRUE) ","utils","base","2.6.0","released",FALSE
"head","closure","function","TRUE","FALSE","(x, ...) ","utils","base","2.6.0","released",FALSE
"head.matrix","closure","function","TRUE","FALSE","(x, n = 6, ...) ","utils","base","2.6.0","released",FALSE
"help","closure","function","TRUE","FALSE","(topic, offline = FALSE, package = NULL, lib.loc = NULL,     verbose = getOption(""verbose""), try.all.packages = getOption(""help.try.all.packages""),     chmhelp = getOption(""chmhelp""), htmlhelp = getOption(""htmlhelp""),     pager = getOption(""pager"")) ","utils","base","2.6.0","released",FALSE
"help.search","closure","function","TRUE","FALSE","(pattern, fields = c(""alias"", ""concept"", ""title""), apropos,     keyword, whatis, ignore.case = TRUE, package = NULL, lib.loc = NULL,     help.db = getOption(""help.db""), verbose = getOption(""verbose""),     rebuild = FALSE, agrep = NULL) ","utils","base","2.6.0","released",FALSE
"help.start","closure","function","TRUE","FALSE","(gui = ""irrelevant"", browser = getOption(""browser""),     remote = NULL) ","utils","base","2.6.0","released",FALSE
"history","closure","function","TRUE","FALSE","(max.show = 25, reverse = FALSE, pattern, ...) ","utils","base","2.6.0","released",FALSE
"index.search","closure","function","TRUE","FALSE","(topic, path, file = ""AnIndex"", type = ""help"") ","utils","base","2.6.0","released",FALSE
"install.packages","closure","function","TRUE","FALSE","(pkgs, lib, repos = getOption(""repos""), contriburl = contrib.url(repos,     type), method, available = NULL, destdir = NULL, installWithVers = FALSE,     dependencies = NA, type = getOption(""pkgType""), configure.args = character(0),     clean = FALSE) ","utils","base","2.6.0","released",FALSE
"installed.packages","closure","function","TRUE","FALSE","(lib.loc = NULL, priority = NULL, noCache = FALSE, fields = NULL) ","utils","base","2.6.0","released",FALSE
"is.relistable","closure","function","TRUE","FALSE","(x) ","utils","base","2.6.0","released",FALSE
"limitedLabels","closure","function","TRUE","FALSE","(value, maxwidth = getOption(""width"") - 5) ","utils","base","2.6.0","released",FALSE
"loadhistory","closure","function","TRUE","FALSE","(file = "".Rhistory"") ","utils","base","2.6.0","released",FALSE
"localeToCharset","closure","function","TRUE","FALSE","(locale = Sys.getlocale(""LC_CTYPE"")) ","utils","base","2.6.0","released",FALSE
"ls.str","closure","function","TRUE","FALSE","(pos = 1, pattern, ..., envir = as.environment(pos),     mode = ""any"") ","utils","base","2.6.0","released",FALSE
"lsf.str","closure","function","TRUE","FALSE","(pos = 1, ..., envir = as.environment(pos)) ","utils","base","2.6.0","released",FALSE
"make.packages.html","closure","function","TRUE","FALSE","(lib.loc = .libPaths()) ","utils","base","2.6.0","released",FALSE
"make.socket","closure","function","TRUE","FALSE","(host = ""localhost"", port, fail = TRUE, server = FALSE) ","utils","base","2.6.0","released",FALSE
"makeRweaveLatexCodeRunner","closure","function","TRUE","FALSE","(evalFunc = RweaveEvalWithOpt) ","utils","base","2.6.0","released",FALSE
"memory.limit","closure","function","TRUE","FALSE","(size = NA) ","utils","base","2.6.0","released",FALSE
"memory.size","closure","function","TRUE","FALSE","(max = FALSE) ","utils","base","2.6.0","released",FALSE
"menu","closure","function","TRUE","FALSE","(choices, graphics = FALSE, title = """") ","utils","base","2.6.0","released",FALSE
"methods","closure","function","TRUE","FALSE","(generic.function, class) ","utils","base","2.6.0","released",FALSE
"mirror2html","closure","function","TRUE","FALSE","(mirrors = NULL, file = ""mirrors.html"", head = ""mirrors-head.html"",     foot = ""mirrors-foot.html"") ","utils","base","2.6.0","released",FALSE
"modifyList","closure","function","TRUE","FALSE","(x, val) ","utils","base","2.6.0","released",FALSE
"new.packages","closure","function","TRUE","FALSE","(lib.loc = NULL, repos = getOption(""repos""), contriburl = contrib.url(repos,     type), method, available = NULL, ask = FALSE, ..., type = getOption(""pkgType"")) ","utils","base","2.6.0","released",FALSE
"normalizePath","closure","function","TRUE","FALSE","(path) ","utils","base","2.6.0","released",FALSE
"nsl","closure","function","TRUE","FALSE","(hostname) ","utils","base","2.6.0","released",FALSE
"object.size","closure","function","TRUE","FALSE","(x) ","utils","base","2.6.0","released",FALSE
"old.packages","closure","function","TRUE","FALSE","(lib.loc = NULL, repos = getOption(""repos""), contriburl = contrib.url(repos),     method, available = NULL, checkBuilt = FALSE) ","utils","base","2.6.0","released",FALSE
"package.contents","closure","function","TRUE","FALSE","(pkg, lib.loc = NULL) ","utils","base","2.6.0","released",FALSE
"package.skeleton","closure","function","TRUE","FALSE","(name = ""anRpackage"", list, environment = .GlobalEnv,     path = ""."", force = FALSE, namespace = FALSE, code_files = character()) ","utils","base","2.6.0","released",FALSE
"packageDescription","closure","function","TRUE","FALSE","(pkg, lib.loc = NULL, fields = NULL, drop = TRUE, encoding = """") ","utils","base","2.6.0","released",FALSE
"packageStatus","closure","function","TRUE","FALSE","(lib.loc = NULL, repositories = NULL, method, type = getOption(""pkgType"")) ","utils","base","2.6.0","released",FALSE
"page","closure","function","TRUE","FALSE","(x, method = c(""dput"", ""print""), ...) ","utils","base","2.6.0","released",FALSE
"person","closure","function","TRUE","FALSE","(first = """", last = """", middle = """", email = """") ","utils","base","2.6.0","released",FALSE
"personList","closure","function","TRUE","FALSE","(...) ","utils","base","2.6.0","released",FALSE
"pico","closure","function","TRUE","FALSE","(name = NULL, file = """") ","utils","base","2.6.0","released",FALSE
"prompt","closure","function","TRUE","FALSE","(object, filename = NULL, name = NULL, ...) ","utils","base","2.6.0","released",FALSE
"promptData","closure","function","TRUE","FALSE","(object, filename = NULL, name = NULL) ","utils","base","2.6.0","released",FALSE
"promptPackage","closure","function","TRUE","FALSE","(package, lib.loc = NULL, filename = NULL, name = NULL,     final = FALSE) ","utils","base","2.6.0","released",FALSE
"read.DIF","closure","function","TRUE","FALSE","(file, header = FALSE, dec = ""."", row.names, col.names,     as.is = !stringsAsFactors, na.strings = ""NA"", colClasses = NA,     nrows = -1, skip = 0, check.names = TRUE, blank.lines.skip = TRUE,     stringsAsFactors = default.stringsAsFactors()) ","utils","base","2.6.0","released",FALSE
"read.csv","closure","function","TRUE","FALSE","(file, header = TRUE, sep = "","", quote = ""\"""", dec = ""."",     fill = TRUE, comment.char = """", ...) ","utils","base","2.6.0","released",FALSE
"read.csv2","closure","function","TRUE","FALSE","(file, header = TRUE, sep = "";"", quote = ""\"""", dec = "","",     fill = TRUE, comment.char = """", ...) ","utils","base","2.6.0","released",FALSE
"read.delim","closure","function","TRUE","FALSE","(file, header = TRUE, sep = ""\t"", quote = ""\"""", dec = ""."",     fill = TRUE, comment.char = """", ...) ","utils","base","2.6.0","released",FALSE
"read.delim2","closure","function","TRUE","FALSE","(file, header = TRUE, sep = ""\t"", quote = ""\"""", dec = "","",     fill = TRUE, comment.char = """", ...) ","utils","base","2.6.0","released",FALSE
"read.fortran","closure","function","TRUE","FALSE","(file, format, ..., as.is = TRUE, colClasses = NA) ","utils","base","2.6.0","released",FALSE
"read.fwf","closure","function","TRUE","FALSE","(file, widths, header = FALSE, sep = ""\t"", as.is = FALSE,     skip = 0, row.names, col.names, n = -1, buffersize = 2000,     ...) ","utils","base","2.6.0","released",FALSE
"read.socket","closure","function","TRUE","FALSE","(socket, maxlen = 256, loop = FALSE) ","utils","base","2.6.0","released",FALSE
"read.table","closure","function","TRUE","FALSE","(file, header = FALSE, sep = """", quote = ""\""'"", dec = ""."",     row.names, col.names, as.is = !stringsAsFactors, na.strings = ""NA"",     colClasses = NA, nrows = -1, skip = 0, check.names = TRUE,     fill = !blank.lines.skip, strip.white = FALSE, blank.lines.skip = TRUE,     comment.char = ""#"", allowEscapes = FALSE, flush = FALSE,     stringsAsFactors = default.stringsAsFactors(), encoding = ""unknown"") ","utils","base","2.6.0","released",FALSE
"readCitationFile","closure","function","TRUE","FALSE","(file) ","utils","base","2.6.0","released",FALSE
"readNEWS","closure","function","TRUE","FALSE","(file = file.path(R.home(), ""NEWS""), trace = FALSE,     chop = c(""first"", ""1"", ""par1"", ""keepAll"")) ","utils","base","2.6.0","released",FALSE
"recover","closure","function","TRUE","FALSE","() ","utils","base","2.6.0","released",FALSE
"relist","closure","function","TRUE","FALSE","(flesh, skeleton = attr(flesh, ""skeleton"")) ","utils","base","2.6.0","released",FALSE
"remove.packages","closure","function","TRUE","FALSE","(pkgs, lib, version) ","utils","base","2.6.0","released",FALSE
"savehistory","closure","function","TRUE","FALSE","(file = "".Rhistory"") ","utils","base","2.6.0","released",FALSE
"select.list","closure","function","TRUE","FALSE","(list, preselect = NULL, multiple = FALSE, title = NULL) ","utils","base","2.6.0","released",FALSE
"sessionInfo","closure","function","TRUE","FALSE","(package = NULL) ","utils","base","2.6.0","released",FALSE
"setRepositories","closure","function","TRUE","FALSE","(graphics = getOption(""menu.graphics""), ind = NULL) ","utils","base","2.6.0","released",FALSE
"stack","closure","function","TRUE","FALSE","(x, ...) ","utils","base","2.6.0","released",FALSE
"str","closure","function","TRUE","FALSE","(object, ...) ","utils","base","2.6.0","released",FALSE
"strOptions","closure","function","TRUE","FALSE","(strict.width = ""no"", digits.d = 3, vec.len = 4) ","utils","base","2.6.0","released",FALSE
"summaryRprof","closure","function","TRUE","FALSE","(filename = ""Rprof.out"", chunksize = 5000, memory = c(""none"",     ""both"", ""tseries"", ""stats""), index = 2, diff = TRUE, exclude = NULL) ","utils","base","2.6.0","released",FALSE
"tail","closure","function","TRUE","FALSE","(x, ...) ","utils","base","2.6.0","released",FALSE
"tail.matrix","closure","function","TRUE","FALSE","(x, n = 6, addrownums = TRUE, ...) ","utils","base","2.6.0","released",FALSE
"timestamp","closure","function","TRUE","FALSE","(stamp = date(), prefix = ""##------ "", suffix = "" ------##"",     quiet = FALSE) ","utils","base","2.6.0","released",FALSE
"toBibtex","closure","function","TRUE","FALSE","(object, ...) ","utils","base","2.6.0","released",FALSE
"toLatex","closure","function","TRUE","FALSE","(object, ...) ","utils","base","2.6.0","released",FALSE
"type.convert","closure","function","TRUE","FALSE","(x, na.strings = ""NA"", as.is = FALSE, dec = ""."") ","utils","base","2.6.0","released",FALSE
"unstack","closure","function","TRUE","FALSE","(x, ...) ","utils","base","2.6.0","released",FALSE
"update.packageStatus","closure","function","TRUE","FALSE","(object, lib.loc = levels(object$inst$LibPath), repositories = levels(object$avail$Repository),     ...) ","utils","base","2.6.0","released",FALSE
"update.packages","closure","function","TRUE","FALSE","(lib.loc = NULL, repos = getOption(""repos""), contriburl = contrib.url(repos,     type), method, instlib = NULL, ask = TRUE, available = NULL,     ..., checkBuilt = FALSE, type = getOption(""pkgType"")) ","utils","base","2.6.0","released",FALSE
"upgrade","closure","function","TRUE","FALSE","(object, ...) ","utils","base","2.6.0","released",FALSE
"url.show","closure","function","TRUE","FALSE","(url, title = url, file = tempfile(), delete.file = TRUE,     method, ...) ","utils","base","2.6.0","released",FALSE
"vi","closure","function","TRUE","FALSE","(name = NULL, file = """") ","utils","base","2.6.0","released",FALSE
"vignette","closure","function","TRUE","FALSE","(topic, package = NULL, lib.loc = NULL, all = TRUE) ","utils","base","2.6.0","released",FALSE
"withVisible","closure","function","TRUE","FALSE","(x) ","utils","base","2.6.0","released",FALSE
"write.csv","closure","function","TRUE","FALSE","(...) ","utils","base","2.6.0","released",FALSE
"write.csv2","closure","function","TRUE","FALSE","(...) ","utils","base","2.6.0","released",FALSE
"write.socket","closure","function","TRUE","FALSE","(socket, string) ","utils","base","2.6.0","released",FALSE
"write.table","closure","function","TRUE","FALSE","(x, file = """", append = FALSE, quote = TRUE, sep = "" "",     eol = ""\n"", na = ""NA"", dec = ""."", row.names = TRUE, col.names = TRUE,     qmethod = c(""escape"", ""double"")) ","utils","base","2.6.0","released",FALSE
"wsbrowser","closure","function","TRUE","FALSE","(IDS, IsRoot, IsContainer, ItemsPerContainer, ParentID,     NAMES, TYPES, DIMS, expanded = TRUE, kind = ""HTML"", main = ""R Workspace"",     properties = list(), browser = getOption(""browser"")) ","utils","base","2.6.0","released",FALSE
"xedit","closure","function","TRUE","FALSE","(name = NULL, file = """") ","utils","base","2.6.0","released",FALSE
"xemacs","closure","function","TRUE","FALSE","(name = NULL, file = """") ","utils","base","2.6.0","released",FALSE
"zip.file.extract","closure","function","TRUE","FALSE","(file, zipname = ""R.zip"", unzip = getOption(""unzip"")) ","utils","base","2.6.0","released",FALSE
